ISO-10303-21;
HEADER;
/* Generated by software containing ST-Developer
 * from STEP Tools, Inc. (www.steptools.com) 
 */

FILE_DESCRIPTION(
/* description */ (''),
/* implementation_level */ '2;1');

FILE_NAME(
/* name */ 'barda_bumper.step',
/* time_stamp */ '2026-08-30T05:59:00+09:00',
/* author */ (''),
/* organization */ (''),
/* preprocessor_version */ 'ST-DEVELOPER v20.1',
/* originating_system */ 'Autodesk Translation Framework v15.8.0.0',
/* authorisation */ '');

FILE_SCHEMA (('AUTOMOTIVE_DESIGN { 1 0 10303 214 3 1 1 }'));
ENDSEC;

DATA;
#10=MECHANICAL_DESIGN_GEOMETRIC_PRESENTATION_REPRESENTATION('',(#13),#15611);
#11=SHAPE_REPRESENTATION_RELATIONSHIP('SRR','None',#15618,#12);
#12=ADVANCED_BREP_SHAPE_REPRESENTATION('',(#14),#15610);
#13=STYLED_ITEM('',(#15628),#14);
#14=MANIFOLD_SOLID_BREP('\X2\30DC30C730A3\X0\1',#8978);
#15=B_SPLINE_CURVE_WITH_KNOTS('',3,(#14823,#14824,#14825,#14826,#14827,
#14828,#14829,#14830),.UNSPECIFIED.,.F.,.F.,(4,1,1,2,4),(6.6994233551989E-15,
0.0742866810842913,0.111430021626434,0.185716702710718,0.18627500336771),
 .UNSPECIFIED.);
#16=B_SPLINE_CURVE_WITH_KNOTS('',3,(#14831,#14832,#14833,#14834,#14835,
#14836,#14837,#14838),.UNSPECIFIED.,.F.,.F.,(4,2,1,1,4),(-0.18627500336771,
-0.185716702710718,-0.111430021626434,-0.0742866810842913,-6.6994233551989E-15),
 .UNSPECIFIED.);
#17=B_SPLINE_CURVE_WITH_KNOTS('',3,(#14843,#14844,#14845,#14846,#14847,
#14848,#14849,#14850),.UNSPECIFIED.,.F.,.F.,(4,1,1,2,4),(-0.185716745982969,
-0.148573396786376,-0.111430047589782,0.,0.000558262460520449),
 .UNSPECIFIED.);
#18=B_SPLINE_CURVE_WITH_KNOTS('',3,(#14858,#14859,#14860,#14861,#14862,
#14863,#14864,#14865,#14866),.UNSPECIFIED.,.F.,.F.,(4,1,1,1,1,1,4),(0.0834231938277779,
0.0838137260083944,0.112573344124831,0.141332962241268,0.170092580357705,
0.198852198474141,0.227611816590578),.UNSPECIFIED.);
#19=B_SPLINE_CURVE_WITH_KNOTS('',3,(#14868,#14869,#14870,#14871,#14872,
#14873),.UNSPECIFIED.,.F.,.F.,(4,2,4),(0.736093142570957,0.760907075237565,
0.79090253949543),.UNSPECIFIED.);
#20=B_SPLINE_CURVE_WITH_KNOTS('',3,(#14875,#14876,#14877,#14878),
 .UNSPECIFIED.,.F.,.F.,(4,4),(0.,0.0388457025790838),.UNSPECIFIED.);
#21=B_SPLINE_CURVE_WITH_KNOTS('',3,(#14920,#14921,#14922,#14923,#14924,
#14925,#14926,#14927),.UNSPECIFIED.,.F.,.F.,(4,2,1,1,4),(-0.000558262460520449,
0.,0.111430047589782,0.148573396786376,0.185716745982969),.UNSPECIFIED.);
#22=B_SPLINE_CURVE_WITH_KNOTS('',3,(#14952,#14953,#14954,#14955),
 .UNSPECIFIED.,.F.,.F.,(4,4),(0.791029911660677,0.829748242074513),
 .UNSPECIFIED.);
#23=B_SPLINE_CURVE_WITH_KNOTS('',3,(#14957,#14958,#14959,#14960,#14961,
#14962),.UNSPECIFIED.,.F.,.F.,(4,2,4),(0.0387183304138365,0.0637281712034192,
0.0933708916170909),.UNSPECIFIED.);
#24=B_SPLINE_CURVE_WITH_KNOTS('',3,(#14964,#14965,#14966,#14967,#14968,
#14969,#14970,#14971,#14972,#14973,#14974),.UNSPECIFIED.,.F.,.F.,(4,1,1,
1,1,1,1,1,4),(0.53449962311845,0.563259248297243,0.592018873476037,0.62077849865483,
0.649538123833623,0.66391793642302,0.671107842717718,0.678297749012417,
0.67868824508464),.UNSPECIFIED.);
#25=B_SPLINE_CURVE_WITH_KNOTS('',3,(#15047,#15048,#15049,#15050,#15051,
#15052,#15053,#15054,#15055,#15056,#15057,#15058,#15059,#15060,#15061,#15062,
#15063,#15064,#15065,#15066,#15067,#15068,#15069,#15070,#15071,#15072,#15073,
#15074,#15075,#15076,#15077,#15078,#15079,#15080,#15081,#15082,#15083,#15084,
#15085,#15086,#15087,#15088,#15089),.UNSPECIFIED.,.F.,.F.,(4,3,3,3,3,3,
3,3,3,3,3,3,3,3,4),(0.,0.00497425677708945,0.0100030859885312,0.0108241131805184,
0.0150182575920048,0.0173895318757261,0.0216112206094497,0.0242420989231643,
0.0286836901032628,0.0292061555089133,0.0342869623628605,0.0391494231705782,
0.0437596973514989,0.0483630501911898,0.048822936459935),.UNSPECIFIED.);
#26=B_SPLINE_CURVE_WITH_KNOTS('',3,(#15090,#15091,#15092,#15093,#15094,
#15095,#15096,#15097,#15098,#15099,#15100,#15101,#15102,#15103,#15104,#15105,
#15106,#15107,#15108,#15109,#15110,#15111,#15112,#15113,#15114,#15115,#15116,
#15117,#15118,#15119,#15120,#15121,#15122,#15123,#15124,#15125,#15126,#15127,
#15128,#15129,#15130,#15131,#15132,#15133,#15134,#15135,#15136,#15137,#15138,
#15139,#15140,#15141,#15142,#15143,#15144,#15145,#15146,#15147,#15148,#15149,
#15150,#15151,#15152,#15153,#15154,#15155,#15156,#15157,#15158,#15159),
 .UNSPECIFIED.,.F.,.F.,(4,3,3,3,3,3,3,3,3,3,3,3,3,3,3,3,3,3,3,3,3,3,3,4),
(-0.735816999351708,-0.720022376326606,-0.715493195106552,-0.707059218230228,
-0.69741259031124,-0.69315303507824,-0.685765038006926,-0.679308854931315,
-0.678377040935611,-0.676240562714796,-0.671189637898326,-0.663997177239357,
-0.657978641403027,-0.649606716490145,-0.637924623781515,-0.630478912340978,
-0.620820156683891,-0.601072679112813,-0.592043747273718,-0.590452261985014,
-0.563262959041717,-0.556286329299438,-0.538815189593309,-0.534499623118465),
 .UNSPECIFIED.);
#27=B_SPLINE_CURVE_WITH_KNOTS('',3,(#15213,#15214,#15215,#15216,#15217,
#15218,#15219,#15220,#15221,#15222,#15223,#15224,#15225,#15226,#15227,#15228,
#15229,#15230,#15231,#15232,#15233,#15234,#15235,#15236,#15237,#15238,#15239,
#15240,#15241,#15242,#15243,#15244,#15245,#15246,#15247,#15248,#15249,#15250,
#15251,#15252,#15253,#15254,#15255,#15256,#15257,#15258,#15259,#15260,#15261,
#15262,#15263,#15264,#15265,#15266,#15267,#15268,#15269,#15270,#15271,#15272,
#15273,#15274,#15275,#15276,#15277,#15278,#15279,#15280,#15281,#15282),
 .UNSPECIFIED.,.F.,.F.,(4,3,3,3,3,3,3,3,3,3,3,3,3,3,3,3,3,3,3,3,3,3,3,4),
(-0.227611816590545,-0.212887352055543,-0.204673999415026,-0.198852898108173,
-0.173130671427758,-0.17172397162474,-0.170078403880991,-0.152536376102566,
-0.141324201084241,-0.13171446535858,-0.120680452448109,-0.112593763288615,
-0.104176150370667,-0.0970068217005884,-0.0900476976764493,-0.0859058239827903,
-0.083795683881583,-0.0756765259840419,-0.0689951586047096,-0.0602420364966426,
-0.0549626194044979,-0.0466744531994674,-0.0329963649881879,-0.0262944905166944),
 .UNSPECIFIED.);
#28=B_SPLINE_CURVE_WITH_KNOTS('',3,(#15283,#15284,#15285,#15286,#15287,
#15288,#15289,#15290),.UNSPECIFIED.,.F.,.F.,(4,2,2,4),(-0.000613636951378701,
0.,0.042148209338241,0.0642822548374195),.UNSPECIFIED.);
#29=B_SPLINE_CURVE_WITH_KNOTS('',3,(#15393,#15394,#15395,#15396,#15397,
#15398,#15399,#15400,#15401,#15402),.UNSPECIFIED.,.F.,.F.,(4,2,2,2,4),(0.,
0.0189969090611849,0.0379938181223698,0.0569819164024726,0.0759700146825753),
 .UNSPECIFIED.);
#30=B_SPLINE_CURVE_WITH_KNOTS('',3,(#15408,#15409,#15410,#15411,#15412,
#15413,#15414,#15415,#15416,#15417),.UNSPECIFIED.,.F.,.F.,(4,2,2,2,4),(-0.0759700146825724,
-0.0569819164024699,-0.0379938181223675,-0.0189969090611837,0.),
 .UNSPECIFIED.);
#31=B_SPLINE_SURFACE_WITH_KNOTS('',3,3,((#14782,#14783,#14784,#14785,#14786,
#14787,#14788,#14789),(#14790,#14791,#14792,#14793,#14794,#14795,#14796,
#14797),(#14798,#14799,#14800,#14801,#14802,#14803,#14804,#14805),(#14806,
#14807,#14808,#14809,#14810,#14811,#14812,#14813),(#14814,#14815,#14816,
#14817,#14818,#14819,#14820,#14821)),.UNSPECIFIED.,.F.,.F.,.F.,(4,1,4),
(4,1,1,2,4),(0.,0.5,1.),(6.6994233551989E-15,0.0742866810842913,0.111430021626434,
0.185716702710718,0.18627500336771),.UNSPECIFIED.);
#32=B_SPLINE_SURFACE_WITH_KNOTS('',3,3,((#14886,#14887,#14888,#14889,#14890,
#14891,#14892,#14893),(#14894,#14895,#14896,#14897,#14898,#14899,#14900,
#14901),(#14902,#14903,#14904,#14905,#14906,#14907,#14908,#14909),(#14910,
#14911,#14912,#14913,#14914,#14915,#14916,#14917)),.UNSPECIFIED.,.F.,.F.,
 .F.,(4,4),(4,2,1,1,4),(0.,1.),(-0.000558262460520449,0.,0.111430047589782,
0.148573396786376,0.185716745982969),.UNSPECIFIED.);
#33=B_SPLINE_SURFACE_WITH_KNOTS('',3,3,((#14986,#14987,#14988,#14989,#14990,
#14991,#14992,#14993,#14994,#14995,#14996,#14997),(#14998,#14999,#15000,
#15001,#15002,#15003,#15004,#15005,#15006,#15007,#15008,#15009),(#15010,
#15011,#15012,#15013,#15014,#15015,#15016,#15017,#15018,#15019,#15020,#15021),
(#15022,#15023,#15024,#15025,#15026,#15027,#15028,#15029,#15030,#15031,
#15032,#15033),(#15034,#15035,#15036,#15037,#15038,#15039,#15040,#15041,
#15042,#15043,#15044,#15045)),.UNSPECIFIED.,.F.,.F.,.F.,(4,1,4),(4,1,1,
1,1,1,1,1,1,4),(0.,0.5,1.),(0.53449962311845,0.563259248297243,0.592018873476037,
0.62077849865483,0.649538123833623,0.66391793642302,0.671107842717718,0.678297749012417,
0.70705737419121,0.735816999370003),.UNSPECIFIED.);
#34=B_SPLINE_SURFACE_WITH_KNOTS('',3,3,((#15160,#15161,#15162,#15163,#15164,
#15165,#15166,#15167,#15168,#15169),(#15170,#15171,#15172,#15173,#15174,
#15175,#15176,#15177,#15178,#15179),(#15180,#15181,#15182,#15183,#15184,
#15185,#15186,#15187,#15188,#15189),(#15190,#15191,#15192,#15193,#15194,
#15195,#15196,#15197,#15198,#15199),(#15200,#15201,#15202,#15203,#15204,
#15205,#15206,#15207,#15208,#15209)),.UNSPECIFIED.,.F.,.F.,.F.,(4,1,4),
(4,1,1,1,1,1,1,4),(0.,0.5,1.),(0.0262944897755208,0.0550541078919576,0.0838137260083944,
0.112573344124831,0.141332962241268,0.170092580357705,0.198852198474141,
0.227611816590578),.UNSPECIFIED.);
#35=TOROIDAL_SURFACE('',#9736,1.5875,0.396875);
#36=TOROIDAL_SURFACE('',#9745,1.5875,0.396875);
#37=TOROIDAL_SURFACE('',#9757,1.58729166666667,0.396666666666667);
#38=TOROIDAL_SURFACE('',#9761,1.58729166666667,0.396666666666667);
#39=TOROIDAL_SURFACE('',#9782,2.28750005166998,1.5);
#40=TOROIDAL_SURFACE('',#9789,2.2875000517,1.5);
#41=TOROIDAL_SURFACE('',#9795,2.28750005166902,1.5);
#42=TOROIDAL_SURFACE('',#9801,2.2875000516,1.5);
#43=TOROIDAL_SURFACE('',#9818,2.28750005166902,1.5);
#44=TOROIDAL_SURFACE('',#9825,2.2875000517,1.5);
#45=TOROIDAL_SURFACE('',#9830,2.28750005166998,1.5);
#46=TOROIDAL_SURFACE('',#9835,2.2875000516,1.5);
#47=FACE_BOUND('',#801,.T.);
#48=FACE_BOUND('',#802,.T.);
#49=FACE_BOUND('',#803,.T.);
#50=FACE_BOUND('',#804,.T.);
#51=FACE_BOUND('',#805,.T.);
#52=FACE_BOUND('',#806,.T.);
#53=FACE_BOUND('',#807,.T.);
#54=FACE_BOUND('',#808,.T.);
#55=FACE_BOUND('',#809,.T.);
#56=FACE_BOUND('',#810,.T.);
#57=FACE_BOUND('',#811,.T.);
#58=FACE_BOUND('',#812,.T.);
#59=FACE_BOUND('',#813,.T.);
#60=FACE_BOUND('',#814,.T.);
#61=FACE_BOUND('',#815,.T.);
#62=FACE_BOUND('',#816,.T.);
#63=FACE_BOUND('',#817,.T.);
#64=FACE_BOUND('',#818,.T.);
#65=FACE_BOUND('',#819,.T.);
#66=FACE_BOUND('',#820,.T.);
#67=FACE_BOUND('',#821,.T.);
#68=FACE_BOUND('',#822,.T.);
#69=FACE_BOUND('',#823,.T.);
#70=FACE_BOUND('',#824,.T.);
#71=FACE_BOUND('',#825,.T.);
#72=FACE_BOUND('',#826,.T.);
#73=FACE_BOUND('',#827,.T.);
#74=FACE_BOUND('',#828,.T.);
#75=FACE_BOUND('',#829,.T.);
#76=FACE_BOUND('',#830,.T.);
#77=FACE_BOUND('',#831,.T.);
#78=FACE_BOUND('',#832,.T.);
#79=FACE_BOUND('',#833,.T.);
#80=FACE_BOUND('',#834,.T.);
#81=FACE_BOUND('',#835,.T.);
#82=FACE_BOUND('',#836,.T.);
#83=FACE_BOUND('',#837,.T.);
#84=FACE_BOUND('',#838,.T.);
#85=FACE_BOUND('',#839,.T.);
#86=FACE_BOUND('',#840,.T.);
#87=FACE_BOUND('',#841,.T.);
#88=FACE_BOUND('',#842,.T.);
#89=FACE_BOUND('',#843,.T.);
#90=FACE_BOUND('',#844,.T.);
#91=FACE_BOUND('',#847,.T.);
#92=FACE_BOUND('',#848,.T.);
#93=FACE_BOUND('',#849,.T.);
#94=FACE_BOUND('',#850,.T.);
#95=FACE_BOUND('',#851,.T.);
#96=FACE_BOUND('',#852,.T.);
#97=FACE_BOUND('',#853,.T.);
#98=FACE_BOUND('',#854,.T.);
#99=FACE_BOUND('',#855,.T.);
#100=FACE_BOUND('',#856,.T.);
#101=FACE_BOUND('',#857,.T.);
#102=FACE_BOUND('',#858,.T.);
#103=FACE_BOUND('',#859,.T.);
#104=FACE_BOUND('',#860,.T.);
#105=FACE_BOUND('',#861,.T.);
#106=FACE_BOUND('',#862,.T.);
#107=FACE_BOUND('',#863,.T.);
#108=FACE_BOUND('',#864,.T.);
#109=FACE_BOUND('',#865,.T.);
#110=FACE_BOUND('',#866,.T.);
#111=FACE_BOUND('',#867,.T.);
#112=FACE_BOUND('',#868,.T.);
#113=FACE_BOUND('',#869,.T.);
#114=FACE_BOUND('',#870,.T.);
#115=FACE_BOUND('',#871,.T.);
#116=FACE_BOUND('',#872,.T.);
#117=FACE_BOUND('',#873,.T.);
#118=FACE_BOUND('',#874,.T.);
#119=FACE_BOUND('',#875,.T.);
#120=FACE_BOUND('',#876,.T.);
#121=FACE_BOUND('',#877,.T.);
#122=FACE_BOUND('',#878,.T.);
#123=FACE_BOUND('',#879,.T.);
#124=FACE_BOUND('',#880,.T.);
#125=FACE_BOUND('',#881,.T.);
#126=FACE_BOUND('',#882,.T.);
#127=FACE_BOUND('',#883,.T.);
#128=FACE_BOUND('',#884,.T.);
#129=FACE_BOUND('',#885,.T.);
#130=FACE_BOUND('',#886,.T.);
#131=FACE_BOUND('',#887,.T.);
#132=FACE_BOUND('',#888,.T.);
#133=FACE_BOUND('',#889,.T.);
#134=FACE_BOUND('',#890,.T.);
#135=FACE_BOUND('',#1282,.T.);
#136=FACE_BOUND('',#1294,.T.);
#137=FACE_BOUND('',#1303,.T.);
#138=PLANE('',#9001);
#139=PLANE('',#9011);
#140=PLANE('',#9195);
#141=PLANE('',#9196);
#142=PLANE('',#9384);
#143=PLANE('',#9387);
#144=PLANE('',#9388);
#145=PLANE('',#9389);
#146=PLANE('',#9390);
#147=PLANE('',#9391);
#148=PLANE('',#9393);
#149=PLANE('',#9395);
#150=PLANE('',#9397);
#151=PLANE('',#9399);
#152=PLANE('',#9401);
#153=PLANE('',#9403);
#154=PLANE('',#9405);
#155=PLANE('',#9407);
#156=PLANE('',#9409);
#157=PLANE('',#9411);
#158=PLANE('',#9413);
#159=PLANE('',#9415);
#160=PLANE('',#9417);
#161=PLANE('',#9419);
#162=PLANE('',#9421);
#163=PLANE('',#9423);
#164=PLANE('',#9425);
#165=PLANE('',#9427);
#166=PLANE('',#9429);
#167=PLANE('',#9431);
#168=PLANE('',#9433);
#169=PLANE('',#9435);
#170=PLANE('',#9437);
#171=PLANE('',#9439);
#172=PLANE('',#9441);
#173=PLANE('',#9443);
#174=PLANE('',#9445);
#175=PLANE('',#9447);
#176=PLANE('',#9449);
#177=PLANE('',#9451);
#178=PLANE('',#9453);
#179=PLANE('',#9455);
#180=PLANE('',#9457);
#181=PLANE('',#9459);
#182=PLANE('',#9461);
#183=PLANE('',#9463);
#184=PLANE('',#9465);
#185=PLANE('',#9467);
#186=PLANE('',#9469);
#187=PLANE('',#9471);
#188=PLANE('',#9473);
#189=PLANE('',#9475);
#190=PLANE('',#9477);
#191=PLANE('',#9479);
#192=PLANE('',#9481);
#193=PLANE('',#9483);
#194=PLANE('',#9485);
#195=PLANE('',#9487);
#196=PLANE('',#9489);
#197=PLANE('',#9491);
#198=PLANE('',#9493);
#199=PLANE('',#9495);
#200=PLANE('',#9497);
#201=PLANE('',#9499);
#202=PLANE('',#9501);
#203=PLANE('',#9503);
#204=PLANE('',#9505);
#205=PLANE('',#9507);
#206=PLANE('',#9509);
#207=PLANE('',#9511);
#208=PLANE('',#9513);
#209=PLANE('',#9515);
#210=PLANE('',#9517);
#211=PLANE('',#9519);
#212=PLANE('',#9521);
#213=PLANE('',#9523);
#214=PLANE('',#9525);
#215=PLANE('',#9527);
#216=PLANE('',#9529);
#217=PLANE('',#9531);
#218=PLANE('',#9533);
#219=PLANE('',#9536);
#220=PLANE('',#9538);
#221=PLANE('',#9540);
#222=PLANE('',#9542);
#223=PLANE('',#9544);
#224=PLANE('',#9546);
#225=PLANE('',#9548);
#226=PLANE('',#9550);
#227=PLANE('',#9552);
#228=PLANE('',#9554);
#229=PLANE('',#9556);
#230=PLANE('',#9558);
#231=PLANE('',#9560);
#232=PLANE('',#9562);
#233=PLANE('',#9564);
#234=PLANE('',#9566);
#235=PLANE('',#9568);
#236=PLANE('',#9570);
#237=PLANE('',#9572);
#238=PLANE('',#9574);
#239=PLANE('',#9576);
#240=PLANE('',#9578);
#241=PLANE('',#9580);
#242=PLANE('',#9582);
#243=PLANE('',#9584);
#244=PLANE('',#9586);
#245=PLANE('',#9588);
#246=PLANE('',#9590);
#247=PLANE('',#9593);
#248=PLANE('',#9595);
#249=PLANE('',#9597);
#250=PLANE('',#9599);
#251=PLANE('',#9601);
#252=PLANE('',#9603);
#253=PLANE('',#9605);
#254=PLANE('',#9608);
#255=PLANE('',#9610);
#256=PLANE('',#9612);
#257=PLANE('',#9614);
#258=PLANE('',#9616);
#259=PLANE('',#9618);
#260=PLANE('',#9620);
#261=PLANE('',#9622);
#262=PLANE('',#9624);
#263=PLANE('',#9626);
#264=PLANE('',#9628);
#265=PLANE('',#9630);
#266=PLANE('',#9632);
#267=PLANE('',#9634);
#268=PLANE('',#9636);
#269=PLANE('',#9638);
#270=PLANE('',#9641);
#271=PLANE('',#9643);
#272=PLANE('',#9645);
#273=PLANE('',#9647);
#274=PLANE('',#9650);
#275=PLANE('',#9653);
#276=PLANE('',#9655);
#277=PLANE('',#9657);
#278=PLANE('',#9660);
#279=PLANE('',#9662);
#280=PLANE('',#9664);
#281=PLANE('',#9667);
#282=PLANE('',#9669);
#283=PLANE('',#9671);
#284=PLANE('',#9674);
#285=PLANE('',#9676);
#286=PLANE('',#9678);
#287=PLANE('',#9680);
#288=PLANE('',#9682);
#289=PLANE('',#9684);
#290=PLANE('',#9686);
#291=PLANE('',#9689);
#292=PLANE('',#9691);
#293=PLANE('',#9693);
#294=PLANE('',#9696);
#295=PLANE('',#9698);
#296=PLANE('',#9700);
#297=PLANE('',#9703);
#298=PLANE('',#9705);
#299=PLANE('',#9707);
#300=PLANE('',#9710);
#301=PLANE('',#9712);
#302=PLANE('',#9714);
#303=PLANE('',#9716);
#304=PLANE('',#9718);
#305=PLANE('',#9720);
#306=PLANE('',#9722);
#307=PLANE('',#9725);
#308=PLANE('',#9727);
#309=PLANE('',#9728);
#310=PLANE('',#9729);
#311=PLANE('',#9730);
#312=PLANE('',#9731);
#313=PLANE('',#9732);
#314=PLANE('',#9743);
#315=PLANE('',#9751);
#316=PLANE('',#9766);
#317=PLANE('',#9768);
#318=PLANE('',#9771);
#319=PLANE('',#9774);
#320=PLANE('',#9777);
#321=PLANE('',#9780);
#322=PLANE('',#9781);
#323=PLANE('',#9808);
#324=PLANE('',#9813);
#325=PLANE('',#9840);
#326=PLANE('',#9842);
#327=PLANE('',#9847);
#328=PLANE('',#9851);
#329=PLANE('',#9855);
#330=PLANE('',#9856);
#331=PLANE('',#9859);
#332=PLANE('',#9860);
#333=PLANE('',#9861);
#334=PLANE('',#9862);
#335=PLANE('',#9863);
#336=PLANE('',#9864);
#337=PLANE('',#9865);
#338=PLANE('',#9867);
#339=PLANE('',#9868);
#340=PLANE('',#9869);
#341=PLANE('',#9870);
#342=PLANE('',#9875);
#343=PLANE('',#9879);
#344=PLANE('',#9881);
#345=PLANE('',#9882);
#346=PLANE('',#9884);
#347=FACE_OUTER_BOUND('',#793,.T.);
#348=FACE_OUTER_BOUND('',#794,.T.);
#349=FACE_OUTER_BOUND('',#795,.T.);
#350=FACE_OUTER_BOUND('',#796,.T.);
#351=FACE_OUTER_BOUND('',#797,.T.);
#352=FACE_OUTER_BOUND('',#798,.T.);
#353=FACE_OUTER_BOUND('',#799,.T.);
#354=FACE_OUTER_BOUND('',#800,.T.);
#355=FACE_OUTER_BOUND('',#845,.T.);
#356=FACE_OUTER_BOUND('',#846,.T.);
#357=FACE_OUTER_BOUND('',#891,.T.);
#358=FACE_OUTER_BOUND('',#892,.T.);
#359=FACE_OUTER_BOUND('',#893,.T.);
#360=FACE_OUTER_BOUND('',#894,.T.);
#361=FACE_OUTER_BOUND('',#895,.T.);
#362=FACE_OUTER_BOUND('',#896,.T.);
#363=FACE_OUTER_BOUND('',#897,.T.);
#364=FACE_OUTER_BOUND('',#898,.T.);
#365=FACE_OUTER_BOUND('',#899,.T.);
#366=FACE_OUTER_BOUND('',#900,.T.);
#367=FACE_OUTER_BOUND('',#901,.T.);
#368=FACE_OUTER_BOUND('',#902,.T.);
#369=FACE_OUTER_BOUND('',#903,.T.);
#370=FACE_OUTER_BOUND('',#904,.T.);
#371=FACE_OUTER_BOUND('',#905,.T.);
#372=FACE_OUTER_BOUND('',#906,.T.);
#373=FACE_OUTER_BOUND('',#907,.T.);
#374=FACE_OUTER_BOUND('',#908,.T.);
#375=FACE_OUTER_BOUND('',#909,.T.);
#376=FACE_OUTER_BOUND('',#910,.T.);
#377=FACE_OUTER_BOUND('',#911,.T.);
#378=FACE_OUTER_BOUND('',#912,.T.);
#379=FACE_OUTER_BOUND('',#913,.T.);
#380=FACE_OUTER_BOUND('',#914,.T.);
#381=FACE_OUTER_BOUND('',#915,.T.);
#382=FACE_OUTER_BOUND('',#916,.T.);
#383=FACE_OUTER_BOUND('',#917,.T.);
#384=FACE_OUTER_BOUND('',#918,.T.);
#385=FACE_OUTER_BOUND('',#919,.T.);
#386=FACE_OUTER_BOUND('',#920,.T.);
#387=FACE_OUTER_BOUND('',#921,.T.);
#388=FACE_OUTER_BOUND('',#922,.T.);
#389=FACE_OUTER_BOUND('',#923,.T.);
#390=FACE_OUTER_BOUND('',#924,.T.);
#391=FACE_OUTER_BOUND('',#925,.T.);
#392=FACE_OUTER_BOUND('',#926,.T.);
#393=FACE_OUTER_BOUND('',#927,.T.);
#394=FACE_OUTER_BOUND('',#928,.T.);
#395=FACE_OUTER_BOUND('',#929,.T.);
#396=FACE_OUTER_BOUND('',#930,.T.);
#397=FACE_OUTER_BOUND('',#931,.T.);
#398=FACE_OUTER_BOUND('',#932,.T.);
#399=FACE_OUTER_BOUND('',#933,.T.);
#400=FACE_OUTER_BOUND('',#934,.T.);
#401=FACE_OUTER_BOUND('',#935,.T.);
#402=FACE_OUTER_BOUND('',#936,.T.);
#403=FACE_OUTER_BOUND('',#937,.T.);
#404=FACE_OUTER_BOUND('',#938,.T.);
#405=FACE_OUTER_BOUND('',#939,.T.);
#406=FACE_OUTER_BOUND('',#940,.T.);
#407=FACE_OUTER_BOUND('',#941,.T.);
#408=FACE_OUTER_BOUND('',#942,.T.);
#409=FACE_OUTER_BOUND('',#943,.T.);
#410=FACE_OUTER_BOUND('',#944,.T.);
#411=FACE_OUTER_BOUND('',#945,.T.);
#412=FACE_OUTER_BOUND('',#946,.T.);
#413=FACE_OUTER_BOUND('',#947,.T.);
#414=FACE_OUTER_BOUND('',#948,.T.);
#415=FACE_OUTER_BOUND('',#949,.T.);
#416=FACE_OUTER_BOUND('',#950,.T.);
#417=FACE_OUTER_BOUND('',#951,.T.);
#418=FACE_OUTER_BOUND('',#952,.T.);
#419=FACE_OUTER_BOUND('',#953,.T.);
#420=FACE_OUTER_BOUND('',#954,.T.);
#421=FACE_OUTER_BOUND('',#955,.T.);
#422=FACE_OUTER_BOUND('',#956,.T.);
#423=FACE_OUTER_BOUND('',#957,.T.);
#424=FACE_OUTER_BOUND('',#958,.T.);
#425=FACE_OUTER_BOUND('',#959,.T.);
#426=FACE_OUTER_BOUND('',#960,.T.);
#427=FACE_OUTER_BOUND('',#961,.T.);
#428=FACE_OUTER_BOUND('',#962,.T.);
#429=FACE_OUTER_BOUND('',#963,.T.);
#430=FACE_OUTER_BOUND('',#964,.T.);
#431=FACE_OUTER_BOUND('',#965,.T.);
#432=FACE_OUTER_BOUND('',#966,.T.);
#433=FACE_OUTER_BOUND('',#967,.T.);
#434=FACE_OUTER_BOUND('',#968,.T.);
#435=FACE_OUTER_BOUND('',#969,.T.);
#436=FACE_OUTER_BOUND('',#970,.T.);
#437=FACE_OUTER_BOUND('',#971,.T.);
#438=FACE_OUTER_BOUND('',#972,.T.);
#439=FACE_OUTER_BOUND('',#973,.T.);
#440=FACE_OUTER_BOUND('',#974,.T.);
#441=FACE_OUTER_BOUND('',#975,.T.);
#442=FACE_OUTER_BOUND('',#976,.T.);
#443=FACE_OUTER_BOUND('',#977,.T.);
#444=FACE_OUTER_BOUND('',#978,.T.);
#445=FACE_OUTER_BOUND('',#979,.T.);
#446=FACE_OUTER_BOUND('',#980,.T.);
#447=FACE_OUTER_BOUND('',#981,.T.);
#448=FACE_OUTER_BOUND('',#982,.T.);
#449=FACE_OUTER_BOUND('',#983,.T.);
#450=FACE_OUTER_BOUND('',#984,.T.);
#451=FACE_OUTER_BOUND('',#985,.T.);
#452=FACE_OUTER_BOUND('',#986,.T.);
#453=FACE_OUTER_BOUND('',#987,.T.);
#454=FACE_OUTER_BOUND('',#988,.T.);
#455=FACE_OUTER_BOUND('',#989,.T.);
#456=FACE_OUTER_BOUND('',#990,.T.);
#457=FACE_OUTER_BOUND('',#991,.T.);
#458=FACE_OUTER_BOUND('',#992,.T.);
#459=FACE_OUTER_BOUND('',#993,.T.);
#460=FACE_OUTER_BOUND('',#994,.T.);
#461=FACE_OUTER_BOUND('',#995,.T.);
#462=FACE_OUTER_BOUND('',#996,.T.);
#463=FACE_OUTER_BOUND('',#997,.T.);
#464=FACE_OUTER_BOUND('',#998,.T.);
#465=FACE_OUTER_BOUND('',#999,.T.);
#466=FACE_OUTER_BOUND('',#1000,.T.);
#467=FACE_OUTER_BOUND('',#1001,.T.);
#468=FACE_OUTER_BOUND('',#1002,.T.);
#469=FACE_OUTER_BOUND('',#1003,.T.);
#470=FACE_OUTER_BOUND('',#1004,.T.);
#471=FACE_OUTER_BOUND('',#1005,.T.);
#472=FACE_OUTER_BOUND('',#1006,.T.);
#473=FACE_OUTER_BOUND('',#1007,.T.);
#474=FACE_OUTER_BOUND('',#1008,.T.);
#475=FACE_OUTER_BOUND('',#1009,.T.);
#476=FACE_OUTER_BOUND('',#1010,.T.);
#477=FACE_OUTER_BOUND('',#1011,.T.);
#478=FACE_OUTER_BOUND('',#1012,.T.);
#479=FACE_OUTER_BOUND('',#1013,.T.);
#480=FACE_OUTER_BOUND('',#1014,.T.);
#481=FACE_OUTER_BOUND('',#1015,.T.);
#482=FACE_OUTER_BOUND('',#1016,.T.);
#483=FACE_OUTER_BOUND('',#1017,.T.);
#484=FACE_OUTER_BOUND('',#1018,.T.);
#485=FACE_OUTER_BOUND('',#1019,.T.);
#486=FACE_OUTER_BOUND('',#1020,.T.);
#487=FACE_OUTER_BOUND('',#1021,.T.);
#488=FACE_OUTER_BOUND('',#1022,.T.);
#489=FACE_OUTER_BOUND('',#1023,.T.);
#490=FACE_OUTER_BOUND('',#1024,.T.);
#491=FACE_OUTER_BOUND('',#1025,.T.);
#492=FACE_OUTER_BOUND('',#1026,.T.);
#493=FACE_OUTER_BOUND('',#1027,.T.);
#494=FACE_OUTER_BOUND('',#1028,.T.);
#495=FACE_OUTER_BOUND('',#1029,.T.);
#496=FACE_OUTER_BOUND('',#1030,.T.);
#497=FACE_OUTER_BOUND('',#1031,.T.);
#498=FACE_OUTER_BOUND('',#1032,.T.);
#499=FACE_OUTER_BOUND('',#1033,.T.);
#500=FACE_OUTER_BOUND('',#1034,.T.);
#501=FACE_OUTER_BOUND('',#1035,.T.);
#502=FACE_OUTER_BOUND('',#1036,.T.);
#503=FACE_OUTER_BOUND('',#1037,.T.);
#504=FACE_OUTER_BOUND('',#1038,.T.);
#505=FACE_OUTER_BOUND('',#1039,.T.);
#506=FACE_OUTER_BOUND('',#1040,.T.);
#507=FACE_OUTER_BOUND('',#1041,.T.);
#508=FACE_OUTER_BOUND('',#1042,.T.);
#509=FACE_OUTER_BOUND('',#1043,.T.);
#510=FACE_OUTER_BOUND('',#1044,.T.);
#511=FACE_OUTER_BOUND('',#1045,.T.);
#512=FACE_OUTER_BOUND('',#1046,.T.);
#513=FACE_OUTER_BOUND('',#1047,.T.);
#514=FACE_OUTER_BOUND('',#1048,.T.);
#515=FACE_OUTER_BOUND('',#1049,.T.);
#516=FACE_OUTER_BOUND('',#1050,.T.);
#517=FACE_OUTER_BOUND('',#1051,.T.);
#518=FACE_OUTER_BOUND('',#1052,.T.);
#519=FACE_OUTER_BOUND('',#1053,.T.);
#520=FACE_OUTER_BOUND('',#1054,.T.);
#521=FACE_OUTER_BOUND('',#1055,.T.);
#522=FACE_OUTER_BOUND('',#1056,.T.);
#523=FACE_OUTER_BOUND('',#1057,.T.);
#524=FACE_OUTER_BOUND('',#1058,.T.);
#525=FACE_OUTER_BOUND('',#1059,.T.);
#526=FACE_OUTER_BOUND('',#1060,.T.);
#527=FACE_OUTER_BOUND('',#1061,.T.);
#528=FACE_OUTER_BOUND('',#1062,.T.);
#529=FACE_OUTER_BOUND('',#1063,.T.);
#530=FACE_OUTER_BOUND('',#1064,.T.);
#531=FACE_OUTER_BOUND('',#1065,.T.);
#532=FACE_OUTER_BOUND('',#1066,.T.);
#533=FACE_OUTER_BOUND('',#1067,.T.);
#534=FACE_OUTER_BOUND('',#1068,.T.);
#535=FACE_OUTER_BOUND('',#1069,.T.);
#536=FACE_OUTER_BOUND('',#1070,.T.);
#537=FACE_OUTER_BOUND('',#1071,.T.);
#538=FACE_OUTER_BOUND('',#1072,.T.);
#539=FACE_OUTER_BOUND('',#1073,.T.);
#540=FACE_OUTER_BOUND('',#1074,.T.);
#541=FACE_OUTER_BOUND('',#1075,.T.);
#542=FACE_OUTER_BOUND('',#1076,.T.);
#543=FACE_OUTER_BOUND('',#1077,.T.);
#544=FACE_OUTER_BOUND('',#1078,.T.);
#545=FACE_OUTER_BOUND('',#1079,.T.);
#546=FACE_OUTER_BOUND('',#1080,.T.);
#547=FACE_OUTER_BOUND('',#1081,.T.);
#548=FACE_OUTER_BOUND('',#1082,.T.);
#549=FACE_OUTER_BOUND('',#1083,.T.);
#550=FACE_OUTER_BOUND('',#1084,.T.);
#551=FACE_OUTER_BOUND('',#1085,.T.);
#552=FACE_OUTER_BOUND('',#1086,.T.);
#553=FACE_OUTER_BOUND('',#1087,.T.);
#554=FACE_OUTER_BOUND('',#1088,.T.);
#555=FACE_OUTER_BOUND('',#1089,.T.);
#556=FACE_OUTER_BOUND('',#1090,.T.);
#557=FACE_OUTER_BOUND('',#1091,.T.);
#558=FACE_OUTER_BOUND('',#1092,.T.);
#559=FACE_OUTER_BOUND('',#1093,.T.);
#560=FACE_OUTER_BOUND('',#1094,.T.);
#561=FACE_OUTER_BOUND('',#1095,.T.);
#562=FACE_OUTER_BOUND('',#1096,.T.);
#563=FACE_OUTER_BOUND('',#1097,.T.);
#564=FACE_OUTER_BOUND('',#1098,.T.);
#565=FACE_OUTER_BOUND('',#1099,.T.);
#566=FACE_OUTER_BOUND('',#1100,.T.);
#567=FACE_OUTER_BOUND('',#1101,.T.);
#568=FACE_OUTER_BOUND('',#1102,.T.);
#569=FACE_OUTER_BOUND('',#1103,.T.);
#570=FACE_OUTER_BOUND('',#1104,.T.);
#571=FACE_OUTER_BOUND('',#1105,.T.);
#572=FACE_OUTER_BOUND('',#1106,.T.);
#573=FACE_OUTER_BOUND('',#1107,.T.);
#574=FACE_OUTER_BOUND('',#1108,.T.);
#575=FACE_OUTER_BOUND('',#1109,.T.);
#576=FACE_OUTER_BOUND('',#1110,.T.);
#577=FACE_OUTER_BOUND('',#1111,.T.);
#578=FACE_OUTER_BOUND('',#1112,.T.);
#579=FACE_OUTER_BOUND('',#1113,.T.);
#580=FACE_OUTER_BOUND('',#1114,.T.);
#581=FACE_OUTER_BOUND('',#1115,.T.);
#582=FACE_OUTER_BOUND('',#1116,.T.);
#583=FACE_OUTER_BOUND('',#1117,.T.);
#584=FACE_OUTER_BOUND('',#1118,.T.);
#585=FACE_OUTER_BOUND('',#1119,.T.);
#586=FACE_OUTER_BOUND('',#1120,.T.);
#587=FACE_OUTER_BOUND('',#1121,.T.);
#588=FACE_OUTER_BOUND('',#1122,.T.);
#589=FACE_OUTER_BOUND('',#1123,.T.);
#590=FACE_OUTER_BOUND('',#1124,.T.);
#591=FACE_OUTER_BOUND('',#1125,.T.);
#592=FACE_OUTER_BOUND('',#1126,.T.);
#593=FACE_OUTER_BOUND('',#1127,.T.);
#594=FACE_OUTER_BOUND('',#1128,.T.);
#595=FACE_OUTER_BOUND('',#1129,.T.);
#596=FACE_OUTER_BOUND('',#1130,.T.);
#597=FACE_OUTER_BOUND('',#1131,.T.);
#598=FACE_OUTER_BOUND('',#1132,.T.);
#599=FACE_OUTER_BOUND('',#1133,.T.);
#600=FACE_OUTER_BOUND('',#1134,.T.);
#601=FACE_OUTER_BOUND('',#1135,.T.);
#602=FACE_OUTER_BOUND('',#1136,.T.);
#603=FACE_OUTER_BOUND('',#1137,.T.);
#604=FACE_OUTER_BOUND('',#1138,.T.);
#605=FACE_OUTER_BOUND('',#1139,.T.);
#606=FACE_OUTER_BOUND('',#1140,.T.);
#607=FACE_OUTER_BOUND('',#1141,.T.);
#608=FACE_OUTER_BOUND('',#1142,.T.);
#609=FACE_OUTER_BOUND('',#1143,.T.);
#610=FACE_OUTER_BOUND('',#1144,.T.);
#611=FACE_OUTER_BOUND('',#1145,.T.);
#612=FACE_OUTER_BOUND('',#1146,.T.);
#613=FACE_OUTER_BOUND('',#1147,.T.);
#614=FACE_OUTER_BOUND('',#1148,.T.);
#615=FACE_OUTER_BOUND('',#1149,.T.);
#616=FACE_OUTER_BOUND('',#1150,.T.);
#617=FACE_OUTER_BOUND('',#1151,.T.);
#618=FACE_OUTER_BOUND('',#1152,.T.);
#619=FACE_OUTER_BOUND('',#1153,.T.);
#620=FACE_OUTER_BOUND('',#1154,.T.);
#621=FACE_OUTER_BOUND('',#1155,.T.);
#622=FACE_OUTER_BOUND('',#1156,.T.);
#623=FACE_OUTER_BOUND('',#1157,.T.);
#624=FACE_OUTER_BOUND('',#1158,.T.);
#625=FACE_OUTER_BOUND('',#1159,.T.);
#626=FACE_OUTER_BOUND('',#1160,.T.);
#627=FACE_OUTER_BOUND('',#1161,.T.);
#628=FACE_OUTER_BOUND('',#1162,.T.);
#629=FACE_OUTER_BOUND('',#1163,.T.);
#630=FACE_OUTER_BOUND('',#1164,.T.);
#631=FACE_OUTER_BOUND('',#1165,.T.);
#632=FACE_OUTER_BOUND('',#1166,.T.);
#633=FACE_OUTER_BOUND('',#1167,.T.);
#634=FACE_OUTER_BOUND('',#1168,.T.);
#635=FACE_OUTER_BOUND('',#1169,.T.);
#636=FACE_OUTER_BOUND('',#1170,.T.);
#637=FACE_OUTER_BOUND('',#1171,.T.);
#638=FACE_OUTER_BOUND('',#1172,.T.);
#639=FACE_OUTER_BOUND('',#1173,.T.);
#640=FACE_OUTER_BOUND('',#1174,.T.);
#641=FACE_OUTER_BOUND('',#1175,.T.);
#642=FACE_OUTER_BOUND('',#1176,.T.);
#643=FACE_OUTER_BOUND('',#1177,.T.);
#644=FACE_OUTER_BOUND('',#1178,.T.);
#645=FACE_OUTER_BOUND('',#1179,.T.);
#646=FACE_OUTER_BOUND('',#1180,.T.);
#647=FACE_OUTER_BOUND('',#1181,.T.);
#648=FACE_OUTER_BOUND('',#1182,.T.);
#649=FACE_OUTER_BOUND('',#1183,.T.);
#650=FACE_OUTER_BOUND('',#1184,.T.);
#651=FACE_OUTER_BOUND('',#1185,.T.);
#652=FACE_OUTER_BOUND('',#1186,.T.);
#653=FACE_OUTER_BOUND('',#1187,.T.);
#654=FACE_OUTER_BOUND('',#1188,.T.);
#655=FACE_OUTER_BOUND('',#1189,.T.);
#656=FACE_OUTER_BOUND('',#1190,.T.);
#657=FACE_OUTER_BOUND('',#1191,.T.);
#658=FACE_OUTER_BOUND('',#1192,.T.);
#659=FACE_OUTER_BOUND('',#1193,.T.);
#660=FACE_OUTER_BOUND('',#1194,.T.);
#661=FACE_OUTER_BOUND('',#1195,.T.);
#662=FACE_OUTER_BOUND('',#1196,.T.);
#663=FACE_OUTER_BOUND('',#1197,.T.);
#664=FACE_OUTER_BOUND('',#1198,.T.);
#665=FACE_OUTER_BOUND('',#1199,.T.);
#666=FACE_OUTER_BOUND('',#1200,.T.);
#667=FACE_OUTER_BOUND('',#1201,.T.);
#668=FACE_OUTER_BOUND('',#1202,.T.);
#669=FACE_OUTER_BOUND('',#1203,.T.);
#670=FACE_OUTER_BOUND('',#1204,.T.);
#671=FACE_OUTER_BOUND('',#1205,.T.);
#672=FACE_OUTER_BOUND('',#1206,.T.);
#673=FACE_OUTER_BOUND('',#1207,.T.);
#674=FACE_OUTER_BOUND('',#1208,.T.);
#675=FACE_OUTER_BOUND('',#1209,.T.);
#676=FACE_OUTER_BOUND('',#1210,.T.);
#677=FACE_OUTER_BOUND('',#1211,.T.);
#678=FACE_OUTER_BOUND('',#1212,.T.);
#679=FACE_OUTER_BOUND('',#1213,.T.);
#680=FACE_OUTER_BOUND('',#1214,.T.);
#681=FACE_OUTER_BOUND('',#1215,.T.);
#682=FACE_OUTER_BOUND('',#1216,.T.);
#683=FACE_OUTER_BOUND('',#1217,.T.);
#684=FACE_OUTER_BOUND('',#1218,.T.);
#685=FACE_OUTER_BOUND('',#1219,.T.);
#686=FACE_OUTER_BOUND('',#1220,.T.);
#687=FACE_OUTER_BOUND('',#1221,.T.);
#688=FACE_OUTER_BOUND('',#1222,.T.);
#689=FACE_OUTER_BOUND('',#1223,.T.);
#690=FACE_OUTER_BOUND('',#1224,.T.);
#691=FACE_OUTER_BOUND('',#1225,.T.);
#692=FACE_OUTER_BOUND('',#1226,.T.);
#693=FACE_OUTER_BOUND('',#1227,.T.);
#694=FACE_OUTER_BOUND('',#1228,.T.);
#695=FACE_OUTER_BOUND('',#1229,.T.);
#696=FACE_OUTER_BOUND('',#1230,.T.);
#697=FACE_OUTER_BOUND('',#1231,.T.);
#698=FACE_OUTER_BOUND('',#1232,.T.);
#699=FACE_OUTER_BOUND('',#1233,.T.);
#700=FACE_OUTER_BOUND('',#1234,.T.);
#701=FACE_OUTER_BOUND('',#1235,.T.);
#702=FACE_OUTER_BOUND('',#1236,.T.);
#703=FACE_OUTER_BOUND('',#1237,.T.);
#704=FACE_OUTER_BOUND('',#1238,.T.);
#705=FACE_OUTER_BOUND('',#1239,.T.);
#706=FACE_OUTER_BOUND('',#1240,.T.);
#707=FACE_OUTER_BOUND('',#1241,.T.);
#708=FACE_OUTER_BOUND('',#1242,.T.);
#709=FACE_OUTER_BOUND('',#1243,.T.);
#710=FACE_OUTER_BOUND('',#1244,.T.);
#711=FACE_OUTER_BOUND('',#1245,.T.);
#712=FACE_OUTER_BOUND('',#1246,.T.);
#713=FACE_OUTER_BOUND('',#1247,.T.);
#714=FACE_OUTER_BOUND('',#1248,.T.);
#715=FACE_OUTER_BOUND('',#1249,.T.);
#716=FACE_OUTER_BOUND('',#1250,.T.);
#717=FACE_OUTER_BOUND('',#1251,.T.);
#718=FACE_OUTER_BOUND('',#1252,.T.);
#719=FACE_OUTER_BOUND('',#1253,.T.);
#720=FACE_OUTER_BOUND('',#1254,.T.);
#721=FACE_OUTER_BOUND('',#1255,.T.);
#722=FACE_OUTER_BOUND('',#1256,.T.);
#723=FACE_OUTER_BOUND('',#1257,.T.);
#724=FACE_OUTER_BOUND('',#1258,.T.);
#725=FACE_OUTER_BOUND('',#1259,.T.);
#726=FACE_OUTER_BOUND('',#1260,.T.);
#727=FACE_OUTER_BOUND('',#1261,.T.);
#728=FACE_OUTER_BOUND('',#1262,.T.);
#729=FACE_OUTER_BOUND('',#1263,.T.);
#730=FACE_OUTER_BOUND('',#1264,.T.);
#731=FACE_OUTER_BOUND('',#1265,.T.);
#732=FACE_OUTER_BOUND('',#1266,.T.);
#733=FACE_OUTER_BOUND('',#1267,.T.);
#734=FACE_OUTER_BOUND('',#1268,.T.);
#735=FACE_OUTER_BOUND('',#1269,.T.);
#736=FACE_OUTER_BOUND('',#1270,.T.);
#737=FACE_OUTER_BOUND('',#1271,.T.);
#738=FACE_OUTER_BOUND('',#1272,.T.);
#739=FACE_OUTER_BOUND('',#1273,.T.);
#740=FACE_OUTER_BOUND('',#1274,.T.);
#741=FACE_OUTER_BOUND('',#1275,.T.);
#742=FACE_OUTER_BOUND('',#1276,.T.);
#743=FACE_OUTER_BOUND('',#1277,.T.);
#744=FACE_OUTER_BOUND('',#1278,.T.);
#745=FACE_OUTER_BOUND('',#1279,.T.);
#746=FACE_OUTER_BOUND('',#1280,.T.);
#747=FACE_OUTER_BOUND('',#1281,.T.);
#748=FACE_OUTER_BOUND('',#1283,.T.);
#749=FACE_OUTER_BOUND('',#1284,.T.);
#750=FACE_OUTER_BOUND('',#1285,.T.);
#751=FACE_OUTER_BOUND('',#1286,.T.);
#752=FACE_OUTER_BOUND('',#1287,.T.);
#753=FACE_OUTER_BOUND('',#1288,.T.);
#754=FACE_OUTER_BOUND('',#1289,.T.);
#755=FACE_OUTER_BOUND('',#1290,.T.);
#756=FACE_OUTER_BOUND('',#1291,.T.);
#757=FACE_OUTER_BOUND('',#1292,.T.);
#758=FACE_OUTER_BOUND('',#1293,.T.);
#759=FACE_OUTER_BOUND('',#1295,.T.);
#760=FACE_OUTER_BOUND('',#1296,.T.);
#761=FACE_OUTER_BOUND('',#1297,.T.);
#762=FACE_OUTER_BOUND('',#1298,.T.);
#763=FACE_OUTER_BOUND('',#1299,.T.);
#764=FACE_OUTER_BOUND('',#1300,.T.);
#765=FACE_OUTER_BOUND('',#1301,.T.);
#766=FACE_OUTER_BOUND('',#1302,.T.);
#767=FACE_OUTER_BOUND('',#1304,.T.);
#768=FACE_OUTER_BOUND('',#1305,.T.);
#769=FACE_OUTER_BOUND('',#1306,.T.);
#770=FACE_OUTER_BOUND('',#1307,.T.);
#771=FACE_OUTER_BOUND('',#1308,.T.);
#772=FACE_OUTER_BOUND('',#1309,.T.);
#773=FACE_OUTER_BOUND('',#1310,.T.);
#774=FACE_OUTER_BOUND('',#1311,.T.);
#775=FACE_OUTER_BOUND('',#1312,.T.);
#776=FACE_OUTER_BOUND('',#1313,.T.);
#777=FACE_OUTER_BOUND('',#1314,.T.);
#778=FACE_OUTER_BOUND('',#1315,.T.);
#779=FACE_OUTER_BOUND('',#1316,.T.);
#780=FACE_OUTER_BOUND('',#1317,.T.);
#781=FACE_OUTER_BOUND('',#1318,.T.);
#782=FACE_OUTER_BOUND('',#1319,.T.);
#783=FACE_OUTER_BOUND('',#1320,.T.);
#784=FACE_OUTER_BOUND('',#1321,.T.);
#785=FACE_OUTER_BOUND('',#1322,.T.);
#786=FACE_OUTER_BOUND('',#1323,.T.);
#787=FACE_OUTER_BOUND('',#1324,.T.);
#788=FACE_OUTER_BOUND('',#1325,.T.);
#789=FACE_OUTER_BOUND('',#1326,.T.);
#790=FACE_OUTER_BOUND('',#1327,.T.);
#791=FACE_OUTER_BOUND('',#1328,.T.);
#792=FACE_OUTER_BOUND('',#1329,.T.);
#793=EDGE_LOOP('',(#5673,#5674,#5675,#5676));
#794=EDGE_LOOP('',(#5677,#5678,#5679,#5680));
#795=EDGE_LOOP('',(#5681,#5682,#5683,#5684));
#796=EDGE_LOOP('',(#5685,#5686,#5687,#5688));
#797=EDGE_LOOP('',(#5689,#5690,#5691,#5692));
#798=EDGE_LOOP('',(#5693,#5694,#5695,#5696));
#799=EDGE_LOOP('',(#5697,#5698,#5699,#5700));
#800=EDGE_LOOP('',(#5701,#5702,#5703,#5704,#5705,#5706,#5707,#5708,#5709,
#5710,#5711,#5712,#5713,#5714,#5715,#5716,#5717,#5718,#5719,#5720,#5721,
#5722,#5723,#5724,#5725,#5726,#5727,#5728,#5729,#5730,#5731,#5732,#5733,
#5734,#5735,#5736,#5737,#5738,#5739,#5740,#5741,#5742,#5743,#5744,#5745,
#5746,#5747,#5748));
#801=EDGE_LOOP('',(#5749,#5750,#5751,#5752,#5753,#5754,#5755,#5756));
#802=EDGE_LOOP('',(#5757,#5758,#5759,#5760,#5761,#5762,#5763,#5764));
#803=EDGE_LOOP('',(#5765,#5766,#5767,#5768,#5769,#5770,#5771,#5772));
#804=EDGE_LOOP('',(#5773,#5774,#5775,#5776,#5777,#5778,#5779,#5780));
#805=EDGE_LOOP('',(#5781,#5782,#5783,#5784,#5785,#5786,#5787,#5788));
#806=EDGE_LOOP('',(#5789,#5790,#5791,#5792,#5793,#5794,#5795,#5796));
#807=EDGE_LOOP('',(#5797,#5798,#5799,#5800,#5801,#5802,#5803,#5804));
#808=EDGE_LOOP('',(#5805,#5806,#5807,#5808,#5809,#5810,#5811,#5812));
#809=EDGE_LOOP('',(#5813,#5814,#5815,#5816,#5817,#5818,#5819,#5820));
#810=EDGE_LOOP('',(#5821));
#811=EDGE_LOOP('',(#5822,#5823,#5824,#5825,#5826,#5827,#5828,#5829));
#812=EDGE_LOOP('',(#5830,#5831,#5832,#5833,#5834,#5835,#5836,#5837));
#813=EDGE_LOOP('',(#5838,#5839,#5840,#5841,#5842,#5843,#5844,#5845));
#814=EDGE_LOOP('',(#5846,#5847,#5848,#5849,#5850,#5851,#5852,#5853));
#815=EDGE_LOOP('',(#5854));
#816=EDGE_LOOP('',(#5855,#5856,#5857,#5858,#5859,#5860,#5861,#5862));
#817=EDGE_LOOP('',(#5863,#5864,#5865,#5866,#5867,#5868,#5869,#5870,#5871,
#5872));
#818=EDGE_LOOP('',(#5873));
#819=EDGE_LOOP('',(#5874,#5875,#5876,#5877,#5878,#5879,#5880,#5881,#5882,
#5883,#5884));
#820=EDGE_LOOP('',(#5885,#5886,#5887,#5888,#5889,#5890,#5891,#5892));
#821=EDGE_LOOP('',(#5893,#5894,#5895,#5896,#5897,#5898,#5899,#5900));
#822=EDGE_LOOP('',(#5901,#5902,#5903,#5904,#5905,#5906,#5907,#5908));
#823=EDGE_LOOP('',(#5909,#5910,#5911,#5912,#5913,#5914,#5915,#5916));
#824=EDGE_LOOP('',(#5917,#5918,#5919,#5920,#5921,#5922,#5923,#5924));
#825=EDGE_LOOP('',(#5925,#5926,#5927,#5928,#5929,#5930,#5931,#5932));
#826=EDGE_LOOP('',(#5933));
#827=EDGE_LOOP('',(#5934,#5935,#5936,#5937,#5938,#5939,#5940,#5941));
#828=EDGE_LOOP('',(#5942,#5943,#5944,#5945,#5946,#5947,#5948,#5949));
#829=EDGE_LOOP('',(#5950,#5951,#5952,#5953,#5954,#5955,#5956,#5957));
#830=EDGE_LOOP('',(#5958,#5959,#5960,#5961,#5962,#5963,#5964,#5965));
#831=EDGE_LOOP('',(#5966,#5967,#5968,#5969,#5970,#5971,#5972,#5973));
#832=EDGE_LOOP('',(#5974,#5975,#5976,#5977,#5978,#5979,#5980,#5981));
#833=EDGE_LOOP('',(#5982,#5983,#5984,#5985,#5986,#5987,#5988,#5989));
#834=EDGE_LOOP('',(#5990,#5991,#5992,#5993,#5994,#5995,#5996,#5997));
#835=EDGE_LOOP('',(#5998,#5999,#6000,#6001,#6002,#6003,#6004,#6005));
#836=EDGE_LOOP('',(#6006,#6007,#6008,#6009,#6010,#6011,#6012,#6013));
#837=EDGE_LOOP('',(#6014,#6015,#6016,#6017,#6018,#6019,#6020,#6021));
#838=EDGE_LOOP('',(#6022,#6023,#6024,#6025,#6026,#6027,#6028,#6029));
#839=EDGE_LOOP('',(#6030,#6031,#6032,#6033,#6034,#6035,#6036,#6037));
#840=EDGE_LOOP('',(#6038,#6039,#6040,#6041,#6042,#6043,#6044,#6045));
#841=EDGE_LOOP('',(#6046,#6047,#6048,#6049,#6050,#6051,#6052,#6053));
#842=EDGE_LOOP('',(#6054,#6055,#6056,#6057,#6058,#6059,#6060,#6061));
#843=EDGE_LOOP('',(#6062,#6063,#6064,#6065,#6066,#6067,#6068,#6069));
#844=EDGE_LOOP('',(#6070,#6071,#6072,#6073,#6074,#6075,#6076,#6077));
#845=EDGE_LOOP('',(#6078,#6079,#6080,#6081));
#846=EDGE_LOOP('',(#6082,#6083,#6084,#6085,#6086,#6087,#6088,#6089,#6090,
#6091,#6092,#6093,#6094,#6095,#6096,#6097,#6098,#6099,#6100,#6101,#6102,
#6103,#6104,#6105,#6106,#6107,#6108,#6109,#6110,#6111,#6112,#6113,#6114,
#6115,#6116,#6117,#6118,#6119,#6120,#6121,#6122,#6123,#6124,#6125,#6126,
#6127,#6128,#6129,#6130,#6131,#6132,#6133));
#847=EDGE_LOOP('',(#6134,#6135,#6136,#6137,#6138,#6139,#6140,#6141,#6142,
#6143,#6144));
#848=EDGE_LOOP('',(#6145,#6146,#6147,#6148,#6149,#6150,#6151,#6152));
#849=EDGE_LOOP('',(#6153,#6154,#6155,#6156,#6157,#6158,#6159,#6160));
#850=EDGE_LOOP('',(#6161,#6162,#6163,#6164,#6165,#6166,#6167,#6168));
#851=EDGE_LOOP('',(#6169,#6170,#6171,#6172,#6173,#6174,#6175,#6176));
#852=EDGE_LOOP('',(#6177,#6178,#6179,#6180,#6181,#6182,#6183,#6184));
#853=EDGE_LOOP('',(#6185,#6186,#6187,#6188,#6189,#6190,#6191,#6192));
#854=EDGE_LOOP('',(#6193,#6194,#6195,#6196,#6197,#6198,#6199,#6200));
#855=EDGE_LOOP('',(#6201,#6202,#6203,#6204,#6205,#6206,#6207,#6208));
#856=EDGE_LOOP('',(#6209,#6210,#6211,#6212,#6213,#6214,#6215,#6216));
#857=EDGE_LOOP('',(#6217,#6218,#6219,#6220,#6221,#6222,#6223,#6224));
#858=EDGE_LOOP('',(#6225,#6226,#6227,#6228,#6229,#6230,#6231,#6232));
#859=EDGE_LOOP('',(#6233,#6234,#6235,#6236,#6237,#6238,#6239,#6240));
#860=EDGE_LOOP('',(#6241,#6242,#6243,#6244,#6245,#6246,#6247,#6248));
#861=EDGE_LOOP('',(#6249,#6250,#6251,#6252,#6253,#6254,#6255,#6256));
#862=EDGE_LOOP('',(#6257,#6258,#6259,#6260,#6261,#6262,#6263,#6264));
#863=EDGE_LOOP('',(#6265,#6266,#6267,#6268,#6269,#6270,#6271,#6272));
#864=EDGE_LOOP('',(#6273,#6274,#6275,#6276,#6277,#6278,#6279,#6280));
#865=EDGE_LOOP('',(#6281,#6282,#6283,#6284,#6285,#6286,#6287,#6288));
#866=EDGE_LOOP('',(#6289,#6290,#6291,#6292,#6293,#6294,#6295,#6296));
#867=EDGE_LOOP('',(#6297,#6298,#6299,#6300,#6301,#6302,#6303,#6304));
#868=EDGE_LOOP('',(#6305,#6306,#6307,#6308,#6309,#6310,#6311,#6312));
#869=EDGE_LOOP('',(#6313,#6314,#6315,#6316,#6317,#6318,#6319,#6320));
#870=EDGE_LOOP('',(#6321,#6322,#6323,#6324,#6325,#6326,#6327,#6328));
#871=EDGE_LOOP('',(#6329,#6330,#6331,#6332,#6333,#6334,#6335,#6336));
#872=EDGE_LOOP('',(#6337,#6338,#6339,#6340,#6341,#6342,#6343,#6344));
#873=EDGE_LOOP('',(#6345,#6346,#6347,#6348,#6349,#6350,#6351,#6352));
#874=EDGE_LOOP('',(#6353));
#875=EDGE_LOOP('',(#6354,#6355,#6356,#6357,#6358,#6359,#6360,#6361));
#876=EDGE_LOOP('',(#6362,#6363,#6364,#6365,#6366,#6367,#6368,#6369));
#877=EDGE_LOOP('',(#6370,#6371,#6372,#6373,#6374,#6375,#6376,#6377));
#878=EDGE_LOOP('',(#6378,#6379,#6380,#6381,#6382,#6383,#6384,#6385));
#879=EDGE_LOOP('',(#6386,#6387,#6388,#6389,#6390,#6391,#6392,#6393));
#880=EDGE_LOOP('',(#6394,#6395,#6396,#6397,#6398,#6399,#6400,#6401));
#881=EDGE_LOOP('',(#6402));
#882=EDGE_LOOP('',(#6403,#6404,#6405,#6406,#6407,#6408,#6409,#6410,#6411,
#6412));
#883=EDGE_LOOP('',(#6413,#6414,#6415,#6416,#6417,#6418,#6419,#6420));
#884=EDGE_LOOP('',(#6421));
#885=EDGE_LOOP('',(#6422,#6423,#6424,#6425,#6426,#6427,#6428,#6429));
#886=EDGE_LOOP('',(#6430,#6431,#6432,#6433,#6434,#6435,#6436,#6437));
#887=EDGE_LOOP('',(#6438,#6439,#6440,#6441,#6442,#6443,#6444,#6445));
#888=EDGE_LOOP('',(#6446,#6447,#6448,#6449,#6450,#6451,#6452,#6453));
#889=EDGE_LOOP('',(#6454));
#890=EDGE_LOOP('',(#6455,#6456,#6457,#6458,#6459,#6460,#6461,#6462));
#891=EDGE_LOOP('',(#6463,#6464,#6465,#6466));
#892=EDGE_LOOP('',(#6467,#6468,#6469,#6470));
#893=EDGE_LOOP('',(#6471,#6472,#6473,#6474));
#894=EDGE_LOOP('',(#6475,#6476,#6477,#6478));
#895=EDGE_LOOP('',(#6479,#6480,#6481,#6482));
#896=EDGE_LOOP('',(#6483,#6484,#6485,#6486));
#897=EDGE_LOOP('',(#6487,#6488,#6489,#6490));
#898=EDGE_LOOP('',(#6491,#6492,#6493,#6494));
#899=EDGE_LOOP('',(#6495,#6496,#6497,#6498));
#900=EDGE_LOOP('',(#6499,#6500,#6501,#6502));
#901=EDGE_LOOP('',(#6503,#6504,#6505,#6506));
#902=EDGE_LOOP('',(#6507,#6508,#6509,#6510));
#903=EDGE_LOOP('',(#6511,#6512,#6513,#6514));
#904=EDGE_LOOP('',(#6515,#6516,#6517,#6518));
#905=EDGE_LOOP('',(#6519,#6520,#6521,#6522));
#906=EDGE_LOOP('',(#6523,#6524,#6525,#6526));
#907=EDGE_LOOP('',(#6527,#6528,#6529,#6530));
#908=EDGE_LOOP('',(#6531,#6532,#6533,#6534));
#909=EDGE_LOOP('',(#6535,#6536,#6537,#6538));
#910=EDGE_LOOP('',(#6539,#6540,#6541,#6542));
#911=EDGE_LOOP('',(#6543,#6544,#6545,#6546));
#912=EDGE_LOOP('',(#6547,#6548,#6549,#6550));
#913=EDGE_LOOP('',(#6551,#6552,#6553,#6554));
#914=EDGE_LOOP('',(#6555,#6556,#6557,#6558));
#915=EDGE_LOOP('',(#6559,#6560,#6561,#6562));
#916=EDGE_LOOP('',(#6563,#6564,#6565,#6566));
#917=EDGE_LOOP('',(#6567,#6568,#6569,#6570));
#918=EDGE_LOOP('',(#6571,#6572,#6573,#6574));
#919=EDGE_LOOP('',(#6575,#6576,#6577,#6578));
#920=EDGE_LOOP('',(#6579,#6580,#6581,#6582));
#921=EDGE_LOOP('',(#6583,#6584,#6585,#6586));
#922=EDGE_LOOP('',(#6587,#6588,#6589,#6590));
#923=EDGE_LOOP('',(#6591,#6592,#6593,#6594));
#924=EDGE_LOOP('',(#6595,#6596,#6597,#6598));
#925=EDGE_LOOP('',(#6599,#6600,#6601,#6602));
#926=EDGE_LOOP('',(#6603,#6604,#6605,#6606));
#927=EDGE_LOOP('',(#6607,#6608,#6609,#6610));
#928=EDGE_LOOP('',(#6611,#6612,#6613,#6614));
#929=EDGE_LOOP('',(#6615,#6616,#6617,#6618));
#930=EDGE_LOOP('',(#6619,#6620,#6621,#6622));
#931=EDGE_LOOP('',(#6623,#6624,#6625,#6626));
#932=EDGE_LOOP('',(#6627,#6628,#6629,#6630));
#933=EDGE_LOOP('',(#6631,#6632,#6633,#6634));
#934=EDGE_LOOP('',(#6635,#6636,#6637,#6638));
#935=EDGE_LOOP('',(#6639,#6640,#6641,#6642));
#936=EDGE_LOOP('',(#6643,#6644,#6645,#6646));
#937=EDGE_LOOP('',(#6647,#6648,#6649,#6650));
#938=EDGE_LOOP('',(#6651,#6652,#6653,#6654));
#939=EDGE_LOOP('',(#6655,#6656,#6657,#6658));
#940=EDGE_LOOP('',(#6659,#6660,#6661,#6662));
#941=EDGE_LOOP('',(#6663,#6664,#6665,#6666));
#942=EDGE_LOOP('',(#6667,#6668,#6669,#6670));
#943=EDGE_LOOP('',(#6671,#6672,#6673,#6674));
#944=EDGE_LOOP('',(#6675,#6676,#6677,#6678));
#945=EDGE_LOOP('',(#6679,#6680,#6681,#6682));
#946=EDGE_LOOP('',(#6683,#6684,#6685,#6686));
#947=EDGE_LOOP('',(#6687,#6688,#6689,#6690));
#948=EDGE_LOOP('',(#6691,#6692,#6693,#6694));
#949=EDGE_LOOP('',(#6695,#6696,#6697,#6698));
#950=EDGE_LOOP('',(#6699,#6700,#6701,#6702));
#951=EDGE_LOOP('',(#6703,#6704,#6705,#6706));
#952=EDGE_LOOP('',(#6707,#6708,#6709,#6710));
#953=EDGE_LOOP('',(#6711,#6712,#6713,#6714));
#954=EDGE_LOOP('',(#6715,#6716,#6717,#6718));
#955=EDGE_LOOP('',(#6719,#6720,#6721,#6722));
#956=EDGE_LOOP('',(#6723,#6724,#6725,#6726));
#957=EDGE_LOOP('',(#6727,#6728,#6729,#6730));
#958=EDGE_LOOP('',(#6731,#6732,#6733,#6734));
#959=EDGE_LOOP('',(#6735,#6736,#6737,#6738));
#960=EDGE_LOOP('',(#6739,#6740,#6741,#6742));
#961=EDGE_LOOP('',(#6743,#6744,#6745,#6746));
#962=EDGE_LOOP('',(#6747,#6748,#6749,#6750));
#963=EDGE_LOOP('',(#6751,#6752,#6753,#6754));
#964=EDGE_LOOP('',(#6755,#6756,#6757,#6758));
#965=EDGE_LOOP('',(#6759,#6760,#6761,#6762));
#966=EDGE_LOOP('',(#6763,#6764,#6765,#6766));
#967=EDGE_LOOP('',(#6767,#6768,#6769,#6770));
#968=EDGE_LOOP('',(#6771,#6772,#6773,#6774));
#969=EDGE_LOOP('',(#6775,#6776,#6777,#6778));
#970=EDGE_LOOP('',(#6779,#6780,#6781,#6782));
#971=EDGE_LOOP('',(#6783,#6784,#6785,#6786));
#972=EDGE_LOOP('',(#6787,#6788,#6789,#6790));
#973=EDGE_LOOP('',(#6791,#6792,#6793,#6794));
#974=EDGE_LOOP('',(#6795,#6796,#6797,#6798));
#975=EDGE_LOOP('',(#6799,#6800,#6801,#6802));
#976=EDGE_LOOP('',(#6803,#6804,#6805,#6806));
#977=EDGE_LOOP('',(#6807,#6808,#6809,#6810));
#978=EDGE_LOOP('',(#6811,#6812,#6813,#6814));
#979=EDGE_LOOP('',(#6815,#6816,#6817,#6818));
#980=EDGE_LOOP('',(#6819,#6820,#6821,#6822));
#981=EDGE_LOOP('',(#6823,#6824,#6825,#6826));
#982=EDGE_LOOP('',(#6827,#6828,#6829,#6830));
#983=EDGE_LOOP('',(#6831,#6832,#6833,#6834));
#984=EDGE_LOOP('',(#6835,#6836,#6837,#6838));
#985=EDGE_LOOP('',(#6839,#6840,#6841,#6842));
#986=EDGE_LOOP('',(#6843,#6844,#6845,#6846));
#987=EDGE_LOOP('',(#6847,#6848,#6849,#6850));
#988=EDGE_LOOP('',(#6851,#6852,#6853,#6854));
#989=EDGE_LOOP('',(#6855,#6856,#6857,#6858));
#990=EDGE_LOOP('',(#6859,#6860,#6861,#6862));
#991=EDGE_LOOP('',(#6863,#6864,#6865,#6866));
#992=EDGE_LOOP('',(#6867,#6868,#6869,#6870));
#993=EDGE_LOOP('',(#6871,#6872,#6873,#6874));
#994=EDGE_LOOP('',(#6875,#6876,#6877,#6878));
#995=EDGE_LOOP('',(#6879,#6880,#6881,#6882));
#996=EDGE_LOOP('',(#6883,#6884,#6885,#6886));
#997=EDGE_LOOP('',(#6887,#6888,#6889,#6890));
#998=EDGE_LOOP('',(#6891,#6892,#6893,#6894));
#999=EDGE_LOOP('',(#6895,#6896,#6897,#6898));
#1000=EDGE_LOOP('',(#6899,#6900,#6901,#6902));
#1001=EDGE_LOOP('',(#6903,#6904,#6905,#6906));
#1002=EDGE_LOOP('',(#6907,#6908,#6909,#6910));
#1003=EDGE_LOOP('',(#6911,#6912,#6913,#6914));
#1004=EDGE_LOOP('',(#6915,#6916,#6917,#6918));
#1005=EDGE_LOOP('',(#6919,#6920,#6921,#6922));
#1006=EDGE_LOOP('',(#6923,#6924,#6925,#6926));
#1007=EDGE_LOOP('',(#6927,#6928,#6929,#6930));
#1008=EDGE_LOOP('',(#6931,#6932,#6933,#6934));
#1009=EDGE_LOOP('',(#6935,#6936,#6937,#6938));
#1010=EDGE_LOOP('',(#6939,#6940,#6941,#6942));
#1011=EDGE_LOOP('',(#6943,#6944,#6945,#6946));
#1012=EDGE_LOOP('',(#6947,#6948,#6949,#6950));
#1013=EDGE_LOOP('',(#6951,#6952,#6953,#6954));
#1014=EDGE_LOOP('',(#6955,#6956,#6957,#6958));
#1015=EDGE_LOOP('',(#6959,#6960,#6961,#6962));
#1016=EDGE_LOOP('',(#6963,#6964,#6965,#6966));
#1017=EDGE_LOOP('',(#6967,#6968,#6969,#6970));
#1018=EDGE_LOOP('',(#6971,#6972,#6973,#6974));
#1019=EDGE_LOOP('',(#6975,#6976,#6977,#6978));
#1020=EDGE_LOOP('',(#6979,#6980,#6981,#6982));
#1021=EDGE_LOOP('',(#6983,#6984,#6985,#6986));
#1022=EDGE_LOOP('',(#6987,#6988,#6989,#6990));
#1023=EDGE_LOOP('',(#6991,#6992,#6993,#6994));
#1024=EDGE_LOOP('',(#6995,#6996,#6997,#6998));
#1025=EDGE_LOOP('',(#6999,#7000,#7001,#7002));
#1026=EDGE_LOOP('',(#7003,#7004,#7005,#7006));
#1027=EDGE_LOOP('',(#7007,#7008,#7009,#7010));
#1028=EDGE_LOOP('',(#7011,#7012,#7013,#7014));
#1029=EDGE_LOOP('',(#7015,#7016,#7017,#7018));
#1030=EDGE_LOOP('',(#7019,#7020,#7021,#7022));
#1031=EDGE_LOOP('',(#7023,#7024,#7025,#7026));
#1032=EDGE_LOOP('',(#7027,#7028,#7029,#7030));
#1033=EDGE_LOOP('',(#7031,#7032,#7033,#7034));
#1034=EDGE_LOOP('',(#7035,#7036,#7037,#7038));
#1035=EDGE_LOOP('',(#7039,#7040,#7041,#7042));
#1036=EDGE_LOOP('',(#7043,#7044,#7045,#7046));
#1037=EDGE_LOOP('',(#7047,#7048,#7049,#7050));
#1038=EDGE_LOOP('',(#7051,#7052,#7053,#7054));
#1039=EDGE_LOOP('',(#7055,#7056,#7057,#7058));
#1040=EDGE_LOOP('',(#7059,#7060,#7061,#7062));
#1041=EDGE_LOOP('',(#7063,#7064,#7065,#7066));
#1042=EDGE_LOOP('',(#7067,#7068,#7069,#7070));
#1043=EDGE_LOOP('',(#7071,#7072,#7073,#7074));
#1044=EDGE_LOOP('',(#7075,#7076,#7077,#7078));
#1045=EDGE_LOOP('',(#7079,#7080,#7081,#7082));
#1046=EDGE_LOOP('',(#7083,#7084,#7085,#7086));
#1047=EDGE_LOOP('',(#7087,#7088,#7089,#7090));
#1048=EDGE_LOOP('',(#7091,#7092,#7093,#7094));
#1049=EDGE_LOOP('',(#7095,#7096,#7097,#7098));
#1050=EDGE_LOOP('',(#7099,#7100,#7101,#7102));
#1051=EDGE_LOOP('',(#7103,#7104,#7105,#7106));
#1052=EDGE_LOOP('',(#7107,#7108,#7109,#7110));
#1053=EDGE_LOOP('',(#7111,#7112,#7113,#7114));
#1054=EDGE_LOOP('',(#7115,#7116,#7117,#7118));
#1055=EDGE_LOOP('',(#7119,#7120,#7121,#7122));
#1056=EDGE_LOOP('',(#7123,#7124,#7125,#7126));
#1057=EDGE_LOOP('',(#7127,#7128,#7129,#7130));
#1058=EDGE_LOOP('',(#7131,#7132,#7133,#7134));
#1059=EDGE_LOOP('',(#7135,#7136,#7137,#7138));
#1060=EDGE_LOOP('',(#7139,#7140,#7141,#7142));
#1061=EDGE_LOOP('',(#7143,#7144,#7145,#7146));
#1062=EDGE_LOOP('',(#7147,#7148,#7149,#7150));
#1063=EDGE_LOOP('',(#7151,#7152,#7153,#7154));
#1064=EDGE_LOOP('',(#7155,#7156,#7157,#7158));
#1065=EDGE_LOOP('',(#7159,#7160,#7161,#7162));
#1066=EDGE_LOOP('',(#7163,#7164,#7165,#7166));
#1067=EDGE_LOOP('',(#7167,#7168,#7169,#7170));
#1068=EDGE_LOOP('',(#7171,#7172,#7173,#7174));
#1069=EDGE_LOOP('',(#7175,#7176,#7177,#7178));
#1070=EDGE_LOOP('',(#7179,#7180,#7181,#7182));
#1071=EDGE_LOOP('',(#7183,#7184,#7185,#7186));
#1072=EDGE_LOOP('',(#7187,#7188,#7189,#7190));
#1073=EDGE_LOOP('',(#7191,#7192,#7193,#7194));
#1074=EDGE_LOOP('',(#7195,#7196,#7197,#7198));
#1075=EDGE_LOOP('',(#7199,#7200,#7201,#7202));
#1076=EDGE_LOOP('',(#7203,#7204,#7205,#7206));
#1077=EDGE_LOOP('',(#7207,#7208,#7209,#7210));
#1078=EDGE_LOOP('',(#7211,#7212,#7213,#7214));
#1079=EDGE_LOOP('',(#7215,#7216,#7217,#7218));
#1080=EDGE_LOOP('',(#7219,#7220,#7221,#7222));
#1081=EDGE_LOOP('',(#7223,#7224,#7225,#7226));
#1082=EDGE_LOOP('',(#7227,#7228,#7229,#7230));
#1083=EDGE_LOOP('',(#7231,#7232,#7233,#7234));
#1084=EDGE_LOOP('',(#7235,#7236,#7237,#7238));
#1085=EDGE_LOOP('',(#7239,#7240,#7241,#7242));
#1086=EDGE_LOOP('',(#7243,#7244,#7245,#7246));
#1087=EDGE_LOOP('',(#7247,#7248,#7249,#7250));
#1088=EDGE_LOOP('',(#7251,#7252,#7253,#7254));
#1089=EDGE_LOOP('',(#7255,#7256,#7257,#7258));
#1090=EDGE_LOOP('',(#7259,#7260,#7261,#7262));
#1091=EDGE_LOOP('',(#7263,#7264,#7265,#7266));
#1092=EDGE_LOOP('',(#7267,#7268,#7269,#7270));
#1093=EDGE_LOOP('',(#7271,#7272,#7273,#7274));
#1094=EDGE_LOOP('',(#7275,#7276,#7277,#7278));
#1095=EDGE_LOOP('',(#7279,#7280,#7281,#7282));
#1096=EDGE_LOOP('',(#7283,#7284,#7285,#7286));
#1097=EDGE_LOOP('',(#7287,#7288,#7289,#7290));
#1098=EDGE_LOOP('',(#7291,#7292,#7293,#7294));
#1099=EDGE_LOOP('',(#7295,#7296,#7297,#7298));
#1100=EDGE_LOOP('',(#7299,#7300,#7301,#7302));
#1101=EDGE_LOOP('',(#7303,#7304,#7305,#7306));
#1102=EDGE_LOOP('',(#7307,#7308,#7309,#7310));
#1103=EDGE_LOOP('',(#7311,#7312,#7313,#7314));
#1104=EDGE_LOOP('',(#7315,#7316,#7317,#7318));
#1105=EDGE_LOOP('',(#7319,#7320,#7321,#7322));
#1106=EDGE_LOOP('',(#7323,#7324,#7325,#7326));
#1107=EDGE_LOOP('',(#7327,#7328,#7329,#7330));
#1108=EDGE_LOOP('',(#7331,#7332,#7333,#7334));
#1109=EDGE_LOOP('',(#7335,#7336,#7337,#7338));
#1110=EDGE_LOOP('',(#7339,#7340,#7341,#7342));
#1111=EDGE_LOOP('',(#7343,#7344,#7345,#7346));
#1112=EDGE_LOOP('',(#7347,#7348,#7349,#7350));
#1113=EDGE_LOOP('',(#7351,#7352,#7353,#7354));
#1114=EDGE_LOOP('',(#7355,#7356,#7357,#7358));
#1115=EDGE_LOOP('',(#7359,#7360,#7361,#7362));
#1116=EDGE_LOOP('',(#7363,#7364,#7365,#7366));
#1117=EDGE_LOOP('',(#7367,#7368,#7369,#7370));
#1118=EDGE_LOOP('',(#7371,#7372,#7373,#7374));
#1119=EDGE_LOOP('',(#7375,#7376,#7377,#7378));
#1120=EDGE_LOOP('',(#7379,#7380,#7381,#7382));
#1121=EDGE_LOOP('',(#7383,#7384,#7385,#7386));
#1122=EDGE_LOOP('',(#7387,#7388,#7389,#7390));
#1123=EDGE_LOOP('',(#7391,#7392,#7393,#7394));
#1124=EDGE_LOOP('',(#7395,#7396,#7397,#7398));
#1125=EDGE_LOOP('',(#7399,#7400,#7401,#7402));
#1126=EDGE_LOOP('',(#7403,#7404,#7405,#7406));
#1127=EDGE_LOOP('',(#7407,#7408,#7409,#7410));
#1128=EDGE_LOOP('',(#7411,#7412,#7413,#7414));
#1129=EDGE_LOOP('',(#7415,#7416,#7417,#7418));
#1130=EDGE_LOOP('',(#7419,#7420,#7421,#7422));
#1131=EDGE_LOOP('',(#7423,#7424,#7425,#7426));
#1132=EDGE_LOOP('',(#7427,#7428,#7429,#7430));
#1133=EDGE_LOOP('',(#7431,#7432,#7433,#7434));
#1134=EDGE_LOOP('',(#7435,#7436,#7437,#7438));
#1135=EDGE_LOOP('',(#7439,#7440,#7441,#7442));
#1136=EDGE_LOOP('',(#7443,#7444,#7445,#7446));
#1137=EDGE_LOOP('',(#7447,#7448,#7449,#7450));
#1138=EDGE_LOOP('',(#7451,#7452,#7453,#7454));
#1139=EDGE_LOOP('',(#7455,#7456,#7457,#7458));
#1140=EDGE_LOOP('',(#7459,#7460,#7461,#7462));
#1141=EDGE_LOOP('',(#7463,#7464,#7465,#7466));
#1142=EDGE_LOOP('',(#7467,#7468,#7469,#7470));
#1143=EDGE_LOOP('',(#7471,#7472,#7473,#7474));
#1144=EDGE_LOOP('',(#7475,#7476,#7477,#7478));
#1145=EDGE_LOOP('',(#7479,#7480,#7481,#7482));
#1146=EDGE_LOOP('',(#7483,#7484,#7485,#7486));
#1147=EDGE_LOOP('',(#7487,#7488,#7489,#7490));
#1148=EDGE_LOOP('',(#7491,#7492,#7493,#7494));
#1149=EDGE_LOOP('',(#7495,#7496,#7497,#7498));
#1150=EDGE_LOOP('',(#7499,#7500,#7501,#7502));
#1151=EDGE_LOOP('',(#7503,#7504,#7505,#7506));
#1152=EDGE_LOOP('',(#7507,#7508,#7509,#7510));
#1153=EDGE_LOOP('',(#7511,#7512,#7513,#7514));
#1154=EDGE_LOOP('',(#7515,#7516,#7517,#7518));
#1155=EDGE_LOOP('',(#7519,#7520,#7521,#7522));
#1156=EDGE_LOOP('',(#7523,#7524,#7525,#7526));
#1157=EDGE_LOOP('',(#7527,#7528,#7529,#7530));
#1158=EDGE_LOOP('',(#7531,#7532,#7533,#7534));
#1159=EDGE_LOOP('',(#7535,#7536,#7537,#7538));
#1160=EDGE_LOOP('',(#7539,#7540,#7541,#7542));
#1161=EDGE_LOOP('',(#7543,#7544,#7545,#7546));
#1162=EDGE_LOOP('',(#7547,#7548,#7549,#7550));
#1163=EDGE_LOOP('',(#7551,#7552,#7553,#7554));
#1164=EDGE_LOOP('',(#7555,#7556,#7557,#7558));
#1165=EDGE_LOOP('',(#7559,#7560,#7561,#7562));
#1166=EDGE_LOOP('',(#7563,#7564,#7565,#7566));
#1167=EDGE_LOOP('',(#7567,#7568,#7569,#7570));
#1168=EDGE_LOOP('',(#7571,#7572,#7573,#7574));
#1169=EDGE_LOOP('',(#7575,#7576,#7577,#7578));
#1170=EDGE_LOOP('',(#7579,#7580,#7581,#7582));
#1171=EDGE_LOOP('',(#7583,#7584,#7585,#7586));
#1172=EDGE_LOOP('',(#7587,#7588,#7589,#7590));
#1173=EDGE_LOOP('',(#7591,#7592,#7593,#7594));
#1174=EDGE_LOOP('',(#7595,#7596,#7597,#7598));
#1175=EDGE_LOOP('',(#7599,#7600,#7601,#7602));
#1176=EDGE_LOOP('',(#7603,#7604,#7605,#7606));
#1177=EDGE_LOOP('',(#7607,#7608,#7609,#7610));
#1178=EDGE_LOOP('',(#7611,#7612,#7613,#7614));
#1179=EDGE_LOOP('',(#7615,#7616,#7617,#7618));
#1180=EDGE_LOOP('',(#7619,#7620,#7621,#7622));
#1181=EDGE_LOOP('',(#7623,#7624,#7625,#7626));
#1182=EDGE_LOOP('',(#7627,#7628,#7629,#7630));
#1183=EDGE_LOOP('',(#7631,#7632,#7633,#7634));
#1184=EDGE_LOOP('',(#7635,#7636,#7637,#7638));
#1185=EDGE_LOOP('',(#7639,#7640,#7641,#7642));
#1186=EDGE_LOOP('',(#7643,#7644,#7645,#7646));
#1187=EDGE_LOOP('',(#7647,#7648,#7649,#7650));
#1188=EDGE_LOOP('',(#7651,#7652,#7653,#7654));
#1189=EDGE_LOOP('',(#7655,#7656,#7657,#7658));
#1190=EDGE_LOOP('',(#7659,#7660,#7661,#7662));
#1191=EDGE_LOOP('',(#7663,#7664,#7665,#7666));
#1192=EDGE_LOOP('',(#7667,#7668,#7669,#7670));
#1193=EDGE_LOOP('',(#7671,#7672,#7673,#7674));
#1194=EDGE_LOOP('',(#7675,#7676,#7677,#7678));
#1195=EDGE_LOOP('',(#7679,#7680,#7681,#7682));
#1196=EDGE_LOOP('',(#7683,#7684,#7685,#7686));
#1197=EDGE_LOOP('',(#7687,#7688,#7689,#7690));
#1198=EDGE_LOOP('',(#7691,#7692,#7693,#7694));
#1199=EDGE_LOOP('',(#7695,#7696,#7697,#7698));
#1200=EDGE_LOOP('',(#7699,#7700,#7701,#7702));
#1201=EDGE_LOOP('',(#7703,#7704,#7705,#7706));
#1202=EDGE_LOOP('',(#7707,#7708,#7709,#7710));
#1203=EDGE_LOOP('',(#7711,#7712,#7713,#7714));
#1204=EDGE_LOOP('',(#7715,#7716,#7717,#7718));
#1205=EDGE_LOOP('',(#7719,#7720,#7721,#7722));
#1206=EDGE_LOOP('',(#7723,#7724,#7725,#7726));
#1207=EDGE_LOOP('',(#7727,#7728,#7729,#7730));
#1208=EDGE_LOOP('',(#7731,#7732,#7733,#7734));
#1209=EDGE_LOOP('',(#7735,#7736,#7737,#7738));
#1210=EDGE_LOOP('',(#7739,#7740,#7741,#7742));
#1211=EDGE_LOOP('',(#7743,#7744,#7745,#7746));
#1212=EDGE_LOOP('',(#7747,#7748,#7749,#7750));
#1213=EDGE_LOOP('',(#7751,#7752,#7753,#7754));
#1214=EDGE_LOOP('',(#7755,#7756,#7757,#7758));
#1215=EDGE_LOOP('',(#7759,#7760,#7761,#7762));
#1216=EDGE_LOOP('',(#7763,#7764,#7765,#7766));
#1217=EDGE_LOOP('',(#7767,#7768,#7769,#7770));
#1218=EDGE_LOOP('',(#7771,#7772,#7773,#7774));
#1219=EDGE_LOOP('',(#7775,#7776,#7777,#7778));
#1220=EDGE_LOOP('',(#7779,#7780,#7781,#7782));
#1221=EDGE_LOOP('',(#7783,#7784,#7785,#7786));
#1222=EDGE_LOOP('',(#7787,#7788,#7789,#7790));
#1223=EDGE_LOOP('',(#7791,#7792,#7793,#7794));
#1224=EDGE_LOOP('',(#7795,#7796,#7797,#7798));
#1225=EDGE_LOOP('',(#7799,#7800,#7801,#7802));
#1226=EDGE_LOOP('',(#7803,#7804,#7805,#7806));
#1227=EDGE_LOOP('',(#7807,#7808,#7809,#7810));
#1228=EDGE_LOOP('',(#7811,#7812,#7813,#7814));
#1229=EDGE_LOOP('',(#7815,#7816,#7817,#7818));
#1230=EDGE_LOOP('',(#7819,#7820,#7821,#7822));
#1231=EDGE_LOOP('',(#7823,#7824,#7825,#7826));
#1232=EDGE_LOOP('',(#7827,#7828,#7829,#7830));
#1233=EDGE_LOOP('',(#7831,#7832,#7833,#7834));
#1234=EDGE_LOOP('',(#7835,#7836,#7837,#7838));
#1235=EDGE_LOOP('',(#7839,#7840,#7841,#7842));
#1236=EDGE_LOOP('',(#7843,#7844,#7845,#7846));
#1237=EDGE_LOOP('',(#7847,#7848,#7849,#7850));
#1238=EDGE_LOOP('',(#7851,#7852,#7853,#7854));
#1239=EDGE_LOOP('',(#7855,#7856,#7857,#7858));
#1240=EDGE_LOOP('',(#7859,#7860,#7861,#7862));
#1241=EDGE_LOOP('',(#7863,#7864,#7865,#7866));
#1242=EDGE_LOOP('',(#7867,#7868,#7869));
#1243=EDGE_LOOP('',(#7870,#7871,#7872,#7873));
#1244=EDGE_LOOP('',(#7874,#7875,#7876,#7877,#7878,#7879,#7880,#7881));
#1245=EDGE_LOOP('',(#7882,#7883,#7884,#7885,#7886,#7887,#7888,#7889));
#1246=EDGE_LOOP('',(#7890,#7891,#7892));
#1247=EDGE_LOOP('',(#7893,#7894,#7895,#7896));
#1248=EDGE_LOOP('',(#7897,#7898,#7899,#7900));
#1249=EDGE_LOOP('',(#7901,#7902,#7903,#7904,#7905,#7906,#7907,#7908));
#1250=EDGE_LOOP('',(#7909,#7910,#7911,#7912,#7913,#7914,#7915,#7916));
#1251=EDGE_LOOP('',(#7917,#7918,#7919,#7920));
#1252=EDGE_LOOP('',(#7921,#7922,#7923,#7924));
#1253=EDGE_LOOP('',(#7925,#7926,#7927,#7928));
#1254=EDGE_LOOP('',(#7929,#7930,#7931,#7932));
#1255=EDGE_LOOP('',(#7933,#7934,#7935,#7936));
#1256=EDGE_LOOP('',(#7937,#7938,#7939,#7940));
#1257=EDGE_LOOP('',(#7941,#7942,#7943,#7944,#7945,#7946));
#1258=EDGE_LOOP('',(#7947,#7948,#7949,#7950));
#1259=EDGE_LOOP('',(#7951,#7952,#7953,#7954,#7955,#7956));
#1260=EDGE_LOOP('',(#7957,#7958,#7959,#7960));
#1261=EDGE_LOOP('',(#7961,#7962,#7963,#7964));
#1262=EDGE_LOOP('',(#7965,#7966,#7967,#7968));
#1263=EDGE_LOOP('',(#7969,#7970,#7971,#7972,#7973,#7974,#7975,#7976,#7977,
#7978));
#1264=EDGE_LOOP('',(#7979,#7980,#7981,#7982));
#1265=EDGE_LOOP('',(#7983,#7984,#7985,#7986));
#1266=EDGE_LOOP('',(#7987,#7988,#7989,#7990));
#1267=EDGE_LOOP('',(#7991,#7992,#7993,#7994));
#1268=EDGE_LOOP('',(#7995,#7996,#7997,#7998));
#1269=EDGE_LOOP('',(#7999,#8000,#8001,#8002));
#1270=EDGE_LOOP('',(#8003,#8004,#8005,#8006));
#1271=EDGE_LOOP('',(#8007,#8008,#8009,#8010));
#1272=EDGE_LOOP('',(#8011,#8012,#8013,#8014,#8015,#8016,#8017,#8018,#8019,
#8020,#8021,#8022));
#1273=EDGE_LOOP('',(#8023,#8024,#8025,#8026));
#1274=EDGE_LOOP('',(#8027,#8028,#8029,#8030));
#1275=EDGE_LOOP('',(#8031,#8032,#8033,#8034));
#1276=EDGE_LOOP('',(#8035,#8036,#8037,#8038,#8039,#8040,#8041,#8042));
#1277=EDGE_LOOP('',(#8043,#8044,#8045,#8046));
#1278=EDGE_LOOP('',(#8047,#8048,#8049,#8050));
#1279=EDGE_LOOP('',(#8051,#8052,#8053,#8054));
#1280=EDGE_LOOP('',(#8055,#8056,#8057,#8058));
#1281=EDGE_LOOP('',(#8059,#8060,#8061,#8062,#8063,#8064,#8065,#8066));
#1282=EDGE_LOOP('',(#8067,#8068,#8069,#8070,#8071,#8072,#8073,#8074,#8075,
#8076,#8077,#8078,#8079,#8080,#8081,#8082));
#1283=EDGE_LOOP('',(#8083,#8084,#8085,#8086));
#1284=EDGE_LOOP('',(#8087,#8088,#8089,#8090));
#1285=EDGE_LOOP('',(#8091,#8092,#8093,#8094));
#1286=EDGE_LOOP('',(#8095,#8096,#8097,#8098));
#1287=EDGE_LOOP('',(#8099,#8100,#8101,#8102));
#1288=EDGE_LOOP('',(#8103,#8104,#8105,#8106));
#1289=EDGE_LOOP('',(#8107,#8108,#8109,#8110));
#1290=EDGE_LOOP('',(#8111,#8112,#8113,#8114));
#1291=EDGE_LOOP('',(#8115,#8116,#8117,#8118,#8119,#8120,#8121,#8122));
#1292=EDGE_LOOP('',(#8123,#8124,#8125,#8126));
#1293=EDGE_LOOP('',(#8127,#8128,#8129,#8130,#8131,#8132,#8133,#8134));
#1294=EDGE_LOOP('',(#8135,#8136,#8137,#8138,#8139,#8140,#8141,#8142));
#1295=EDGE_LOOP('',(#8143,#8144,#8145,#8146));
#1296=EDGE_LOOP('',(#8147,#8148,#8149,#8150));
#1297=EDGE_LOOP('',(#8151,#8152,#8153,#8154));
#1298=EDGE_LOOP('',(#8155,#8156,#8157,#8158));
#1299=EDGE_LOOP('',(#8159,#8160,#8161,#8162));
#1300=EDGE_LOOP('',(#8163,#8164,#8165,#8166));
#1301=EDGE_LOOP('',(#8167,#8168,#8169,#8170));
#1302=EDGE_LOOP('',(#8171,#8172,#8173,#8174,#8175,#8176,#8177,#8178));
#1303=EDGE_LOOP('',(#8179,#8180,#8181,#8182));
#1304=EDGE_LOOP('',(#8183,#8184,#8185,#8186,#8187));
#1305=EDGE_LOOP('',(#8188,#8189,#8190,#8191));
#1306=EDGE_LOOP('',(#8192,#8193,#8194,#8195,#8196));
#1307=EDGE_LOOP('',(#8197,#8198,#8199,#8200));
#1308=EDGE_LOOP('',(#8201,#8202,#8203,#8204,#8205,#8206,#8207,#8208,#8209,
#8210));
#1309=EDGE_LOOP('',(#8211,#8212,#8213,#8214));
#1310=EDGE_LOOP('',(#8215,#8216,#8217,#8218));
#1311=EDGE_LOOP('',(#8219,#8220,#8221,#8222,#8223,#8224));
#1312=EDGE_LOOP('',(#8225,#8226,#8227,#8228));
#1313=EDGE_LOOP('',(#8229,#8230,#8231,#8232));
#1314=EDGE_LOOP('',(#8233,#8234,#8235,#8236));
#1315=EDGE_LOOP('',(#8237,#8238,#8239,#8240));
#1316=EDGE_LOOP('',(#8241,#8242,#8243,#8244));
#1317=EDGE_LOOP('',(#8245,#8246,#8247,#8248));
#1318=EDGE_LOOP('',(#8249,#8250,#8251,#8252));
#1319=EDGE_LOOP('',(#8253,#8254,#8255,#8256,#8257,#8258,#8259,#8260,#8261,
#8262,#8263,#8264));
#1320=EDGE_LOOP('',(#8265,#8266,#8267,#8268));
#1321=EDGE_LOOP('',(#8269,#8270,#8271,#8272));
#1322=EDGE_LOOP('',(#8273,#8274,#8275,#8276));
#1323=EDGE_LOOP('',(#8277,#8278,#8279,#8280));
#1324=EDGE_LOOP('',(#8281,#8282,#8283,#8284));
#1325=EDGE_LOOP('',(#8285,#8286,#8287,#8288,#8289,#8290,#8291,#8292,#8293,
#8294));
#1326=EDGE_LOOP('',(#8295,#8296,#8297,#8298));
#1327=EDGE_LOOP('',(#8299,#8300,#8301,#8302));
#1328=EDGE_LOOP('',(#8303,#8304,#8305,#8306));
#1329=EDGE_LOOP('',(#8307,#8308,#8309,#8310));
#1330=LINE('',#12533,#2181);
#1331=LINE('',#12536,#2182);
#1332=LINE('',#12541,#2183);
#1333=LINE('',#12548,#2184);
#1334=LINE('',#12551,#2185);
#1335=LINE('',#12553,#2186);
#1336=LINE('',#12554,#2187);
#1337=LINE('',#12560,#2188);
#1338=LINE('',#12563,#2189);
#1339=LINE('',#12568,#2190);
#1340=LINE('',#12574,#2191);
#1341=LINE('',#12579,#2192);
#1342=LINE('',#12583,#2193);
#1343=LINE('',#12585,#2194);
#1344=LINE('',#12587,#2195);
#1345=LINE('',#12591,#2196);
#1346=LINE('',#12595,#2197);
#1347=LINE('',#12597,#2198);
#1348=LINE('',#12599,#2199);
#1349=LINE('',#12601,#2200);
#1350=LINE('',#12603,#2201);
#1351=LINE('',#12607,#2202);
#1352=LINE('',#12611,#2203);
#1353=LINE('',#12615,#2204);
#1354=LINE('',#12619,#2205);
#1355=LINE('',#12623,#2206);
#1356=LINE('',#12627,#2207);
#1357=LINE('',#12629,#2208);
#1358=LINE('',#12631,#2209);
#1359=LINE('',#12635,#2210);
#1360=LINE('',#12639,#2211);
#1361=LINE('',#12643,#2212);
#1362=LINE('',#12647,#2213);
#1363=LINE('',#12651,#2214);
#1364=LINE('',#12655,#2215);
#1365=LINE('',#12659,#2216);
#1366=LINE('',#12663,#2217);
#1367=LINE('',#12667,#2218);
#1368=LINE('',#12671,#2219);
#1369=LINE('',#12677,#2220);
#1370=LINE('',#12681,#2221);
#1371=LINE('',#12685,#2222);
#1372=LINE('',#12688,#2223);
#1373=LINE('',#12691,#2224);
#1374=LINE('',#12695,#2225);
#1375=LINE('',#12699,#2226);
#1376=LINE('',#12703,#2227);
#1377=LINE('',#12707,#2228);
#1378=LINE('',#12711,#2229);
#1379=LINE('',#12715,#2230);
#1380=LINE('',#12719,#2231);
#1381=LINE('',#12723,#2232);
#1382=LINE('',#12727,#2233);
#1383=LINE('',#12731,#2234);
#1384=LINE('',#12735,#2235);
#1385=LINE('',#12739,#2236);
#1386=LINE('',#12743,#2237);
#1387=LINE('',#12747,#2238);
#1388=LINE('',#12751,#2239);
#1389=LINE('',#12755,#2240);
#1390=LINE('',#12759,#2241);
#1391=LINE('',#12763,#2242);
#1392=LINE('',#12767,#2243);
#1393=LINE('',#12771,#2244);
#1394=LINE('',#12775,#2245);
#1395=LINE('',#12779,#2246);
#1396=LINE('',#12783,#2247);
#1397=LINE('',#12789,#2248);
#1398=LINE('',#12793,#2249);
#1399=LINE('',#12797,#2250);
#1400=LINE('',#12800,#2251);
#1401=LINE('',#12805,#2252);
#1402=LINE('',#12809,#2253);
#1403=LINE('',#12813,#2254);
#1404=LINE('',#12816,#2255);
#1405=LINE('',#12823,#2256);
#1406=LINE('',#12827,#2257);
#1407=LINE('',#12831,#2258);
#1408=LINE('',#12834,#2259);
#1409=LINE('',#12839,#2260);
#1410=LINE('',#12843,#2261);
#1411=LINE('',#12847,#2262);
#1412=LINE('',#12850,#2263);
#1413=LINE('',#12855,#2264);
#1414=LINE('',#12859,#2265);
#1415=LINE('',#12863,#2266);
#1416=LINE('',#12866,#2267);
#1417=LINE('',#12871,#2268);
#1418=LINE('',#12875,#2269);
#1419=LINE('',#12879,#2270);
#1420=LINE('',#12882,#2271);
#1421=LINE('',#12889,#2272);
#1422=LINE('',#12893,#2273);
#1423=LINE('',#12897,#2274);
#1424=LINE('',#12900,#2275);
#1425=LINE('',#12904,#2276);
#1426=LINE('',#12908,#2277);
#1427=LINE('',#12911,#2278);
#1428=LINE('',#12917,#2279);
#1429=LINE('',#12921,#2280);
#1430=LINE('',#12925,#2281);
#1431=LINE('',#12928,#2282);
#1432=LINE('',#12933,#2283);
#1433=LINE('',#12937,#2284);
#1434=LINE('',#12941,#2285);
#1435=LINE('',#12944,#2286);
#1436=LINE('',#12949,#2287);
#1437=LINE('',#12953,#2288);
#1438=LINE('',#12957,#2289);
#1439=LINE('',#12960,#2290);
#1440=LINE('',#12965,#2291);
#1441=LINE('',#12969,#2292);
#1442=LINE('',#12973,#2293);
#1443=LINE('',#12976,#2294);
#1444=LINE('',#12981,#2295);
#1445=LINE('',#12985,#2296);
#1446=LINE('',#12989,#2297);
#1447=LINE('',#12992,#2298);
#1448=LINE('',#12997,#2299);
#1449=LINE('',#13001,#2300);
#1450=LINE('',#13005,#2301);
#1451=LINE('',#13008,#2302);
#1452=LINE('',#13013,#2303);
#1453=LINE('',#13017,#2304);
#1454=LINE('',#13021,#2305);
#1455=LINE('',#13024,#2306);
#1456=LINE('',#13031,#2307);
#1457=LINE('',#13035,#2308);
#1458=LINE('',#13039,#2309);
#1459=LINE('',#13042,#2310);
#1460=LINE('',#13047,#2311);
#1461=LINE('',#13051,#2312);
#1462=LINE('',#13055,#2313);
#1463=LINE('',#13058,#2314);
#1464=LINE('',#13063,#2315);
#1465=LINE('',#13067,#2316);
#1466=LINE('',#13071,#2317);
#1467=LINE('',#13074,#2318);
#1468=LINE('',#13079,#2319);
#1469=LINE('',#13083,#2320);
#1470=LINE('',#13087,#2321);
#1471=LINE('',#13090,#2322);
#1472=LINE('',#13095,#2323);
#1473=LINE('',#13099,#2324);
#1474=LINE('',#13103,#2325);
#1475=LINE('',#13106,#2326);
#1476=LINE('',#13111,#2327);
#1477=LINE('',#13115,#2328);
#1478=LINE('',#13119,#2329);
#1479=LINE('',#13122,#2330);
#1480=LINE('',#13127,#2331);
#1481=LINE('',#13131,#2332);
#1482=LINE('',#13135,#2333);
#1483=LINE('',#13138,#2334);
#1484=LINE('',#13143,#2335);
#1485=LINE('',#13147,#2336);
#1486=LINE('',#13151,#2337);
#1487=LINE('',#13154,#2338);
#1488=LINE('',#13159,#2339);
#1489=LINE('',#13163,#2340);
#1490=LINE('',#13167,#2341);
#1491=LINE('',#13170,#2342);
#1492=LINE('',#13175,#2343);
#1493=LINE('',#13179,#2344);
#1494=LINE('',#13183,#2345);
#1495=LINE('',#13186,#2346);
#1496=LINE('',#13191,#2347);
#1497=LINE('',#13195,#2348);
#1498=LINE('',#13199,#2349);
#1499=LINE('',#13202,#2350);
#1500=LINE('',#13207,#2351);
#1501=LINE('',#13211,#2352);
#1502=LINE('',#13215,#2353);
#1503=LINE('',#13218,#2354);
#1504=LINE('',#13223,#2355);
#1505=LINE('',#13227,#2356);
#1506=LINE('',#13231,#2357);
#1507=LINE('',#13234,#2358);
#1508=LINE('',#13239,#2359);
#1509=LINE('',#13243,#2360);
#1510=LINE('',#13247,#2361);
#1511=LINE('',#13250,#2362);
#1512=LINE('',#13255,#2363);
#1513=LINE('',#13259,#2364);
#1514=LINE('',#13263,#2365);
#1515=LINE('',#13266,#2366);
#1516=LINE('',#13271,#2367);
#1517=LINE('',#13275,#2368);
#1518=LINE('',#13279,#2369);
#1519=LINE('',#13282,#2370);
#1520=LINE('',#13287,#2371);
#1521=LINE('',#13291,#2372);
#1522=LINE('',#13295,#2373);
#1523=LINE('',#13298,#2374);
#1524=LINE('',#13303,#2375);
#1525=LINE('',#13307,#2376);
#1526=LINE('',#13311,#2377);
#1527=LINE('',#13314,#2378);
#1528=LINE('',#13317,#2379);
#1529=LINE('',#13319,#2380);
#1530=LINE('',#13320,#2381);
#1531=LINE('',#13325,#2382);
#1532=LINE('',#13329,#2383);
#1533=LINE('',#13333,#2384);
#1534=LINE('',#13337,#2385);
#1535=LINE('',#13341,#2386);
#1536=LINE('',#13345,#2387);
#1537=LINE('',#13349,#2388);
#1538=LINE('',#13353,#2389);
#1539=LINE('',#13357,#2390);
#1540=LINE('',#13361,#2391);
#1541=LINE('',#13365,#2392);
#1542=LINE('',#13367,#2393);
#1543=LINE('',#13369,#2394);
#1544=LINE('',#13373,#2395);
#1545=LINE('',#13377,#2396);
#1546=LINE('',#13381,#2397);
#1547=LINE('',#13385,#2398);
#1548=LINE('',#13389,#2399);
#1549=LINE('',#13393,#2400);
#1550=LINE('',#13397,#2401);
#1551=LINE('',#13401,#2402);
#1552=LINE('',#13405,#2403);
#1553=LINE('',#13409,#2404);
#1554=LINE('',#13413,#2405);
#1555=LINE('',#13417,#2406);
#1556=LINE('',#13419,#2407);
#1557=LINE('',#13421,#2408);
#1558=LINE('',#13424,#2409);
#1559=LINE('',#13428,#2410);
#1560=LINE('',#13432,#2411);
#1561=LINE('',#13436,#2412);
#1562=LINE('',#13442,#2413);
#1563=LINE('',#13446,#2414);
#1564=LINE('',#13450,#2415);
#1565=LINE('',#13453,#2416);
#1566=LINE('',#13458,#2417);
#1567=LINE('',#13462,#2418);
#1568=LINE('',#13466,#2419);
#1569=LINE('',#13469,#2420);
#1570=LINE('',#13474,#2421);
#1571=LINE('',#13478,#2422);
#1572=LINE('',#13482,#2423);
#1573=LINE('',#13485,#2424);
#1574=LINE('',#13490,#2425);
#1575=LINE('',#13494,#2426);
#1576=LINE('',#13498,#2427);
#1577=LINE('',#13501,#2428);
#1578=LINE('',#13506,#2429);
#1579=LINE('',#13510,#2430);
#1580=LINE('',#13514,#2431);
#1581=LINE('',#13517,#2432);
#1582=LINE('',#13522,#2433);
#1583=LINE('',#13526,#2434);
#1584=LINE('',#13530,#2435);
#1585=LINE('',#13533,#2436);
#1586=LINE('',#13538,#2437);
#1587=LINE('',#13542,#2438);
#1588=LINE('',#13546,#2439);
#1589=LINE('',#13549,#2440);
#1590=LINE('',#13554,#2441);
#1591=LINE('',#13558,#2442);
#1592=LINE('',#13562,#2443);
#1593=LINE('',#13565,#2444);
#1594=LINE('',#13570,#2445);
#1595=LINE('',#13574,#2446);
#1596=LINE('',#13578,#2447);
#1597=LINE('',#13581,#2448);
#1598=LINE('',#13586,#2449);
#1599=LINE('',#13590,#2450);
#1600=LINE('',#13594,#2451);
#1601=LINE('',#13597,#2452);
#1602=LINE('',#13602,#2453);
#1603=LINE('',#13606,#2454);
#1604=LINE('',#13610,#2455);
#1605=LINE('',#13613,#2456);
#1606=LINE('',#13618,#2457);
#1607=LINE('',#13622,#2458);
#1608=LINE('',#13626,#2459);
#1609=LINE('',#13629,#2460);
#1610=LINE('',#13634,#2461);
#1611=LINE('',#13638,#2462);
#1612=LINE('',#13642,#2463);
#1613=LINE('',#13645,#2464);
#1614=LINE('',#13650,#2465);
#1615=LINE('',#13654,#2466);
#1616=LINE('',#13658,#2467);
#1617=LINE('',#13661,#2468);
#1618=LINE('',#13666,#2469);
#1619=LINE('',#13670,#2470);
#1620=LINE('',#13674,#2471);
#1621=LINE('',#13677,#2472);
#1622=LINE('',#13682,#2473);
#1623=LINE('',#13686,#2474);
#1624=LINE('',#13690,#2475);
#1625=LINE('',#13693,#2476);
#1626=LINE('',#13698,#2477);
#1627=LINE('',#13702,#2478);
#1628=LINE('',#13706,#2479);
#1629=LINE('',#13709,#2480);
#1630=LINE('',#13714,#2481);
#1631=LINE('',#13718,#2482);
#1632=LINE('',#13722,#2483);
#1633=LINE('',#13725,#2484);
#1634=LINE('',#13730,#2485);
#1635=LINE('',#13734,#2486);
#1636=LINE('',#13738,#2487);
#1637=LINE('',#13741,#2488);
#1638=LINE('',#13746,#2489);
#1639=LINE('',#13750,#2490);
#1640=LINE('',#13754,#2491);
#1641=LINE('',#13757,#2492);
#1642=LINE('',#13762,#2493);
#1643=LINE('',#13766,#2494);
#1644=LINE('',#13770,#2495);
#1645=LINE('',#13773,#2496);
#1646=LINE('',#13778,#2497);
#1647=LINE('',#13782,#2498);
#1648=LINE('',#13786,#2499);
#1649=LINE('',#13789,#2500);
#1650=LINE('',#13794,#2501);
#1651=LINE('',#13798,#2502);
#1652=LINE('',#13802,#2503);
#1653=LINE('',#13805,#2504);
#1654=LINE('',#13810,#2505);
#1655=LINE('',#13814,#2506);
#1656=LINE('',#13818,#2507);
#1657=LINE('',#13821,#2508);
#1658=LINE('',#13826,#2509);
#1659=LINE('',#13830,#2510);
#1660=LINE('',#13834,#2511);
#1661=LINE('',#13837,#2512);
#1662=LINE('',#13842,#2513);
#1663=LINE('',#13846,#2514);
#1664=LINE('',#13850,#2515);
#1665=LINE('',#13853,#2516);
#1666=LINE('',#13860,#2517);
#1667=LINE('',#13864,#2518);
#1668=LINE('',#13868,#2519);
#1669=LINE('',#13871,#2520);
#1670=LINE('',#13876,#2521);
#1671=LINE('',#13880,#2522);
#1672=LINE('',#13884,#2523);
#1673=LINE('',#13887,#2524);
#1674=LINE('',#13892,#2525);
#1675=LINE('',#13896,#2526);
#1676=LINE('',#13900,#2527);
#1677=LINE('',#13903,#2528);
#1678=LINE('',#13908,#2529);
#1679=LINE('',#13912,#2530);
#1680=LINE('',#13916,#2531);
#1681=LINE('',#13919,#2532);
#1682=LINE('',#13924,#2533);
#1683=LINE('',#13928,#2534);
#1684=LINE('',#13932,#2535);
#1685=LINE('',#13935,#2536);
#1686=LINE('',#13940,#2537);
#1687=LINE('',#13944,#2538);
#1688=LINE('',#13948,#2539);
#1689=LINE('',#13951,#2540);
#1690=LINE('',#13957,#2541);
#1691=LINE('',#13961,#2542);
#1692=LINE('',#13964,#2543);
#1693=LINE('',#13969,#2544);
#1694=LINE('',#13973,#2545);
#1695=LINE('',#13977,#2546);
#1696=LINE('',#13980,#2547);
#1697=LINE('',#13987,#2548);
#1698=LINE('',#13991,#2549);
#1699=LINE('',#13995,#2550);
#1700=LINE('',#13998,#2551);
#1701=LINE('',#14003,#2552);
#1702=LINE('',#14007,#2553);
#1703=LINE('',#14011,#2554);
#1704=LINE('',#14014,#2555);
#1705=LINE('',#14019,#2556);
#1706=LINE('',#14023,#2557);
#1707=LINE('',#14027,#2558);
#1708=LINE('',#14030,#2559);
#1709=LINE('',#14035,#2560);
#1710=LINE('',#14039,#2561);
#1711=LINE('',#14043,#2562);
#1712=LINE('',#14046,#2563);
#1713=LINE('',#14053,#2564);
#1714=LINE('',#14057,#2565);
#1715=LINE('',#14061,#2566);
#1716=LINE('',#14064,#2567);
#1717=LINE('',#14066,#2568);
#1718=LINE('',#14067,#2569);
#1719=LINE('',#14069,#2570);
#1720=LINE('',#14071,#2571);
#1721=LINE('',#14073,#2572);
#1722=LINE('',#14075,#2573);
#1723=LINE('',#14076,#2574);
#1724=LINE('',#14078,#2575);
#1725=LINE('',#14079,#2576);
#1726=LINE('',#14081,#2577);
#1727=LINE('',#14083,#2578);
#1728=LINE('',#14084,#2579);
#1729=LINE('',#14086,#2580);
#1730=LINE('',#14088,#2581);
#1731=LINE('',#14090,#2582);
#1732=LINE('',#14092,#2583);
#1733=LINE('',#14094,#2584);
#1734=LINE('',#14096,#2585);
#1735=LINE('',#14099,#2586);
#1736=LINE('',#14100,#2587);
#1737=LINE('',#14102,#2588);
#1738=LINE('',#14104,#2589);
#1739=LINE('',#14106,#2590);
#1740=LINE('',#14108,#2591);
#1741=LINE('',#14110,#2592);
#1742=LINE('',#14112,#2593);
#1743=LINE('',#14115,#2594);
#1744=LINE('',#14116,#2595);
#1745=LINE('',#14118,#2596);
#1746=LINE('',#14120,#2597);
#1747=LINE('',#14122,#2598);
#1748=LINE('',#14124,#2599);
#1749=LINE('',#14126,#2600);
#1750=LINE('',#14128,#2601);
#1751=LINE('',#14131,#2602);
#1752=LINE('',#14132,#2603);
#1753=LINE('',#14134,#2604);
#1754=LINE('',#14136,#2605);
#1755=LINE('',#14138,#2606);
#1756=LINE('',#14140,#2607);
#1757=LINE('',#14142,#2608);
#1758=LINE('',#14144,#2609);
#1759=LINE('',#14147,#2610);
#1760=LINE('',#14148,#2611);
#1761=LINE('',#14150,#2612);
#1762=LINE('',#14152,#2613);
#1763=LINE('',#14154,#2614);
#1764=LINE('',#14156,#2615);
#1765=LINE('',#14158,#2616);
#1766=LINE('',#14160,#2617);
#1767=LINE('',#14163,#2618);
#1768=LINE('',#14164,#2619);
#1769=LINE('',#14166,#2620);
#1770=LINE('',#14168,#2621);
#1771=LINE('',#14170,#2622);
#1772=LINE('',#14172,#2623);
#1773=LINE('',#14174,#2624);
#1774=LINE('',#14176,#2625);
#1775=LINE('',#14179,#2626);
#1776=LINE('',#14180,#2627);
#1777=LINE('',#14182,#2628);
#1778=LINE('',#14184,#2629);
#1779=LINE('',#14186,#2630);
#1780=LINE('',#14188,#2631);
#1781=LINE('',#14190,#2632);
#1782=LINE('',#14192,#2633);
#1783=LINE('',#14195,#2634);
#1784=LINE('',#14196,#2635);
#1785=LINE('',#14198,#2636);
#1786=LINE('',#14200,#2637);
#1787=LINE('',#14202,#2638);
#1788=LINE('',#14204,#2639);
#1789=LINE('',#14206,#2640);
#1790=LINE('',#14208,#2641);
#1791=LINE('',#14211,#2642);
#1792=LINE('',#14212,#2643);
#1793=LINE('',#14214,#2644);
#1794=LINE('',#14216,#2645);
#1795=LINE('',#14218,#2646);
#1796=LINE('',#14220,#2647);
#1797=LINE('',#14222,#2648);
#1798=LINE('',#14224,#2649);
#1799=LINE('',#14227,#2650);
#1800=LINE('',#14228,#2651);
#1801=LINE('',#14230,#2652);
#1802=LINE('',#14232,#2653);
#1803=LINE('',#14234,#2654);
#1804=LINE('',#14236,#2655);
#1805=LINE('',#14238,#2656);
#1806=LINE('',#14240,#2657);
#1807=LINE('',#14243,#2658);
#1808=LINE('',#14244,#2659);
#1809=LINE('',#14246,#2660);
#1810=LINE('',#14248,#2661);
#1811=LINE('',#14250,#2662);
#1812=LINE('',#14252,#2663);
#1813=LINE('',#14254,#2664);
#1814=LINE('',#14256,#2665);
#1815=LINE('',#14259,#2666);
#1816=LINE('',#14260,#2667);
#1817=LINE('',#14262,#2668);
#1818=LINE('',#14264,#2669);
#1819=LINE('',#14266,#2670);
#1820=LINE('',#14268,#2671);
#1821=LINE('',#14270,#2672);
#1822=LINE('',#14272,#2673);
#1823=LINE('',#14275,#2674);
#1824=LINE('',#14276,#2675);
#1825=LINE('',#14278,#2676);
#1826=LINE('',#14280,#2677);
#1827=LINE('',#14282,#2678);
#1828=LINE('',#14284,#2679);
#1829=LINE('',#14286,#2680);
#1830=LINE('',#14288,#2681);
#1831=LINE('',#14291,#2682);
#1832=LINE('',#14292,#2683);
#1833=LINE('',#14294,#2684);
#1834=LINE('',#14296,#2685);
#1835=LINE('',#14298,#2686);
#1836=LINE('',#14300,#2687);
#1837=LINE('',#14302,#2688);
#1838=LINE('',#14304,#2689);
#1839=LINE('',#14307,#2690);
#1840=LINE('',#14308,#2691);
#1841=LINE('',#14310,#2692);
#1842=LINE('',#14312,#2693);
#1843=LINE('',#14314,#2694);
#1844=LINE('',#14316,#2695);
#1845=LINE('',#14318,#2696);
#1846=LINE('',#14320,#2697);
#1847=LINE('',#14323,#2698);
#1848=LINE('',#14324,#2699);
#1849=LINE('',#14326,#2700);
#1850=LINE('',#14328,#2701);
#1851=LINE('',#14330,#2702);
#1852=LINE('',#14332,#2703);
#1853=LINE('',#14334,#2704);
#1854=LINE('',#14336,#2705);
#1855=LINE('',#14339,#2706);
#1856=LINE('',#14340,#2707);
#1857=LINE('',#14342,#2708);
#1858=LINE('',#14344,#2709);
#1859=LINE('',#14346,#2710);
#1860=LINE('',#14348,#2711);
#1861=LINE('',#14350,#2712);
#1862=LINE('',#14352,#2713);
#1863=LINE('',#14355,#2714);
#1864=LINE('',#14356,#2715);
#1865=LINE('',#14358,#2716);
#1866=LINE('',#14360,#2717);
#1867=LINE('',#14362,#2718);
#1868=LINE('',#14364,#2719);
#1869=LINE('',#14366,#2720);
#1870=LINE('',#14368,#2721);
#1871=LINE('',#14371,#2722);
#1872=LINE('',#14373,#2723);
#1873=LINE('',#14374,#2724);
#1874=LINE('',#14376,#2725);
#1875=LINE('',#14378,#2726);
#1876=LINE('',#14380,#2727);
#1877=LINE('',#14382,#2728);
#1878=LINE('',#14384,#2729);
#1879=LINE('',#14386,#2730);
#1880=LINE('',#14389,#2731);
#1881=LINE('',#14390,#2732);
#1882=LINE('',#14392,#2733);
#1883=LINE('',#14394,#2734);
#1884=LINE('',#14396,#2735);
#1885=LINE('',#14398,#2736);
#1886=LINE('',#14400,#2737);
#1887=LINE('',#14402,#2738);
#1888=LINE('',#14405,#2739);
#1889=LINE('',#14406,#2740);
#1890=LINE('',#14408,#2741);
#1891=LINE('',#14410,#2742);
#1892=LINE('',#14412,#2743);
#1893=LINE('',#14414,#2744);
#1894=LINE('',#14416,#2745);
#1895=LINE('',#14418,#2746);
#1896=LINE('',#14421,#2747);
#1897=LINE('',#14422,#2748);
#1898=LINE('',#14424,#2749);
#1899=LINE('',#14426,#2750);
#1900=LINE('',#14428,#2751);
#1901=LINE('',#14430,#2752);
#1902=LINE('',#14432,#2753);
#1903=LINE('',#14434,#2754);
#1904=LINE('',#14437,#2755);
#1905=LINE('',#14438,#2756);
#1906=LINE('',#14440,#2757);
#1907=LINE('',#14442,#2758);
#1908=LINE('',#14444,#2759);
#1909=LINE('',#14446,#2760);
#1910=LINE('',#14448,#2761);
#1911=LINE('',#14450,#2762);
#1912=LINE('',#14453,#2763);
#1913=LINE('',#14454,#2764);
#1914=LINE('',#14456,#2765);
#1915=LINE('',#14458,#2766);
#1916=LINE('',#14460,#2767);
#1917=LINE('',#14462,#2768);
#1918=LINE('',#14464,#2769);
#1919=LINE('',#14466,#2770);
#1920=LINE('',#14469,#2771);
#1921=LINE('',#14471,#2772);
#1922=LINE('',#14473,#2773);
#1923=LINE('',#14475,#2774);
#1924=LINE('',#14477,#2775);
#1925=LINE('',#14479,#2776);
#1926=LINE('',#14481,#2777);
#1927=LINE('',#14484,#2778);
#1928=LINE('',#14486,#2779);
#1929=LINE('',#14488,#2780);
#1930=LINE('',#14490,#2781);
#1931=LINE('',#14492,#2782);
#1932=LINE('',#14494,#2783);
#1933=LINE('',#14497,#2784);
#1934=LINE('',#14498,#2785);
#1935=LINE('',#14500,#2786);
#1936=LINE('',#14502,#2787);
#1937=LINE('',#14504,#2788);
#1938=LINE('',#14506,#2789);
#1939=LINE('',#14508,#2790);
#1940=LINE('',#14510,#2791);
#1941=LINE('',#14513,#2792);
#1942=LINE('',#14515,#2793);
#1943=LINE('',#14516,#2794);
#1944=LINE('',#14518,#2795);
#1945=LINE('',#14520,#2796);
#1946=LINE('',#14522,#2797);
#1947=LINE('',#14524,#2798);
#1948=LINE('',#14526,#2799);
#1949=LINE('',#14528,#2800);
#1950=LINE('',#14531,#2801);
#1951=LINE('',#14532,#2802);
#1952=LINE('',#14534,#2803);
#1953=LINE('',#14536,#2804);
#1954=LINE('',#14538,#2805);
#1955=LINE('',#14540,#2806);
#1956=LINE('',#14542,#2807);
#1957=LINE('',#14544,#2808);
#1958=LINE('',#14547,#2809);
#1959=LINE('',#14548,#2810);
#1960=LINE('',#14550,#2811);
#1961=LINE('',#14552,#2812);
#1962=LINE('',#14554,#2813);
#1963=LINE('',#14556,#2814);
#1964=LINE('',#14558,#2815);
#1965=LINE('',#14560,#2816);
#1966=LINE('',#14563,#2817);
#1967=LINE('',#14564,#2818);
#1968=LINE('',#14566,#2819);
#1969=LINE('',#14568,#2820);
#1970=LINE('',#14570,#2821);
#1971=LINE('',#14572,#2822);
#1972=LINE('',#14574,#2823);
#1973=LINE('',#14576,#2824);
#1974=LINE('',#14579,#2825);
#1975=LINE('',#14581,#2826);
#1976=LINE('',#14582,#2827);
#1977=LINE('',#14584,#2828);
#1978=LINE('',#14586,#2829);
#1979=LINE('',#14588,#2830);
#1980=LINE('',#14590,#2831);
#1981=LINE('',#14592,#2832);
#1982=LINE('',#14594,#2833);
#1983=LINE('',#14597,#2834);
#1984=LINE('',#14598,#2835);
#1985=LINE('',#14600,#2836);
#1986=LINE('',#14603,#2837);
#1987=LINE('',#14604,#2838);
#1988=LINE('',#14606,#2839);
#1989=LINE('',#14608,#2840);
#1990=LINE('',#14610,#2841);
#1991=LINE('',#14612,#2842);
#1992=LINE('',#14614,#2843);
#1993=LINE('',#14616,#2844);
#1994=LINE('',#14618,#2845);
#1995=LINE('',#14619,#2846);
#1996=LINE('',#14621,#2847);
#1997=LINE('',#14623,#2848);
#1998=LINE('',#14625,#2849);
#1999=LINE('',#14627,#2850);
#2000=LINE('',#14629,#2851);
#2001=LINE('',#14631,#2852);
#2002=LINE('',#14633,#2853);
#2003=LINE('',#14634,#2854);
#2004=LINE('',#14636,#2855);
#2005=LINE('',#14638,#2856);
#2006=LINE('',#14640,#2857);
#2007=LINE('',#14642,#2858);
#2008=LINE('',#14644,#2859);
#2009=LINE('',#14646,#2860);
#2010=LINE('',#14648,#2861);
#2011=LINE('',#14649,#2862);
#2012=LINE('',#14651,#2863);
#2013=LINE('',#14653,#2864);
#2014=LINE('',#14655,#2865);
#2015=LINE('',#14657,#2866);
#2016=LINE('',#14659,#2867);
#2017=LINE('',#14661,#2868);
#2018=LINE('',#14664,#2869);
#2019=LINE('',#14666,#2870);
#2020=LINE('',#14667,#2871);
#2021=LINE('',#14669,#2872);
#2022=LINE('',#14670,#2873);
#2023=LINE('',#14672,#2874);
#2024=LINE('',#14674,#2875);
#2025=LINE('',#14676,#2876);
#2026=LINE('',#14678,#2877);
#2027=LINE('',#14680,#2878);
#2028=LINE('',#14682,#2879);
#2029=LINE('',#14684,#2880);
#2030=LINE('',#14685,#2881);
#2031=LINE('',#14687,#2882);
#2032=LINE('',#14689,#2883);
#2033=LINE('',#14691,#2884);
#2034=LINE('',#14693,#2885);
#2035=LINE('',#14695,#2886);
#2036=LINE('',#14697,#2887);
#2037=LINE('',#14699,#2888);
#2038=LINE('',#14700,#2889);
#2039=LINE('',#14702,#2890);
#2040=LINE('',#14704,#2891);
#2041=LINE('',#14706,#2892);
#2042=LINE('',#14708,#2893);
#2043=LINE('',#14710,#2894);
#2044=LINE('',#14712,#2895);
#2045=LINE('',#14714,#2896);
#2046=LINE('',#14716,#2897);
#2047=LINE('',#14718,#2898);
#2048=LINE('',#14720,#2899);
#2049=LINE('',#14722,#2900);
#2050=LINE('',#14724,#2901);
#2051=LINE('',#14727,#2902);
#2052=LINE('',#14729,#2903);
#2053=LINE('',#14731,#2904);
#2054=LINE('',#14733,#2905);
#2055=LINE('',#14735,#2906);
#2056=LINE('',#14737,#2907);
#2057=LINE('',#14739,#2908);
#2058=LINE('',#14741,#2909);
#2059=LINE('',#14743,#2910);
#2060=LINE('',#14745,#2911);
#2061=LINE('',#14747,#2912);
#2062=LINE('',#14749,#2913);
#2063=LINE('',#14751,#2914);
#2064=LINE('',#14753,#2915);
#2065=LINE('',#14756,#2916);
#2066=LINE('',#14758,#2917);
#2067=LINE('',#14760,#2918);
#2068=LINE('',#14772,#2919);
#2069=LINE('',#14775,#2920);
#2070=LINE('',#14841,#2921);
#2071=LINE('',#14851,#2922);
#2072=LINE('',#14854,#2923);
#2073=LINE('',#14879,#2924);
#2074=LINE('',#14881,#2925);
#2075=LINE('',#14882,#2926);
#2076=LINE('',#14884,#2927);
#2077=LINE('',#14885,#2928);
#2078=LINE('',#14938,#2929);
#2079=LINE('',#14939,#2930);
#2080=LINE('',#14942,#2931);
#2081=LINE('',#14944,#2932);
#2082=LINE('',#14945,#2933);
#2083=LINE('',#14946,#2934);
#2084=LINE('',#14947,#2935);
#2085=LINE('',#14950,#2936);
#2086=LINE('',#14981,#2937);
#2087=LINE('',#15298,#2938);
#2088=LINE('',#15300,#2939);
#2089=LINE('',#15302,#2940);
#2090=LINE('',#15303,#2941);
#2091=LINE('',#15305,#2942);
#2092=LINE('',#15308,#2943);
#2093=LINE('',#15311,#2944);
#2094=LINE('',#15314,#2945);
#2095=LINE('',#15315,#2946);
#2096=LINE('',#15319,#2947);
#2097=LINE('',#15322,#2948);
#2098=LINE('',#15323,#2949);
#2099=LINE('',#15327,#2950);
#2100=LINE('',#15330,#2951);
#2101=LINE('',#15331,#2952);
#2102=LINE('',#15335,#2953);
#2103=LINE('',#15338,#2954);
#2104=LINE('',#15339,#2955);
#2105=LINE('',#15342,#2956);
#2106=LINE('',#15343,#2957);
#2107=LINE('',#15357,#2958);
#2108=LINE('',#15358,#2959);
#2109=LINE('',#15367,#2960);
#2110=LINE('',#15370,#2961);
#2111=LINE('',#15371,#2962);
#2112=LINE('',#15382,#2963);
#2113=LINE('',#15383,#2964);
#2114=LINE('',#15403,#2965);
#2115=LINE('',#15404,#2966);
#2116=LINE('',#15406,#2967);
#2117=LINE('',#15418,#2968);
#2118=LINE('',#15421,#2969);
#2119=LINE('',#15424,#2970);
#2120=LINE('',#15427,#2971);
#2121=LINE('',#15428,#2972);
#2122=LINE('',#15431,#2973);
#2123=LINE('',#15435,#2974);
#2124=LINE('',#15438,#2975);
#2125=LINE('',#15443,#2976);
#2126=LINE('',#15447,#2977);
#2127=LINE('',#15451,#2978);
#2128=LINE('',#15465,#2979);
#2129=LINE('',#15466,#2980);
#2130=LINE('',#15474,#2981);
#2131=LINE('',#15483,#2982);
#2132=LINE('',#15484,#2983);
#2133=LINE('',#15492,#2984);
#2134=LINE('',#15493,#2985);
#2135=LINE('',#15495,#2986);
#2136=LINE('',#15497,#2987);
#2137=LINE('',#15501,#2988);
#2138=LINE('',#15505,#2989);
#2139=LINE('',#15509,#2990);
#2140=LINE('',#15513,#2991);
#2141=LINE('',#15517,#2992);
#2142=LINE('',#15519,#2993);
#2143=LINE('',#15521,#2994);
#2144=LINE('',#15522,#2995);
#2145=LINE('',#15527,#2996);
#2146=LINE('',#15531,#2997);
#2147=LINE('',#15533,#2998);
#2148=LINE('',#15534,#2999);
#2149=LINE('',#15539,#3000);
#2150=LINE('',#15542,#3001);
#2151=LINE('',#15543,#3002);
#2152=LINE('',#15546,#3003);
#2153=LINE('',#15547,#3004);
#2154=LINE('',#15553,#3005);
#2155=LINE('',#15555,#3006);
#2156=LINE('',#15557,#3007);
#2157=LINE('',#15558,#3008);
#2158=LINE('',#15560,#3009);
#2159=LINE('',#15561,#3010);
#2160=LINE('',#15563,#3011);
#2161=LINE('',#15565,#3012);
#2162=LINE('',#15567,#3013);
#2163=LINE('',#15569,#3014);
#2164=LINE('',#15570,#3015);
#2165=LINE('',#15572,#3016);
#2166=LINE('',#15574,#3017);
#2167=LINE('',#15575,#3018);
#2168=LINE('',#15577,#3019);
#2169=LINE('',#15579,#3020);
#2170=LINE('',#15580,#3021);
#2171=LINE('',#15582,#3022);
#2172=LINE('',#15583,#3023);
#2173=LINE('',#15585,#3024);
#2174=LINE('',#15587,#3025);
#2175=LINE('',#15589,#3026);
#2176=LINE('',#15593,#3027);
#2177=LINE('',#15594,#3028);
#2178=LINE('',#15599,#3029);
#2179=LINE('',#15601,#3030);
#2180=LINE('',#15606,#3031);
#2181=VECTOR('',#9892,10.);
#2182=VECTOR('',#9895,10.);
#2183=VECTOR('',#9900,0.5953125);
#2184=VECTOR('',#9909,0.5953125);
#2185=VECTOR('',#9912,10.);
#2186=VECTOR('',#9913,10.);
#2187=VECTOR('',#9914,10.);
#2188=VECTOR('',#9919,10.);
#2189=VECTOR('',#9922,10.);
#2190=VECTOR('',#9927,0.595312499999994);
#2191=VECTOR('',#9934,0.595312499999994);
#2192=VECTOR('',#9939,10.);
#2193=VECTOR('',#9942,10.);
#2194=VECTOR('',#9943,10.);
#2195=VECTOR('',#9944,10.);
#2196=VECTOR('',#9947,10.);
#2197=VECTOR('',#9950,10.);
#2198=VECTOR('',#9951,10.);
#2199=VECTOR('',#9952,10.);
#2200=VECTOR('',#9953,10.);
#2201=VECTOR('',#9954,10.);
#2202=VECTOR('',#9957,10.);
#2203=VECTOR('',#9960,10.);
#2204=VECTOR('',#9963,10.);
#2205=VECTOR('',#9966,10.);
#2206=VECTOR('',#9969,10.);
#2207=VECTOR('',#9972,10.);
#2208=VECTOR('',#9973,10.);
#2209=VECTOR('',#9974,10.);
#2210=VECTOR('',#9977,10.);
#2211=VECTOR('',#9980,10.);
#2212=VECTOR('',#9983,10.);
#2213=VECTOR('',#9986,10.);
#2214=VECTOR('',#9989,10.);
#2215=VECTOR('',#9992,10.);
#2216=VECTOR('',#9995,10.);
#2217=VECTOR('',#9998,10.);
#2218=VECTOR('',#10001,10.);
#2219=VECTOR('',#10004,10.);
#2220=VECTOR('',#10009,10.);
#2221=VECTOR('',#10012,10.);
#2222=VECTOR('',#10015,10.);
#2223=VECTOR('',#10018,10.);
#2224=VECTOR('',#10019,10.);
#2225=VECTOR('',#10022,10.);
#2226=VECTOR('',#10025,10.);
#2227=VECTOR('',#10028,10.);
#2228=VECTOR('',#10031,10.);
#2229=VECTOR('',#10034,10.);
#2230=VECTOR('',#10037,10.);
#2231=VECTOR('',#10040,10.);
#2232=VECTOR('',#10043,10.);
#2233=VECTOR('',#10046,10.);
#2234=VECTOR('',#10049,10.);
#2235=VECTOR('',#10052,10.);
#2236=VECTOR('',#10055,10.);
#2237=VECTOR('',#10058,10.);
#2238=VECTOR('',#10061,10.);
#2239=VECTOR('',#10064,10.);
#2240=VECTOR('',#10067,10.);
#2241=VECTOR('',#10070,10.);
#2242=VECTOR('',#10073,10.);
#2243=VECTOR('',#10076,10.);
#2244=VECTOR('',#10079,10.);
#2245=VECTOR('',#10082,10.);
#2246=VECTOR('',#10085,10.);
#2247=VECTOR('',#10088,10.);
#2248=VECTOR('',#10093,10.);
#2249=VECTOR('',#10096,10.);
#2250=VECTOR('',#10099,10.);
#2251=VECTOR('',#10102,10.);
#2252=VECTOR('',#10105,10.);
#2253=VECTOR('',#10108,10.);
#2254=VECTOR('',#10111,10.);
#2255=VECTOR('',#10114,10.);
#2256=VECTOR('',#10119,10.);
#2257=VECTOR('',#10122,10.);
#2258=VECTOR('',#10125,10.);
#2259=VECTOR('',#10128,10.);
#2260=VECTOR('',#10131,10.);
#2261=VECTOR('',#10134,10.);
#2262=VECTOR('',#10137,10.);
#2263=VECTOR('',#10140,10.);
#2264=VECTOR('',#10143,10.);
#2265=VECTOR('',#10146,10.);
#2266=VECTOR('',#10149,10.);
#2267=VECTOR('',#10152,10.);
#2268=VECTOR('',#10155,10.);
#2269=VECTOR('',#10158,10.);
#2270=VECTOR('',#10161,10.);
#2271=VECTOR('',#10164,10.);
#2272=VECTOR('',#10169,10.);
#2273=VECTOR('',#10172,10.);
#2274=VECTOR('',#10175,10.);
#2275=VECTOR('',#10178,10.);
#2276=VECTOR('',#10181,10.);
#2277=VECTOR('',#10184,10.);
#2278=VECTOR('',#10187,10.);
#2279=VECTOR('',#10192,10.);
#2280=VECTOR('',#10195,10.);
#2281=VECTOR('',#10198,10.);
#2282=VECTOR('',#10201,10.);
#2283=VECTOR('',#10204,10.);
#2284=VECTOR('',#10207,10.);
#2285=VECTOR('',#10210,10.);
#2286=VECTOR('',#10213,10.);
#2287=VECTOR('',#10216,10.);
#2288=VECTOR('',#10219,10.);
#2289=VECTOR('',#10222,10.);
#2290=VECTOR('',#10225,10.);
#2291=VECTOR('',#10228,10.);
#2292=VECTOR('',#10231,10.);
#2293=VECTOR('',#10234,10.);
#2294=VECTOR('',#10237,10.);
#2295=VECTOR('',#10240,10.);
#2296=VECTOR('',#10243,10.);
#2297=VECTOR('',#10246,10.);
#2298=VECTOR('',#10249,10.);
#2299=VECTOR('',#10252,10.);
#2300=VECTOR('',#10255,10.);
#2301=VECTOR('',#10258,10.);
#2302=VECTOR('',#10261,10.);
#2303=VECTOR('',#10264,10.);
#2304=VECTOR('',#10267,10.);
#2305=VECTOR('',#10270,10.);
#2306=VECTOR('',#10273,10.);
#2307=VECTOR('',#10278,10.);
#2308=VECTOR('',#10281,10.);
#2309=VECTOR('',#10284,10.);
#2310=VECTOR('',#10287,10.);
#2311=VECTOR('',#10290,10.);
#2312=VECTOR('',#10293,10.);
#2313=VECTOR('',#10296,10.);
#2314=VECTOR('',#10299,10.);
#2315=VECTOR('',#10302,10.);
#2316=VECTOR('',#10305,10.);
#2317=VECTOR('',#10308,10.);
#2318=VECTOR('',#10311,10.);
#2319=VECTOR('',#10314,10.);
#2320=VECTOR('',#10317,10.);
#2321=VECTOR('',#10320,10.);
#2322=VECTOR('',#10323,10.);
#2323=VECTOR('',#10326,10.);
#2324=VECTOR('',#10329,10.);
#2325=VECTOR('',#10332,10.);
#2326=VECTOR('',#10335,10.);
#2327=VECTOR('',#10338,10.);
#2328=VECTOR('',#10341,10.);
#2329=VECTOR('',#10344,10.);
#2330=VECTOR('',#10347,10.);
#2331=VECTOR('',#10350,10.);
#2332=VECTOR('',#10353,10.);
#2333=VECTOR('',#10356,10.);
#2334=VECTOR('',#10359,10.);
#2335=VECTOR('',#10362,10.);
#2336=VECTOR('',#10365,10.);
#2337=VECTOR('',#10368,10.);
#2338=VECTOR('',#10371,10.);
#2339=VECTOR('',#10374,10.);
#2340=VECTOR('',#10377,10.);
#2341=VECTOR('',#10380,10.);
#2342=VECTOR('',#10383,10.);
#2343=VECTOR('',#10386,10.);
#2344=VECTOR('',#10389,10.);
#2345=VECTOR('',#10392,10.);
#2346=VECTOR('',#10395,10.);
#2347=VECTOR('',#10398,10.);
#2348=VECTOR('',#10401,10.);
#2349=VECTOR('',#10404,10.);
#2350=VECTOR('',#10407,10.);
#2351=VECTOR('',#10410,10.);
#2352=VECTOR('',#10413,10.);
#2353=VECTOR('',#10416,10.);
#2354=VECTOR('',#10419,10.);
#2355=VECTOR('',#10422,10.);
#2356=VECTOR('',#10425,10.);
#2357=VECTOR('',#10428,10.);
#2358=VECTOR('',#10431,10.);
#2359=VECTOR('',#10434,10.);
#2360=VECTOR('',#10437,10.);
#2361=VECTOR('',#10440,10.);
#2362=VECTOR('',#10443,10.);
#2363=VECTOR('',#10446,10.);
#2364=VECTOR('',#10449,10.);
#2365=VECTOR('',#10452,10.);
#2366=VECTOR('',#10455,10.);
#2367=VECTOR('',#10458,10.);
#2368=VECTOR('',#10461,10.);
#2369=VECTOR('',#10464,10.);
#2370=VECTOR('',#10467,10.);
#2371=VECTOR('',#10470,10.);
#2372=VECTOR('',#10473,10.);
#2373=VECTOR('',#10476,10.);
#2374=VECTOR('',#10479,10.);
#2375=VECTOR('',#10482,10.);
#2376=VECTOR('',#10485,10.);
#2377=VECTOR('',#10488,10.);
#2378=VECTOR('',#10491,10.);
#2379=VECTOR('',#10494,10.);
#2380=VECTOR('',#10495,10.);
#2381=VECTOR('',#10496,10.);
#2382=VECTOR('',#10501,10.);
#2383=VECTOR('',#10504,10.);
#2384=VECTOR('',#10507,10.);
#2385=VECTOR('',#10510,10.);
#2386=VECTOR('',#10513,10.);
#2387=VECTOR('',#10516,10.);
#2388=VECTOR('',#10519,10.);
#2389=VECTOR('',#10522,10.);
#2390=VECTOR('',#10525,10.);
#2391=VECTOR('',#10528,10.);
#2392=VECTOR('',#10531,10.);
#2393=VECTOR('',#10532,10.);
#2394=VECTOR('',#10533,10.);
#2395=VECTOR('',#10536,10.);
#2396=VECTOR('',#10539,10.);
#2397=VECTOR('',#10542,10.);
#2398=VECTOR('',#10545,10.);
#2399=VECTOR('',#10548,10.);
#2400=VECTOR('',#10551,10.);
#2401=VECTOR('',#10554,10.);
#2402=VECTOR('',#10557,10.);
#2403=VECTOR('',#10560,10.);
#2404=VECTOR('',#10563,10.);
#2405=VECTOR('',#10566,10.);
#2406=VECTOR('',#10569,10.);
#2407=VECTOR('',#10570,10.);
#2408=VECTOR('',#10571,10.);
#2409=VECTOR('',#10574,10.);
#2410=VECTOR('',#10577,10.);
#2411=VECTOR('',#10580,10.);
#2412=VECTOR('',#10583,10.);
#2413=VECTOR('',#10588,10.);
#2414=VECTOR('',#10591,10.);
#2415=VECTOR('',#10594,10.);
#2416=VECTOR('',#10597,10.);
#2417=VECTOR('',#10600,10.);
#2418=VECTOR('',#10603,10.);
#2419=VECTOR('',#10606,10.);
#2420=VECTOR('',#10609,10.);
#2421=VECTOR('',#10612,10.);
#2422=VECTOR('',#10615,10.);
#2423=VECTOR('',#10618,10.);
#2424=VECTOR('',#10621,10.);
#2425=VECTOR('',#10624,10.);
#2426=VECTOR('',#10627,10.);
#2427=VECTOR('',#10630,10.);
#2428=VECTOR('',#10633,10.);
#2429=VECTOR('',#10636,10.);
#2430=VECTOR('',#10639,10.);
#2431=VECTOR('',#10642,10.);
#2432=VECTOR('',#10645,10.);
#2433=VECTOR('',#10648,10.);
#2434=VECTOR('',#10651,10.);
#2435=VECTOR('',#10654,10.);
#2436=VECTOR('',#10657,10.);
#2437=VECTOR('',#10660,10.);
#2438=VECTOR('',#10663,10.);
#2439=VECTOR('',#10666,10.);
#2440=VECTOR('',#10669,10.);
#2441=VECTOR('',#10672,10.);
#2442=VECTOR('',#10675,10.);
#2443=VECTOR('',#10678,10.);
#2444=VECTOR('',#10681,10.);
#2445=VECTOR('',#10684,10.);
#2446=VECTOR('',#10687,10.);
#2447=VECTOR('',#10690,10.);
#2448=VECTOR('',#10693,10.);
#2449=VECTOR('',#10696,10.);
#2450=VECTOR('',#10699,10.);
#2451=VECTOR('',#10702,10.);
#2452=VECTOR('',#10705,10.);
#2453=VECTOR('',#10708,10.);
#2454=VECTOR('',#10711,10.);
#2455=VECTOR('',#10714,10.);
#2456=VECTOR('',#10717,10.);
#2457=VECTOR('',#10720,10.);
#2458=VECTOR('',#10723,10.);
#2459=VECTOR('',#10726,10.);
#2460=VECTOR('',#10729,10.);
#2461=VECTOR('',#10732,10.);
#2462=VECTOR('',#10735,10.);
#2463=VECTOR('',#10738,10.);
#2464=VECTOR('',#10741,10.);
#2465=VECTOR('',#10744,10.);
#2466=VECTOR('',#10747,10.);
#2467=VECTOR('',#10750,10.);
#2468=VECTOR('',#10753,10.);
#2469=VECTOR('',#10756,10.);
#2470=VECTOR('',#10759,10.);
#2471=VECTOR('',#10762,10.);
#2472=VECTOR('',#10765,10.);
#2473=VECTOR('',#10768,10.);
#2474=VECTOR('',#10771,10.);
#2475=VECTOR('',#10774,10.);
#2476=VECTOR('',#10777,10.);
#2477=VECTOR('',#10780,10.);
#2478=VECTOR('',#10783,10.);
#2479=VECTOR('',#10786,10.);
#2480=VECTOR('',#10789,10.);
#2481=VECTOR('',#10792,10.);
#2482=VECTOR('',#10795,10.);
#2483=VECTOR('',#10798,10.);
#2484=VECTOR('',#10801,10.);
#2485=VECTOR('',#10804,10.);
#2486=VECTOR('',#10807,10.);
#2487=VECTOR('',#10810,10.);
#2488=VECTOR('',#10813,10.);
#2489=VECTOR('',#10816,10.);
#2490=VECTOR('',#10819,10.);
#2491=VECTOR('',#10822,10.);
#2492=VECTOR('',#10825,10.);
#2493=VECTOR('',#10828,10.);
#2494=VECTOR('',#10831,10.);
#2495=VECTOR('',#10834,10.);
#2496=VECTOR('',#10837,10.);
#2497=VECTOR('',#10840,10.);
#2498=VECTOR('',#10843,10.);
#2499=VECTOR('',#10846,10.);
#2500=VECTOR('',#10849,10.);
#2501=VECTOR('',#10852,10.);
#2502=VECTOR('',#10855,10.);
#2503=VECTOR('',#10858,10.);
#2504=VECTOR('',#10861,10.);
#2505=VECTOR('',#10864,10.);
#2506=VECTOR('',#10867,10.);
#2507=VECTOR('',#10870,10.);
#2508=VECTOR('',#10873,10.);
#2509=VECTOR('',#10876,10.);
#2510=VECTOR('',#10879,10.);
#2511=VECTOR('',#10882,10.);
#2512=VECTOR('',#10885,10.);
#2513=VECTOR('',#10888,10.);
#2514=VECTOR('',#10891,10.);
#2515=VECTOR('',#10894,10.);
#2516=VECTOR('',#10897,10.);
#2517=VECTOR('',#10902,10.);
#2518=VECTOR('',#10905,10.);
#2519=VECTOR('',#10908,10.);
#2520=VECTOR('',#10911,10.);
#2521=VECTOR('',#10914,10.);
#2522=VECTOR('',#10917,10.);
#2523=VECTOR('',#10920,10.);
#2524=VECTOR('',#10923,10.);
#2525=VECTOR('',#10926,10.);
#2526=VECTOR('',#10929,10.);
#2527=VECTOR('',#10932,10.);
#2528=VECTOR('',#10935,10.);
#2529=VECTOR('',#10938,10.);
#2530=VECTOR('',#10941,10.);
#2531=VECTOR('',#10944,10.);
#2532=VECTOR('',#10947,10.);
#2533=VECTOR('',#10950,10.);
#2534=VECTOR('',#10953,10.);
#2535=VECTOR('',#10956,10.);
#2536=VECTOR('',#10959,10.);
#2537=VECTOR('',#10962,10.);
#2538=VECTOR('',#10965,10.);
#2539=VECTOR('',#10968,10.);
#2540=VECTOR('',#10971,10.);
#2541=VECTOR('',#10976,10.);
#2542=VECTOR('',#10979,10.);
#2543=VECTOR('',#10982,10.);
#2544=VECTOR('',#10985,10.);
#2545=VECTOR('',#10988,10.);
#2546=VECTOR('',#10991,10.);
#2547=VECTOR('',#10994,10.);
#2548=VECTOR('',#10999,10.);
#2549=VECTOR('',#11002,10.);
#2550=VECTOR('',#11005,10.);
#2551=VECTOR('',#11008,10.);
#2552=VECTOR('',#11011,10.);
#2553=VECTOR('',#11014,10.);
#2554=VECTOR('',#11017,10.);
#2555=VECTOR('',#11020,10.);
#2556=VECTOR('',#11023,10.);
#2557=VECTOR('',#11026,10.);
#2558=VECTOR('',#11029,10.);
#2559=VECTOR('',#11032,10.);
#2560=VECTOR('',#11035,10.);
#2561=VECTOR('',#11038,10.);
#2562=VECTOR('',#11041,10.);
#2563=VECTOR('',#11044,10.);
#2564=VECTOR('',#11049,10.);
#2565=VECTOR('',#11052,10.);
#2566=VECTOR('',#11055,10.);
#2567=VECTOR('',#11058,10.);
#2568=VECTOR('',#11061,10.);
#2569=VECTOR('',#11062,10.);
#2570=VECTOR('',#11065,10.);
#2571=VECTOR('',#11068,10.);
#2572=VECTOR('',#11071,10.);
#2573=VECTOR('',#11074,10.);
#2574=VECTOR('',#11075,10.);
#2575=VECTOR('',#11078,10.);
#2576=VECTOR('',#11079,10.);
#2577=VECTOR('',#11082,10.);
#2578=VECTOR('',#11085,10.);
#2579=VECTOR('',#11086,10.);
#2580=VECTOR('',#11089,10.);
#2581=VECTOR('',#11092,10.);
#2582=VECTOR('',#11095,10.);
#2583=VECTOR('',#11098,10.);
#2584=VECTOR('',#11101,10.);
#2585=VECTOR('',#11104,10.);
#2586=VECTOR('',#11109,10.);
#2587=VECTOR('',#11110,10.);
#2588=VECTOR('',#11113,10.);
#2589=VECTOR('',#11116,10.);
#2590=VECTOR('',#11119,10.);
#2591=VECTOR('',#11122,10.);
#2592=VECTOR('',#11125,10.);
#2593=VECTOR('',#11128,10.);
#2594=VECTOR('',#11133,10.);
#2595=VECTOR('',#11134,10.);
#2596=VECTOR('',#11137,10.);
#2597=VECTOR('',#11140,10.);
#2598=VECTOR('',#11143,10.);
#2599=VECTOR('',#11146,10.);
#2600=VECTOR('',#11149,10.);
#2601=VECTOR('',#11152,10.);
#2602=VECTOR('',#11157,10.);
#2603=VECTOR('',#11158,10.);
#2604=VECTOR('',#11161,10.);
#2605=VECTOR('',#11164,10.);
#2606=VECTOR('',#11167,10.);
#2607=VECTOR('',#11170,10.);
#2608=VECTOR('',#11173,10.);
#2609=VECTOR('',#11176,10.);
#2610=VECTOR('',#11181,10.);
#2611=VECTOR('',#11182,10.);
#2612=VECTOR('',#11185,10.);
#2613=VECTOR('',#11188,10.);
#2614=VECTOR('',#11191,10.);
#2615=VECTOR('',#11194,10.);
#2616=VECTOR('',#11197,10.);
#2617=VECTOR('',#11200,10.);
#2618=VECTOR('',#11205,10.);
#2619=VECTOR('',#11206,10.);
#2620=VECTOR('',#11209,10.);
#2621=VECTOR('',#11212,10.);
#2622=VECTOR('',#11215,10.);
#2623=VECTOR('',#11218,10.);
#2624=VECTOR('',#11221,10.);
#2625=VECTOR('',#11224,10.);
#2626=VECTOR('',#11229,10.);
#2627=VECTOR('',#11230,10.);
#2628=VECTOR('',#11233,10.);
#2629=VECTOR('',#11236,10.);
#2630=VECTOR('',#11239,10.);
#2631=VECTOR('',#11242,10.);
#2632=VECTOR('',#11245,10.);
#2633=VECTOR('',#11248,10.);
#2634=VECTOR('',#11253,10.);
#2635=VECTOR('',#11254,10.);
#2636=VECTOR('',#11257,10.);
#2637=VECTOR('',#11260,10.);
#2638=VECTOR('',#11263,10.);
#2639=VECTOR('',#11266,10.);
#2640=VECTOR('',#11269,10.);
#2641=VECTOR('',#11272,10.);
#2642=VECTOR('',#11277,10.);
#2643=VECTOR('',#11278,10.);
#2644=VECTOR('',#11281,10.);
#2645=VECTOR('',#11284,10.);
#2646=VECTOR('',#11287,10.);
#2647=VECTOR('',#11290,10.);
#2648=VECTOR('',#11293,10.);
#2649=VECTOR('',#11296,10.);
#2650=VECTOR('',#11301,10.);
#2651=VECTOR('',#11302,10.);
#2652=VECTOR('',#11305,10.);
#2653=VECTOR('',#11308,10.);
#2654=VECTOR('',#11311,10.);
#2655=VECTOR('',#11314,10.);
#2656=VECTOR('',#11317,10.);
#2657=VECTOR('',#11320,10.);
#2658=VECTOR('',#11325,10.);
#2659=VECTOR('',#11326,10.);
#2660=VECTOR('',#11329,10.);
#2661=VECTOR('',#11332,10.);
#2662=VECTOR('',#11335,10.);
#2663=VECTOR('',#11338,10.);
#2664=VECTOR('',#11341,10.);
#2665=VECTOR('',#11344,10.);
#2666=VECTOR('',#11349,10.);
#2667=VECTOR('',#11350,10.);
#2668=VECTOR('',#11353,10.);
#2669=VECTOR('',#11356,10.);
#2670=VECTOR('',#11359,10.);
#2671=VECTOR('',#11362,10.);
#2672=VECTOR('',#11365,10.);
#2673=VECTOR('',#11368,10.);
#2674=VECTOR('',#11373,10.);
#2675=VECTOR('',#11374,10.);
#2676=VECTOR('',#11377,10.);
#2677=VECTOR('',#11380,10.);
#2678=VECTOR('',#11383,10.);
#2679=VECTOR('',#11386,10.);
#2680=VECTOR('',#11389,10.);
#2681=VECTOR('',#11392,10.);
#2682=VECTOR('',#11397,10.);
#2683=VECTOR('',#11398,10.);
#2684=VECTOR('',#11401,10.);
#2685=VECTOR('',#11404,10.);
#2686=VECTOR('',#11407,10.);
#2687=VECTOR('',#11410,10.);
#2688=VECTOR('',#11413,10.);
#2689=VECTOR('',#11416,10.);
#2690=VECTOR('',#11421,10.);
#2691=VECTOR('',#11422,10.);
#2692=VECTOR('',#11425,10.);
#2693=VECTOR('',#11428,10.);
#2694=VECTOR('',#11431,10.);
#2695=VECTOR('',#11434,10.);
#2696=VECTOR('',#11437,10.);
#2697=VECTOR('',#11440,10.);
#2698=VECTOR('',#11445,10.);
#2699=VECTOR('',#11446,10.);
#2700=VECTOR('',#11449,10.);
#2701=VECTOR('',#11452,10.);
#2702=VECTOR('',#11455,10.);
#2703=VECTOR('',#11458,10.);
#2704=VECTOR('',#11461,10.);
#2705=VECTOR('',#11464,10.);
#2706=VECTOR('',#11469,10.);
#2707=VECTOR('',#11470,10.);
#2708=VECTOR('',#11473,10.);
#2709=VECTOR('',#11476,10.);
#2710=VECTOR('',#11479,10.);
#2711=VECTOR('',#11482,10.);
#2712=VECTOR('',#11485,10.);
#2713=VECTOR('',#11488,10.);
#2714=VECTOR('',#11493,10.);
#2715=VECTOR('',#11494,10.);
#2716=VECTOR('',#11497,10.);
#2717=VECTOR('',#11500,10.);
#2718=VECTOR('',#11503,10.);
#2719=VECTOR('',#11506,10.);
#2720=VECTOR('',#11509,10.);
#2721=VECTOR('',#11512,10.);
#2722=VECTOR('',#11517,2.25);
#2723=VECTOR('',#11520,10.);
#2724=VECTOR('',#11521,10.);
#2725=VECTOR('',#11524,10.);
#2726=VECTOR('',#11527,10.);
#2727=VECTOR('',#11530,10.);
#2728=VECTOR('',#11533,10.);
#2729=VECTOR('',#11536,10.);
#2730=VECTOR('',#11539,10.);
#2731=VECTOR('',#11544,10.);
#2732=VECTOR('',#11545,10.);
#2733=VECTOR('',#11548,10.);
#2734=VECTOR('',#11551,10.);
#2735=VECTOR('',#11554,10.);
#2736=VECTOR('',#11557,10.);
#2737=VECTOR('',#11560,10.);
#2738=VECTOR('',#11563,10.);
#2739=VECTOR('',#11568,10.);
#2740=VECTOR('',#11569,10.);
#2741=VECTOR('',#11572,10.);
#2742=VECTOR('',#11575,10.);
#2743=VECTOR('',#11578,10.);
#2744=VECTOR('',#11581,10.);
#2745=VECTOR('',#11584,10.);
#2746=VECTOR('',#11587,10.);
#2747=VECTOR('',#11592,10.);
#2748=VECTOR('',#11593,10.);
#2749=VECTOR('',#11596,10.);
#2750=VECTOR('',#11599,10.);
#2751=VECTOR('',#11602,10.);
#2752=VECTOR('',#11605,10.);
#2753=VECTOR('',#11608,10.);
#2754=VECTOR('',#11611,10.);
#2755=VECTOR('',#11616,10.);
#2756=VECTOR('',#11617,10.);
#2757=VECTOR('',#11620,10.);
#2758=VECTOR('',#11623,10.);
#2759=VECTOR('',#11626,10.);
#2760=VECTOR('',#11629,10.);
#2761=VECTOR('',#11632,10.);
#2762=VECTOR('',#11635,10.);
#2763=VECTOR('',#11640,10.);
#2764=VECTOR('',#11641,10.);
#2765=VECTOR('',#11644,10.);
#2766=VECTOR('',#11647,10.);
#2767=VECTOR('',#11650,10.);
#2768=VECTOR('',#11653,10.);
#2769=VECTOR('',#11656,10.);
#2770=VECTOR('',#11659,10.);
#2771=VECTOR('',#11664,10.);
#2772=VECTOR('',#11667,10.);
#2773=VECTOR('',#11670,10.);
#2774=VECTOR('',#11673,10.);
#2775=VECTOR('',#11676,10.);
#2776=VECTOR('',#11679,10.);
#2777=VECTOR('',#11682,10.);
#2778=VECTOR('',#11687,2.25);
#2779=VECTOR('',#11690,10.);
#2780=VECTOR('',#11693,10.);
#2781=VECTOR('',#11696,10.);
#2782=VECTOR('',#11699,10.);
#2783=VECTOR('',#11702,10.);
#2784=VECTOR('',#11707,10.);
#2785=VECTOR('',#11708,10.);
#2786=VECTOR('',#11711,10.);
#2787=VECTOR('',#11714,10.);
#2788=VECTOR('',#11717,10.);
#2789=VECTOR('',#11720,10.);
#2790=VECTOR('',#11723,10.);
#2791=VECTOR('',#11726,10.);
#2792=VECTOR('',#11731,2.25);
#2793=VECTOR('',#11734,10.);
#2794=VECTOR('',#11735,10.);
#2795=VECTOR('',#11738,10.);
#2796=VECTOR('',#11741,10.);
#2797=VECTOR('',#11744,10.);
#2798=VECTOR('',#11747,10.);
#2799=VECTOR('',#11750,10.);
#2800=VECTOR('',#11753,10.);
#2801=VECTOR('',#11758,10.);
#2802=VECTOR('',#11759,10.);
#2803=VECTOR('',#11762,10.);
#2804=VECTOR('',#11765,10.);
#2805=VECTOR('',#11768,10.);
#2806=VECTOR('',#11771,10.);
#2807=VECTOR('',#11774,10.);
#2808=VECTOR('',#11777,10.);
#2809=VECTOR('',#11782,10.);
#2810=VECTOR('',#11783,10.);
#2811=VECTOR('',#11786,10.);
#2812=VECTOR('',#11789,10.);
#2813=VECTOR('',#11792,10.);
#2814=VECTOR('',#11795,10.);
#2815=VECTOR('',#11798,10.);
#2816=VECTOR('',#11801,10.);
#2817=VECTOR('',#11806,10.);
#2818=VECTOR('',#11807,10.);
#2819=VECTOR('',#11810,10.);
#2820=VECTOR('',#11813,10.);
#2821=VECTOR('',#11816,10.);
#2822=VECTOR('',#11819,10.);
#2823=VECTOR('',#11822,10.);
#2824=VECTOR('',#11825,10.);
#2825=VECTOR('',#11830,2.25);
#2826=VECTOR('',#11833,10.);
#2827=VECTOR('',#11834,10.);
#2828=VECTOR('',#11837,10.);
#2829=VECTOR('',#11840,10.);
#2830=VECTOR('',#11843,10.);
#2831=VECTOR('',#11846,10.);
#2832=VECTOR('',#11849,10.);
#2833=VECTOR('',#11852,10.);
#2834=VECTOR('',#11857,10.);
#2835=VECTOR('',#11858,10.);
#2836=VECTOR('',#11861,10.);
#2837=VECTOR('',#11866,10.);
#2838=VECTOR('',#11867,10.);
#2839=VECTOR('',#11870,10.);
#2840=VECTOR('',#11873,10.);
#2841=VECTOR('',#11876,10.);
#2842=VECTOR('',#11879,10.);
#2843=VECTOR('',#11882,10.);
#2844=VECTOR('',#11885,10.);
#2845=VECTOR('',#11888,10.);
#2846=VECTOR('',#11889,10.);
#2847=VECTOR('',#11892,10.);
#2848=VECTOR('',#11895,10.);
#2849=VECTOR('',#11898,10.);
#2850=VECTOR('',#11901,10.);
#2851=VECTOR('',#11904,10.);
#2852=VECTOR('',#11907,10.);
#2853=VECTOR('',#11910,10.);
#2854=VECTOR('',#11911,10.);
#2855=VECTOR('',#11914,10.);
#2856=VECTOR('',#11917,10.);
#2857=VECTOR('',#11920,10.);
#2858=VECTOR('',#11923,10.);
#2859=VECTOR('',#11926,10.);
#2860=VECTOR('',#11929,10.);
#2861=VECTOR('',#11932,10.);
#2862=VECTOR('',#11933,10.);
#2863=VECTOR('',#11936,10.);
#2864=VECTOR('',#11939,10.);
#2865=VECTOR('',#11942,10.);
#2866=VECTOR('',#11945,10.);
#2867=VECTOR('',#11948,10.);
#2868=VECTOR('',#11951,10.);
#2869=VECTOR('',#11954,10.);
#2870=VECTOR('',#11955,10.);
#2871=VECTOR('',#11956,10.);
#2872=VECTOR('',#11959,10.);
#2873=VECTOR('',#11960,10.);
#2874=VECTOR('',#11963,10.);
#2875=VECTOR('',#11966,10.);
#2876=VECTOR('',#11969,10.);
#2877=VECTOR('',#11972,10.);
#2878=VECTOR('',#11975,10.);
#2879=VECTOR('',#11978,10.);
#2880=VECTOR('',#11981,10.);
#2881=VECTOR('',#11982,10.);
#2882=VECTOR('',#11985,10.);
#2883=VECTOR('',#11988,10.);
#2884=VECTOR('',#11991,10.);
#2885=VECTOR('',#11994,10.);
#2886=VECTOR('',#11997,10.);
#2887=VECTOR('',#12000,10.);
#2888=VECTOR('',#12003,10.);
#2889=VECTOR('',#12004,10.);
#2890=VECTOR('',#12007,10.);
#2891=VECTOR('',#12010,10.);
#2892=VECTOR('',#12013,10.);
#2893=VECTOR('',#12016,10.);
#2894=VECTOR('',#12019,10.);
#2895=VECTOR('',#12022,10.);
#2896=VECTOR('',#12025,10.);
#2897=VECTOR('',#12028,10.);
#2898=VECTOR('',#12031,10.);
#2899=VECTOR('',#12034,10.);
#2900=VECTOR('',#12037,10.);
#2901=VECTOR('',#12040,10.);
#2902=VECTOR('',#12045,10.);
#2903=VECTOR('',#12048,10.);
#2904=VECTOR('',#12051,10.);
#2905=VECTOR('',#12054,10.);
#2906=VECTOR('',#12057,10.);
#2907=VECTOR('',#12060,10.);
#2908=VECTOR('',#12063,10.);
#2909=VECTOR('',#12066,10.);
#2910=VECTOR('',#12069,10.);
#2911=VECTOR('',#12072,10.);
#2912=VECTOR('',#12075,10.);
#2913=VECTOR('',#12078,10.);
#2914=VECTOR('',#12081,10.);
#2915=VECTOR('',#12084,10.);
#2916=VECTOR('',#12089,10.);
#2917=VECTOR('',#12092,10.);
#2918=VECTOR('',#12095,10.);
#2919=VECTOR('',#12112,10.);
#2920=VECTOR('',#12115,10.);
#2921=VECTOR('',#12126,10.);
#2922=VECTOR('',#12127,10.);
#2923=VECTOR('',#12130,10.);
#2924=VECTOR('',#12133,10.);
#2925=VECTOR('',#12136,10.);
#2926=VECTOR('',#12137,10.);
#2927=VECTOR('',#12138,10.);
#2928=VECTOR('',#12139,10.);
#2929=VECTOR('',#12154,10.);
#2930=VECTOR('',#12155,10.);
#2931=VECTOR('',#12158,10.);
#2932=VECTOR('',#12159,10.);
#2933=VECTOR('',#12160,10.);
#2934=VECTOR('',#12161,10.);
#2935=VECTOR('',#12162,10.);
#2936=VECTOR('',#12165,10.);
#2937=VECTOR('',#12174,10.);
#2938=VECTOR('',#12193,10.);
#2939=VECTOR('',#12196,10.);
#2940=VECTOR('',#12199,10.);
#2941=VECTOR('',#12200,10.);
#2942=VECTOR('',#12203,10.);
#2943=VECTOR('',#12206,10.);
#2944=VECTOR('',#12209,10.);
#2945=VECTOR('',#12212,10.);
#2946=VECTOR('',#12213,10.);
#2947=VECTOR('',#12218,10.);
#2948=VECTOR('',#12221,10.);
#2949=VECTOR('',#12222,10.);
#2950=VECTOR('',#12227,10.);
#2951=VECTOR('',#12230,10.);
#2952=VECTOR('',#12231,10.);
#2953=VECTOR('',#12236,10.);
#2954=VECTOR('',#12239,10.);
#2955=VECTOR('',#12240,10.);
#2956=VECTOR('',#12243,10.);
#2957=VECTOR('',#12244,10.);
#2958=VECTOR('',#12259,10.);
#2959=VECTOR('',#12260,10.);
#2960=VECTOR('',#12271,10.);
#2961=VECTOR('',#12274,10.);
#2962=VECTOR('',#12275,10.);
#2963=VECTOR('',#12288,10.);
#2964=VECTOR('',#12289,10.);
#2965=VECTOR('',#12300,10.);
#2966=VECTOR('',#12301,10.);
#2967=VECTOR('',#12302,10.);
#2968=VECTOR('',#12303,10.);
#2969=VECTOR('',#12306,10.);
#2970=VECTOR('',#12309,10.);
#2971=VECTOR('',#12312,10.);
#2972=VECTOR('',#12313,10.);
#2973=VECTOR('',#12316,10.);
#2974=VECTOR('',#12321,10.);
#2975=VECTOR('',#12324,10.);
#2976=VECTOR('',#12329,10.);
#2977=VECTOR('',#12332,10.);
#2978=VECTOR('',#12335,10.);
#2979=VECTOR('',#12352,10.);
#2980=VECTOR('',#12353,10.);
#2981=VECTOR('',#12364,10.);
#2982=VECTOR('',#12375,10.);
#2983=VECTOR('',#12376,10.);
#2984=VECTOR('',#12387,10.);
#2985=VECTOR('',#12388,10.);
#2986=VECTOR('',#12391,10.);
#2987=VECTOR('',#12394,10.);
#2988=VECTOR('',#12397,10.);
#2989=VECTOR('',#12400,10.);
#2990=VECTOR('',#12403,10.);
#2991=VECTOR('',#12406,10.);
#2992=VECTOR('',#12411,10.);
#2993=VECTOR('',#12412,10.);
#2994=VECTOR('',#12413,10.);
#2995=VECTOR('',#12414,10.);
#2996=VECTOR('',#12419,10.);
#2997=VECTOR('',#12424,10.);
#2998=VECTOR('',#12425,10.);
#2999=VECTOR('',#12426,10.);
#3000=VECTOR('',#12431,10.);
#3001=VECTOR('',#12436,10.);
#3002=VECTOR('',#12437,10.);
#3003=VECTOR('',#12440,10.);
#3004=VECTOR('',#12441,10.);
#3005=VECTOR('',#12448,10.);
#3006=VECTOR('',#12449,10.);
#3007=VECTOR('',#12450,10.);
#3008=VECTOR('',#12451,10.);
#3009=VECTOR('',#12454,10.);
#3010=VECTOR('',#12455,10.);
#3011=VECTOR('',#12458,10.);
#3012=VECTOR('',#12461,10.);
#3013=VECTOR('',#12464,10.);
#3014=VECTOR('',#12467,10.);
#3015=VECTOR('',#12468,10.);
#3016=VECTOR('',#12471,10.);
#3017=VECTOR('',#12474,10.);
#3018=VECTOR('',#12475,10.);
#3019=VECTOR('',#12478,10.);
#3020=VECTOR('',#12481,10.);
#3021=VECTOR('',#12482,10.);
#3022=VECTOR('',#12485,10.);
#3023=VECTOR('',#12486,10.);
#3024=VECTOR('',#12489,10.);
#3025=VECTOR('',#12492,10.);
#3026=VECTOR('',#12495,10.);
#3027=VECTOR('',#12502,10.);
#3028=VECTOR('',#12503,10.);
#3029=VECTOR('',#12512,10.);
#3030=VECTOR('',#12515,10.);
#3031=VECTOR('',#12524,10.);
#3032=CIRCLE('',#8993,0.5953125);
#3033=CIRCLE('',#8994,0.5953125);
#3034=CIRCLE('',#8996,3.75);
#3035=CIRCLE('',#8997,3.75);
#3036=CIRCLE('',#8999,0.5953125);
#3037=CIRCLE('',#9000,0.5953125);
#3038=CIRCLE('',#9003,0.5953125);
#3039=CIRCLE('',#9004,0.5953125);
#3040=CIRCLE('',#9006,3.75);
#3041=CIRCLE('',#9007,3.75);
#3042=CIRCLE('',#9009,0.595312499999994);
#3043=CIRCLE('',#9010,0.595312499999994);
#3044=CIRCLE('',#9012,1.396869855811);
#3045=CIRCLE('',#9013,1.7875000517);
#3046=CIRCLE('',#9014,1.78750005166997);
#3047=CIRCLE('',#9015,1.7875000516);
#3048=CIRCLE('',#9016,1.50000000002423);
#3049=CIRCLE('',#9017,1.4999999999486);
#3050=CIRCLE('',#9018,1.50000000006928);
#3051=CIRCLE('',#9019,1.49999999988858);
#3052=CIRCLE('',#9020,1.78750005166901);
#3053=CIRCLE('',#9021,1.396712921974);
#3054=CIRCLE('',#9022,0.5953125);
#3055=CIRCLE('',#9023,1.49999999999999);
#3056=CIRCLE('',#9024,1.5);
#3057=CIRCLE('',#9025,0.5953125);
#3058=CIRCLE('',#9026,1.49999999999999);
#3059=CIRCLE('',#9027,1.50000000000001);
#3060=CIRCLE('',#9028,0.5953125);
#3061=CIRCLE('',#9029,1.49999999999999);
#3062=CIRCLE('',#9030,1.49999999999999);
#3063=CIRCLE('',#9031,0.5953125);
#3064=CIRCLE('',#9032,1.5);
#3065=CIRCLE('',#9033,1.49999999999999);
#3066=CIRCLE('',#9034,1.5);
#3067=CIRCLE('',#9035,1.5);
#3068=CIRCLE('',#9036,1.49999999999994);
#3069=CIRCLE('',#9037,1.50000000000003);
#3070=CIRCLE('',#9038,1.49999999999996);
#3071=CIRCLE('',#9039,1.5);
#3072=CIRCLE('',#9040,1.49999999999994);
#3073=CIRCLE('',#9041,1.5);
#3074=CIRCLE('',#9042,1.49999999999996);
#3075=CIRCLE('',#9043,1.5);
#3076=CIRCLE('',#9044,1.49999999999994);
#3077=CIRCLE('',#9045,1.50000000000002);
#3078=CIRCLE('',#9046,1.49999999999996);
#3079=CIRCLE('',#9047,1.5);
#3080=CIRCLE('',#9048,1.5);
#3081=CIRCLE('',#9049,1.49999999999999);
#3082=CIRCLE('',#9050,1.5);
#3083=CIRCLE('',#9051,1.5);
#3084=CIRCLE('',#9052,1.5);
#3085=CIRCLE('',#9053,1.49999999999999);
#3086=CIRCLE('',#9054,1.5);
#3087=CIRCLE('',#9055,1.49999999999999);
#3088=CIRCLE('',#9056,1.5);
#3089=CIRCLE('',#9057,1.49999999999999);
#3090=CIRCLE('',#9058,1.5);
#3091=CIRCLE('',#9059,1.5);
#3092=CIRCLE('',#9060,1.5);
#3093=CIRCLE('',#9061,1.49999999999998);
#3094=CIRCLE('',#9062,1.5);
#3095=CIRCLE('',#9063,1.5);
#3096=CIRCLE('',#9064,1.5);
#3097=CIRCLE('',#9065,1.50000000000001);
#3098=CIRCLE('',#9066,1.5);
#3099=CIRCLE('',#9067,1.49999999999999);
#3100=CIRCLE('',#9068,2.25);
#3101=CIRCLE('',#9069,1.5);
#3102=CIRCLE('',#9070,1.50000000000001);
#3103=CIRCLE('',#9071,1.5);
#3104=CIRCLE('',#9072,1.49999999999999);
#3105=CIRCLE('',#9073,1.4999999999486);
#3106=CIRCLE('',#9074,1.50000000006928);
#3107=CIRCLE('',#9075,1.49999999988858);
#3108=CIRCLE('',#9076,1.50000000002423);
#3109=CIRCLE('',#9077,1.5);
#3110=CIRCLE('',#9078,1.50000000000001);
#3111=CIRCLE('',#9079,1.5);
#3112=CIRCLE('',#9080,1.49999999999999);
#3113=CIRCLE('',#9081,1.50000000000001);
#3114=CIRCLE('',#9082,1.50000000000002);
#3115=CIRCLE('',#9083,1.5);
#3116=CIRCLE('',#9084,1.49999999999999);
#3117=CIRCLE('',#9085,2.25);
#3118=CIRCLE('',#9086,1.5);
#3119=CIRCLE('',#9087,1.50000000000001);
#3120=CIRCLE('',#9088,1.5);
#3121=CIRCLE('',#9089,1.49999999999999);
#3122=CIRCLE('',#9090,1.5);
#3123=CIRCLE('',#9091,1.50000000000001);
#3124=CIRCLE('',#9092,1.5);
#3125=CIRCLE('',#9093,2.25);
#3126=CIRCLE('',#9094,1.49999999999999);
#3127=CIRCLE('',#9095,1.5);
#3128=CIRCLE('',#9096,1.5);
#3129=CIRCLE('',#9097,1.5);
#3130=CIRCLE('',#9098,1.4999999999486);
#3131=CIRCLE('',#9099,1.50000000006928);
#3132=CIRCLE('',#9100,1.49999999988858);
#3133=CIRCLE('',#9101,1.50000000002423);
#3134=CIRCLE('',#9102,1.4999999999486);
#3135=CIRCLE('',#9103,1.50000000006928);
#3136=CIRCLE('',#9104,1.49999999988858);
#3137=CIRCLE('',#9105,1.50000000002423);
#3138=CIRCLE('',#9106,1.4999999999486);
#3139=CIRCLE('',#9107,1.50000000006928);
#3140=CIRCLE('',#9108,1.49999999988858);
#3141=CIRCLE('',#9109,1.50000000002423);
#3142=CIRCLE('',#9110,1.5);
#3143=CIRCLE('',#9111,1.50000000000001);
#3144=CIRCLE('',#9112,1.5);
#3145=CIRCLE('',#9113,1.49999999999999);
#3146=CIRCLE('',#9114,1.50000000000001);
#3147=CIRCLE('',#9115,1.50000000000002);
#3148=CIRCLE('',#9116,1.5);
#3149=CIRCLE('',#9117,1.49999999999999);
#3150=CIRCLE('',#9118,1.50000000000001);
#3151=CIRCLE('',#9119,1.50000000000002);
#3152=CIRCLE('',#9120,1.5);
#3153=CIRCLE('',#9121,1.49999999999998);
#3154=CIRCLE('',#9122,2.25);
#3155=CIRCLE('',#9123,1.4999999999486);
#3156=CIRCLE('',#9124,1.50000000006926);
#3157=CIRCLE('',#9125,1.49999999988858);
#3158=CIRCLE('',#9126,1.50000000002423);
#3159=CIRCLE('',#9127,1.4999999999486);
#3160=CIRCLE('',#9128,1.50000000006928);
#3161=CIRCLE('',#9129,1.49999999988858);
#3162=CIRCLE('',#9130,1.50000000002423);
#3163=CIRCLE('',#9131,1.4999999999486);
#3164=CIRCLE('',#9132,1.50000000006928);
#3165=CIRCLE('',#9133,1.49999999988858);
#3166=CIRCLE('',#9134,1.50000000002423);
#3167=CIRCLE('',#9135,1.50000000000001);
#3168=CIRCLE('',#9136,1.50000000000002);
#3169=CIRCLE('',#9137,1.5);
#3170=CIRCLE('',#9138,1.49999999999999);
#3171=CIRCLE('',#9139,1.4999999999486);
#3172=CIRCLE('',#9140,1.50000000006928);
#3173=CIRCLE('',#9141,1.49999999988858);
#3174=CIRCLE('',#9142,1.50000000002423);
#3175=CIRCLE('',#9143,1.4999999999486);
#3176=CIRCLE('',#9144,1.50000000006928);
#3177=CIRCLE('',#9145,1.49999999988858);
#3178=CIRCLE('',#9146,1.50000000002423);
#3179=CIRCLE('',#9147,1.50000000000001);
#3180=CIRCLE('',#9148,1.50000000000002);
#3181=CIRCLE('',#9149,1.5);
#3182=CIRCLE('',#9150,1.49999999999999);
#3183=CIRCLE('',#9151,1.50000000000003);
#3184=CIRCLE('',#9152,1.50000000000004);
#3185=CIRCLE('',#9153,1.5);
#3186=CIRCLE('',#9154,1.50000000000002);
#3187=CIRCLE('',#9155,1.5);
#3188=CIRCLE('',#9156,1.50000000000001);
#3189=CIRCLE('',#9157,1.5);
#3190=CIRCLE('',#9158,1.49999999999999);
#3191=CIRCLE('',#9159,1.50000000000001);
#3192=CIRCLE('',#9160,1.50000000000002);
#3193=CIRCLE('',#9161,1.5);
#3194=CIRCLE('',#9162,1.49999999999999);
#3195=CIRCLE('',#9163,1.49999999999998);
#3196=CIRCLE('',#9164,1.50000000000723);
#3197=CIRCLE('',#9165,1.5);
#3198=CIRCLE('',#9166,1.5);
#3199=CIRCLE('',#9167,1.4999999999486);
#3200=CIRCLE('',#9168,1.50000000006928);
#3201=CIRCLE('',#9169,1.49999999988858);
#3202=CIRCLE('',#9170,1.50000000002423);
#3203=CIRCLE('',#9171,1.50000000000001);
#3204=CIRCLE('',#9172,1.50000000000002);
#3205=CIRCLE('',#9173,1.5);
#3206=CIRCLE('',#9174,1.49999999999999);
#3207=CIRCLE('',#9175,1.5);
#3208=CIRCLE('',#9176,1.50000000000001);
#3209=CIRCLE('',#9177,1.5);
#3210=CIRCLE('',#9178,1.49999999999999);
#3211=CIRCLE('',#9179,1.5);
#3212=CIRCLE('',#9180,1.5);
#3213=CIRCLE('',#9181,1.5);
#3214=CIRCLE('',#9182,1.5);
#3215=CIRCLE('',#9183,1.5);
#3216=CIRCLE('',#9184,1.50000000000001);
#3217=CIRCLE('',#9185,1.5);
#3218=CIRCLE('',#9186,1.49999999999999);
#3219=CIRCLE('',#9187,1.50000000000001);
#3220=CIRCLE('',#9188,1.50000000000002);
#3221=CIRCLE('',#9189,1.5);
#3222=CIRCLE('',#9190,1.49999999999999);
#3223=CIRCLE('',#9191,1.4999999999486);
#3224=CIRCLE('',#9192,1.50000000006928);
#3225=CIRCLE('',#9193,1.49999999988858);
#3226=CIRCLE('',#9194,1.50000000002423);
#3227=CIRCLE('',#9197,0.5953125);
#3228=CIRCLE('',#9198,1.49999999999999);
#3229=CIRCLE('',#9199,1.49999999999999);
#3230=CIRCLE('',#9200,0.5953125);
#3231=CIRCLE('',#9201,1.50000000000001);
#3232=CIRCLE('',#9202,1.49999999999999);
#3233=CIRCLE('',#9203,0.5953125);
#3234=CIRCLE('',#9204,1.5);
#3235=CIRCLE('',#9205,1.49999999999999);
#3236=CIRCLE('',#9206,0.5953125);
#3237=CIRCLE('',#9207,1.396712921974);
#3238=CIRCLE('',#9208,0.396712921974001);
#3239=CIRCLE('',#9209,0.596934466496968);
#3240=CIRCLE('',#9210,1.78750005166901);
#3241=CIRCLE('',#9211,1.49999999988858);
#3242=CIRCLE('',#9212,1.50000000006928);
#3243=CIRCLE('',#9213,1.4999999999486);
#3244=CIRCLE('',#9214,1.50000000002423);
#3245=CIRCLE('',#9215,1.7875000516);
#3246=CIRCLE('',#9216,1.78750005166997);
#3247=CIRCLE('',#9217,1.7875000517);
#3248=CIRCLE('',#9218,0.596869101194623);
#3249=CIRCLE('',#9219,0.396869855810999);
#3250=CIRCLE('',#9220,1.396869855811);
#3251=CIRCLE('',#9221,1.5);
#3252=CIRCLE('',#9222,1.5);
#3253=CIRCLE('',#9223,1.5);
#3254=CIRCLE('',#9224,1.49999999999999);
#3255=CIRCLE('',#9225,1.5);
#3256=CIRCLE('',#9226,1.5);
#3257=CIRCLE('',#9227,1.5);
#3258=CIRCLE('',#9228,1.49999999999998);
#3259=CIRCLE('',#9229,1.5);
#3260=CIRCLE('',#9230,1.5);
#3261=CIRCLE('',#9231,1.5);
#3262=CIRCLE('',#9232,1.49999999999999);
#3263=CIRCLE('',#9233,1.5);
#3264=CIRCLE('',#9234,1.49999999999996);
#3265=CIRCLE('',#9235,1.50000000000003);
#3266=CIRCLE('',#9236,1.49999999999994);
#3267=CIRCLE('',#9237,1.5);
#3268=CIRCLE('',#9238,1.49999999999996);
#3269=CIRCLE('',#9239,1.5);
#3270=CIRCLE('',#9240,1.49999999999994);
#3271=CIRCLE('',#9241,1.5);
#3272=CIRCLE('',#9242,1.49999999999996);
#3273=CIRCLE('',#9243,1.50000000000002);
#3274=CIRCLE('',#9244,1.49999999999994);
#3275=CIRCLE('',#9245,1.5);
#3276=CIRCLE('',#9246,1.5);
#3277=CIRCLE('',#9247,1.49999999999999);
#3278=CIRCLE('',#9248,1.5);
#3279=CIRCLE('',#9249,1.49999999999999);
#3280=CIRCLE('',#9250,1.5);
#3281=CIRCLE('',#9251,1.49999999999999);
#3282=CIRCLE('',#9252,1.5);
#3283=CIRCLE('',#9253,1.5);
#3284=CIRCLE('',#9254,1.5);
#3285=CIRCLE('',#9255,1.49999999999999);
#3286=CIRCLE('',#9256,1.5);
#3287=CIRCLE('',#9257,1.4999999999486);
#3288=CIRCLE('',#9258,1.50000000002423);
#3289=CIRCLE('',#9259,1.49999999988858);
#3290=CIRCLE('',#9260,1.50000000006928);
#3291=CIRCLE('',#9261,1.50000000000001);
#3292=CIRCLE('',#9262,1.49999999999999);
#3293=CIRCLE('',#9263,1.5);
#3294=CIRCLE('',#9264,1.50000000000002);
#3295=CIRCLE('',#9265,1.5);
#3296=CIRCLE('',#9266,1.49999999999999);
#3297=CIRCLE('',#9267,1.5);
#3298=CIRCLE('',#9268,1.50000000000001);
#3299=CIRCLE('',#9269,1.5);
#3300=CIRCLE('',#9270,1.5);
#3301=CIRCLE('',#9271,1.5);
#3302=CIRCLE('',#9272,1.5);
#3303=CIRCLE('',#9273,1.5);
#3304=CIRCLE('',#9274,1.49999999999999);
#3305=CIRCLE('',#9275,1.5);
#3306=CIRCLE('',#9276,1.50000000000001);
#3307=CIRCLE('',#9277,1.50000000000001);
#3308=CIRCLE('',#9278,1.49999999999999);
#3309=CIRCLE('',#9279,1.5);
#3310=CIRCLE('',#9280,1.50000000000002);
#3311=CIRCLE('',#9281,1.4999999999486);
#3312=CIRCLE('',#9282,1.50000000002423);
#3313=CIRCLE('',#9283,1.49999999988858);
#3314=CIRCLE('',#9284,1.50000000006928);
#3315=CIRCLE('',#9285,1.49999999999998);
#3316=CIRCLE('',#9286,1.5);
#3317=CIRCLE('',#9287,1.5);
#3318=CIRCLE('',#9288,1.50000000000723);
#3319=CIRCLE('',#9289,1.50000000000001);
#3320=CIRCLE('',#9290,1.49999999999999);
#3321=CIRCLE('',#9291,1.5);
#3322=CIRCLE('',#9292,1.50000000000002);
#3323=CIRCLE('',#9293,1.5);
#3324=CIRCLE('',#9294,1.49999999999999);
#3325=CIRCLE('',#9295,1.5);
#3326=CIRCLE('',#9296,1.50000000000001);
#3327=CIRCLE('',#9297,1.50000000000003);
#3328=CIRCLE('',#9298,1.50000000000002);
#3329=CIRCLE('',#9299,1.5);
#3330=CIRCLE('',#9300,1.50000000000004);
#3331=CIRCLE('',#9301,1.50000000000001);
#3332=CIRCLE('',#9302,1.49999999999999);
#3333=CIRCLE('',#9303,1.5);
#3334=CIRCLE('',#9304,1.50000000000002);
#3335=CIRCLE('',#9305,1.4999999999486);
#3336=CIRCLE('',#9306,1.50000000002423);
#3337=CIRCLE('',#9307,1.49999999988858);
#3338=CIRCLE('',#9308,1.50000000006928);
#3339=CIRCLE('',#9309,1.4999999999486);
#3340=CIRCLE('',#9310,1.50000000002423);
#3341=CIRCLE('',#9311,1.49999999988858);
#3342=CIRCLE('',#9312,1.50000000006928);
#3343=CIRCLE('',#9313,1.50000000000001);
#3344=CIRCLE('',#9314,1.49999999999999);
#3345=CIRCLE('',#9315,1.5);
#3346=CIRCLE('',#9316,1.50000000000002);
#3347=CIRCLE('',#9317,1.4999999999486);
#3348=CIRCLE('',#9318,1.50000000002423);
#3349=CIRCLE('',#9319,1.49999999988858);
#3350=CIRCLE('',#9320,1.50000000006928);
#3351=CIRCLE('',#9321,1.4999999999486);
#3352=CIRCLE('',#9322,1.50000000002423);
#3353=CIRCLE('',#9323,1.49999999988858);
#3354=CIRCLE('',#9324,1.50000000006928);
#3355=CIRCLE('',#9325,1.4999999999486);
#3356=CIRCLE('',#9326,1.50000000002423);
#3357=CIRCLE('',#9327,1.49999999988858);
#3358=CIRCLE('',#9328,1.50000000006926);
#3359=CIRCLE('',#9329,2.25);
#3360=CIRCLE('',#9330,1.50000000000001);
#3361=CIRCLE('',#9331,1.49999999999998);
#3362=CIRCLE('',#9332,1.5);
#3363=CIRCLE('',#9333,1.50000000000002);
#3364=CIRCLE('',#9334,1.50000000000001);
#3365=CIRCLE('',#9335,1.49999999999999);
#3366=CIRCLE('',#9336,1.5);
#3367=CIRCLE('',#9337,1.50000000000002);
#3368=CIRCLE('',#9338,1.5);
#3369=CIRCLE('',#9339,1.49999999999999);
#3370=CIRCLE('',#9340,1.5);
#3371=CIRCLE('',#9341,1.50000000000001);
#3372=CIRCLE('',#9342,1.4999999999486);
#3373=CIRCLE('',#9343,1.50000000002423);
#3374=CIRCLE('',#9344,1.49999999988858);
#3375=CIRCLE('',#9345,1.50000000006928);
#3376=CIRCLE('',#9346,1.4999999999486);
#3377=CIRCLE('',#9347,1.50000000002423);
#3378=CIRCLE('',#9348,1.49999999988858);
#3379=CIRCLE('',#9349,1.50000000006928);
#3380=CIRCLE('',#9350,1.4999999999486);
#3381=CIRCLE('',#9351,1.50000000002423);
#3382=CIRCLE('',#9352,1.49999999988858);
#3383=CIRCLE('',#9353,1.50000000006928);
#3384=CIRCLE('',#9354,2.25);
#3385=CIRCLE('',#9355,1.5);
#3386=CIRCLE('',#9356,1.5);
#3387=CIRCLE('',#9357,1.50000000000001);
#3388=CIRCLE('',#9358,1.5);
#3389=CIRCLE('',#9359,1.49999999999999);
#3390=CIRCLE('',#9360,1.5);
#3391=CIRCLE('',#9361,1.50000000000001);
#3392=CIRCLE('',#9362,2.25);
#3393=CIRCLE('',#9363,1.50000000000001);
#3394=CIRCLE('',#9364,1.49999999999999);
#3395=CIRCLE('',#9365,1.5);
#3396=CIRCLE('',#9366,1.50000000000002);
#3397=CIRCLE('',#9367,1.5);
#3398=CIRCLE('',#9368,1.49999999999999);
#3399=CIRCLE('',#9369,1.5);
#3400=CIRCLE('',#9370,1.50000000000001);
#3401=CIRCLE('',#9371,1.4999999999486);
#3402=CIRCLE('',#9372,1.50000000002423);
#3403=CIRCLE('',#9373,1.49999999988858);
#3404=CIRCLE('',#9374,1.50000000006928);
#3405=CIRCLE('',#9375,1.5);
#3406=CIRCLE('',#9376,1.49999999999999);
#3407=CIRCLE('',#9377,1.5);
#3408=CIRCLE('',#9378,1.50000000000001);
#3409=CIRCLE('',#9379,2.25);
#3410=CIRCLE('',#9380,1.5);
#3411=CIRCLE('',#9381,1.49999999999999);
#3412=CIRCLE('',#9382,1.5);
#3413=CIRCLE('',#9383,1.50000000000001);
#3414=CIRCLE('',#9734,0.396875000000001);
#3415=CIRCLE('',#9735,0.396875);
#3416=CIRCLE('',#9737,0.396875000000001);
#3417=CIRCLE('',#9738,1.5875);
#3418=CIRCLE('',#9739,1.190625);
#3419=CIRCLE('',#9742,1.190625);
#3420=CIRCLE('',#9744,0.396875000000001);
#3421=CIRCLE('',#9746,0.396875000000003);
#3422=CIRCLE('',#9747,1.5875);
#3423=CIRCLE('',#9748,1.190625);
#3424=CIRCLE('',#9750,0.396875);
#3425=CIRCLE('',#9753,1.190625);
#3426=CIRCLE('',#9755,0.396666666666667);
#3427=CIRCLE('',#9756,0.396666666666665);
#3428=CIRCLE('',#9758,0.396666666666666);
#3429=CIRCLE('',#9759,1.58729166666667);
#3430=CIRCLE('',#9760,0.396666666666667);
#3431=CIRCLE('',#9762,0.396666666666665);
#3432=CIRCLE('',#9763,1.58729166666667);
#3433=CIRCLE('',#9765,0.396666666666667);
#3434=CIRCLE('',#9770,0.596869101194623);
#3435=CIRCLE('',#9773,0.396869855810999);
#3436=CIRCLE('',#9776,0.396712921974001);
#3437=CIRCLE('',#9779,0.596934466496968);
#3438=CIRCLE('',#9783,1.50000000000001);
#3439=CIRCLE('',#9784,3.78750005166998);
#3440=CIRCLE('',#9785,1.5);
#3441=CIRCLE('',#9786,2.28750005166998);
#3442=CIRCLE('',#9788,1.5);
#3443=CIRCLE('',#9790,1.5);
#3444=CIRCLE('',#9791,2.2875000517);
#3445=CIRCLE('',#9792,3.7875000517);
#3446=CIRCLE('',#9794,1.49999999720466);
#3447=CIRCLE('',#9796,1.5);
#3448=CIRCLE('',#9797,2.28750005166902);
#3449=CIRCLE('',#9798,3.78750005166902);
#3450=CIRCLE('',#9800,1.5);
#3451=CIRCLE('',#9802,1.5);
#3452=CIRCLE('',#9803,2.2875000516);
#3453=CIRCLE('',#9804,3.7875000516);
#3454=CIRCLE('',#9807,3.7875000517);
#3455=CIRCLE('',#9810,3.78750005166998);
#3456=CIRCLE('',#9812,0.499999999999998);
#3457=CIRCLE('',#9814,1.7875000517);
#3458=CIRCLE('',#9815,1.78750005166997);
#3459=CIRCLE('',#9816,1.7875000516);
#3460=CIRCLE('',#9817,1.78750005166901);
#3461=CIRCLE('',#9819,1.50000000000001);
#3462=CIRCLE('',#9820,3.78750005166902);
#3463=CIRCLE('',#9821,1.49999999999999);
#3464=CIRCLE('',#9822,2.28750005166902);
#3465=CIRCLE('',#9824,1.50000000216882);
#3466=CIRCLE('',#9826,1.5);
#3467=CIRCLE('',#9827,2.2875000517);
#3468=CIRCLE('',#9829,1.5);
#3469=CIRCLE('',#9831,1.5);
#3470=CIRCLE('',#9832,2.28750005166998);
#3471=CIRCLE('',#9834,1.49999999999999);
#3472=CIRCLE('',#9836,1.5);
#3473=CIRCLE('',#9837,2.2875000516);
#3474=CIRCLE('',#9838,3.7875000516);
#3475=CIRCLE('',#9843,1.78750005166901);
#3476=CIRCLE('',#9844,1.7875000516);
#3477=CIRCLE('',#9845,1.78750005166997);
#3478=CIRCLE('',#9846,1.7875000517);
#3479=CIRCLE('',#9849,0.500000000000003);
#3480=CIRCLE('',#9850,0.500000000000003);
#3481=CIRCLE('',#9853,0.5);
#3482=CIRCLE('',#9854,0.5);
#3483=CIRCLE('',#9858,0.5);
#3484=VERTEX_POINT('',#12529);
#3485=VERTEX_POINT('',#12530);
#3486=VERTEX_POINT('',#12532);
#3487=VERTEX_POINT('',#12534);
#3488=VERTEX_POINT('',#12538);
#3489=VERTEX_POINT('',#12540);
#3490=VERTEX_POINT('',#12544);
#3491=VERTEX_POINT('',#12546);
#3492=VERTEX_POINT('',#12550);
#3493=VERTEX_POINT('',#12552);
#3494=VERTEX_POINT('',#12556);
#3495=VERTEX_POINT('',#12557);
#3496=VERTEX_POINT('',#12559);
#3497=VERTEX_POINT('',#12561);
#3498=VERTEX_POINT('',#12565);
#3499=VERTEX_POINT('',#12567);
#3500=VERTEX_POINT('',#12571);
#3501=VERTEX_POINT('',#12573);
#3502=VERTEX_POINT('',#12577);
#3503=VERTEX_POINT('',#12578);
#3504=VERTEX_POINT('',#12580);
#3505=VERTEX_POINT('',#12582);
#3506=VERTEX_POINT('',#12584);
#3507=VERTEX_POINT('',#12586);
#3508=VERTEX_POINT('',#12588);
#3509=VERTEX_POINT('',#12590);
#3510=VERTEX_POINT('',#12592);
#3511=VERTEX_POINT('',#12594);
#3512=VERTEX_POINT('',#12596);
#3513=VERTEX_POINT('',#12598);
#3514=VERTEX_POINT('',#12600);
#3515=VERTEX_POINT('',#12602);
#3516=VERTEX_POINT('',#12604);
#3517=VERTEX_POINT('',#12606);
#3518=VERTEX_POINT('',#12608);
#3519=VERTEX_POINT('',#12610);
#3520=VERTEX_POINT('',#12612);
#3521=VERTEX_POINT('',#12614);
#3522=VERTEX_POINT('',#12616);
#3523=VERTEX_POINT('',#12618);
#3524=VERTEX_POINT('',#12620);
#3525=VERTEX_POINT('',#12622);
#3526=VERTEX_POINT('',#12624);
#3527=VERTEX_POINT('',#12626);
#3528=VERTEX_POINT('',#12628);
#3529=VERTEX_POINT('',#12630);
#3530=VERTEX_POINT('',#12632);
#3531=VERTEX_POINT('',#12634);
#3532=VERTEX_POINT('',#12636);
#3533=VERTEX_POINT('',#12638);
#3534=VERTEX_POINT('',#12640);
#3535=VERTEX_POINT('',#12642);
#3536=VERTEX_POINT('',#12644);
#3537=VERTEX_POINT('',#12646);
#3538=VERTEX_POINT('',#12648);
#3539=VERTEX_POINT('',#12650);
#3540=VERTEX_POINT('',#12652);
#3541=VERTEX_POINT('',#12654);
#3542=VERTEX_POINT('',#12656);
#3543=VERTEX_POINT('',#12658);
#3544=VERTEX_POINT('',#12660);
#3545=VERTEX_POINT('',#12662);
#3546=VERTEX_POINT('',#12664);
#3547=VERTEX_POINT('',#12666);
#3548=VERTEX_POINT('',#12668);
#3549=VERTEX_POINT('',#12670);
#3550=VERTEX_POINT('',#12673);
#3551=VERTEX_POINT('',#12674);
#3552=VERTEX_POINT('',#12676);
#3553=VERTEX_POINT('',#12678);
#3554=VERTEX_POINT('',#12680);
#3555=VERTEX_POINT('',#12682);
#3556=VERTEX_POINT('',#12684);
#3557=VERTEX_POINT('',#12686);
#3558=VERTEX_POINT('',#12689);
#3559=VERTEX_POINT('',#12690);
#3560=VERTEX_POINT('',#12692);
#3561=VERTEX_POINT('',#12694);
#3562=VERTEX_POINT('',#12696);
#3563=VERTEX_POINT('',#12698);
#3564=VERTEX_POINT('',#12700);
#3565=VERTEX_POINT('',#12702);
#3566=VERTEX_POINT('',#12705);
#3567=VERTEX_POINT('',#12706);
#3568=VERTEX_POINT('',#12708);
#3569=VERTEX_POINT('',#12710);
#3570=VERTEX_POINT('',#12712);
#3571=VERTEX_POINT('',#12714);
#3572=VERTEX_POINT('',#12716);
#3573=VERTEX_POINT('',#12718);
#3574=VERTEX_POINT('',#12721);
#3575=VERTEX_POINT('',#12722);
#3576=VERTEX_POINT('',#12724);
#3577=VERTEX_POINT('',#12726);
#3578=VERTEX_POINT('',#12728);
#3579=VERTEX_POINT('',#12730);
#3580=VERTEX_POINT('',#12732);
#3581=VERTEX_POINT('',#12734);
#3582=VERTEX_POINT('',#12737);
#3583=VERTEX_POINT('',#12738);
#3584=VERTEX_POINT('',#12740);
#3585=VERTEX_POINT('',#12742);
#3586=VERTEX_POINT('',#12744);
#3587=VERTEX_POINT('',#12746);
#3588=VERTEX_POINT('',#12748);
#3589=VERTEX_POINT('',#12750);
#3590=VERTEX_POINT('',#12753);
#3591=VERTEX_POINT('',#12754);
#3592=VERTEX_POINT('',#12756);
#3593=VERTEX_POINT('',#12758);
#3594=VERTEX_POINT('',#12760);
#3595=VERTEX_POINT('',#12762);
#3596=VERTEX_POINT('',#12764);
#3597=VERTEX_POINT('',#12766);
#3598=VERTEX_POINT('',#12769);
#3599=VERTEX_POINT('',#12770);
#3600=VERTEX_POINT('',#12772);
#3601=VERTEX_POINT('',#12774);
#3602=VERTEX_POINT('',#12776);
#3603=VERTEX_POINT('',#12778);
#3604=VERTEX_POINT('',#12780);
#3605=VERTEX_POINT('',#12782);
#3606=VERTEX_POINT('',#12785);
#3607=VERTEX_POINT('',#12786);
#3608=VERTEX_POINT('',#12788);
#3609=VERTEX_POINT('',#12790);
#3610=VERTEX_POINT('',#12792);
#3611=VERTEX_POINT('',#12794);
#3612=VERTEX_POINT('',#12796);
#3613=VERTEX_POINT('',#12798);
#3614=VERTEX_POINT('',#12801);
#3615=VERTEX_POINT('',#12802);
#3616=VERTEX_POINT('',#12804);
#3617=VERTEX_POINT('',#12806);
#3618=VERTEX_POINT('',#12808);
#3619=VERTEX_POINT('',#12810);
#3620=VERTEX_POINT('',#12812);
#3621=VERTEX_POINT('',#12814);
#3622=VERTEX_POINT('',#12817);
#3623=VERTEX_POINT('',#12819);
#3624=VERTEX_POINT('',#12820);
#3625=VERTEX_POINT('',#12822);
#3626=VERTEX_POINT('',#12824);
#3627=VERTEX_POINT('',#12826);
#3628=VERTEX_POINT('',#12828);
#3629=VERTEX_POINT('',#12830);
#3630=VERTEX_POINT('',#12832);
#3631=VERTEX_POINT('',#12835);
#3632=VERTEX_POINT('',#12836);
#3633=VERTEX_POINT('',#12838);
#3634=VERTEX_POINT('',#12840);
#3635=VERTEX_POINT('',#12842);
#3636=VERTEX_POINT('',#12844);
#3637=VERTEX_POINT('',#12846);
#3638=VERTEX_POINT('',#12848);
#3639=VERTEX_POINT('',#12851);
#3640=VERTEX_POINT('',#12852);
#3641=VERTEX_POINT('',#12854);
#3642=VERTEX_POINT('',#12856);
#3643=VERTEX_POINT('',#12858);
#3644=VERTEX_POINT('',#12860);
#3645=VERTEX_POINT('',#12862);
#3646=VERTEX_POINT('',#12864);
#3647=VERTEX_POINT('',#12867);
#3648=VERTEX_POINT('',#12868);
#3649=VERTEX_POINT('',#12870);
#3650=VERTEX_POINT('',#12872);
#3651=VERTEX_POINT('',#12874);
#3652=VERTEX_POINT('',#12876);
#3653=VERTEX_POINT('',#12878);
#3654=VERTEX_POINT('',#12880);
#3655=VERTEX_POINT('',#12883);
#3656=VERTEX_POINT('',#12885);
#3657=VERTEX_POINT('',#12886);
#3658=VERTEX_POINT('',#12888);
#3659=VERTEX_POINT('',#12890);
#3660=VERTEX_POINT('',#12892);
#3661=VERTEX_POINT('',#12894);
#3662=VERTEX_POINT('',#12896);
#3663=VERTEX_POINT('',#12898);
#3664=VERTEX_POINT('',#12901);
#3665=VERTEX_POINT('',#12903);
#3666=VERTEX_POINT('',#12905);
#3667=VERTEX_POINT('',#12907);
#3668=VERTEX_POINT('',#12909);
#3669=VERTEX_POINT('',#12912);
#3670=VERTEX_POINT('',#12914);
#3671=VERTEX_POINT('',#12916);
#3672=VERTEX_POINT('',#12918);
#3673=VERTEX_POINT('',#12920);
#3674=VERTEX_POINT('',#12922);
#3675=VERTEX_POINT('',#12924);
#3676=VERTEX_POINT('',#12926);
#3677=VERTEX_POINT('',#12929);
#3678=VERTEX_POINT('',#12930);
#3679=VERTEX_POINT('',#12932);
#3680=VERTEX_POINT('',#12934);
#3681=VERTEX_POINT('',#12936);
#3682=VERTEX_POINT('',#12938);
#3683=VERTEX_POINT('',#12940);
#3684=VERTEX_POINT('',#12942);
#3685=VERTEX_POINT('',#12945);
#3686=VERTEX_POINT('',#12946);
#3687=VERTEX_POINT('',#12948);
#3688=VERTEX_POINT('',#12950);
#3689=VERTEX_POINT('',#12952);
#3690=VERTEX_POINT('',#12954);
#3691=VERTEX_POINT('',#12956);
#3692=VERTEX_POINT('',#12958);
#3693=VERTEX_POINT('',#12961);
#3694=VERTEX_POINT('',#12962);
#3695=VERTEX_POINT('',#12964);
#3696=VERTEX_POINT('',#12966);
#3697=VERTEX_POINT('',#12968);
#3698=VERTEX_POINT('',#12970);
#3699=VERTEX_POINT('',#12972);
#3700=VERTEX_POINT('',#12974);
#3701=VERTEX_POINT('',#12977);
#3702=VERTEX_POINT('',#12978);
#3703=VERTEX_POINT('',#12980);
#3704=VERTEX_POINT('',#12982);
#3705=VERTEX_POINT('',#12984);
#3706=VERTEX_POINT('',#12986);
#3707=VERTEX_POINT('',#12988);
#3708=VERTEX_POINT('',#12990);
#3709=VERTEX_POINT('',#12993);
#3710=VERTEX_POINT('',#12994);
#3711=VERTEX_POINT('',#12996);
#3712=VERTEX_POINT('',#12998);
#3713=VERTEX_POINT('',#13000);
#3714=VERTEX_POINT('',#13002);
#3715=VERTEX_POINT('',#13004);
#3716=VERTEX_POINT('',#13006);
#3717=VERTEX_POINT('',#13009);
#3718=VERTEX_POINT('',#13010);
#3719=VERTEX_POINT('',#13012);
#3720=VERTEX_POINT('',#13014);
#3721=VERTEX_POINT('',#13016);
#3722=VERTEX_POINT('',#13018);
#3723=VERTEX_POINT('',#13020);
#3724=VERTEX_POINT('',#13022);
#3725=VERTEX_POINT('',#13025);
#3726=VERTEX_POINT('',#13027);
#3727=VERTEX_POINT('',#13028);
#3728=VERTEX_POINT('',#13030);
#3729=VERTEX_POINT('',#13032);
#3730=VERTEX_POINT('',#13034);
#3731=VERTEX_POINT('',#13036);
#3732=VERTEX_POINT('',#13038);
#3733=VERTEX_POINT('',#13040);
#3734=VERTEX_POINT('',#13043);
#3735=VERTEX_POINT('',#13044);
#3736=VERTEX_POINT('',#13046);
#3737=VERTEX_POINT('',#13048);
#3738=VERTEX_POINT('',#13050);
#3739=VERTEX_POINT('',#13052);
#3740=VERTEX_POINT('',#13054);
#3741=VERTEX_POINT('',#13056);
#3742=VERTEX_POINT('',#13059);
#3743=VERTEX_POINT('',#13060);
#3744=VERTEX_POINT('',#13062);
#3745=VERTEX_POINT('',#13064);
#3746=VERTEX_POINT('',#13066);
#3747=VERTEX_POINT('',#13068);
#3748=VERTEX_POINT('',#13070);
#3749=VERTEX_POINT('',#13072);
#3750=VERTEX_POINT('',#13075);
#3751=VERTEX_POINT('',#13076);
#3752=VERTEX_POINT('',#13078);
#3753=VERTEX_POINT('',#13080);
#3754=VERTEX_POINT('',#13082);
#3755=VERTEX_POINT('',#13084);
#3756=VERTEX_POINT('',#13086);
#3757=VERTEX_POINT('',#13088);
#3758=VERTEX_POINT('',#13091);
#3759=VERTEX_POINT('',#13092);
#3760=VERTEX_POINT('',#13094);
#3761=VERTEX_POINT('',#13096);
#3762=VERTEX_POINT('',#13098);
#3763=VERTEX_POINT('',#13100);
#3764=VERTEX_POINT('',#13102);
#3765=VERTEX_POINT('',#13104);
#3766=VERTEX_POINT('',#13107);
#3767=VERTEX_POINT('',#13108);
#3768=VERTEX_POINT('',#13110);
#3769=VERTEX_POINT('',#13112);
#3770=VERTEX_POINT('',#13114);
#3771=VERTEX_POINT('',#13116);
#3772=VERTEX_POINT('',#13118);
#3773=VERTEX_POINT('',#13120);
#3774=VERTEX_POINT('',#13123);
#3775=VERTEX_POINT('',#13124);
#3776=VERTEX_POINT('',#13126);
#3777=VERTEX_POINT('',#13128);
#3778=VERTEX_POINT('',#13130);
#3779=VERTEX_POINT('',#13132);
#3780=VERTEX_POINT('',#13134);
#3781=VERTEX_POINT('',#13136);
#3782=VERTEX_POINT('',#13139);
#3783=VERTEX_POINT('',#13140);
#3784=VERTEX_POINT('',#13142);
#3785=VERTEX_POINT('',#13144);
#3786=VERTEX_POINT('',#13146);
#3787=VERTEX_POINT('',#13148);
#3788=VERTEX_POINT('',#13150);
#3789=VERTEX_POINT('',#13152);
#3790=VERTEX_POINT('',#13155);
#3791=VERTEX_POINT('',#13156);
#3792=VERTEX_POINT('',#13158);
#3793=VERTEX_POINT('',#13160);
#3794=VERTEX_POINT('',#13162);
#3795=VERTEX_POINT('',#13164);
#3796=VERTEX_POINT('',#13166);
#3797=VERTEX_POINT('',#13168);
#3798=VERTEX_POINT('',#13171);
#3799=VERTEX_POINT('',#13172);
#3800=VERTEX_POINT('',#13174);
#3801=VERTEX_POINT('',#13176);
#3802=VERTEX_POINT('',#13178);
#3803=VERTEX_POINT('',#13180);
#3804=VERTEX_POINT('',#13182);
#3805=VERTEX_POINT('',#13184);
#3806=VERTEX_POINT('',#13187);
#3807=VERTEX_POINT('',#13188);
#3808=VERTEX_POINT('',#13190);
#3809=VERTEX_POINT('',#13192);
#3810=VERTEX_POINT('',#13194);
#3811=VERTEX_POINT('',#13196);
#3812=VERTEX_POINT('',#13198);
#3813=VERTEX_POINT('',#13200);
#3814=VERTEX_POINT('',#13203);
#3815=VERTEX_POINT('',#13204);
#3816=VERTEX_POINT('',#13206);
#3817=VERTEX_POINT('',#13208);
#3818=VERTEX_POINT('',#13210);
#3819=VERTEX_POINT('',#13212);
#3820=VERTEX_POINT('',#13214);
#3821=VERTEX_POINT('',#13216);
#3822=VERTEX_POINT('',#13219);
#3823=VERTEX_POINT('',#13220);
#3824=VERTEX_POINT('',#13222);
#3825=VERTEX_POINT('',#13224);
#3826=VERTEX_POINT('',#13226);
#3827=VERTEX_POINT('',#13228);
#3828=VERTEX_POINT('',#13230);
#3829=VERTEX_POINT('',#13232);
#3830=VERTEX_POINT('',#13235);
#3831=VERTEX_POINT('',#13236);
#3832=VERTEX_POINT('',#13238);
#3833=VERTEX_POINT('',#13240);
#3834=VERTEX_POINT('',#13242);
#3835=VERTEX_POINT('',#13244);
#3836=VERTEX_POINT('',#13246);
#3837=VERTEX_POINT('',#13248);
#3838=VERTEX_POINT('',#13251);
#3839=VERTEX_POINT('',#13252);
#3840=VERTEX_POINT('',#13254);
#3841=VERTEX_POINT('',#13256);
#3842=VERTEX_POINT('',#13258);
#3843=VERTEX_POINT('',#13260);
#3844=VERTEX_POINT('',#13262);
#3845=VERTEX_POINT('',#13264);
#3846=VERTEX_POINT('',#13267);
#3847=VERTEX_POINT('',#13268);
#3848=VERTEX_POINT('',#13270);
#3849=VERTEX_POINT('',#13272);
#3850=VERTEX_POINT('',#13274);
#3851=VERTEX_POINT('',#13276);
#3852=VERTEX_POINT('',#13278);
#3853=VERTEX_POINT('',#13280);
#3854=VERTEX_POINT('',#13283);
#3855=VERTEX_POINT('',#13284);
#3856=VERTEX_POINT('',#13286);
#3857=VERTEX_POINT('',#13288);
#3858=VERTEX_POINT('',#13290);
#3859=VERTEX_POINT('',#13292);
#3860=VERTEX_POINT('',#13294);
#3861=VERTEX_POINT('',#13296);
#3862=VERTEX_POINT('',#13299);
#3863=VERTEX_POINT('',#13300);
#3864=VERTEX_POINT('',#13302);
#3865=VERTEX_POINT('',#13304);
#3866=VERTEX_POINT('',#13306);
#3867=VERTEX_POINT('',#13308);
#3868=VERTEX_POINT('',#13310);
#3869=VERTEX_POINT('',#13312);
#3870=VERTEX_POINT('',#13316);
#3871=VERTEX_POINT('',#13318);
#3872=VERTEX_POINT('',#13322);
#3873=VERTEX_POINT('',#13324);
#3874=VERTEX_POINT('',#13326);
#3875=VERTEX_POINT('',#13328);
#3876=VERTEX_POINT('',#13330);
#3877=VERTEX_POINT('',#13332);
#3878=VERTEX_POINT('',#13334);
#3879=VERTEX_POINT('',#13336);
#3880=VERTEX_POINT('',#13338);
#3881=VERTEX_POINT('',#13340);
#3882=VERTEX_POINT('',#13342);
#3883=VERTEX_POINT('',#13344);
#3884=VERTEX_POINT('',#13346);
#3885=VERTEX_POINT('',#13348);
#3886=VERTEX_POINT('',#13350);
#3887=VERTEX_POINT('',#13352);
#3888=VERTEX_POINT('',#13354);
#3889=VERTEX_POINT('',#13356);
#3890=VERTEX_POINT('',#13358);
#3891=VERTEX_POINT('',#13360);
#3892=VERTEX_POINT('',#13362);
#3893=VERTEX_POINT('',#13364);
#3894=VERTEX_POINT('',#13366);
#3895=VERTEX_POINT('',#13368);
#3896=VERTEX_POINT('',#13370);
#3897=VERTEX_POINT('',#13372);
#3898=VERTEX_POINT('',#13374);
#3899=VERTEX_POINT('',#13376);
#3900=VERTEX_POINT('',#13378);
#3901=VERTEX_POINT('',#13380);
#3902=VERTEX_POINT('',#13382);
#3903=VERTEX_POINT('',#13384);
#3904=VERTEX_POINT('',#13386);
#3905=VERTEX_POINT('',#13388);
#3906=VERTEX_POINT('',#13390);
#3907=VERTEX_POINT('',#13392);
#3908=VERTEX_POINT('',#13394);
#3909=VERTEX_POINT('',#13396);
#3910=VERTEX_POINT('',#13398);
#3911=VERTEX_POINT('',#13400);
#3912=VERTEX_POINT('',#13402);
#3913=VERTEX_POINT('',#13404);
#3914=VERTEX_POINT('',#13406);
#3915=VERTEX_POINT('',#13408);
#3916=VERTEX_POINT('',#13410);
#3917=VERTEX_POINT('',#13412);
#3918=VERTEX_POINT('',#13414);
#3919=VERTEX_POINT('',#13416);
#3920=VERTEX_POINT('',#13418);
#3921=VERTEX_POINT('',#13420);
#3922=VERTEX_POINT('',#13423);
#3923=VERTEX_POINT('',#13425);
#3924=VERTEX_POINT('',#13427);
#3925=VERTEX_POINT('',#13429);
#3926=VERTEX_POINT('',#13431);
#3927=VERTEX_POINT('',#13433);
#3928=VERTEX_POINT('',#13435);
#3929=VERTEX_POINT('',#13438);
#3930=VERTEX_POINT('',#13439);
#3931=VERTEX_POINT('',#13441);
#3932=VERTEX_POINT('',#13443);
#3933=VERTEX_POINT('',#13445);
#3934=VERTEX_POINT('',#13447);
#3935=VERTEX_POINT('',#13449);
#3936=VERTEX_POINT('',#13451);
#3937=VERTEX_POINT('',#13454);
#3938=VERTEX_POINT('',#13455);
#3939=VERTEX_POINT('',#13457);
#3940=VERTEX_POINT('',#13459);
#3941=VERTEX_POINT('',#13461);
#3942=VERTEX_POINT('',#13463);
#3943=VERTEX_POINT('',#13465);
#3944=VERTEX_POINT('',#13467);
#3945=VERTEX_POINT('',#13470);
#3946=VERTEX_POINT('',#13471);
#3947=VERTEX_POINT('',#13473);
#3948=VERTEX_POINT('',#13475);
#3949=VERTEX_POINT('',#13477);
#3950=VERTEX_POINT('',#13479);
#3951=VERTEX_POINT('',#13481);
#3952=VERTEX_POINT('',#13483);
#3953=VERTEX_POINT('',#13486);
#3954=VERTEX_POINT('',#13487);
#3955=VERTEX_POINT('',#13489);
#3956=VERTEX_POINT('',#13491);
#3957=VERTEX_POINT('',#13493);
#3958=VERTEX_POINT('',#13495);
#3959=VERTEX_POINT('',#13497);
#3960=VERTEX_POINT('',#13499);
#3961=VERTEX_POINT('',#13502);
#3962=VERTEX_POINT('',#13503);
#3963=VERTEX_POINT('',#13505);
#3964=VERTEX_POINT('',#13507);
#3965=VERTEX_POINT('',#13509);
#3966=VERTEX_POINT('',#13511);
#3967=VERTEX_POINT('',#13513);
#3968=VERTEX_POINT('',#13515);
#3969=VERTEX_POINT('',#13518);
#3970=VERTEX_POINT('',#13519);
#3971=VERTEX_POINT('',#13521);
#3972=VERTEX_POINT('',#13523);
#3973=VERTEX_POINT('',#13525);
#3974=VERTEX_POINT('',#13527);
#3975=VERTEX_POINT('',#13529);
#3976=VERTEX_POINT('',#13531);
#3977=VERTEX_POINT('',#13534);
#3978=VERTEX_POINT('',#13535);
#3979=VERTEX_POINT('',#13537);
#3980=VERTEX_POINT('',#13539);
#3981=VERTEX_POINT('',#13541);
#3982=VERTEX_POINT('',#13543);
#3983=VERTEX_POINT('',#13545);
#3984=VERTEX_POINT('',#13547);
#3985=VERTEX_POINT('',#13550);
#3986=VERTEX_POINT('',#13551);
#3987=VERTEX_POINT('',#13553);
#3988=VERTEX_POINT('',#13555);
#3989=VERTEX_POINT('',#13557);
#3990=VERTEX_POINT('',#13559);
#3991=VERTEX_POINT('',#13561);
#3992=VERTEX_POINT('',#13563);
#3993=VERTEX_POINT('',#13566);
#3994=VERTEX_POINT('',#13567);
#3995=VERTEX_POINT('',#13569);
#3996=VERTEX_POINT('',#13571);
#3997=VERTEX_POINT('',#13573);
#3998=VERTEX_POINT('',#13575);
#3999=VERTEX_POINT('',#13577);
#4000=VERTEX_POINT('',#13579);
#4001=VERTEX_POINT('',#13582);
#4002=VERTEX_POINT('',#13583);
#4003=VERTEX_POINT('',#13585);
#4004=VERTEX_POINT('',#13587);
#4005=VERTEX_POINT('',#13589);
#4006=VERTEX_POINT('',#13591);
#4007=VERTEX_POINT('',#13593);
#4008=VERTEX_POINT('',#13595);
#4009=VERTEX_POINT('',#13598);
#4010=VERTEX_POINT('',#13599);
#4011=VERTEX_POINT('',#13601);
#4012=VERTEX_POINT('',#13603);
#4013=VERTEX_POINT('',#13605);
#4014=VERTEX_POINT('',#13607);
#4015=VERTEX_POINT('',#13609);
#4016=VERTEX_POINT('',#13611);
#4017=VERTEX_POINT('',#13614);
#4018=VERTEX_POINT('',#13615);
#4019=VERTEX_POINT('',#13617);
#4020=VERTEX_POINT('',#13619);
#4021=VERTEX_POINT('',#13621);
#4022=VERTEX_POINT('',#13623);
#4023=VERTEX_POINT('',#13625);
#4024=VERTEX_POINT('',#13627);
#4025=VERTEX_POINT('',#13630);
#4026=VERTEX_POINT('',#13631);
#4027=VERTEX_POINT('',#13633);
#4028=VERTEX_POINT('',#13635);
#4029=VERTEX_POINT('',#13637);
#4030=VERTEX_POINT('',#13639);
#4031=VERTEX_POINT('',#13641);
#4032=VERTEX_POINT('',#13643);
#4033=VERTEX_POINT('',#13646);
#4034=VERTEX_POINT('',#13647);
#4035=VERTEX_POINT('',#13649);
#4036=VERTEX_POINT('',#13651);
#4037=VERTEX_POINT('',#13653);
#4038=VERTEX_POINT('',#13655);
#4039=VERTEX_POINT('',#13657);
#4040=VERTEX_POINT('',#13659);
#4041=VERTEX_POINT('',#13662);
#4042=VERTEX_POINT('',#13663);
#4043=VERTEX_POINT('',#13665);
#4044=VERTEX_POINT('',#13667);
#4045=VERTEX_POINT('',#13669);
#4046=VERTEX_POINT('',#13671);
#4047=VERTEX_POINT('',#13673);
#4048=VERTEX_POINT('',#13675);
#4049=VERTEX_POINT('',#13678);
#4050=VERTEX_POINT('',#13679);
#4051=VERTEX_POINT('',#13681);
#4052=VERTEX_POINT('',#13683);
#4053=VERTEX_POINT('',#13685);
#4054=VERTEX_POINT('',#13687);
#4055=VERTEX_POINT('',#13689);
#4056=VERTEX_POINT('',#13691);
#4057=VERTEX_POINT('',#13694);
#4058=VERTEX_POINT('',#13695);
#4059=VERTEX_POINT('',#13697);
#4060=VERTEX_POINT('',#13699);
#4061=VERTEX_POINT('',#13701);
#4062=VERTEX_POINT('',#13703);
#4063=VERTEX_POINT('',#13705);
#4064=VERTEX_POINT('',#13707);
#4065=VERTEX_POINT('',#13710);
#4066=VERTEX_POINT('',#13711);
#4067=VERTEX_POINT('',#13713);
#4068=VERTEX_POINT('',#13715);
#4069=VERTEX_POINT('',#13717);
#4070=VERTEX_POINT('',#13719);
#4071=VERTEX_POINT('',#13721);
#4072=VERTEX_POINT('',#13723);
#4073=VERTEX_POINT('',#13726);
#4074=VERTEX_POINT('',#13727);
#4075=VERTEX_POINT('',#13729);
#4076=VERTEX_POINT('',#13731);
#4077=VERTEX_POINT('',#13733);
#4078=VERTEX_POINT('',#13735);
#4079=VERTEX_POINT('',#13737);
#4080=VERTEX_POINT('',#13739);
#4081=VERTEX_POINT('',#13742);
#4082=VERTEX_POINT('',#13743);
#4083=VERTEX_POINT('',#13745);
#4084=VERTEX_POINT('',#13747);
#4085=VERTEX_POINT('',#13749);
#4086=VERTEX_POINT('',#13751);
#4087=VERTEX_POINT('',#13753);
#4088=VERTEX_POINT('',#13755);
#4089=VERTEX_POINT('',#13758);
#4090=VERTEX_POINT('',#13759);
#4091=VERTEX_POINT('',#13761);
#4092=VERTEX_POINT('',#13763);
#4093=VERTEX_POINT('',#13765);
#4094=VERTEX_POINT('',#13767);
#4095=VERTEX_POINT('',#13769);
#4096=VERTEX_POINT('',#13771);
#4097=VERTEX_POINT('',#13774);
#4098=VERTEX_POINT('',#13775);
#4099=VERTEX_POINT('',#13777);
#4100=VERTEX_POINT('',#13779);
#4101=VERTEX_POINT('',#13781);
#4102=VERTEX_POINT('',#13783);
#4103=VERTEX_POINT('',#13785);
#4104=VERTEX_POINT('',#13787);
#4105=VERTEX_POINT('',#13790);
#4106=VERTEX_POINT('',#13791);
#4107=VERTEX_POINT('',#13793);
#4108=VERTEX_POINT('',#13795);
#4109=VERTEX_POINT('',#13797);
#4110=VERTEX_POINT('',#13799);
#4111=VERTEX_POINT('',#13801);
#4112=VERTEX_POINT('',#13803);
#4113=VERTEX_POINT('',#13806);
#4114=VERTEX_POINT('',#13807);
#4115=VERTEX_POINT('',#13809);
#4116=VERTEX_POINT('',#13811);
#4117=VERTEX_POINT('',#13813);
#4118=VERTEX_POINT('',#13815);
#4119=VERTEX_POINT('',#13817);
#4120=VERTEX_POINT('',#13819);
#4121=VERTEX_POINT('',#13822);
#4122=VERTEX_POINT('',#13823);
#4123=VERTEX_POINT('',#13825);
#4124=VERTEX_POINT('',#13827);
#4125=VERTEX_POINT('',#13829);
#4126=VERTEX_POINT('',#13831);
#4127=VERTEX_POINT('',#13833);
#4128=VERTEX_POINT('',#13835);
#4129=VERTEX_POINT('',#13838);
#4130=VERTEX_POINT('',#13839);
#4131=VERTEX_POINT('',#13841);
#4132=VERTEX_POINT('',#13843);
#4133=VERTEX_POINT('',#13845);
#4134=VERTEX_POINT('',#13847);
#4135=VERTEX_POINT('',#13849);
#4136=VERTEX_POINT('',#13851);
#4137=VERTEX_POINT('',#13854);
#4138=VERTEX_POINT('',#13856);
#4139=VERTEX_POINT('',#13857);
#4140=VERTEX_POINT('',#13859);
#4141=VERTEX_POINT('',#13861);
#4142=VERTEX_POINT('',#13863);
#4143=VERTEX_POINT('',#13865);
#4144=VERTEX_POINT('',#13867);
#4145=VERTEX_POINT('',#13869);
#4146=VERTEX_POINT('',#13872);
#4147=VERTEX_POINT('',#13873);
#4148=VERTEX_POINT('',#13875);
#4149=VERTEX_POINT('',#13877);
#4150=VERTEX_POINT('',#13879);
#4151=VERTEX_POINT('',#13881);
#4152=VERTEX_POINT('',#13883);
#4153=VERTEX_POINT('',#13885);
#4154=VERTEX_POINT('',#13888);
#4155=VERTEX_POINT('',#13889);
#4156=VERTEX_POINT('',#13891);
#4157=VERTEX_POINT('',#13893);
#4158=VERTEX_POINT('',#13895);
#4159=VERTEX_POINT('',#13897);
#4160=VERTEX_POINT('',#13899);
#4161=VERTEX_POINT('',#13901);
#4162=VERTEX_POINT('',#13904);
#4163=VERTEX_POINT('',#13905);
#4164=VERTEX_POINT('',#13907);
#4165=VERTEX_POINT('',#13909);
#4166=VERTEX_POINT('',#13911);
#4167=VERTEX_POINT('',#13913);
#4168=VERTEX_POINT('',#13915);
#4169=VERTEX_POINT('',#13917);
#4170=VERTEX_POINT('',#13920);
#4171=VERTEX_POINT('',#13921);
#4172=VERTEX_POINT('',#13923);
#4173=VERTEX_POINT('',#13925);
#4174=VERTEX_POINT('',#13927);
#4175=VERTEX_POINT('',#13929);
#4176=VERTEX_POINT('',#13931);
#4177=VERTEX_POINT('',#13933);
#4178=VERTEX_POINT('',#13936);
#4179=VERTEX_POINT('',#13937);
#4180=VERTEX_POINT('',#13939);
#4181=VERTEX_POINT('',#13941);
#4182=VERTEX_POINT('',#13943);
#4183=VERTEX_POINT('',#13945);
#4184=VERTEX_POINT('',#13947);
#4185=VERTEX_POINT('',#13949);
#4186=VERTEX_POINT('',#13952);
#4187=VERTEX_POINT('',#13954);
#4188=VERTEX_POINT('',#13956);
#4189=VERTEX_POINT('',#13958);
#4190=VERTEX_POINT('',#13960);
#4191=VERTEX_POINT('',#13962);
#4192=VERTEX_POINT('',#13965);
#4193=VERTEX_POINT('',#13966);
#4194=VERTEX_POINT('',#13968);
#4195=VERTEX_POINT('',#13970);
#4196=VERTEX_POINT('',#13972);
#4197=VERTEX_POINT('',#13974);
#4198=VERTEX_POINT('',#13976);
#4199=VERTEX_POINT('',#13978);
#4200=VERTEX_POINT('',#13981);
#4201=VERTEX_POINT('',#13983);
#4202=VERTEX_POINT('',#13984);
#4203=VERTEX_POINT('',#13986);
#4204=VERTEX_POINT('',#13988);
#4205=VERTEX_POINT('',#13990);
#4206=VERTEX_POINT('',#13992);
#4207=VERTEX_POINT('',#13994);
#4208=VERTEX_POINT('',#13996);
#4209=VERTEX_POINT('',#13999);
#4210=VERTEX_POINT('',#14000);
#4211=VERTEX_POINT('',#14002);
#4212=VERTEX_POINT('',#14004);
#4213=VERTEX_POINT('',#14006);
#4214=VERTEX_POINT('',#14008);
#4215=VERTEX_POINT('',#14010);
#4216=VERTEX_POINT('',#14012);
#4217=VERTEX_POINT('',#14015);
#4218=VERTEX_POINT('',#14016);
#4219=VERTEX_POINT('',#14018);
#4220=VERTEX_POINT('',#14020);
#4221=VERTEX_POINT('',#14022);
#4222=VERTEX_POINT('',#14024);
#4223=VERTEX_POINT('',#14026);
#4224=VERTEX_POINT('',#14028);
#4225=VERTEX_POINT('',#14031);
#4226=VERTEX_POINT('',#14032);
#4227=VERTEX_POINT('',#14034);
#4228=VERTEX_POINT('',#14036);
#4229=VERTEX_POINT('',#14038);
#4230=VERTEX_POINT('',#14040);
#4231=VERTEX_POINT('',#14042);
#4232=VERTEX_POINT('',#14044);
#4233=VERTEX_POINT('',#14047);
#4234=VERTEX_POINT('',#14049);
#4235=VERTEX_POINT('',#14050);
#4236=VERTEX_POINT('',#14052);
#4237=VERTEX_POINT('',#14054);
#4238=VERTEX_POINT('',#14056);
#4239=VERTEX_POINT('',#14058);
#4240=VERTEX_POINT('',#14060);
#4241=VERTEX_POINT('',#14062);
#4242=VERTEX_POINT('',#14663);
#4243=VERTEX_POINT('',#14665);
#4244=VERTEX_POINT('',#14768);
#4245=VERTEX_POINT('',#14769);
#4246=VERTEX_POINT('',#14771);
#4247=VERTEX_POINT('',#14773);
#4248=VERTEX_POINT('',#14777);
#4249=VERTEX_POINT('',#14778);
#4250=VERTEX_POINT('',#14822);
#4251=VERTEX_POINT('',#14840);
#4252=VERTEX_POINT('',#14842);
#4253=VERTEX_POINT('',#14853);
#4254=VERTEX_POINT('',#14855);
#4255=VERTEX_POINT('',#14857);
#4256=VERTEX_POINT('',#14867);
#4257=VERTEX_POINT('',#14874);
#4258=VERTEX_POINT('',#14883);
#4259=VERTEX_POINT('',#14918);
#4260=VERTEX_POINT('',#14929);
#4261=VERTEX_POINT('',#14930);
#4262=VERTEX_POINT('',#14935);
#4263=VERTEX_POINT('',#14936);
#4264=VERTEX_POINT('',#14941);
#4265=VERTEX_POINT('',#14943);
#4266=VERTEX_POINT('',#14949);
#4267=VERTEX_POINT('',#14951);
#4268=VERTEX_POINT('',#14956);
#4269=VERTEX_POINT('',#14963);
#4270=VERTEX_POINT('',#14977);
#4271=VERTEX_POINT('',#14979);
#4272=VERTEX_POINT('',#14983);
#4273=VERTEX_POINT('',#15046);
#4274=VERTEX_POINT('',#15210);
#4275=VERTEX_POINT('',#15212);
#4276=VERTEX_POINT('',#15292);
#4277=VERTEX_POINT('',#15296);
#4278=VERTEX_POINT('',#15307);
#4279=VERTEX_POINT('',#15309);
#4280=VERTEX_POINT('',#15313);
#4281=VERTEX_POINT('',#15317);
#4282=VERTEX_POINT('',#15321);
#4283=VERTEX_POINT('',#15325);
#4284=VERTEX_POINT('',#15329);
#4285=VERTEX_POINT('',#15333);
#4286=VERTEX_POINT('',#15337);
#4287=VERTEX_POINT('',#15341);
#4288=VERTEX_POINT('',#15345);
#4289=VERTEX_POINT('',#15346);
#4290=VERTEX_POINT('',#15348);
#4291=VERTEX_POINT('',#15350);
#4292=VERTEX_POINT('',#15354);
#4293=VERTEX_POINT('',#15355);
#4294=VERTEX_POINT('',#15360);
#4295=VERTEX_POINT('',#15361);
#4296=VERTEX_POINT('',#15366);
#4297=VERTEX_POINT('',#15368);
#4298=VERTEX_POINT('',#15373);
#4299=VERTEX_POINT('',#15374);
#4300=VERTEX_POINT('',#15379);
#4301=VERTEX_POINT('',#15380);
#4302=VERTEX_POINT('',#15385);
#4303=VERTEX_POINT('',#15386);
#4304=VERTEX_POINT('',#15391);
#4305=VERTEX_POINT('',#15392);
#4306=VERTEX_POINT('',#15405);
#4307=VERTEX_POINT('',#15407);
#4308=VERTEX_POINT('',#15420);
#4309=VERTEX_POINT('',#15422);
#4310=VERTEX_POINT('',#15426);
#4311=VERTEX_POINT('',#15430);
#4312=VERTEX_POINT('',#15434);
#4313=VERTEX_POINT('',#15436);
#4314=VERTEX_POINT('',#15440);
#4315=VERTEX_POINT('',#15442);
#4316=VERTEX_POINT('',#15444);
#4317=VERTEX_POINT('',#15446);
#4318=VERTEX_POINT('',#15448);
#4319=VERTEX_POINT('',#15450);
#4320=VERTEX_POINT('',#15454);
#4321=VERTEX_POINT('',#15455);
#4322=VERTEX_POINT('',#15457);
#4323=VERTEX_POINT('',#15459);
#4324=VERTEX_POINT('',#15463);
#4325=VERTEX_POINT('',#15468);
#4326=VERTEX_POINT('',#15472);
#4327=VERTEX_POINT('',#15476);
#4328=VERTEX_POINT('',#15480);
#4329=VERTEX_POINT('',#15481);
#4330=VERTEX_POINT('',#15486);
#4331=VERTEX_POINT('',#15487);
#4332=VERTEX_POINT('',#15499);
#4333=VERTEX_POINT('',#15500);
#4334=VERTEX_POINT('',#15502);
#4335=VERTEX_POINT('',#15504);
#4336=VERTEX_POINT('',#15506);
#4337=VERTEX_POINT('',#15508);
#4338=VERTEX_POINT('',#15510);
#4339=VERTEX_POINT('',#15512);
#4340=VERTEX_POINT('',#15516);
#4341=VERTEX_POINT('',#15518);
#4342=VERTEX_POINT('',#15520);
#4343=VERTEX_POINT('',#15524);
#4344=VERTEX_POINT('',#15526);
#4345=VERTEX_POINT('',#15530);
#4346=VERTEX_POINT('',#15532);
#4347=VERTEX_POINT('',#15536);
#4348=VERTEX_POINT('',#15538);
#4349=VERTEX_POINT('',#15545);
#4350=VERTEX_POINT('',#15551);
#4351=VERTEX_POINT('',#15552);
#4352=VERTEX_POINT('',#15554);
#4353=VERTEX_POINT('',#15556);
#4354=EDGE_CURVE('',#3484,#3485,#3032,.T.);
#4355=EDGE_CURVE('',#3485,#3486,#1330,.T.);
#4356=EDGE_CURVE('',#3486,#3487,#3033,.T.);
#4357=EDGE_CURVE('',#3487,#3484,#1331,.T.);
#4358=EDGE_CURVE('',#3488,#3485,#3034,.T.);
#4359=EDGE_CURVE('',#3489,#3488,#1332,.T.);
#4360=EDGE_CURVE('',#3486,#3489,#3035,.T.);
#4361=EDGE_CURVE('',#3490,#3489,#3036,.T.);
#4362=EDGE_CURVE('',#3491,#3488,#3037,.F.);
#4363=EDGE_CURVE('',#3491,#3490,#1333,.T.);
#4364=EDGE_CURVE('',#3492,#3491,#1334,.T.);
#4365=EDGE_CURVE('',#3492,#3493,#1335,.T.);
#4366=EDGE_CURVE('',#3490,#3493,#1336,.T.);
#4367=EDGE_CURVE('',#3494,#3495,#3038,.T.);
#4368=EDGE_CURVE('',#3495,#3496,#1337,.T.);
#4369=EDGE_CURVE('',#3496,#3497,#3039,.T.);
#4370=EDGE_CURVE('',#3497,#3494,#1338,.T.);
#4371=EDGE_CURVE('',#3498,#3495,#3040,.T.);
#4372=EDGE_CURVE('',#3499,#3498,#1339,.T.);
#4373=EDGE_CURVE('',#3496,#3499,#3041,.T.);
#4374=EDGE_CURVE('',#3500,#3498,#3042,.F.);
#4375=EDGE_CURVE('',#3500,#3501,#1340,.T.);
#4376=EDGE_CURVE('',#3501,#3499,#3043,.T.);
#4377=EDGE_CURVE('',#3502,#3503,#1341,.T.);
#4378=EDGE_CURVE('',#3503,#3504,#3044,.T.);
#4379=EDGE_CURVE('',#3504,#3505,#1342,.T.);
#4380=EDGE_CURVE('',#3505,#3506,#1343,.T.);
#4381=EDGE_CURVE('',#3506,#3507,#1344,.T.);
#4382=EDGE_CURVE('',#3507,#3508,#3045,.T.);
#4383=EDGE_CURVE('',#3508,#3509,#1345,.T.);
#4384=EDGE_CURVE('',#3509,#3510,#3046,.T.);
#4385=EDGE_CURVE('',#3510,#3511,#1346,.T.);
#4386=EDGE_CURVE('',#3511,#3512,#1347,.T.);
#4387=EDGE_CURVE('',#3512,#3513,#1348,.T.);
#4388=EDGE_CURVE('',#3513,#3514,#1349,.T.);
#4389=EDGE_CURVE('',#3514,#3515,#1350,.T.);
#4390=EDGE_CURVE('',#3515,#3516,#3047,.T.);
#4391=EDGE_CURVE('',#3516,#3517,#1351,.T.);
#4392=EDGE_CURVE('',#3517,#3518,#3048,.T.);
#4393=EDGE_CURVE('',#3518,#3519,#1352,.T.);
#4394=EDGE_CURVE('',#3519,#3520,#3049,.T.);
#4395=EDGE_CURVE('',#3520,#3521,#1353,.T.);
#4396=EDGE_CURVE('',#3521,#3522,#3050,.T.);
#4397=EDGE_CURVE('',#3522,#3523,#1354,.T.);
#4398=EDGE_CURVE('',#3523,#3524,#3051,.T.);
#4399=EDGE_CURVE('',#3524,#3525,#1355,.T.);
#4400=EDGE_CURVE('',#3525,#3526,#3052,.T.);
#4401=EDGE_CURVE('',#3526,#3527,#1356,.T.);
#4402=EDGE_CURVE('',#3527,#3528,#1357,.T.);
#4403=EDGE_CURVE('',#3528,#3529,#1358,.T.);
#4404=EDGE_CURVE('',#3529,#3530,#3053,.T.);
#4405=EDGE_CURVE('',#3530,#3531,#1359,.T.);
#4406=EDGE_CURVE('',#3532,#3531,#3054,.T.);
#4407=EDGE_CURVE('',#3532,#3533,#1360,.T.);
#4408=EDGE_CURVE('',#3533,#3534,#3055,.T.);
#4409=EDGE_CURVE('',#3534,#3535,#1361,.T.);
#4410=EDGE_CURVE('',#3535,#3536,#3056,.T.);
#4411=EDGE_CURVE('',#3536,#3537,#1362,.T.);
#4412=EDGE_CURVE('',#3537,#3538,#3057,.T.);
#4413=EDGE_CURVE('',#3538,#3539,#1363,.T.);
#4414=EDGE_CURVE('',#3539,#3540,#3058,.T.);
#4415=EDGE_CURVE('',#3540,#3541,#1364,.T.);
#4416=EDGE_CURVE('',#3541,#3542,#3059,.T.);
#4417=EDGE_CURVE('',#3542,#3543,#1365,.T.);
#4418=EDGE_CURVE('',#3543,#3544,#3060,.T.);
#4419=EDGE_CURVE('',#3544,#3545,#1366,.T.);
#4420=EDGE_CURVE('',#3545,#3546,#3061,.T.);
#4421=EDGE_CURVE('',#3546,#3547,#1367,.T.);
#4422=EDGE_CURVE('',#3547,#3548,#3062,.T.);
#4423=EDGE_CURVE('',#3548,#3549,#1368,.T.);
#4424=EDGE_CURVE('',#3502,#3549,#3063,.T.);
#4425=EDGE_CURVE('',#3550,#3551,#3064,.T.);
#4426=EDGE_CURVE('',#3551,#3552,#1369,.T.);
#4427=EDGE_CURVE('',#3552,#3553,#3065,.T.);
#4428=EDGE_CURVE('',#3553,#3554,#1370,.T.);
#4429=EDGE_CURVE('',#3554,#3555,#3066,.T.);
#4430=EDGE_CURVE('',#3555,#3556,#1371,.T.);
#4431=EDGE_CURVE('',#3556,#3557,#3067,.T.);
#4432=EDGE_CURVE('',#3557,#3550,#1372,.T.);
#4433=EDGE_CURVE('',#3558,#3559,#1373,.T.);
#4434=EDGE_CURVE('',#3559,#3560,#3068,.T.);
#4435=EDGE_CURVE('',#3560,#3561,#1374,.T.);
#4436=EDGE_CURVE('',#3561,#3562,#3069,.T.);
#4437=EDGE_CURVE('',#3562,#3563,#1375,.T.);
#4438=EDGE_CURVE('',#3563,#3564,#3070,.T.);
#4439=EDGE_CURVE('',#3564,#3565,#1376,.T.);
#4440=EDGE_CURVE('',#3565,#3558,#3071,.T.);
#4441=EDGE_CURVE('',#3566,#3567,#1377,.T.);
#4442=EDGE_CURVE('',#3567,#3568,#3072,.T.);
#4443=EDGE_CURVE('',#3568,#3569,#1378,.T.);
#4444=EDGE_CURVE('',#3569,#3570,#3073,.T.);
#4445=EDGE_CURVE('',#3570,#3571,#1379,.T.);
#4446=EDGE_CURVE('',#3571,#3572,#3074,.T.);
#4447=EDGE_CURVE('',#3572,#3573,#1380,.T.);
#4448=EDGE_CURVE('',#3573,#3566,#3075,.T.);
#4449=EDGE_CURVE('',#3574,#3575,#1381,.T.);
#4450=EDGE_CURVE('',#3575,#3576,#3076,.T.);
#4451=EDGE_CURVE('',#3576,#3577,#1382,.T.);
#4452=EDGE_CURVE('',#3577,#3578,#3077,.T.);
#4453=EDGE_CURVE('',#3578,#3579,#1383,.T.);
#4454=EDGE_CURVE('',#3579,#3580,#3078,.T.);
#4455=EDGE_CURVE('',#3580,#3581,#1384,.T.);
#4456=EDGE_CURVE('',#3581,#3574,#3079,.T.);
#4457=EDGE_CURVE('',#3582,#3583,#1385,.T.);
#4458=EDGE_CURVE('',#3583,#3584,#3080,.T.);
#4459=EDGE_CURVE('',#3584,#3585,#1386,.T.);
#4460=EDGE_CURVE('',#3585,#3586,#3081,.T.);
#4461=EDGE_CURVE('',#3586,#3587,#1387,.T.);
#4462=EDGE_CURVE('',#3587,#3588,#3082,.T.);
#4463=EDGE_CURVE('',#3588,#3589,#1388,.T.);
#4464=EDGE_CURVE('',#3589,#3582,#3083,.T.);
#4465=EDGE_CURVE('',#3590,#3591,#1389,.T.);
#4466=EDGE_CURVE('',#3591,#3592,#3084,.T.);
#4467=EDGE_CURVE('',#3592,#3593,#1390,.T.);
#4468=EDGE_CURVE('',#3593,#3594,#3085,.T.);
#4469=EDGE_CURVE('',#3594,#3595,#1391,.T.);
#4470=EDGE_CURVE('',#3595,#3596,#3086,.T.);
#4471=EDGE_CURVE('',#3596,#3597,#1392,.T.);
#4472=EDGE_CURVE('',#3597,#3590,#3087,.T.);
#4473=EDGE_CURVE('',#3598,#3599,#1393,.T.);
#4474=EDGE_CURVE('',#3599,#3600,#3088,.T.);
#4475=EDGE_CURVE('',#3600,#3601,#1394,.T.);
#4476=EDGE_CURVE('',#3601,#3602,#3089,.T.);
#4477=EDGE_CURVE('',#3602,#3603,#1395,.T.);
#4478=EDGE_CURVE('',#3603,#3604,#3090,.T.);
#4479=EDGE_CURVE('',#3604,#3605,#1396,.T.);
#4480=EDGE_CURVE('',#3605,#3598,#3091,.T.);
#4481=EDGE_CURVE('',#3606,#3607,#3092,.T.);
#4482=EDGE_CURVE('',#3607,#3608,#1397,.T.);
#4483=EDGE_CURVE('',#3608,#3609,#3093,.T.);
#4484=EDGE_CURVE('',#3609,#3610,#1398,.T.);
#4485=EDGE_CURVE('',#3610,#3611,#3094,.T.);
#4486=EDGE_CURVE('',#3611,#3612,#1399,.T.);
#4487=EDGE_CURVE('',#3612,#3613,#3095,.T.);
#4488=EDGE_CURVE('',#3613,#3606,#1400,.T.);
#4489=EDGE_CURVE('',#3614,#3615,#3096,.T.);
#4490=EDGE_CURVE('',#3615,#3616,#1401,.T.);
#4491=EDGE_CURVE('',#3616,#3617,#3097,.T.);
#4492=EDGE_CURVE('',#3617,#3618,#1402,.T.);
#4493=EDGE_CURVE('',#3618,#3619,#3098,.T.);
#4494=EDGE_CURVE('',#3619,#3620,#1403,.T.);
#4495=EDGE_CURVE('',#3620,#3621,#3099,.T.);
#4496=EDGE_CURVE('',#3621,#3614,#1404,.T.);
#4497=EDGE_CURVE('',#3622,#3622,#3100,.T.);
#4498=EDGE_CURVE('',#3623,#3624,#3101,.T.);
#4499=EDGE_CURVE('',#3624,#3625,#1405,.T.);
#4500=EDGE_CURVE('',#3625,#3626,#3102,.T.);
#4501=EDGE_CURVE('',#3626,#3627,#1406,.T.);
#4502=EDGE_CURVE('',#3627,#3628,#3103,.T.);
#4503=EDGE_CURVE('',#3628,#3629,#1407,.T.);
#4504=EDGE_CURVE('',#3629,#3630,#3104,.T.);
#4505=EDGE_CURVE('',#3630,#3623,#1408,.T.);
#4506=EDGE_CURVE('',#3631,#3632,#3105,.T.);
#4507=EDGE_CURVE('',#3632,#3633,#1409,.T.);
#4508=EDGE_CURVE('',#3633,#3634,#3106,.T.);
#4509=EDGE_CURVE('',#3634,#3635,#1410,.T.);
#4510=EDGE_CURVE('',#3635,#3636,#3107,.T.);
#4511=EDGE_CURVE('',#3636,#3637,#1411,.T.);
#4512=EDGE_CURVE('',#3637,#3638,#3108,.T.);
#4513=EDGE_CURVE('',#3638,#3631,#1412,.T.);
#4514=EDGE_CURVE('',#3639,#3640,#3109,.T.);
#4515=EDGE_CURVE('',#3640,#3641,#1413,.T.);
#4516=EDGE_CURVE('',#3641,#3642,#3110,.T.);
#4517=EDGE_CURVE('',#3642,#3643,#1414,.T.);
#4518=EDGE_CURVE('',#3643,#3644,#3111,.T.);
#4519=EDGE_CURVE('',#3644,#3645,#1415,.T.);
#4520=EDGE_CURVE('',#3645,#3646,#3112,.T.);
#4521=EDGE_CURVE('',#3646,#3639,#1416,.T.);
#4522=EDGE_CURVE('',#3647,#3648,#3113,.T.);
#4523=EDGE_CURVE('',#3648,#3649,#1417,.T.);
#4524=EDGE_CURVE('',#3649,#3650,#3114,.T.);
#4525=EDGE_CURVE('',#3650,#3651,#1418,.T.);
#4526=EDGE_CURVE('',#3651,#3652,#3115,.T.);
#4527=EDGE_CURVE('',#3652,#3653,#1419,.T.);
#4528=EDGE_CURVE('',#3653,#3654,#3116,.T.);
#4529=EDGE_CURVE('',#3654,#3647,#1420,.T.);
#4530=EDGE_CURVE('',#3655,#3655,#3117,.T.);
#4531=EDGE_CURVE('',#3656,#3657,#3118,.T.);
#4532=EDGE_CURVE('',#3657,#3658,#1421,.T.);
#4533=EDGE_CURVE('',#3658,#3659,#3119,.T.);
#4534=EDGE_CURVE('',#3659,#3660,#1422,.T.);
#4535=EDGE_CURVE('',#3660,#3661,#3120,.T.);
#4536=EDGE_CURVE('',#3661,#3662,#1423,.T.);
#4537=EDGE_CURVE('',#3662,#3663,#3121,.T.);
#4538=EDGE_CURVE('',#3663,#3656,#1424,.T.);
#4539=EDGE_CURVE('',#3493,#3664,#3122,.T.);
#4540=EDGE_CURVE('',#3664,#3665,#1425,.T.);
#4541=EDGE_CURVE('',#3665,#3666,#3123,.T.);
#4542=EDGE_CURVE('',#3666,#3667,#1426,.T.);
#4543=EDGE_CURVE('',#3667,#3668,#3124,.T.);
#4544=EDGE_CURVE('',#3668,#3487,#1427,.T.);
#4545=EDGE_CURVE('',#3669,#3669,#3125,.T.);
#4546=EDGE_CURVE('',#3501,#3670,#3126,.T.);
#4547=EDGE_CURVE('',#3670,#3671,#1428,.T.);
#4548=EDGE_CURVE('',#3671,#3672,#3127,.T.);
#4549=EDGE_CURVE('',#3672,#3673,#1429,.T.);
#4550=EDGE_CURVE('',#3673,#3674,#3128,.T.);
#4551=EDGE_CURVE('',#3674,#3675,#1430,.T.);
#4552=EDGE_CURVE('',#3675,#3676,#3129,.T.);
#4553=EDGE_CURVE('',#3676,#3497,#1431,.T.);
#4554=EDGE_CURVE('',#3677,#3678,#3130,.T.);
#4555=EDGE_CURVE('',#3678,#3679,#1432,.T.);
#4556=EDGE_CURVE('',#3679,#3680,#3131,.T.);
#4557=EDGE_CURVE('',#3680,#3681,#1433,.T.);
#4558=EDGE_CURVE('',#3681,#3682,#3132,.T.);
#4559=EDGE_CURVE('',#3682,#3683,#1434,.T.);
#4560=EDGE_CURVE('',#3683,#3684,#3133,.T.);
#4561=EDGE_CURVE('',#3684,#3677,#1435,.T.);
#4562=EDGE_CURVE('',#3685,#3686,#3134,.T.);
#4563=EDGE_CURVE('',#3686,#3687,#1436,.T.);
#4564=EDGE_CURVE('',#3687,#3688,#3135,.T.);
#4565=EDGE_CURVE('',#3688,#3689,#1437,.T.);
#4566=EDGE_CURVE('',#3689,#3690,#3136,.T.);
#4567=EDGE_CURVE('',#3690,#3691,#1438,.T.);
#4568=EDGE_CURVE('',#3691,#3692,#3137,.T.);
#4569=EDGE_CURVE('',#3692,#3685,#1439,.T.);
#4570=EDGE_CURVE('',#3693,#3694,#3138,.T.);
#4571=EDGE_CURVE('',#3694,#3695,#1440,.T.);
#4572=EDGE_CURVE('',#3695,#3696,#3139,.T.);
#4573=EDGE_CURVE('',#3696,#3697,#1441,.T.);
#4574=EDGE_CURVE('',#3697,#3698,#3140,.T.);
#4575=EDGE_CURVE('',#3698,#3699,#1442,.T.);
#4576=EDGE_CURVE('',#3699,#3700,#3141,.T.);
#4577=EDGE_CURVE('',#3700,#3693,#1443,.T.);
#4578=EDGE_CURVE('',#3701,#3702,#3142,.T.);
#4579=EDGE_CURVE('',#3702,#3703,#1444,.T.);
#4580=EDGE_CURVE('',#3703,#3704,#3143,.T.);
#4581=EDGE_CURVE('',#3704,#3705,#1445,.T.);
#4582=EDGE_CURVE('',#3705,#3706,#3144,.T.);
#4583=EDGE_CURVE('',#3706,#3707,#1446,.T.);
#4584=EDGE_CURVE('',#3707,#3708,#3145,.T.);
#4585=EDGE_CURVE('',#3708,#3701,#1447,.T.);
#4586=EDGE_CURVE('',#3709,#3710,#3146,.T.);
#4587=EDGE_CURVE('',#3710,#3711,#1448,.T.);
#4588=EDGE_CURVE('',#3711,#3712,#3147,.T.);
#4589=EDGE_CURVE('',#3712,#3713,#1449,.T.);
#4590=EDGE_CURVE('',#3713,#3714,#3148,.T.);
#4591=EDGE_CURVE('',#3714,#3715,#1450,.T.);
#4592=EDGE_CURVE('',#3715,#3716,#3149,.T.);
#4593=EDGE_CURVE('',#3716,#3709,#1451,.T.);
#4594=EDGE_CURVE('',#3717,#3718,#3150,.T.);
#4595=EDGE_CURVE('',#3718,#3719,#1452,.T.);
#4596=EDGE_CURVE('',#3719,#3720,#3151,.T.);
#4597=EDGE_CURVE('',#3720,#3721,#1453,.T.);
#4598=EDGE_CURVE('',#3721,#3722,#3152,.T.);
#4599=EDGE_CURVE('',#3722,#3723,#1454,.T.);
#4600=EDGE_CURVE('',#3723,#3724,#3153,.T.);
#4601=EDGE_CURVE('',#3724,#3717,#1455,.T.);
#4602=EDGE_CURVE('',#3725,#3725,#3154,.T.);
#4603=EDGE_CURVE('',#3726,#3727,#3155,.T.);
#4604=EDGE_CURVE('',#3727,#3728,#1456,.T.);
#4605=EDGE_CURVE('',#3728,#3729,#3156,.T.);
#4606=EDGE_CURVE('',#3729,#3730,#1457,.T.);
#4607=EDGE_CURVE('',#3730,#3731,#3157,.T.);
#4608=EDGE_CURVE('',#3731,#3732,#1458,.T.);
#4609=EDGE_CURVE('',#3732,#3733,#3158,.T.);
#4610=EDGE_CURVE('',#3733,#3726,#1459,.T.);
#4611=EDGE_CURVE('',#3734,#3735,#3159,.T.);
#4612=EDGE_CURVE('',#3735,#3736,#1460,.T.);
#4613=EDGE_CURVE('',#3736,#3737,#3160,.T.);
#4614=EDGE_CURVE('',#3737,#3738,#1461,.T.);
#4615=EDGE_CURVE('',#3738,#3739,#3161,.T.);
#4616=EDGE_CURVE('',#3739,#3740,#1462,.T.);
#4617=EDGE_CURVE('',#3740,#3741,#3162,.T.);
#4618=EDGE_CURVE('',#3741,#3734,#1463,.T.);
#4619=EDGE_CURVE('',#3742,#3743,#3163,.T.);
#4620=EDGE_CURVE('',#3743,#3744,#1464,.T.);
#4621=EDGE_CURVE('',#3744,#3745,#3164,.T.);
#4622=EDGE_CURVE('',#3745,#3746,#1465,.T.);
#4623=EDGE_CURVE('',#3746,#3747,#3165,.T.);
#4624=EDGE_CURVE('',#3747,#3748,#1466,.T.);
#4625=EDGE_CURVE('',#3748,#3749,#3166,.T.);
#4626=EDGE_CURVE('',#3749,#3742,#1467,.T.);
#4627=EDGE_CURVE('',#3750,#3751,#3167,.T.);
#4628=EDGE_CURVE('',#3751,#3752,#1468,.T.);
#4629=EDGE_CURVE('',#3752,#3753,#3168,.T.);
#4630=EDGE_CURVE('',#3753,#3754,#1469,.T.);
#4631=EDGE_CURVE('',#3754,#3755,#3169,.T.);
#4632=EDGE_CURVE('',#3755,#3756,#1470,.T.);
#4633=EDGE_CURVE('',#3756,#3757,#3170,.T.);
#4634=EDGE_CURVE('',#3757,#3750,#1471,.T.);
#4635=EDGE_CURVE('',#3758,#3759,#3171,.T.);
#4636=EDGE_CURVE('',#3759,#3760,#1472,.T.);
#4637=EDGE_CURVE('',#3760,#3761,#3172,.T.);
#4638=EDGE_CURVE('',#3761,#3762,#1473,.T.);
#4639=EDGE_CURVE('',#3762,#3763,#3173,.T.);
#4640=EDGE_CURVE('',#3763,#3764,#1474,.T.);
#4641=EDGE_CURVE('',#3764,#3765,#3174,.T.);
#4642=EDGE_CURVE('',#3765,#3758,#1475,.T.);
#4643=EDGE_CURVE('',#3766,#3767,#3175,.T.);
#4644=EDGE_CURVE('',#3767,#3768,#1476,.T.);
#4645=EDGE_CURVE('',#3768,#3769,#3176,.T.);
#4646=EDGE_CURVE('',#3769,#3770,#1477,.T.);
#4647=EDGE_CURVE('',#3770,#3771,#3177,.T.);
#4648=EDGE_CURVE('',#3771,#3772,#1478,.T.);
#4649=EDGE_CURVE('',#3772,#3773,#3178,.T.);
#4650=EDGE_CURVE('',#3773,#3766,#1479,.T.);
#4651=EDGE_CURVE('',#3774,#3775,#3179,.T.);
#4652=EDGE_CURVE('',#3775,#3776,#1480,.T.);
#4653=EDGE_CURVE('',#3776,#3777,#3180,.T.);
#4654=EDGE_CURVE('',#3777,#3778,#1481,.T.);
#4655=EDGE_CURVE('',#3778,#3779,#3181,.T.);
#4656=EDGE_CURVE('',#3779,#3780,#1482,.T.);
#4657=EDGE_CURVE('',#3780,#3781,#3182,.T.);
#4658=EDGE_CURVE('',#3781,#3774,#1483,.T.);
#4659=EDGE_CURVE('',#3782,#3783,#3183,.T.);
#4660=EDGE_CURVE('',#3783,#3784,#1484,.T.);
#4661=EDGE_CURVE('',#3784,#3785,#3184,.T.);
#4662=EDGE_CURVE('',#3785,#3786,#1485,.T.);
#4663=EDGE_CURVE('',#3786,#3787,#3185,.T.);
#4664=EDGE_CURVE('',#3787,#3788,#1486,.T.);
#4665=EDGE_CURVE('',#3788,#3789,#3186,.T.);
#4666=EDGE_CURVE('',#3789,#3782,#1487,.T.);
#4667=EDGE_CURVE('',#3790,#3791,#3187,.T.);
#4668=EDGE_CURVE('',#3791,#3792,#1488,.T.);
#4669=EDGE_CURVE('',#3792,#3793,#3188,.T.);
#4670=EDGE_CURVE('',#3793,#3794,#1489,.T.);
#4671=EDGE_CURVE('',#3794,#3795,#3189,.T.);
#4672=EDGE_CURVE('',#3795,#3796,#1490,.T.);
#4673=EDGE_CURVE('',#3796,#3797,#3190,.T.);
#4674=EDGE_CURVE('',#3797,#3790,#1491,.T.);
#4675=EDGE_CURVE('',#3798,#3799,#3191,.T.);
#4676=EDGE_CURVE('',#3799,#3800,#1492,.T.);
#4677=EDGE_CURVE('',#3800,#3801,#3192,.T.);
#4678=EDGE_CURVE('',#3801,#3802,#1493,.T.);
#4679=EDGE_CURVE('',#3802,#3803,#3193,.T.);
#4680=EDGE_CURVE('',#3803,#3804,#1494,.T.);
#4681=EDGE_CURVE('',#3804,#3805,#3194,.T.);
#4682=EDGE_CURVE('',#3805,#3798,#1495,.T.);
#4683=EDGE_CURVE('',#3806,#3807,#3195,.T.);
#4684=EDGE_CURVE('',#3807,#3808,#1496,.T.);
#4685=EDGE_CURVE('',#3808,#3809,#3196,.T.);
#4686=EDGE_CURVE('',#3809,#3810,#1497,.T.);
#4687=EDGE_CURVE('',#3810,#3811,#3197,.T.);
#4688=EDGE_CURVE('',#3811,#3812,#1498,.T.);
#4689=EDGE_CURVE('',#3812,#3813,#3198,.T.);
#4690=EDGE_CURVE('',#3813,#3806,#1499,.T.);
#4691=EDGE_CURVE('',#3814,#3815,#3199,.T.);
#4692=EDGE_CURVE('',#3815,#3816,#1500,.T.);
#4693=EDGE_CURVE('',#3816,#3817,#3200,.T.);
#4694=EDGE_CURVE('',#3817,#3818,#1501,.T.);
#4695=EDGE_CURVE('',#3818,#3819,#3201,.T.);
#4696=EDGE_CURVE('',#3819,#3820,#1502,.T.);
#4697=EDGE_CURVE('',#3820,#3821,#3202,.T.);
#4698=EDGE_CURVE('',#3821,#3814,#1503,.T.);
#4699=EDGE_CURVE('',#3822,#3823,#3203,.T.);
#4700=EDGE_CURVE('',#3823,#3824,#1504,.T.);
#4701=EDGE_CURVE('',#3824,#3825,#3204,.T.);
#4702=EDGE_CURVE('',#3825,#3826,#1505,.T.);
#4703=EDGE_CURVE('',#3826,#3827,#3205,.T.);
#4704=EDGE_CURVE('',#3827,#3828,#1506,.T.);
#4705=EDGE_CURVE('',#3828,#3829,#3206,.T.);
#4706=EDGE_CURVE('',#3829,#3822,#1507,.T.);
#4707=EDGE_CURVE('',#3830,#3831,#3207,.T.);
#4708=EDGE_CURVE('',#3831,#3832,#1508,.T.);
#4709=EDGE_CURVE('',#3832,#3833,#3208,.T.);
#4710=EDGE_CURVE('',#3833,#3834,#1509,.T.);
#4711=EDGE_CURVE('',#3834,#3835,#3209,.T.);
#4712=EDGE_CURVE('',#3835,#3836,#1510,.T.);
#4713=EDGE_CURVE('',#3836,#3837,#3210,.T.);
#4714=EDGE_CURVE('',#3837,#3830,#1511,.T.);
#4715=EDGE_CURVE('',#3838,#3839,#3211,.T.);
#4716=EDGE_CURVE('',#3839,#3840,#1512,.T.);
#4717=EDGE_CURVE('',#3840,#3841,#3212,.T.);
#4718=EDGE_CURVE('',#3841,#3842,#1513,.T.);
#4719=EDGE_CURVE('',#3842,#3843,#3213,.T.);
#4720=EDGE_CURVE('',#3843,#3844,#1514,.T.);
#4721=EDGE_CURVE('',#3844,#3845,#3214,.T.);
#4722=EDGE_CURVE('',#3845,#3838,#1515,.T.);
#4723=EDGE_CURVE('',#3846,#3847,#3215,.T.);
#4724=EDGE_CURVE('',#3847,#3848,#1516,.T.);
#4725=EDGE_CURVE('',#3848,#3849,#3216,.T.);
#4726=EDGE_CURVE('',#3849,#3850,#1517,.T.);
#4727=EDGE_CURVE('',#3850,#3851,#3217,.T.);
#4728=EDGE_CURVE('',#3851,#3852,#1518,.T.);
#4729=EDGE_CURVE('',#3852,#3853,#3218,.T.);
#4730=EDGE_CURVE('',#3853,#3846,#1519,.T.);
#4731=EDGE_CURVE('',#3854,#3855,#3219,.T.);
#4732=EDGE_CURVE('',#3855,#3856,#1520,.T.);
#4733=EDGE_CURVE('',#3856,#3857,#3220,.T.);
#4734=EDGE_CURVE('',#3857,#3858,#1521,.T.);
#4735=EDGE_CURVE('',#3858,#3859,#3221,.T.);
#4736=EDGE_CURVE('',#3859,#3860,#1522,.T.);
#4737=EDGE_CURVE('',#3860,#3861,#3222,.T.);
#4738=EDGE_CURVE('',#3861,#3854,#1523,.T.);
#4739=EDGE_CURVE('',#3862,#3863,#3223,.T.);
#4740=EDGE_CURVE('',#3863,#3864,#1524,.T.);
#4741=EDGE_CURVE('',#3864,#3865,#3224,.T.);
#4742=EDGE_CURVE('',#3865,#3866,#1525,.T.);
#4743=EDGE_CURVE('',#3866,#3867,#3225,.T.);
#4744=EDGE_CURVE('',#3867,#3868,#1526,.T.);
#4745=EDGE_CURVE('',#3868,#3869,#3226,.T.);
#4746=EDGE_CURVE('',#3869,#3862,#1527,.T.);
#4747=EDGE_CURVE('',#3870,#3502,#1528,.T.);
#4748=EDGE_CURVE('',#3870,#3871,#1529,.T.);
#4749=EDGE_CURVE('',#3871,#3503,#1530,.T.);
#4750=EDGE_CURVE('',#3872,#3870,#3227,.T.);
#4751=EDGE_CURVE('',#3872,#3873,#1531,.T.);
#4752=EDGE_CURVE('',#3873,#3874,#3228,.T.);
#4753=EDGE_CURVE('',#3875,#3874,#1532,.T.);
#4754=EDGE_CURVE('',#3876,#3875,#3229,.T.);
#4755=EDGE_CURVE('',#3876,#3877,#1533,.T.);
#4756=EDGE_CURVE('',#3877,#3878,#3230,.T.);
#4757=EDGE_CURVE('',#3879,#3878,#1534,.T.);
#4758=EDGE_CURVE('',#3880,#3879,#3231,.T.);
#4759=EDGE_CURVE('',#3880,#3881,#1535,.T.);
#4760=EDGE_CURVE('',#3882,#3881,#3232,.T.);
#4761=EDGE_CURVE('',#3882,#3883,#1536,.T.);
#4762=EDGE_CURVE('',#3883,#3884,#3233,.T.);
#4763=EDGE_CURVE('',#3884,#3885,#1537,.T.);
#4764=EDGE_CURVE('',#3886,#3885,#3234,.T.);
#4765=EDGE_CURVE('',#3886,#3887,#1538,.T.);
#4766=EDGE_CURVE('',#3887,#3888,#3235,.T.);
#4767=EDGE_CURVE('',#3888,#3889,#1539,.T.);
#4768=EDGE_CURVE('',#3890,#3889,#3236,.T.);
#4769=EDGE_CURVE('',#3891,#3890,#1540,.T.);
#4770=EDGE_CURVE('',#3892,#3891,#3237,.T.);
#4771=EDGE_CURVE('',#3893,#3892,#1541,.T.);
#4772=EDGE_CURVE('',#3893,#3894,#1542,.T.);
#4773=EDGE_CURVE('',#3894,#3895,#1543,.T.);
#4774=EDGE_CURVE('',#3895,#3896,#3238,.T.);
#4775=EDGE_CURVE('',#3896,#3897,#1544,.T.);
#4776=EDGE_CURVE('',#3897,#3898,#3239,.T.);
#4777=EDGE_CURVE('',#3899,#3898,#1545,.T.);
#4778=EDGE_CURVE('',#3900,#3899,#3240,.T.);
#4779=EDGE_CURVE('',#3901,#3900,#1546,.T.);
#4780=EDGE_CURVE('',#3901,#3902,#3241,.T.);
#4781=EDGE_CURVE('',#3902,#3903,#1547,.T.);
#4782=EDGE_CURVE('',#3904,#3903,#3242,.T.);
#4783=EDGE_CURVE('',#3904,#3905,#1548,.T.);
#4784=EDGE_CURVE('',#3906,#3905,#3243,.T.);
#4785=EDGE_CURVE('',#3906,#3907,#1549,.T.);
#4786=EDGE_CURVE('',#3907,#3908,#3244,.T.);
#4787=EDGE_CURVE('',#3909,#3908,#1550,.T.);
#4788=EDGE_CURVE('',#3910,#3909,#3245,.T.);
#4789=EDGE_CURVE('',#3911,#3910,#1551,.T.);
#4790=EDGE_CURVE('',#3912,#3911,#3246,.T.);
#4791=EDGE_CURVE('',#3913,#3912,#1552,.T.);
#4792=EDGE_CURVE('',#3914,#3913,#3247,.T.);
#4793=EDGE_CURVE('',#3915,#3914,#1553,.T.);
#4794=EDGE_CURVE('',#3915,#3916,#3248,.T.);
#4795=EDGE_CURVE('',#3916,#3917,#1554,.T.);
#4796=EDGE_CURVE('',#3917,#3918,#3249,.T.);
#4797=EDGE_CURVE('',#3918,#3919,#1555,.T.);
#4798=EDGE_CURVE('',#3919,#3920,#1556,.T.);
#4799=EDGE_CURVE('',#3921,#3920,#1557,.T.);
#4800=EDGE_CURVE('',#3871,#3921,#3250,.T.);
#4801=EDGE_CURVE('',#3494,#3922,#1558,.T.);
#4802=EDGE_CURVE('',#3922,#3923,#3251,.T.);
#4803=EDGE_CURVE('',#3923,#3924,#1559,.T.);
#4804=EDGE_CURVE('',#3924,#3925,#3252,.T.);
#4805=EDGE_CURVE('',#3925,#3926,#1560,.T.);
#4806=EDGE_CURVE('',#3926,#3927,#3253,.T.);
#4807=EDGE_CURVE('',#3927,#3928,#1561,.T.);
#4808=EDGE_CURVE('',#3928,#3500,#3254,.T.);
#4809=EDGE_CURVE('',#3929,#3930,#3255,.T.);
#4810=EDGE_CURVE('',#3930,#3931,#1562,.T.);
#4811=EDGE_CURVE('',#3932,#3931,#3256,.T.);
#4812=EDGE_CURVE('',#3932,#3933,#1563,.T.);
#4813=EDGE_CURVE('',#3934,#3933,#3257,.T.);
#4814=EDGE_CURVE('',#3934,#3935,#1564,.T.);
#4815=EDGE_CURVE('',#3935,#3936,#3258,.T.);
#4816=EDGE_CURVE('',#3936,#3929,#1565,.T.);
#4817=EDGE_CURVE('',#3937,#3938,#3259,.T.);
#4818=EDGE_CURVE('',#3938,#3939,#1566,.T.);
#4819=EDGE_CURVE('',#3939,#3940,#3260,.T.);
#4820=EDGE_CURVE('',#3941,#3940,#1567,.T.);
#4821=EDGE_CURVE('',#3942,#3941,#3261,.T.);
#4822=EDGE_CURVE('',#3942,#3943,#1568,.T.);
#4823=EDGE_CURVE('',#3944,#3943,#3262,.T.);
#4824=EDGE_CURVE('',#3944,#3937,#1569,.T.);
#4825=EDGE_CURVE('',#3945,#3946,#3263,.T.);
#4826=EDGE_CURVE('',#3945,#3947,#1570,.T.);
#4827=EDGE_CURVE('',#3948,#3947,#3264,.T.);
#4828=EDGE_CURVE('',#3948,#3949,#1571,.T.);
#4829=EDGE_CURVE('',#3950,#3949,#3265,.T.);
#4830=EDGE_CURVE('',#3950,#3951,#1572,.T.);
#4831=EDGE_CURVE('',#3952,#3951,#3266,.T.);
#4832=EDGE_CURVE('',#3946,#3952,#1573,.T.);
#4833=EDGE_CURVE('',#3953,#3954,#3267,.T.);
#4834=EDGE_CURVE('',#3953,#3955,#1574,.T.);
#4835=EDGE_CURVE('',#3956,#3955,#3268,.T.);
#4836=EDGE_CURVE('',#3956,#3957,#1575,.T.);
#4837=EDGE_CURVE('',#3958,#3957,#3269,.T.);
#4838=EDGE_CURVE('',#3958,#3959,#1576,.T.);
#4839=EDGE_CURVE('',#3960,#3959,#3270,.T.);
#4840=EDGE_CURVE('',#3954,#3960,#1577,.T.);
#4841=EDGE_CURVE('',#3961,#3962,#3271,.T.);
#4842=EDGE_CURVE('',#3961,#3963,#1578,.T.);
#4843=EDGE_CURVE('',#3964,#3963,#3272,.T.);
#4844=EDGE_CURVE('',#3964,#3965,#1579,.T.);
#4845=EDGE_CURVE('',#3966,#3965,#3273,.T.);
#4846=EDGE_CURVE('',#3966,#3967,#1580,.T.);
#4847=EDGE_CURVE('',#3968,#3967,#3274,.T.);
#4848=EDGE_CURVE('',#3962,#3968,#1581,.T.);
#4849=EDGE_CURVE('',#3969,#3970,#3275,.T.);
#4850=EDGE_CURVE('',#3969,#3971,#1582,.T.);
#4851=EDGE_CURVE('',#3972,#3971,#3276,.T.);
#4852=EDGE_CURVE('',#3972,#3973,#1583,.T.);
#4853=EDGE_CURVE('',#3974,#3973,#3277,.T.);
#4854=EDGE_CURVE('',#3974,#3975,#1584,.T.);
#4855=EDGE_CURVE('',#3976,#3975,#3278,.T.);
#4856=EDGE_CURVE('',#3970,#3976,#1585,.T.);
#4857=EDGE_CURVE('',#3977,#3978,#3279,.T.);
#4858=EDGE_CURVE('',#3977,#3979,#1586,.T.);
#4859=EDGE_CURVE('',#3980,#3979,#3280,.T.);
#4860=EDGE_CURVE('',#3980,#3981,#1587,.T.);
#4861=EDGE_CURVE('',#3982,#3981,#3281,.T.);
#4862=EDGE_CURVE('',#3982,#3983,#1588,.T.);
#4863=EDGE_CURVE('',#3984,#3983,#3282,.T.);
#4864=EDGE_CURVE('',#3978,#3984,#1589,.T.);
#4865=EDGE_CURVE('',#3985,#3986,#3283,.T.);
#4866=EDGE_CURVE('',#3985,#3987,#1590,.T.);
#4867=EDGE_CURVE('',#3988,#3987,#3284,.T.);
#4868=EDGE_CURVE('',#3988,#3989,#1591,.T.);
#4869=EDGE_CURVE('',#3990,#3989,#3285,.T.);
#4870=EDGE_CURVE('',#3990,#3991,#1592,.T.);
#4871=EDGE_CURVE('',#3992,#3991,#3286,.T.);
#4872=EDGE_CURVE('',#3986,#3992,#1593,.T.);
#4873=EDGE_CURVE('',#3993,#3994,#3287,.T.);
#4874=EDGE_CURVE('',#3994,#3995,#1594,.T.);
#4875=EDGE_CURVE('',#3995,#3996,#3288,.T.);
#4876=EDGE_CURVE('',#3996,#3997,#1595,.T.);
#4877=EDGE_CURVE('',#3997,#3998,#3289,.T.);
#4878=EDGE_CURVE('',#3998,#3999,#1596,.T.);
#4879=EDGE_CURVE('',#3999,#4000,#3290,.T.);
#4880=EDGE_CURVE('',#4000,#3993,#1597,.T.);
#4881=EDGE_CURVE('',#4001,#4002,#3291,.T.);
#4882=EDGE_CURVE('',#4002,#4003,#1598,.T.);
#4883=EDGE_CURVE('',#4003,#4004,#3292,.T.);
#4884=EDGE_CURVE('',#4004,#4005,#1599,.T.);
#4885=EDGE_CURVE('',#4005,#4006,#3293,.T.);
#4886=EDGE_CURVE('',#4006,#4007,#1600,.T.);
#4887=EDGE_CURVE('',#4007,#4008,#3294,.T.);
#4888=EDGE_CURVE('',#4008,#4001,#1601,.T.);
#4889=EDGE_CURVE('',#4009,#4010,#3295,.T.);
#4890=EDGE_CURVE('',#4010,#4011,#1602,.T.);
#4891=EDGE_CURVE('',#4011,#4012,#3296,.T.);
#4892=EDGE_CURVE('',#4012,#4013,#1603,.T.);
#4893=EDGE_CURVE('',#4013,#4014,#3297,.T.);
#4894=EDGE_CURVE('',#4014,#4015,#1604,.T.);
#4895=EDGE_CURVE('',#4015,#4016,#3298,.T.);
#4896=EDGE_CURVE('',#4016,#4009,#1605,.T.);
#4897=EDGE_CURVE('',#4017,#4018,#3299,.T.);
#4898=EDGE_CURVE('',#4018,#4019,#1606,.T.);
#4899=EDGE_CURVE('',#4019,#4020,#3300,.T.);
#4900=EDGE_CURVE('',#4020,#4021,#1607,.T.);
#4901=EDGE_CURVE('',#4021,#4022,#3301,.T.);
#4902=EDGE_CURVE('',#4022,#4023,#1608,.T.);
#4903=EDGE_CURVE('',#4023,#4024,#3302,.T.);
#4904=EDGE_CURVE('',#4024,#4017,#1609,.T.);
#4905=EDGE_CURVE('',#4025,#4026,#3303,.T.);
#4906=EDGE_CURVE('',#4026,#4027,#1610,.T.);
#4907=EDGE_CURVE('',#4027,#4028,#3304,.T.);
#4908=EDGE_CURVE('',#4028,#4029,#1611,.T.);
#4909=EDGE_CURVE('',#4029,#4030,#3305,.T.);
#4910=EDGE_CURVE('',#4030,#4031,#1612,.T.);
#4911=EDGE_CURVE('',#4031,#4032,#3306,.T.);
#4912=EDGE_CURVE('',#4032,#4025,#1613,.T.);
#4913=EDGE_CURVE('',#4033,#4034,#3307,.T.);
#4914=EDGE_CURVE('',#4034,#4035,#1614,.T.);
#4915=EDGE_CURVE('',#4035,#4036,#3308,.T.);
#4916=EDGE_CURVE('',#4036,#4037,#1615,.T.);
#4917=EDGE_CURVE('',#4037,#4038,#3309,.T.);
#4918=EDGE_CURVE('',#4038,#4039,#1616,.T.);
#4919=EDGE_CURVE('',#4039,#4040,#3310,.T.);
#4920=EDGE_CURVE('',#4040,#4033,#1617,.T.);
#4921=EDGE_CURVE('',#4041,#4042,#3311,.T.);
#4922=EDGE_CURVE('',#4042,#4043,#1618,.T.);
#4923=EDGE_CURVE('',#4043,#4044,#3312,.T.);
#4924=EDGE_CURVE('',#4044,#4045,#1619,.T.);
#4925=EDGE_CURVE('',#4045,#4046,#3313,.T.);
#4926=EDGE_CURVE('',#4046,#4047,#1620,.T.);
#4927=EDGE_CURVE('',#4047,#4048,#3314,.T.);
#4928=EDGE_CURVE('',#4048,#4041,#1621,.T.);
#4929=EDGE_CURVE('',#4049,#4050,#3315,.T.);
#4930=EDGE_CURVE('',#4050,#4051,#1622,.T.);
#4931=EDGE_CURVE('',#4051,#4052,#3316,.T.);
#4932=EDGE_CURVE('',#4052,#4053,#1623,.T.);
#4933=EDGE_CURVE('',#4053,#4054,#3317,.T.);
#4934=EDGE_CURVE('',#4054,#4055,#1624,.T.);
#4935=EDGE_CURVE('',#4055,#4056,#3318,.T.);
#4936=EDGE_CURVE('',#4056,#4049,#1625,.T.);
#4937=EDGE_CURVE('',#4057,#4058,#3319,.T.);
#4938=EDGE_CURVE('',#4058,#4059,#1626,.T.);
#4939=EDGE_CURVE('',#4059,#4060,#3320,.T.);
#4940=EDGE_CURVE('',#4060,#4061,#1627,.T.);
#4941=EDGE_CURVE('',#4061,#4062,#3321,.T.);
#4942=EDGE_CURVE('',#4062,#4063,#1628,.T.);
#4943=EDGE_CURVE('',#4063,#4064,#3322,.T.);
#4944=EDGE_CURVE('',#4064,#4057,#1629,.T.);
#4945=EDGE_CURVE('',#4065,#4066,#3323,.T.);
#4946=EDGE_CURVE('',#4066,#4067,#1630,.T.);
#4947=EDGE_CURVE('',#4067,#4068,#3324,.T.);
#4948=EDGE_CURVE('',#4068,#4069,#1631,.T.);
#4949=EDGE_CURVE('',#4069,#4070,#3325,.T.);
#4950=EDGE_CURVE('',#4070,#4071,#1632,.T.);
#4951=EDGE_CURVE('',#4071,#4072,#3326,.T.);
#4952=EDGE_CURVE('',#4072,#4065,#1633,.T.);
#4953=EDGE_CURVE('',#4073,#4074,#3327,.T.);
#4954=EDGE_CURVE('',#4074,#4075,#1634,.T.);
#4955=EDGE_CURVE('',#4075,#4076,#3328,.T.);
#4956=EDGE_CURVE('',#4076,#4077,#1635,.T.);
#4957=EDGE_CURVE('',#4077,#4078,#3329,.T.);
#4958=EDGE_CURVE('',#4078,#4079,#1636,.T.);
#4959=EDGE_CURVE('',#4079,#4080,#3330,.T.);
#4960=EDGE_CURVE('',#4080,#4073,#1637,.T.);
#4961=EDGE_CURVE('',#4081,#4082,#3331,.T.);
#4962=EDGE_CURVE('',#4082,#4083,#1638,.T.);
#4963=EDGE_CURVE('',#4083,#4084,#3332,.T.);
#4964=EDGE_CURVE('',#4084,#4085,#1639,.T.);
#4965=EDGE_CURVE('',#4085,#4086,#3333,.T.);
#4966=EDGE_CURVE('',#4086,#4087,#1640,.T.);
#4967=EDGE_CURVE('',#4087,#4088,#3334,.T.);
#4968=EDGE_CURVE('',#4088,#4081,#1641,.T.);
#4969=EDGE_CURVE('',#4089,#4090,#3335,.T.);
#4970=EDGE_CURVE('',#4090,#4091,#1642,.T.);
#4971=EDGE_CURVE('',#4091,#4092,#3336,.T.);
#4972=EDGE_CURVE('',#4092,#4093,#1643,.T.);
#4973=EDGE_CURVE('',#4093,#4094,#3337,.T.);
#4974=EDGE_CURVE('',#4094,#4095,#1644,.T.);
#4975=EDGE_CURVE('',#4095,#4096,#3338,.T.);
#4976=EDGE_CURVE('',#4096,#4089,#1645,.T.);
#4977=EDGE_CURVE('',#4097,#4098,#3339,.T.);
#4978=EDGE_CURVE('',#4098,#4099,#1646,.T.);
#4979=EDGE_CURVE('',#4099,#4100,#3340,.T.);
#4980=EDGE_CURVE('',#4100,#4101,#1647,.T.);
#4981=EDGE_CURVE('',#4101,#4102,#3341,.T.);
#4982=EDGE_CURVE('',#4102,#4103,#1648,.T.);
#4983=EDGE_CURVE('',#4103,#4104,#3342,.T.);
#4984=EDGE_CURVE('',#4104,#4097,#1649,.T.);
#4985=EDGE_CURVE('',#4105,#4106,#3343,.T.);
#4986=EDGE_CURVE('',#4106,#4107,#1650,.T.);
#4987=EDGE_CURVE('',#4107,#4108,#3344,.T.);
#4988=EDGE_CURVE('',#4108,#4109,#1651,.T.);
#4989=EDGE_CURVE('',#4109,#4110,#3345,.T.);
#4990=EDGE_CURVE('',#4110,#4111,#1652,.T.);
#4991=EDGE_CURVE('',#4111,#4112,#3346,.T.);
#4992=EDGE_CURVE('',#4112,#4105,#1653,.T.);
#4993=EDGE_CURVE('',#4113,#4114,#3347,.T.);
#4994=EDGE_CURVE('',#4114,#4115,#1654,.T.);
#4995=EDGE_CURVE('',#4115,#4116,#3348,.T.);
#4996=EDGE_CURVE('',#4116,#4117,#1655,.T.);
#4997=EDGE_CURVE('',#4117,#4118,#3349,.T.);
#4998=EDGE_CURVE('',#4118,#4119,#1656,.T.);
#4999=EDGE_CURVE('',#4119,#4120,#3350,.T.);
#5000=EDGE_CURVE('',#4120,#4113,#1657,.T.);
#5001=EDGE_CURVE('',#4121,#4122,#3351,.T.);
#5002=EDGE_CURVE('',#4122,#4123,#1658,.T.);
#5003=EDGE_CURVE('',#4123,#4124,#3352,.T.);
#5004=EDGE_CURVE('',#4124,#4125,#1659,.T.);
#5005=EDGE_CURVE('',#4125,#4126,#3353,.T.);
#5006=EDGE_CURVE('',#4126,#4127,#1660,.T.);
#5007=EDGE_CURVE('',#4127,#4128,#3354,.T.);
#5008=EDGE_CURVE('',#4128,#4121,#1661,.T.);
#5009=EDGE_CURVE('',#4129,#4130,#3355,.T.);
#5010=EDGE_CURVE('',#4130,#4131,#1662,.T.);
#5011=EDGE_CURVE('',#4131,#4132,#3356,.T.);
#5012=EDGE_CURVE('',#4132,#4133,#1663,.T.);
#5013=EDGE_CURVE('',#4133,#4134,#3357,.T.);
#5014=EDGE_CURVE('',#4134,#4135,#1664,.T.);
#5015=EDGE_CURVE('',#4135,#4136,#3358,.T.);
#5016=EDGE_CURVE('',#4136,#4129,#1665,.T.);
#5017=EDGE_CURVE('',#4137,#4137,#3359,.T.);
#5018=EDGE_CURVE('',#4138,#4139,#3360,.T.);
#5019=EDGE_CURVE('',#4139,#4140,#1666,.T.);
#5020=EDGE_CURVE('',#4140,#4141,#3361,.T.);
#5021=EDGE_CURVE('',#4141,#4142,#1667,.T.);
#5022=EDGE_CURVE('',#4142,#4143,#3362,.T.);
#5023=EDGE_CURVE('',#4143,#4144,#1668,.T.);
#5024=EDGE_CURVE('',#4144,#4145,#3363,.T.);
#5025=EDGE_CURVE('',#4145,#4138,#1669,.T.);
#5026=EDGE_CURVE('',#4146,#4147,#3364,.T.);
#5027=EDGE_CURVE('',#4147,#4148,#1670,.T.);
#5028=EDGE_CURVE('',#4148,#4149,#3365,.T.);
#5029=EDGE_CURVE('',#4149,#4150,#1671,.T.);
#5030=EDGE_CURVE('',#4150,#4151,#3366,.T.);
#5031=EDGE_CURVE('',#4151,#4152,#1672,.T.);
#5032=EDGE_CURVE('',#4152,#4153,#3367,.T.);
#5033=EDGE_CURVE('',#4153,#4146,#1673,.T.);
#5034=EDGE_CURVE('',#4154,#4155,#3368,.T.);
#5035=EDGE_CURVE('',#4155,#4156,#1674,.T.);
#5036=EDGE_CURVE('',#4156,#4157,#3369,.T.);
#5037=EDGE_CURVE('',#4157,#4158,#1675,.T.);
#5038=EDGE_CURVE('',#4158,#4159,#3370,.T.);
#5039=EDGE_CURVE('',#4159,#4160,#1676,.T.);
#5040=EDGE_CURVE('',#4160,#4161,#3371,.T.);
#5041=EDGE_CURVE('',#4161,#4154,#1677,.T.);
#5042=EDGE_CURVE('',#4162,#4163,#3372,.T.);
#5043=EDGE_CURVE('',#4163,#4164,#1678,.T.);
#5044=EDGE_CURVE('',#4164,#4165,#3373,.T.);
#5045=EDGE_CURVE('',#4165,#4166,#1679,.T.);
#5046=EDGE_CURVE('',#4166,#4167,#3374,.T.);
#5047=EDGE_CURVE('',#4167,#4168,#1680,.T.);
#5048=EDGE_CURVE('',#4168,#4169,#3375,.T.);
#5049=EDGE_CURVE('',#4169,#4162,#1681,.T.);
#5050=EDGE_CURVE('',#4170,#4171,#3376,.T.);
#5051=EDGE_CURVE('',#4171,#4172,#1682,.T.);
#5052=EDGE_CURVE('',#4172,#4173,#3377,.T.);
#5053=EDGE_CURVE('',#4173,#4174,#1683,.T.);
#5054=EDGE_CURVE('',#4174,#4175,#3378,.T.);
#5055=EDGE_CURVE('',#4175,#4176,#1684,.T.);
#5056=EDGE_CURVE('',#4176,#4177,#3379,.T.);
#5057=EDGE_CURVE('',#4177,#4170,#1685,.T.);
#5058=EDGE_CURVE('',#4178,#4179,#3380,.T.);
#5059=EDGE_CURVE('',#4179,#4180,#1686,.T.);
#5060=EDGE_CURVE('',#4180,#4181,#3381,.T.);
#5061=EDGE_CURVE('',#4181,#4182,#1687,.T.);
#5062=EDGE_CURVE('',#4182,#4183,#3382,.T.);
#5063=EDGE_CURVE('',#4183,#4184,#1688,.T.);
#5064=EDGE_CURVE('',#4184,#4185,#3383,.T.);
#5065=EDGE_CURVE('',#4185,#4178,#1689,.T.);
#5066=EDGE_CURVE('',#4186,#4186,#3384,.T.);
#5067=EDGE_CURVE('',#4187,#3492,#3385,.T.);
#5068=EDGE_CURVE('',#3484,#4188,#1690,.T.);
#5069=EDGE_CURVE('',#4188,#4189,#3386,.T.);
#5070=EDGE_CURVE('',#4189,#4190,#1691,.T.);
#5071=EDGE_CURVE('',#4190,#4191,#3387,.T.);
#5072=EDGE_CURVE('',#4191,#4187,#1692,.T.);
#5073=EDGE_CURVE('',#4192,#4193,#3388,.T.);
#5074=EDGE_CURVE('',#4193,#4194,#1693,.T.);
#5075=EDGE_CURVE('',#4194,#4195,#3389,.T.);
#5076=EDGE_CURVE('',#4195,#4196,#1694,.T.);
#5077=EDGE_CURVE('',#4196,#4197,#3390,.T.);
#5078=EDGE_CURVE('',#4197,#4198,#1695,.T.);
#5079=EDGE_CURVE('',#4198,#4199,#3391,.T.);
#5080=EDGE_CURVE('',#4199,#4192,#1696,.T.);
#5081=EDGE_CURVE('',#4200,#4200,#3392,.T.);
#5082=EDGE_CURVE('',#4201,#4202,#3393,.T.);
#5083=EDGE_CURVE('',#4202,#4203,#1697,.T.);
#5084=EDGE_CURVE('',#4203,#4204,#3394,.T.);
#5085=EDGE_CURVE('',#4204,#4205,#1698,.T.);
#5086=EDGE_CURVE('',#4205,#4206,#3395,.T.);
#5087=EDGE_CURVE('',#4206,#4207,#1699,.T.);
#5088=EDGE_CURVE('',#4207,#4208,#3396,.T.);
#5089=EDGE_CURVE('',#4208,#4201,#1700,.T.);
#5090=EDGE_CURVE('',#4209,#4210,#3397,.T.);
#5091=EDGE_CURVE('',#4210,#4211,#1701,.T.);
#5092=EDGE_CURVE('',#4211,#4212,#3398,.T.);
#5093=EDGE_CURVE('',#4212,#4213,#1702,.T.);
#5094=EDGE_CURVE('',#4213,#4214,#3399,.T.);
#5095=EDGE_CURVE('',#4214,#4215,#1703,.T.);
#5096=EDGE_CURVE('',#4215,#4216,#3400,.T.);
#5097=EDGE_CURVE('',#4216,#4209,#1704,.T.);
#5098=EDGE_CURVE('',#4217,#4218,#3401,.T.);
#5099=EDGE_CURVE('',#4218,#4219,#1705,.T.);
#5100=EDGE_CURVE('',#4219,#4220,#3402,.T.);
#5101=EDGE_CURVE('',#4220,#4221,#1706,.T.);
#5102=EDGE_CURVE('',#4221,#4222,#3403,.T.);
#5103=EDGE_CURVE('',#4222,#4223,#1707,.T.);
#5104=EDGE_CURVE('',#4223,#4224,#3404,.T.);
#5105=EDGE_CURVE('',#4224,#4217,#1708,.T.);
#5106=EDGE_CURVE('',#4225,#4226,#3405,.T.);
#5107=EDGE_CURVE('',#4226,#4227,#1709,.T.);
#5108=EDGE_CURVE('',#4227,#4228,#3406,.T.);
#5109=EDGE_CURVE('',#4228,#4229,#1710,.T.);
#5110=EDGE_CURVE('',#4229,#4230,#3407,.T.);
#5111=EDGE_CURVE('',#4230,#4231,#1711,.T.);
#5112=EDGE_CURVE('',#4231,#4232,#3408,.T.);
#5113=EDGE_CURVE('',#4232,#4225,#1712,.T.);
#5114=EDGE_CURVE('',#4233,#4233,#3409,.T.);
#5115=EDGE_CURVE('',#4234,#4235,#3410,.T.);
#5116=EDGE_CURVE('',#4235,#4236,#1713,.T.);
#5117=EDGE_CURVE('',#4236,#4237,#3411,.T.);
#5118=EDGE_CURVE('',#4237,#4238,#1714,.T.);
#5119=EDGE_CURVE('',#4238,#4239,#3412,.T.);
#5120=EDGE_CURVE('',#4239,#4240,#1715,.T.);
#5121=EDGE_CURVE('',#4240,#4241,#3413,.T.);
#5122=EDGE_CURVE('',#4241,#4234,#1716,.T.);
#5123=EDGE_CURVE('',#3531,#3890,#1717,.T.);
#5124=EDGE_CURVE('',#3891,#3530,#1718,.T.);
#5125=EDGE_CURVE('',#3549,#3872,#1719,.T.);
#5126=EDGE_CURVE('',#3889,#3532,#1720,.T.);
#5127=EDGE_CURVE('',#3888,#3533,#1721,.T.);
#5128=EDGE_CURVE('',#3936,#3608,#1722,.T.);
#5129=EDGE_CURVE('',#3929,#3607,#1723,.T.);
#5130=EDGE_CURVE('',#3938,#3550,#1724,.T.);
#5131=EDGE_CURVE('',#3939,#3557,#1725,.T.);
#5132=EDGE_CURVE('',#3873,#3548,#1726,.T.);
#5133=EDGE_CURVE('',#3994,#3862,#1727,.T.);
#5134=EDGE_CURVE('',#3995,#3869,#1728,.T.);
#5135=EDGE_CURVE('',#3996,#3868,#1729,.T.);
#5136=EDGE_CURVE('',#3997,#3867,#1730,.T.);
#5137=EDGE_CURVE('',#3998,#3866,#1731,.T.);
#5138=EDGE_CURVE('',#3999,#3865,#1732,.T.);
#5139=EDGE_CURVE('',#4000,#3864,#1733,.T.);
#5140=EDGE_CURVE('',#3993,#3863,#1734,.T.);
#5141=EDGE_CURVE('',#4002,#3854,#1735,.T.);
#5142=EDGE_CURVE('',#4003,#3861,#1736,.T.);
#5143=EDGE_CURVE('',#4004,#3860,#1737,.T.);
#5144=EDGE_CURVE('',#4005,#3859,#1738,.T.);
#5145=EDGE_CURVE('',#4006,#3858,#1739,.T.);
#5146=EDGE_CURVE('',#4007,#3857,#1740,.T.);
#5147=EDGE_CURVE('',#4008,#3856,#1741,.T.);
#5148=EDGE_CURVE('',#4001,#3855,#1742,.T.);
#5149=EDGE_CURVE('',#4010,#3846,#1743,.T.);
#5150=EDGE_CURVE('',#4011,#3853,#1744,.T.);
#5151=EDGE_CURVE('',#4012,#3852,#1745,.T.);
#5152=EDGE_CURVE('',#4013,#3851,#1746,.T.);
#5153=EDGE_CURVE('',#4014,#3850,#1747,.T.);
#5154=EDGE_CURVE('',#4015,#3849,#1748,.T.);
#5155=EDGE_CURVE('',#4016,#3848,#1749,.T.);
#5156=EDGE_CURVE('',#4009,#3847,#1750,.T.);
#5157=EDGE_CURVE('',#4018,#3838,#1751,.T.);
#5158=EDGE_CURVE('',#4019,#3845,#1752,.T.);
#5159=EDGE_CURVE('',#4020,#3844,#1753,.T.);
#5160=EDGE_CURVE('',#4021,#3843,#1754,.T.);
#5161=EDGE_CURVE('',#4022,#3842,#1755,.T.);
#5162=EDGE_CURVE('',#4023,#3841,#1756,.T.);
#5163=EDGE_CURVE('',#4024,#3840,#1757,.T.);
#5164=EDGE_CURVE('',#4017,#3839,#1758,.T.);
#5165=EDGE_CURVE('',#4026,#3830,#1759,.T.);
#5166=EDGE_CURVE('',#4027,#3837,#1760,.T.);
#5167=EDGE_CURVE('',#4028,#3836,#1761,.T.);
#5168=EDGE_CURVE('',#4029,#3835,#1762,.T.);
#5169=EDGE_CURVE('',#4030,#3834,#1763,.T.);
#5170=EDGE_CURVE('',#4031,#3833,#1764,.T.);
#5171=EDGE_CURVE('',#4032,#3832,#1765,.T.);
#5172=EDGE_CURVE('',#4025,#3831,#1766,.T.);
#5173=EDGE_CURVE('',#4034,#3822,#1767,.T.);
#5174=EDGE_CURVE('',#4035,#3829,#1768,.T.);
#5175=EDGE_CURVE('',#4036,#3828,#1769,.T.);
#5176=EDGE_CURVE('',#4037,#3827,#1770,.T.);
#5177=EDGE_CURVE('',#4038,#3826,#1771,.T.);
#5178=EDGE_CURVE('',#4039,#3825,#1772,.T.);
#5179=EDGE_CURVE('',#4040,#3824,#1773,.T.);
#5180=EDGE_CURVE('',#4033,#3823,#1774,.T.);
#5181=EDGE_CURVE('',#4042,#3814,#1775,.T.);
#5182=EDGE_CURVE('',#4043,#3821,#1776,.T.);
#5183=EDGE_CURVE('',#4044,#3820,#1777,.T.);
#5184=EDGE_CURVE('',#4045,#3819,#1778,.T.);
#5185=EDGE_CURVE('',#4046,#3818,#1779,.T.);
#5186=EDGE_CURVE('',#4047,#3817,#1780,.T.);
#5187=EDGE_CURVE('',#4048,#3816,#1781,.T.);
#5188=EDGE_CURVE('',#4041,#3815,#1782,.T.);
#5189=EDGE_CURVE('',#4050,#3806,#1783,.T.);
#5190=EDGE_CURVE('',#4051,#3813,#1784,.T.);
#5191=EDGE_CURVE('',#4052,#3812,#1785,.T.);
#5192=EDGE_CURVE('',#4053,#3811,#1786,.T.);
#5193=EDGE_CURVE('',#4054,#3810,#1787,.T.);
#5194=EDGE_CURVE('',#4055,#3809,#1788,.T.);
#5195=EDGE_CURVE('',#4056,#3808,#1789,.T.);
#5196=EDGE_CURVE('',#4049,#3807,#1790,.T.);
#5197=EDGE_CURVE('',#4058,#3798,#1791,.T.);
#5198=EDGE_CURVE('',#4059,#3805,#1792,.T.);
#5199=EDGE_CURVE('',#4060,#3804,#1793,.T.);
#5200=EDGE_CURVE('',#4061,#3803,#1794,.T.);
#5201=EDGE_CURVE('',#4062,#3802,#1795,.T.);
#5202=EDGE_CURVE('',#4063,#3801,#1796,.T.);
#5203=EDGE_CURVE('',#4064,#3800,#1797,.T.);
#5204=EDGE_CURVE('',#4057,#3799,#1798,.T.);
#5205=EDGE_CURVE('',#4066,#3790,#1799,.T.);
#5206=EDGE_CURVE('',#4067,#3797,#1800,.T.);
#5207=EDGE_CURVE('',#4068,#3796,#1801,.T.);
#5208=EDGE_CURVE('',#4069,#3795,#1802,.T.);
#5209=EDGE_CURVE('',#4070,#3794,#1803,.T.);
#5210=EDGE_CURVE('',#4071,#3793,#1804,.T.);
#5211=EDGE_CURVE('',#4072,#3792,#1805,.T.);
#5212=EDGE_CURVE('',#4065,#3791,#1806,.T.);
#5213=EDGE_CURVE('',#4074,#3782,#1807,.T.);
#5214=EDGE_CURVE('',#4075,#3789,#1808,.T.);
#5215=EDGE_CURVE('',#4076,#3788,#1809,.T.);
#5216=EDGE_CURVE('',#4077,#3787,#1810,.T.);
#5217=EDGE_CURVE('',#4078,#3786,#1811,.T.);
#5218=EDGE_CURVE('',#4079,#3785,#1812,.T.);
#5219=EDGE_CURVE('',#4080,#3784,#1813,.T.);
#5220=EDGE_CURVE('',#4073,#3783,#1814,.T.);
#5221=EDGE_CURVE('',#4082,#3774,#1815,.T.);
#5222=EDGE_CURVE('',#4083,#3781,#1816,.T.);
#5223=EDGE_CURVE('',#4084,#3780,#1817,.T.);
#5224=EDGE_CURVE('',#4085,#3779,#1818,.T.);
#5225=EDGE_CURVE('',#4086,#3778,#1819,.T.);
#5226=EDGE_CURVE('',#4087,#3777,#1820,.T.);
#5227=EDGE_CURVE('',#4088,#3776,#1821,.T.);
#5228=EDGE_CURVE('',#4081,#3775,#1822,.T.);
#5229=EDGE_CURVE('',#4090,#3766,#1823,.T.);
#5230=EDGE_CURVE('',#4091,#3773,#1824,.T.);
#5231=EDGE_CURVE('',#4092,#3772,#1825,.T.);
#5232=EDGE_CURVE('',#4093,#3771,#1826,.T.);
#5233=EDGE_CURVE('',#4094,#3770,#1827,.T.);
#5234=EDGE_CURVE('',#4095,#3769,#1828,.T.);
#5235=EDGE_CURVE('',#4096,#3768,#1829,.T.);
#5236=EDGE_CURVE('',#4089,#3767,#1830,.T.);
#5237=EDGE_CURVE('',#4098,#3758,#1831,.T.);
#5238=EDGE_CURVE('',#4099,#3765,#1832,.T.);
#5239=EDGE_CURVE('',#4100,#3764,#1833,.T.);
#5240=EDGE_CURVE('',#4101,#3763,#1834,.T.);
#5241=EDGE_CURVE('',#4102,#3762,#1835,.T.);
#5242=EDGE_CURVE('',#4103,#3761,#1836,.T.);
#5243=EDGE_CURVE('',#4104,#3760,#1837,.T.);
#5244=EDGE_CURVE('',#4097,#3759,#1838,.T.);
#5245=EDGE_CURVE('',#4106,#3750,#1839,.T.);
#5246=EDGE_CURVE('',#4107,#3757,#1840,.T.);
#5247=EDGE_CURVE('',#4108,#3756,#1841,.T.);
#5248=EDGE_CURVE('',#4109,#3755,#1842,.T.);
#5249=EDGE_CURVE('',#4110,#3754,#1843,.T.);
#5250=EDGE_CURVE('',#4111,#3753,#1844,.T.);
#5251=EDGE_CURVE('',#4112,#3752,#1845,.T.);
#5252=EDGE_CURVE('',#4105,#3751,#1846,.T.);
#5253=EDGE_CURVE('',#4114,#3742,#1847,.T.);
#5254=EDGE_CURVE('',#4115,#3749,#1848,.T.);
#5255=EDGE_CURVE('',#4116,#3748,#1849,.T.);
#5256=EDGE_CURVE('',#4117,#3747,#1850,.T.);
#5257=EDGE_CURVE('',#4118,#3746,#1851,.T.);
#5258=EDGE_CURVE('',#4119,#3745,#1852,.T.);
#5259=EDGE_CURVE('',#4120,#3744,#1853,.T.);
#5260=EDGE_CURVE('',#4113,#3743,#1854,.T.);
#5261=EDGE_CURVE('',#4122,#3734,#1855,.T.);
#5262=EDGE_CURVE('',#4123,#3741,#1856,.T.);
#5263=EDGE_CURVE('',#4124,#3740,#1857,.T.);
#5264=EDGE_CURVE('',#4125,#3739,#1858,.T.);
#5265=EDGE_CURVE('',#4126,#3738,#1859,.T.);
#5266=EDGE_CURVE('',#4127,#3737,#1860,.T.);
#5267=EDGE_CURVE('',#4128,#3736,#1861,.T.);
#5268=EDGE_CURVE('',#4121,#3735,#1862,.T.);
#5269=EDGE_CURVE('',#4130,#3726,#1863,.T.);
#5270=EDGE_CURVE('',#4131,#3733,#1864,.T.);
#5271=EDGE_CURVE('',#4132,#3732,#1865,.T.);
#5272=EDGE_CURVE('',#4133,#3731,#1866,.T.);
#5273=EDGE_CURVE('',#4134,#3730,#1867,.T.);
#5274=EDGE_CURVE('',#4135,#3729,#1868,.T.);
#5275=EDGE_CURVE('',#4136,#3728,#1869,.T.);
#5276=EDGE_CURVE('',#4129,#3727,#1870,.T.);
#5277=EDGE_CURVE('',#3725,#4137,#1871,.T.);
#5278=EDGE_CURVE('',#4139,#3717,#1872,.T.);
#5279=EDGE_CURVE('',#4140,#3724,#1873,.T.);
#5280=EDGE_CURVE('',#4141,#3723,#1874,.T.);
#5281=EDGE_CURVE('',#4142,#3722,#1875,.T.);
#5282=EDGE_CURVE('',#4143,#3721,#1876,.T.);
#5283=EDGE_CURVE('',#4144,#3720,#1877,.T.);
#5284=EDGE_CURVE('',#4145,#3719,#1878,.T.);
#5285=EDGE_CURVE('',#4138,#3718,#1879,.T.);
#5286=EDGE_CURVE('',#4147,#3709,#1880,.T.);
#5287=EDGE_CURVE('',#4148,#3716,#1881,.T.);
#5288=EDGE_CURVE('',#4149,#3715,#1882,.T.);
#5289=EDGE_CURVE('',#4150,#3714,#1883,.T.);
#5290=EDGE_CURVE('',#4151,#3713,#1884,.T.);
#5291=EDGE_CURVE('',#4152,#3712,#1885,.T.);
#5292=EDGE_CURVE('',#4153,#3711,#1886,.T.);
#5293=EDGE_CURVE('',#4146,#3710,#1887,.T.);
#5294=EDGE_CURVE('',#4155,#3701,#1888,.T.);
#5295=EDGE_CURVE('',#4156,#3708,#1889,.T.);
#5296=EDGE_CURVE('',#4157,#3707,#1890,.T.);
#5297=EDGE_CURVE('',#4158,#3706,#1891,.T.);
#5298=EDGE_CURVE('',#4159,#3705,#1892,.T.);
#5299=EDGE_CURVE('',#4160,#3704,#1893,.T.);
#5300=EDGE_CURVE('',#4161,#3703,#1894,.T.);
#5301=EDGE_CURVE('',#4154,#3702,#1895,.T.);
#5302=EDGE_CURVE('',#4163,#3693,#1896,.T.);
#5303=EDGE_CURVE('',#4164,#3700,#1897,.T.);
#5304=EDGE_CURVE('',#4165,#3699,#1898,.T.);
#5305=EDGE_CURVE('',#4166,#3698,#1899,.T.);
#5306=EDGE_CURVE('',#4167,#3697,#1900,.T.);
#5307=EDGE_CURVE('',#4168,#3696,#1901,.T.);
#5308=EDGE_CURVE('',#4169,#3695,#1902,.T.);
#5309=EDGE_CURVE('',#4162,#3694,#1903,.T.);
#5310=EDGE_CURVE('',#4171,#3685,#1904,.T.);
#5311=EDGE_CURVE('',#4172,#3692,#1905,.T.);
#5312=EDGE_CURVE('',#4173,#3691,#1906,.T.);
#5313=EDGE_CURVE('',#4174,#3690,#1907,.T.);
#5314=EDGE_CURVE('',#4175,#3689,#1908,.T.);
#5315=EDGE_CURVE('',#4176,#3688,#1909,.T.);
#5316=EDGE_CURVE('',#4177,#3687,#1910,.T.);
#5317=EDGE_CURVE('',#4170,#3686,#1911,.T.);
#5318=EDGE_CURVE('',#4179,#3677,#1912,.T.);
#5319=EDGE_CURVE('',#4180,#3684,#1913,.T.);
#5320=EDGE_CURVE('',#4181,#3683,#1914,.T.);
#5321=EDGE_CURVE('',#4182,#3682,#1915,.T.);
#5322=EDGE_CURVE('',#4183,#3681,#1916,.T.);
#5323=EDGE_CURVE('',#4184,#3680,#1917,.T.);
#5324=EDGE_CURVE('',#4185,#3679,#1918,.T.);
#5325=EDGE_CURVE('',#4178,#3678,#1919,.T.);
#5326=EDGE_CURVE('',#3922,#3676,#1920,.T.);
#5327=EDGE_CURVE('',#3923,#3675,#1921,.T.);
#5328=EDGE_CURVE('',#3924,#3674,#1922,.T.);
#5329=EDGE_CURVE('',#3925,#3673,#1923,.T.);
#5330=EDGE_CURVE('',#3926,#3672,#1924,.T.);
#5331=EDGE_CURVE('',#3927,#3671,#1925,.T.);
#5332=EDGE_CURVE('',#3928,#3670,#1926,.T.);
#5333=EDGE_CURVE('',#3669,#4186,#1927,.T.);
#5334=EDGE_CURVE('',#4188,#3668,#1928,.T.);
#5335=EDGE_CURVE('',#4189,#3667,#1929,.T.);
#5336=EDGE_CURVE('',#4190,#3666,#1930,.T.);
#5337=EDGE_CURVE('',#4191,#3665,#1931,.T.);
#5338=EDGE_CURVE('',#4187,#3664,#1932,.T.);
#5339=EDGE_CURVE('',#4193,#3656,#1933,.T.);
#5340=EDGE_CURVE('',#4194,#3663,#1934,.T.);
#5341=EDGE_CURVE('',#4195,#3662,#1935,.T.);
#5342=EDGE_CURVE('',#4196,#3661,#1936,.T.);
#5343=EDGE_CURVE('',#4197,#3660,#1937,.T.);
#5344=EDGE_CURVE('',#4198,#3659,#1938,.T.);
#5345=EDGE_CURVE('',#4199,#3658,#1939,.T.);
#5346=EDGE_CURVE('',#4192,#3657,#1940,.T.);
#5347=EDGE_CURVE('',#3655,#4200,#1941,.T.);
#5348=EDGE_CURVE('',#4202,#3647,#1942,.T.);
#5349=EDGE_CURVE('',#4203,#3654,#1943,.T.);
#5350=EDGE_CURVE('',#4204,#3653,#1944,.T.);
#5351=EDGE_CURVE('',#4205,#3652,#1945,.T.);
#5352=EDGE_CURVE('',#4206,#3651,#1946,.T.);
#5353=EDGE_CURVE('',#4207,#3650,#1947,.T.);
#5354=EDGE_CURVE('',#4208,#3649,#1948,.T.);
#5355=EDGE_CURVE('',#4201,#3648,#1949,.T.);
#5356=EDGE_CURVE('',#4210,#3639,#1950,.T.);
#5357=EDGE_CURVE('',#4211,#3646,#1951,.T.);
#5358=EDGE_CURVE('',#4212,#3645,#1952,.T.);
#5359=EDGE_CURVE('',#4213,#3644,#1953,.T.);
#5360=EDGE_CURVE('',#4214,#3643,#1954,.T.);
#5361=EDGE_CURVE('',#4215,#3642,#1955,.T.);
#5362=EDGE_CURVE('',#4216,#3641,#1956,.T.);
#5363=EDGE_CURVE('',#4209,#3640,#1957,.T.);
#5364=EDGE_CURVE('',#4218,#3631,#1958,.T.);
#5365=EDGE_CURVE('',#4219,#3638,#1959,.T.);
#5366=EDGE_CURVE('',#4220,#3637,#1960,.T.);
#5367=EDGE_CURVE('',#4221,#3636,#1961,.T.);
#5368=EDGE_CURVE('',#4222,#3635,#1962,.T.);
#5369=EDGE_CURVE('',#4223,#3634,#1963,.T.);
#5370=EDGE_CURVE('',#4224,#3633,#1964,.T.);
#5371=EDGE_CURVE('',#4217,#3632,#1965,.T.);
#5372=EDGE_CURVE('',#4226,#3623,#1966,.T.);
#5373=EDGE_CURVE('',#4227,#3630,#1967,.T.);
#5374=EDGE_CURVE('',#4228,#3629,#1968,.T.);
#5375=EDGE_CURVE('',#4229,#3628,#1969,.T.);
#5376=EDGE_CURVE('',#4230,#3627,#1970,.T.);
#5377=EDGE_CURVE('',#4231,#3626,#1971,.T.);
#5378=EDGE_CURVE('',#4232,#3625,#1972,.T.);
#5379=EDGE_CURVE('',#4225,#3624,#1973,.T.);
#5380=EDGE_CURVE('',#3622,#4233,#1974,.T.);
#5381=EDGE_CURVE('',#4235,#3614,#1975,.T.);
#5382=EDGE_CURVE('',#4236,#3621,#1976,.T.);
#5383=EDGE_CURVE('',#4237,#3620,#1977,.T.);
#5384=EDGE_CURVE('',#4238,#3619,#1978,.T.);
#5385=EDGE_CURVE('',#4239,#3618,#1979,.T.);
#5386=EDGE_CURVE('',#4240,#3617,#1980,.T.);
#5387=EDGE_CURVE('',#4241,#3616,#1981,.T.);
#5388=EDGE_CURVE('',#4234,#3615,#1982,.T.);
#5389=EDGE_CURVE('',#3943,#3553,#1983,.T.);
#5390=EDGE_CURVE('',#3944,#3552,#1984,.T.);
#5391=EDGE_CURVE('',#3937,#3551,#1985,.T.);
#5392=EDGE_CURVE('',#3558,#3946,#1986,.T.);
#5393=EDGE_CURVE('',#3945,#3565,#1987,.T.);
#5394=EDGE_CURVE('',#3947,#3564,#1988,.T.);
#5395=EDGE_CURVE('',#3948,#3563,#1989,.T.);
#5396=EDGE_CURVE('',#3949,#3562,#1990,.T.);
#5397=EDGE_CURVE('',#3950,#3561,#1991,.T.);
#5398=EDGE_CURVE('',#3951,#3560,#1992,.T.);
#5399=EDGE_CURVE('',#3952,#3559,#1993,.T.);
#5400=EDGE_CURVE('',#3566,#3954,#1994,.T.);
#5401=EDGE_CURVE('',#3953,#3573,#1995,.T.);
#5402=EDGE_CURVE('',#3955,#3572,#1996,.T.);
#5403=EDGE_CURVE('',#3956,#3571,#1997,.T.);
#5404=EDGE_CURVE('',#3957,#3570,#1998,.T.);
#5405=EDGE_CURVE('',#3958,#3569,#1999,.T.);
#5406=EDGE_CURVE('',#3959,#3568,#2000,.T.);
#5407=EDGE_CURVE('',#3960,#3567,#2001,.T.);
#5408=EDGE_CURVE('',#3574,#3962,#2002,.T.);
#5409=EDGE_CURVE('',#3961,#3581,#2003,.T.);
#5410=EDGE_CURVE('',#3963,#3580,#2004,.T.);
#5411=EDGE_CURVE('',#3964,#3579,#2005,.T.);
#5412=EDGE_CURVE('',#3965,#3578,#2006,.T.);
#5413=EDGE_CURVE('',#3966,#3577,#2007,.T.);
#5414=EDGE_CURVE('',#3967,#3576,#2008,.T.);
#5415=EDGE_CURVE('',#3968,#3575,#2009,.T.);
#5416=EDGE_CURVE('',#3901,#3524,#2010,.T.);
#5417=EDGE_CURVE('',#3902,#3523,#2011,.T.);
#5418=EDGE_CURVE('',#3903,#3522,#2012,.T.);
#5419=EDGE_CURVE('',#3904,#3521,#2013,.T.);
#5420=EDGE_CURVE('',#3905,#3520,#2014,.T.);
#5421=EDGE_CURVE('',#3906,#3519,#2015,.T.);
#5422=EDGE_CURVE('',#3907,#3518,#2016,.T.);
#5423=EDGE_CURVE('',#3908,#3517,#2017,.T.);
#5424=EDGE_CURVE('',#4242,#3513,#2018,.T.);
#5425=EDGE_CURVE('',#3512,#4243,#2019,.T.);
#5426=EDGE_CURVE('',#4243,#4242,#2020,.T.);
#5427=EDGE_CURVE('',#3582,#3970,#2021,.T.);
#5428=EDGE_CURVE('',#3969,#3589,#2022,.T.);
#5429=EDGE_CURVE('',#3971,#3588,#2023,.T.);
#5430=EDGE_CURVE('',#3972,#3587,#2024,.T.);
#5431=EDGE_CURVE('',#3973,#3586,#2025,.T.);
#5432=EDGE_CURVE('',#3974,#3585,#2026,.T.);
#5433=EDGE_CURVE('',#3975,#3584,#2027,.T.);
#5434=EDGE_CURVE('',#3976,#3583,#2028,.T.);
#5435=EDGE_CURVE('',#3590,#3978,#2029,.T.);
#5436=EDGE_CURVE('',#3977,#3597,#2030,.T.);
#5437=EDGE_CURVE('',#3979,#3596,#2031,.T.);
#5438=EDGE_CURVE('',#3980,#3595,#2032,.T.);
#5439=EDGE_CURVE('',#3981,#3594,#2033,.T.);
#5440=EDGE_CURVE('',#3982,#3593,#2034,.T.);
#5441=EDGE_CURVE('',#3983,#3592,#2035,.T.);
#5442=EDGE_CURVE('',#3984,#3591,#2036,.T.);
#5443=EDGE_CURVE('',#3598,#3986,#2037,.T.);
#5444=EDGE_CURVE('',#3985,#3605,#2038,.T.);
#5445=EDGE_CURVE('',#3987,#3604,#2039,.T.);
#5446=EDGE_CURVE('',#3988,#3603,#2040,.T.);
#5447=EDGE_CURVE('',#3989,#3602,#2041,.T.);
#5448=EDGE_CURVE('',#3990,#3601,#2042,.T.);
#5449=EDGE_CURVE('',#3991,#3600,#2043,.T.);
#5450=EDGE_CURVE('',#3992,#3599,#2044,.T.);
#5451=EDGE_CURVE('',#3930,#3606,#2045,.T.);
#5452=EDGE_CURVE('',#3931,#3613,#2046,.T.);
#5453=EDGE_CURVE('',#3932,#3612,#2047,.T.);
#5454=EDGE_CURVE('',#3933,#3611,#2048,.T.);
#5455=EDGE_CURVE('',#3934,#3610,#2049,.T.);
#5456=EDGE_CURVE('',#3935,#3609,#2050,.T.);
#5457=EDGE_CURVE('',#3874,#3547,#2051,.T.);
#5458=EDGE_CURVE('',#3875,#3546,#2052,.T.);
#5459=EDGE_CURVE('',#3876,#3545,#2053,.T.);
#5460=EDGE_CURVE('',#3877,#3544,#2054,.T.);
#5461=EDGE_CURVE('',#3878,#3543,#2055,.T.);
#5462=EDGE_CURVE('',#3879,#3542,#2056,.T.);
#5463=EDGE_CURVE('',#3880,#3541,#2057,.T.);
#5464=EDGE_CURVE('',#3881,#3540,#2058,.T.);
#5465=EDGE_CURVE('',#3882,#3539,#2059,.T.);
#5466=EDGE_CURVE('',#3883,#3538,#2060,.T.);
#5467=EDGE_CURVE('',#3884,#3537,#2061,.T.);
#5468=EDGE_CURVE('',#3885,#3536,#2062,.T.);
#5469=EDGE_CURVE('',#3886,#3535,#2063,.T.);
#5470=EDGE_CURVE('',#3887,#3534,#2064,.T.);
#5471=EDGE_CURVE('',#3940,#3556,#2065,.T.);
#5472=EDGE_CURVE('',#3941,#3555,#2066,.T.);
#5473=EDGE_CURVE('',#3942,#3554,#2067,.T.);
#5474=EDGE_CURVE('',#4244,#4245,#3414,.T.);
#5475=EDGE_CURVE('',#4245,#4246,#2068,.T.);
#5476=EDGE_CURVE('',#4246,#4247,#3415,.T.);
#5477=EDGE_CURVE('',#4247,#4244,#2069,.T.);
#5478=EDGE_CURVE('',#4248,#4249,#3416,.T.);
#5479=EDGE_CURVE('',#4249,#4245,#3417,.T.);
#5480=EDGE_CURVE('',#4244,#4248,#3418,.T.);
#5481=EDGE_CURVE('',#4248,#4250,#15,.T.);
#5482=EDGE_CURVE('',#4250,#4249,#16,.T.);
#5483=EDGE_CURVE('',#4250,#4251,#2070,.T.);
#5484=EDGE_CURVE('',#4252,#4251,#17,.T.);
#5485=EDGE_CURVE('',#4252,#4249,#2071,.T.);
#5486=EDGE_CURVE('',#4244,#4253,#2072,.T.);
#5487=EDGE_CURVE('',#4254,#4253,#3419,.T.);
#5488=EDGE_CURVE('',#4255,#4254,#18,.T.);
#5489=EDGE_CURVE('',#4255,#4256,#19,.T.);
#5490=EDGE_CURVE('',#4257,#4256,#20,.T.);
#5491=EDGE_CURVE('',#4257,#4250,#2073,.T.);
#5492=EDGE_CURVE('',#3506,#4247,#2074,.T.);
#5493=EDGE_CURVE('',#3920,#3505,#2075,.T.);
#5494=EDGE_CURVE('',#3919,#4258,#2076,.T.);
#5495=EDGE_CURVE('',#4253,#4258,#2077,.T.);
#5496=EDGE_CURVE('',#4259,#4252,#3420,.T.);
#5497=EDGE_CURVE('',#4251,#4259,#21,.T.);
#5498=EDGE_CURVE('',#4260,#4261,#3421,.T.);
#5499=EDGE_CURVE('',#4261,#4252,#3422,.T.);
#5500=EDGE_CURVE('',#4259,#4260,#3423,.T.);
#5501=EDGE_CURVE('',#4262,#4263,#3424,.T.);
#5502=EDGE_CURVE('',#4263,#4261,#2078,.T.);
#5503=EDGE_CURVE('',#4260,#4262,#2079,.T.);
#5504=EDGE_CURVE('',#4264,#4260,#2080,.T.);
#5505=EDGE_CURVE('',#4265,#4264,#2081,.T.);
#5506=EDGE_CURVE('',#4265,#3894,#2082,.T.);
#5507=EDGE_CURVE('',#3528,#3893,#2083,.T.);
#5508=EDGE_CURVE('',#4262,#3527,#2084,.T.);
#5509=EDGE_CURVE('',#4251,#4266,#2085,.T.);
#5510=EDGE_CURVE('',#4267,#4266,#22,.T.);
#5511=EDGE_CURVE('',#4267,#4268,#23,.T.);
#5512=EDGE_CURVE('',#4269,#4268,#24,.T.);
#5513=EDGE_CURVE('',#4264,#4269,#3425,.T.);
#5514=EDGE_CURVE('',#4265,#4270,#3426,.F.);
#5515=EDGE_CURVE('',#4264,#4271,#3427,.T.);
#5516=EDGE_CURVE('',#4271,#4270,#2086,.T.);
#5517=EDGE_CURVE('',#4269,#4272,#3428,.T.);
#5518=EDGE_CURVE('',#4272,#4271,#3429,.T.);
#5519=EDGE_CURVE('',#4268,#4273,#25,.T.);
#5520=EDGE_CURVE('',#4273,#4272,#26,.T.);
#5521=EDGE_CURVE('',#4254,#4274,#3430,.T.);
#5522=EDGE_CURVE('',#4274,#4275,#27,.T.);
#5523=EDGE_CURVE('',#4275,#4255,#28,.T.);
#5524=EDGE_CURVE('',#4253,#4276,#3431,.T.);
#5525=EDGE_CURVE('',#4276,#4274,#3432,.T.);
#5526=EDGE_CURVE('',#4258,#4277,#3433,.T.);
#5527=EDGE_CURVE('',#4277,#4276,#2087,.T.);
#5528=EDGE_CURVE('',#4246,#4263,#2088,.T.);
#5529=EDGE_CURVE('',#4273,#4275,#2089,.T.);
#5530=EDGE_CURVE('',#4274,#4272,#2090,.T.);
#5531=EDGE_CURVE('',#4270,#4277,#2091,.T.);
#5532=EDGE_CURVE('',#4278,#3915,#2092,.T.);
#5533=EDGE_CURVE('',#4279,#4278,#3434,.T.);
#5534=EDGE_CURVE('',#3916,#4279,#2093,.T.);
#5535=EDGE_CURVE('',#4280,#4279,#2094,.T.);
#5536=EDGE_CURVE('',#3917,#4280,#2095,.T.);
#5537=EDGE_CURVE('',#4281,#4280,#3435,.T.);
#5538=EDGE_CURVE('',#3918,#4281,#2096,.T.);
#5539=EDGE_CURVE('',#4282,#4281,#2097,.T.);
#5540=EDGE_CURVE('',#3895,#4282,#2098,.T.);
#5541=EDGE_CURVE('',#4283,#4282,#3436,.T.);
#5542=EDGE_CURVE('',#3896,#4283,#2099,.T.);
#5543=EDGE_CURVE('',#4284,#4283,#2100,.T.);
#5544=EDGE_CURVE('',#3897,#4284,#2101,.T.);
#5545=EDGE_CURVE('',#4285,#4284,#3437,.T.);
#5546=EDGE_CURVE('',#3898,#4285,#2102,.T.);
#5547=EDGE_CURVE('',#4286,#4285,#2103,.T.);
#5548=EDGE_CURVE('',#4286,#3899,#2104,.T.);
#5549=EDGE_CURVE('',#3914,#4287,#2105,.T.);
#5550=EDGE_CURVE('',#4278,#4287,#2106,.T.);
#5551=EDGE_CURVE('',#4288,#4289,#3438,.T.);
#5552=EDGE_CURVE('',#4289,#4290,#3439,.T.);
#5553=EDGE_CURVE('',#4290,#4291,#3440,.T.);
#5554=EDGE_CURVE('',#4291,#4288,#3441,.T.);
#5555=EDGE_CURVE('',#4292,#4293,#3442,.T.);
#5556=EDGE_CURVE('',#4293,#4291,#2107,.T.);
#5557=EDGE_CURVE('',#4290,#4292,#2108,.T.);
#5558=EDGE_CURVE('',#4294,#4295,#3443,.T.);
#5559=EDGE_CURVE('',#4295,#4293,#3444,.T.);
#5560=EDGE_CURVE('',#4292,#4294,#3445,.T.);
#5561=EDGE_CURVE('',#4266,#4296,#2109,.T.);
#5562=EDGE_CURVE('',#4296,#4297,#3446,.T.);
#5563=EDGE_CURVE('',#4297,#4295,#2110,.T.);
#5564=EDGE_CURVE('',#4294,#4257,#2111,.T.);
#5565=EDGE_CURVE('',#4298,#4299,#3447,.T.);
#5566=EDGE_CURVE('',#4299,#4297,#3448,.T.);
#5567=EDGE_CURVE('',#4296,#4298,#3449,.T.);
#5568=EDGE_CURVE('',#4300,#4301,#3450,.T.);
#5569=EDGE_CURVE('',#4301,#4299,#2112,.T.);
#5570=EDGE_CURVE('',#4298,#4300,#2113,.T.);
#5571=EDGE_CURVE('',#4302,#4303,#3451,.T.);
#5572=EDGE_CURVE('',#4303,#4301,#3452,.T.);
#5573=EDGE_CURVE('',#4300,#4302,#3453,.T.);
#5574=EDGE_CURVE('',#4304,#4305,#29,.T.);
#5575=EDGE_CURVE('',#4305,#4289,#2114,.T.);
#5576=EDGE_CURVE('',#4288,#4303,#2115,.T.);
#5577=EDGE_CURVE('',#4302,#4306,#2116,.T.);
#5578=EDGE_CURVE('',#4306,#4307,#30,.T.);
#5579=EDGE_CURVE('',#4307,#4304,#2117,.T.);
#5580=EDGE_CURVE('',#4292,#4308,#2118,.T.);
#5581=EDGE_CURVE('',#4309,#4308,#3454,.T.);
#5582=EDGE_CURVE('',#4294,#4309,#2119,.T.);
#5583=EDGE_CURVE('',#4290,#4310,#2120,.T.);
#5584=EDGE_CURVE('',#4308,#4310,#2121,.T.);
#5585=EDGE_CURVE('',#4289,#4311,#2122,.T.);
#5586=EDGE_CURVE('',#4310,#4311,#3455,.T.);
#5587=EDGE_CURVE('',#4304,#4312,#2123,.T.);
#5588=EDGE_CURVE('',#4312,#4313,#3456,.T.);
#5589=EDGE_CURVE('',#4305,#4313,#2124,.T.);
#5590=EDGE_CURVE('',#4287,#4314,#3457,.T.);
#5591=EDGE_CURVE('',#4314,#4315,#2125,.T.);
#5592=EDGE_CURVE('',#4315,#4316,#3458,.T.);
#5593=EDGE_CURVE('',#4316,#4317,#2126,.T.);
#5594=EDGE_CURVE('',#4317,#4318,#3459,.T.);
#5595=EDGE_CURVE('',#4318,#4319,#2127,.T.);
#5596=EDGE_CURVE('',#4319,#4286,#3460,.T.);
#5597=EDGE_CURVE('',#4320,#4321,#3461,.T.);
#5598=EDGE_CURVE('',#4321,#4322,#3462,.T.);
#5599=EDGE_CURVE('',#4322,#4323,#3463,.T.);
#5600=EDGE_CURVE('',#4323,#4320,#3464,.T.);
#5601=EDGE_CURVE('',#4309,#4324,#3465,.T.);
#5602=EDGE_CURVE('',#4324,#4323,#2128,.T.);
#5603=EDGE_CURVE('',#4322,#4309,#2129,.T.);
#5604=EDGE_CURVE('',#4308,#4325,#3466,.T.);
#5605=EDGE_CURVE('',#4325,#4324,#3467,.T.);
#5606=EDGE_CURVE('',#4310,#4326,#3468,.T.);
#5607=EDGE_CURVE('',#4326,#4325,#2130,.T.);
#5608=EDGE_CURVE('',#4311,#4327,#3469,.T.);
#5609=EDGE_CURVE('',#4327,#4326,#3470,.T.);
#5610=EDGE_CURVE('',#4328,#4329,#3471,.T.);
#5611=EDGE_CURVE('',#4329,#4327,#2131,.T.);
#5612=EDGE_CURVE('',#4311,#4328,#2132,.T.);
#5613=EDGE_CURVE('',#4330,#4331,#3472,.T.);
#5614=EDGE_CURVE('',#4331,#4329,#3473,.T.);
#5615=EDGE_CURVE('',#4328,#4330,#3474,.T.);
#5616=EDGE_CURVE('',#4320,#4331,#2133,.T.);
#5617=EDGE_CURVE('',#4330,#4321,#2134,.T.);
#5618=EDGE_CURVE('',#4296,#4322,#2135,.T.);
#5619=EDGE_CURVE('',#4298,#4321,#2136,.T.);
#5620=EDGE_CURVE('',#4332,#4333,#2137,.T.);
#5621=EDGE_CURVE('',#4333,#4334,#3475,.T.);
#5622=EDGE_CURVE('',#4334,#4335,#2138,.T.);
#5623=EDGE_CURVE('',#4335,#4336,#3476,.T.);
#5624=EDGE_CURVE('',#4336,#4337,#2139,.T.);
#5625=EDGE_CURVE('',#4337,#4338,#3477,.T.);
#5626=EDGE_CURVE('',#4338,#4339,#2140,.T.);
#5627=EDGE_CURVE('',#4339,#4332,#3478,.T.);
#5628=EDGE_CURVE('',#4340,#4306,#2141,.T.);
#5629=EDGE_CURVE('',#4340,#4341,#2142,.T.);
#5630=EDGE_CURVE('',#4341,#4342,#2143,.T.);
#5631=EDGE_CURVE('',#4306,#4342,#2144,.T.);
#5632=EDGE_CURVE('',#4343,#4340,#3479,.T.);
#5633=EDGE_CURVE('',#4343,#4344,#2145,.T.);
#5634=EDGE_CURVE('',#4344,#4341,#3480,.T.);
#5635=EDGE_CURVE('',#4345,#4343,#2146,.T.);
#5636=EDGE_CURVE('',#4345,#4346,#2147,.T.);
#5637=EDGE_CURVE('',#4346,#4344,#2148,.T.);
#5638=EDGE_CURVE('',#4347,#4345,#3481,.T.);
#5639=EDGE_CURVE('',#4347,#4348,#2149,.T.);
#5640=EDGE_CURVE('',#4348,#4346,#3482,.T.);
#5641=EDGE_CURVE('',#4305,#4347,#2150,.T.);
#5642=EDGE_CURVE('',#4313,#4348,#2151,.T.);
#5643=EDGE_CURVE('',#4307,#4349,#2152,.T.);
#5644=EDGE_CURVE('',#4349,#4312,#2153,.T.);
#5645=EDGE_CURVE('',#4342,#4349,#3483,.T.);
#5646=EDGE_CURVE('',#4350,#4351,#2154,.T.);
#5647=EDGE_CURVE('',#4352,#4350,#2155,.T.);
#5648=EDGE_CURVE('',#4353,#4352,#2156,.T.);
#5649=EDGE_CURVE('',#4351,#4353,#2157,.T.);
#5650=EDGE_CURVE('',#4350,#4243,#2158,.T.);
#5651=EDGE_CURVE('',#4352,#3511,#2159,.T.);
#5652=EDGE_CURVE('',#4351,#4242,#2160,.T.);
#5653=EDGE_CURVE('',#4353,#3514,#2161,.T.);
#5654=EDGE_CURVE('',#3511,#3514,#2162,.T.);
#5655=EDGE_CURVE('',#3526,#4333,#2163,.T.);
#5656=EDGE_CURVE('',#4332,#3507,#2164,.T.);
#5657=EDGE_CURVE('',#3892,#3529,#2165,.T.);
#5658=EDGE_CURVE('',#3509,#4338,#2166,.T.);
#5659=EDGE_CURVE('',#3510,#4337,#2167,.T.);
#5660=EDGE_CURVE('',#3515,#4336,#2168,.T.);
#5661=EDGE_CURVE('',#4317,#3910,#2169,.T.);
#5662=EDGE_CURVE('',#4316,#3911,#2170,.T.);
#5663=EDGE_CURVE('',#4315,#3912,#2171,.T.);
#5664=EDGE_CURVE('',#4314,#3913,#2172,.T.);
#5665=EDGE_CURVE('',#3508,#4339,#2173,.T.);
#5666=EDGE_CURVE('',#3516,#4335,#2174,.T.);
#5667=EDGE_CURVE('',#4318,#3909,#2175,.T.);
#5668=EDGE_CURVE('',#3525,#4334,#2176,.T.);
#5669=EDGE_CURVE('',#4319,#3900,#2177,.T.);
#5670=EDGE_CURVE('',#4300,#4330,#2178,.T.);
#5671=EDGE_CURVE('',#4302,#4328,#2179,.T.);
#5672=EDGE_CURVE('',#3921,#3504,#2180,.T.);
#5673=ORIENTED_EDGE('',*,*,#4354,.T.);
#5674=ORIENTED_EDGE('',*,*,#4355,.T.);
#5675=ORIENTED_EDGE('',*,*,#4356,.T.);
#5676=ORIENTED_EDGE('',*,*,#4357,.T.);
#5677=ORIENTED_EDGE('',*,*,#4355,.F.);
#5678=ORIENTED_EDGE('',*,*,#4358,.F.);
#5679=ORIENTED_EDGE('',*,*,#4359,.F.);
#5680=ORIENTED_EDGE('',*,*,#4360,.F.);
#5681=ORIENTED_EDGE('',*,*,#4361,.T.);
#5682=ORIENTED_EDGE('',*,*,#4359,.T.);
#5683=ORIENTED_EDGE('',*,*,#4362,.F.);
#5684=ORIENTED_EDGE('',*,*,#4363,.T.);
#5685=ORIENTED_EDGE('',*,*,#4363,.F.);
#5686=ORIENTED_EDGE('',*,*,#4364,.F.);
#5687=ORIENTED_EDGE('',*,*,#4365,.T.);
#5688=ORIENTED_EDGE('',*,*,#4366,.F.);
#5689=ORIENTED_EDGE('',*,*,#4367,.T.);
#5690=ORIENTED_EDGE('',*,*,#4368,.T.);
#5691=ORIENTED_EDGE('',*,*,#4369,.T.);
#5692=ORIENTED_EDGE('',*,*,#4370,.T.);
#5693=ORIENTED_EDGE('',*,*,#4368,.F.);
#5694=ORIENTED_EDGE('',*,*,#4371,.F.);
#5695=ORIENTED_EDGE('',*,*,#4372,.F.);
#5696=ORIENTED_EDGE('',*,*,#4373,.F.);
#5697=ORIENTED_EDGE('',*,*,#4374,.F.);
#5698=ORIENTED_EDGE('',*,*,#4375,.T.);
#5699=ORIENTED_EDGE('',*,*,#4376,.T.);
#5700=ORIENTED_EDGE('',*,*,#4372,.T.);
#5701=ORIENTED_EDGE('',*,*,#4377,.T.);
#5702=ORIENTED_EDGE('',*,*,#4378,.T.);
#5703=ORIENTED_EDGE('',*,*,#4379,.T.);
#5704=ORIENTED_EDGE('',*,*,#4380,.T.);
#5705=ORIENTED_EDGE('',*,*,#4381,.T.);
#5706=ORIENTED_EDGE('',*,*,#4382,.T.);
#5707=ORIENTED_EDGE('',*,*,#4383,.T.);
#5708=ORIENTED_EDGE('',*,*,#4384,.T.);
#5709=ORIENTED_EDGE('',*,*,#4385,.T.);
#5710=ORIENTED_EDGE('',*,*,#4386,.T.);
#5711=ORIENTED_EDGE('',*,*,#4387,.T.);
#5712=ORIENTED_EDGE('',*,*,#4388,.T.);
#5713=ORIENTED_EDGE('',*,*,#4389,.T.);
#5714=ORIENTED_EDGE('',*,*,#4390,.T.);
#5715=ORIENTED_EDGE('',*,*,#4391,.T.);
#5716=ORIENTED_EDGE('',*,*,#4392,.T.);
#5717=ORIENTED_EDGE('',*,*,#4393,.T.);
#5718=ORIENTED_EDGE('',*,*,#4394,.T.);
#5719=ORIENTED_EDGE('',*,*,#4395,.T.);
#5720=ORIENTED_EDGE('',*,*,#4396,.T.);
#5721=ORIENTED_EDGE('',*,*,#4397,.T.);
#5722=ORIENTED_EDGE('',*,*,#4398,.T.);
#5723=ORIENTED_EDGE('',*,*,#4399,.T.);
#5724=ORIENTED_EDGE('',*,*,#4400,.T.);
#5725=ORIENTED_EDGE('',*,*,#4401,.T.);
#5726=ORIENTED_EDGE('',*,*,#4402,.T.);
#5727=ORIENTED_EDGE('',*,*,#4403,.T.);
#5728=ORIENTED_EDGE('',*,*,#4404,.T.);
#5729=ORIENTED_EDGE('',*,*,#4405,.T.);
#5730=ORIENTED_EDGE('',*,*,#4406,.F.);
#5731=ORIENTED_EDGE('',*,*,#4407,.T.);
#5732=ORIENTED_EDGE('',*,*,#4408,.T.);
#5733=ORIENTED_EDGE('',*,*,#4409,.T.);
#5734=ORIENTED_EDGE('',*,*,#4410,.T.);
#5735=ORIENTED_EDGE('',*,*,#4411,.T.);
#5736=ORIENTED_EDGE('',*,*,#4412,.T.);
#5737=ORIENTED_EDGE('',*,*,#4413,.T.);
#5738=ORIENTED_EDGE('',*,*,#4414,.T.);
#5739=ORIENTED_EDGE('',*,*,#4415,.T.);
#5740=ORIENTED_EDGE('',*,*,#4416,.T.);
#5741=ORIENTED_EDGE('',*,*,#4417,.T.);
#5742=ORIENTED_EDGE('',*,*,#4418,.T.);
#5743=ORIENTED_EDGE('',*,*,#4419,.T.);
#5744=ORIENTED_EDGE('',*,*,#4420,.T.);
#5745=ORIENTED_EDGE('',*,*,#4421,.T.);
#5746=ORIENTED_EDGE('',*,*,#4422,.T.);
#5747=ORIENTED_EDGE('',*,*,#4423,.T.);
#5748=ORIENTED_EDGE('',*,*,#4424,.F.);
#5749=ORIENTED_EDGE('',*,*,#4425,.T.);
#5750=ORIENTED_EDGE('',*,*,#4426,.T.);
#5751=ORIENTED_EDGE('',*,*,#4427,.T.);
#5752=ORIENTED_EDGE('',*,*,#4428,.T.);
#5753=ORIENTED_EDGE('',*,*,#4429,.T.);
#5754=ORIENTED_EDGE('',*,*,#4430,.T.);
#5755=ORIENTED_EDGE('',*,*,#4431,.T.);
#5756=ORIENTED_EDGE('',*,*,#4432,.T.);
#5757=ORIENTED_EDGE('',*,*,#4433,.T.);
#5758=ORIENTED_EDGE('',*,*,#4434,.T.);
#5759=ORIENTED_EDGE('',*,*,#4435,.T.);
#5760=ORIENTED_EDGE('',*,*,#4436,.T.);
#5761=ORIENTED_EDGE('',*,*,#4437,.T.);
#5762=ORIENTED_EDGE('',*,*,#4438,.T.);
#5763=ORIENTED_EDGE('',*,*,#4439,.T.);
#5764=ORIENTED_EDGE('',*,*,#4440,.T.);
#5765=ORIENTED_EDGE('',*,*,#4441,.T.);
#5766=ORIENTED_EDGE('',*,*,#4442,.T.);
#5767=ORIENTED_EDGE('',*,*,#4443,.T.);
#5768=ORIENTED_EDGE('',*,*,#4444,.T.);
#5769=ORIENTED_EDGE('',*,*,#4445,.T.);
#5770=ORIENTED_EDGE('',*,*,#4446,.T.);
#5771=ORIENTED_EDGE('',*,*,#4447,.T.);
#5772=ORIENTED_EDGE('',*,*,#4448,.T.);
#5773=ORIENTED_EDGE('',*,*,#4449,.T.);
#5774=ORIENTED_EDGE('',*,*,#4450,.T.);
#5775=ORIENTED_EDGE('',*,*,#4451,.T.);
#5776=ORIENTED_EDGE('',*,*,#4452,.T.);
#5777=ORIENTED_EDGE('',*,*,#4453,.T.);
#5778=ORIENTED_EDGE('',*,*,#4454,.T.);
#5779=ORIENTED_EDGE('',*,*,#4455,.T.);
#5780=ORIENTED_EDGE('',*,*,#4456,.T.);
#5781=ORIENTED_EDGE('',*,*,#4457,.T.);
#5782=ORIENTED_EDGE('',*,*,#4458,.T.);
#5783=ORIENTED_EDGE('',*,*,#4459,.T.);
#5784=ORIENTED_EDGE('',*,*,#4460,.T.);
#5785=ORIENTED_EDGE('',*,*,#4461,.T.);
#5786=ORIENTED_EDGE('',*,*,#4462,.T.);
#5787=ORIENTED_EDGE('',*,*,#4463,.T.);
#5788=ORIENTED_EDGE('',*,*,#4464,.T.);
#5789=ORIENTED_EDGE('',*,*,#4465,.T.);
#5790=ORIENTED_EDGE('',*,*,#4466,.T.);
#5791=ORIENTED_EDGE('',*,*,#4467,.T.);
#5792=ORIENTED_EDGE('',*,*,#4468,.T.);
#5793=ORIENTED_EDGE('',*,*,#4469,.T.);
#5794=ORIENTED_EDGE('',*,*,#4470,.T.);
#5795=ORIENTED_EDGE('',*,*,#4471,.T.);
#5796=ORIENTED_EDGE('',*,*,#4472,.T.);
#5797=ORIENTED_EDGE('',*,*,#4473,.T.);
#5798=ORIENTED_EDGE('',*,*,#4474,.T.);
#5799=ORIENTED_EDGE('',*,*,#4475,.T.);
#5800=ORIENTED_EDGE('',*,*,#4476,.T.);
#5801=ORIENTED_EDGE('',*,*,#4477,.T.);
#5802=ORIENTED_EDGE('',*,*,#4478,.T.);
#5803=ORIENTED_EDGE('',*,*,#4479,.T.);
#5804=ORIENTED_EDGE('',*,*,#4480,.T.);
#5805=ORIENTED_EDGE('',*,*,#4481,.T.);
#5806=ORIENTED_EDGE('',*,*,#4482,.T.);
#5807=ORIENTED_EDGE('',*,*,#4483,.T.);
#5808=ORIENTED_EDGE('',*,*,#4484,.T.);
#5809=ORIENTED_EDGE('',*,*,#4485,.T.);
#5810=ORIENTED_EDGE('',*,*,#4486,.T.);
#5811=ORIENTED_EDGE('',*,*,#4487,.T.);
#5812=ORIENTED_EDGE('',*,*,#4488,.T.);
#5813=ORIENTED_EDGE('',*,*,#4489,.T.);
#5814=ORIENTED_EDGE('',*,*,#4490,.T.);
#5815=ORIENTED_EDGE('',*,*,#4491,.T.);
#5816=ORIENTED_EDGE('',*,*,#4492,.T.);
#5817=ORIENTED_EDGE('',*,*,#4493,.T.);
#5818=ORIENTED_EDGE('',*,*,#4494,.T.);
#5819=ORIENTED_EDGE('',*,*,#4495,.T.);
#5820=ORIENTED_EDGE('',*,*,#4496,.T.);
#5821=ORIENTED_EDGE('',*,*,#4497,.T.);
#5822=ORIENTED_EDGE('',*,*,#4498,.T.);
#5823=ORIENTED_EDGE('',*,*,#4499,.T.);
#5824=ORIENTED_EDGE('',*,*,#4500,.T.);
#5825=ORIENTED_EDGE('',*,*,#4501,.T.);
#5826=ORIENTED_EDGE('',*,*,#4502,.T.);
#5827=ORIENTED_EDGE('',*,*,#4503,.T.);
#5828=ORIENTED_EDGE('',*,*,#4504,.T.);
#5829=ORIENTED_EDGE('',*,*,#4505,.T.);
#5830=ORIENTED_EDGE('',*,*,#4506,.T.);
#5831=ORIENTED_EDGE('',*,*,#4507,.T.);
#5832=ORIENTED_EDGE('',*,*,#4508,.T.);
#5833=ORIENTED_EDGE('',*,*,#4509,.T.);
#5834=ORIENTED_EDGE('',*,*,#4510,.T.);
#5835=ORIENTED_EDGE('',*,*,#4511,.T.);
#5836=ORIENTED_EDGE('',*,*,#4512,.T.);
#5837=ORIENTED_EDGE('',*,*,#4513,.T.);
#5838=ORIENTED_EDGE('',*,*,#4514,.T.);
#5839=ORIENTED_EDGE('',*,*,#4515,.T.);
#5840=ORIENTED_EDGE('',*,*,#4516,.T.);
#5841=ORIENTED_EDGE('',*,*,#4517,.T.);
#5842=ORIENTED_EDGE('',*,*,#4518,.T.);
#5843=ORIENTED_EDGE('',*,*,#4519,.T.);
#5844=ORIENTED_EDGE('',*,*,#4520,.T.);
#5845=ORIENTED_EDGE('',*,*,#4521,.T.);
#5846=ORIENTED_EDGE('',*,*,#4522,.T.);
#5847=ORIENTED_EDGE('',*,*,#4523,.T.);
#5848=ORIENTED_EDGE('',*,*,#4524,.T.);
#5849=ORIENTED_EDGE('',*,*,#4525,.T.);
#5850=ORIENTED_EDGE('',*,*,#4526,.T.);
#5851=ORIENTED_EDGE('',*,*,#4527,.T.);
#5852=ORIENTED_EDGE('',*,*,#4528,.T.);
#5853=ORIENTED_EDGE('',*,*,#4529,.T.);
#5854=ORIENTED_EDGE('',*,*,#4530,.T.);
#5855=ORIENTED_EDGE('',*,*,#4531,.T.);
#5856=ORIENTED_EDGE('',*,*,#4532,.T.);
#5857=ORIENTED_EDGE('',*,*,#4533,.T.);
#5858=ORIENTED_EDGE('',*,*,#4534,.T.);
#5859=ORIENTED_EDGE('',*,*,#4535,.T.);
#5860=ORIENTED_EDGE('',*,*,#4536,.T.);
#5861=ORIENTED_EDGE('',*,*,#4537,.T.);
#5862=ORIENTED_EDGE('',*,*,#4538,.T.);
#5863=ORIENTED_EDGE('',*,*,#4539,.T.);
#5864=ORIENTED_EDGE('',*,*,#4540,.T.);
#5865=ORIENTED_EDGE('',*,*,#4541,.T.);
#5866=ORIENTED_EDGE('',*,*,#4542,.T.);
#5867=ORIENTED_EDGE('',*,*,#4543,.T.);
#5868=ORIENTED_EDGE('',*,*,#4544,.T.);
#5869=ORIENTED_EDGE('',*,*,#4356,.F.);
#5870=ORIENTED_EDGE('',*,*,#4360,.T.);
#5871=ORIENTED_EDGE('',*,*,#4361,.F.);
#5872=ORIENTED_EDGE('',*,*,#4366,.T.);
#5873=ORIENTED_EDGE('',*,*,#4545,.T.);
#5874=ORIENTED_EDGE('',*,*,#4546,.T.);
#5875=ORIENTED_EDGE('',*,*,#4547,.T.);
#5876=ORIENTED_EDGE('',*,*,#4548,.T.);
#5877=ORIENTED_EDGE('',*,*,#4549,.T.);
#5878=ORIENTED_EDGE('',*,*,#4550,.T.);
#5879=ORIENTED_EDGE('',*,*,#4551,.T.);
#5880=ORIENTED_EDGE('',*,*,#4552,.T.);
#5881=ORIENTED_EDGE('',*,*,#4553,.T.);
#5882=ORIENTED_EDGE('',*,*,#4369,.F.);
#5883=ORIENTED_EDGE('',*,*,#4373,.T.);
#5884=ORIENTED_EDGE('',*,*,#4376,.F.);
#5885=ORIENTED_EDGE('',*,*,#4554,.T.);
#5886=ORIENTED_EDGE('',*,*,#4555,.T.);
#5887=ORIENTED_EDGE('',*,*,#4556,.T.);
#5888=ORIENTED_EDGE('',*,*,#4557,.T.);
#5889=ORIENTED_EDGE('',*,*,#4558,.T.);
#5890=ORIENTED_EDGE('',*,*,#4559,.T.);
#5891=ORIENTED_EDGE('',*,*,#4560,.T.);
#5892=ORIENTED_EDGE('',*,*,#4561,.T.);
#5893=ORIENTED_EDGE('',*,*,#4562,.T.);
#5894=ORIENTED_EDGE('',*,*,#4563,.T.);
#5895=ORIENTED_EDGE('',*,*,#4564,.T.);
#5896=ORIENTED_EDGE('',*,*,#4565,.T.);
#5897=ORIENTED_EDGE('',*,*,#4566,.T.);
#5898=ORIENTED_EDGE('',*,*,#4567,.T.);
#5899=ORIENTED_EDGE('',*,*,#4568,.T.);
#5900=ORIENTED_EDGE('',*,*,#4569,.T.);
#5901=ORIENTED_EDGE('',*,*,#4570,.T.);
#5902=ORIENTED_EDGE('',*,*,#4571,.T.);
#5903=ORIENTED_EDGE('',*,*,#4572,.T.);
#5904=ORIENTED_EDGE('',*,*,#4573,.T.);
#5905=ORIENTED_EDGE('',*,*,#4574,.T.);
#5906=ORIENTED_EDGE('',*,*,#4575,.T.);
#5907=ORIENTED_EDGE('',*,*,#4576,.T.);
#5908=ORIENTED_EDGE('',*,*,#4577,.T.);
#5909=ORIENTED_EDGE('',*,*,#4578,.T.);
#5910=ORIENTED_EDGE('',*,*,#4579,.T.);
#5911=ORIENTED_EDGE('',*,*,#4580,.T.);
#5912=ORIENTED_EDGE('',*,*,#4581,.T.);
#5913=ORIENTED_EDGE('',*,*,#4582,.T.);
#5914=ORIENTED_EDGE('',*,*,#4583,.T.);
#5915=ORIENTED_EDGE('',*,*,#4584,.T.);
#5916=ORIENTED_EDGE('',*,*,#4585,.T.);
#5917=ORIENTED_EDGE('',*,*,#4586,.T.);
#5918=ORIENTED_EDGE('',*,*,#4587,.T.);
#5919=ORIENTED_EDGE('',*,*,#4588,.T.);
#5920=ORIENTED_EDGE('',*,*,#4589,.T.);
#5921=ORIENTED_EDGE('',*,*,#4590,.T.);
#5922=ORIENTED_EDGE('',*,*,#4591,.T.);
#5923=ORIENTED_EDGE('',*,*,#4592,.T.);
#5924=ORIENTED_EDGE('',*,*,#4593,.T.);
#5925=ORIENTED_EDGE('',*,*,#4594,.T.);
#5926=ORIENTED_EDGE('',*,*,#4595,.T.);
#5927=ORIENTED_EDGE('',*,*,#4596,.T.);
#5928=ORIENTED_EDGE('',*,*,#4597,.T.);
#5929=ORIENTED_EDGE('',*,*,#4598,.T.);
#5930=ORIENTED_EDGE('',*,*,#4599,.T.);
#5931=ORIENTED_EDGE('',*,*,#4600,.T.);
#5932=ORIENTED_EDGE('',*,*,#4601,.T.);
#5933=ORIENTED_EDGE('',*,*,#4602,.T.);
#5934=ORIENTED_EDGE('',*,*,#4603,.T.);
#5935=ORIENTED_EDGE('',*,*,#4604,.T.);
#5936=ORIENTED_EDGE('',*,*,#4605,.T.);
#5937=ORIENTED_EDGE('',*,*,#4606,.T.);
#5938=ORIENTED_EDGE('',*,*,#4607,.T.);
#5939=ORIENTED_EDGE('',*,*,#4608,.T.);
#5940=ORIENTED_EDGE('',*,*,#4609,.T.);
#5941=ORIENTED_EDGE('',*,*,#4610,.T.);
#5942=ORIENTED_EDGE('',*,*,#4611,.T.);
#5943=ORIENTED_EDGE('',*,*,#4612,.T.);
#5944=ORIENTED_EDGE('',*,*,#4613,.T.);
#5945=ORIENTED_EDGE('',*,*,#4614,.T.);
#5946=ORIENTED_EDGE('',*,*,#4615,.T.);
#5947=ORIENTED_EDGE('',*,*,#4616,.T.);
#5948=ORIENTED_EDGE('',*,*,#4617,.T.);
#5949=ORIENTED_EDGE('',*,*,#4618,.T.);
#5950=ORIENTED_EDGE('',*,*,#4619,.T.);
#5951=ORIENTED_EDGE('',*,*,#4620,.T.);
#5952=ORIENTED_EDGE('',*,*,#4621,.T.);
#5953=ORIENTED_EDGE('',*,*,#4622,.T.);
#5954=ORIENTED_EDGE('',*,*,#4623,.T.);
#5955=ORIENTED_EDGE('',*,*,#4624,.T.);
#5956=ORIENTED_EDGE('',*,*,#4625,.T.);
#5957=ORIENTED_EDGE('',*,*,#4626,.T.);
#5958=ORIENTED_EDGE('',*,*,#4627,.T.);
#5959=ORIENTED_EDGE('',*,*,#4628,.T.);
#5960=ORIENTED_EDGE('',*,*,#4629,.T.);
#5961=ORIENTED_EDGE('',*,*,#4630,.T.);
#5962=ORIENTED_EDGE('',*,*,#4631,.T.);
#5963=ORIENTED_EDGE('',*,*,#4632,.T.);
#5964=ORIENTED_EDGE('',*,*,#4633,.T.);
#5965=ORIENTED_EDGE('',*,*,#4634,.T.);
#5966=ORIENTED_EDGE('',*,*,#4635,.T.);
#5967=ORIENTED_EDGE('',*,*,#4636,.T.);
#5968=ORIENTED_EDGE('',*,*,#4637,.T.);
#5969=ORIENTED_EDGE('',*,*,#4638,.T.);
#5970=ORIENTED_EDGE('',*,*,#4639,.T.);
#5971=ORIENTED_EDGE('',*,*,#4640,.T.);
#5972=ORIENTED_EDGE('',*,*,#4641,.T.);
#5973=ORIENTED_EDGE('',*,*,#4642,.T.);
#5974=ORIENTED_EDGE('',*,*,#4643,.T.);
#5975=ORIENTED_EDGE('',*,*,#4644,.T.);
#5976=ORIENTED_EDGE('',*,*,#4645,.T.);
#5977=ORIENTED_EDGE('',*,*,#4646,.T.);
#5978=ORIENTED_EDGE('',*,*,#4647,.T.);
#5979=ORIENTED_EDGE('',*,*,#4648,.T.);
#5980=ORIENTED_EDGE('',*,*,#4649,.T.);
#5981=ORIENTED_EDGE('',*,*,#4650,.T.);
#5982=ORIENTED_EDGE('',*,*,#4651,.T.);
#5983=ORIENTED_EDGE('',*,*,#4652,.T.);
#5984=ORIENTED_EDGE('',*,*,#4653,.T.);
#5985=ORIENTED_EDGE('',*,*,#4654,.T.);
#5986=ORIENTED_EDGE('',*,*,#4655,.T.);
#5987=ORIENTED_EDGE('',*,*,#4656,.T.);
#5988=ORIENTED_EDGE('',*,*,#4657,.T.);
#5989=ORIENTED_EDGE('',*,*,#4658,.T.);
#5990=ORIENTED_EDGE('',*,*,#4659,.T.);
#5991=ORIENTED_EDGE('',*,*,#4660,.T.);
#5992=ORIENTED_EDGE('',*,*,#4661,.T.);
#5993=ORIENTED_EDGE('',*,*,#4662,.T.);
#5994=ORIENTED_EDGE('',*,*,#4663,.T.);
#5995=ORIENTED_EDGE('',*,*,#4664,.T.);
#5996=ORIENTED_EDGE('',*,*,#4665,.T.);
#5997=ORIENTED_EDGE('',*,*,#4666,.T.);
#5998=ORIENTED_EDGE('',*,*,#4667,.T.);
#5999=ORIENTED_EDGE('',*,*,#4668,.T.);
#6000=ORIENTED_EDGE('',*,*,#4669,.T.);
#6001=ORIENTED_EDGE('',*,*,#4670,.T.);
#6002=ORIENTED_EDGE('',*,*,#4671,.T.);
#6003=ORIENTED_EDGE('',*,*,#4672,.T.);
#6004=ORIENTED_EDGE('',*,*,#4673,.T.);
#6005=ORIENTED_EDGE('',*,*,#4674,.T.);
#6006=ORIENTED_EDGE('',*,*,#4675,.T.);
#6007=ORIENTED_EDGE('',*,*,#4676,.T.);
#6008=ORIENTED_EDGE('',*,*,#4677,.T.);
#6009=ORIENTED_EDGE('',*,*,#4678,.T.);
#6010=ORIENTED_EDGE('',*,*,#4679,.T.);
#6011=ORIENTED_EDGE('',*,*,#4680,.T.);
#6012=ORIENTED_EDGE('',*,*,#4681,.T.);
#6013=ORIENTED_EDGE('',*,*,#4682,.T.);
#6014=ORIENTED_EDGE('',*,*,#4683,.T.);
#6015=ORIENTED_EDGE('',*,*,#4684,.T.);
#6016=ORIENTED_EDGE('',*,*,#4685,.T.);
#6017=ORIENTED_EDGE('',*,*,#4686,.T.);
#6018=ORIENTED_EDGE('',*,*,#4687,.T.);
#6019=ORIENTED_EDGE('',*,*,#4688,.T.);
#6020=ORIENTED_EDGE('',*,*,#4689,.T.);
#6021=ORIENTED_EDGE('',*,*,#4690,.T.);
#6022=ORIENTED_EDGE('',*,*,#4691,.T.);
#6023=ORIENTED_EDGE('',*,*,#4692,.T.);
#6024=ORIENTED_EDGE('',*,*,#4693,.T.);
#6025=ORIENTED_EDGE('',*,*,#4694,.T.);
#6026=ORIENTED_EDGE('',*,*,#4695,.T.);
#6027=ORIENTED_EDGE('',*,*,#4696,.T.);
#6028=ORIENTED_EDGE('',*,*,#4697,.T.);
#6029=ORIENTED_EDGE('',*,*,#4698,.T.);
#6030=ORIENTED_EDGE('',*,*,#4699,.T.);
#6031=ORIENTED_EDGE('',*,*,#4700,.T.);
#6032=ORIENTED_EDGE('',*,*,#4701,.T.);
#6033=ORIENTED_EDGE('',*,*,#4702,.T.);
#6034=ORIENTED_EDGE('',*,*,#4703,.T.);
#6035=ORIENTED_EDGE('',*,*,#4704,.T.);
#6036=ORIENTED_EDGE('',*,*,#4705,.T.);
#6037=ORIENTED_EDGE('',*,*,#4706,.T.);
#6038=ORIENTED_EDGE('',*,*,#4707,.T.);
#6039=ORIENTED_EDGE('',*,*,#4708,.T.);
#6040=ORIENTED_EDGE('',*,*,#4709,.T.);
#6041=ORIENTED_EDGE('',*,*,#4710,.T.);
#6042=ORIENTED_EDGE('',*,*,#4711,.T.);
#6043=ORIENTED_EDGE('',*,*,#4712,.T.);
#6044=ORIENTED_EDGE('',*,*,#4713,.T.);
#6045=ORIENTED_EDGE('',*,*,#4714,.T.);
#6046=ORIENTED_EDGE('',*,*,#4715,.T.);
#6047=ORIENTED_EDGE('',*,*,#4716,.T.);
#6048=ORIENTED_EDGE('',*,*,#4717,.T.);
#6049=ORIENTED_EDGE('',*,*,#4718,.T.);
#6050=ORIENTED_EDGE('',*,*,#4719,.T.);
#6051=ORIENTED_EDGE('',*,*,#4720,.T.);
#6052=ORIENTED_EDGE('',*,*,#4721,.T.);
#6053=ORIENTED_EDGE('',*,*,#4722,.T.);
#6054=ORIENTED_EDGE('',*,*,#4723,.T.);
#6055=ORIENTED_EDGE('',*,*,#4724,.T.);
#6056=ORIENTED_EDGE('',*,*,#4725,.T.);
#6057=ORIENTED_EDGE('',*,*,#4726,.T.);
#6058=ORIENTED_EDGE('',*,*,#4727,.T.);
#6059=ORIENTED_EDGE('',*,*,#4728,.T.);
#6060=ORIENTED_EDGE('',*,*,#4729,.T.);
#6061=ORIENTED_EDGE('',*,*,#4730,.T.);
#6062=ORIENTED_EDGE('',*,*,#4731,.T.);
#6063=ORIENTED_EDGE('',*,*,#4732,.T.);
#6064=ORIENTED_EDGE('',*,*,#4733,.T.);
#6065=ORIENTED_EDGE('',*,*,#4734,.T.);
#6066=ORIENTED_EDGE('',*,*,#4735,.T.);
#6067=ORIENTED_EDGE('',*,*,#4736,.T.);
#6068=ORIENTED_EDGE('',*,*,#4737,.T.);
#6069=ORIENTED_EDGE('',*,*,#4738,.T.);
#6070=ORIENTED_EDGE('',*,*,#4739,.T.);
#6071=ORIENTED_EDGE('',*,*,#4740,.T.);
#6072=ORIENTED_EDGE('',*,*,#4741,.T.);
#6073=ORIENTED_EDGE('',*,*,#4742,.T.);
#6074=ORIENTED_EDGE('',*,*,#4743,.T.);
#6075=ORIENTED_EDGE('',*,*,#4744,.T.);
#6076=ORIENTED_EDGE('',*,*,#4745,.T.);
#6077=ORIENTED_EDGE('',*,*,#4746,.T.);
#6078=ORIENTED_EDGE('',*,*,#4377,.F.);
#6079=ORIENTED_EDGE('',*,*,#4747,.F.);
#6080=ORIENTED_EDGE('',*,*,#4748,.T.);
#6081=ORIENTED_EDGE('',*,*,#4749,.T.);
#6082=ORIENTED_EDGE('',*,*,#4750,.F.);
#6083=ORIENTED_EDGE('',*,*,#4751,.T.);
#6084=ORIENTED_EDGE('',*,*,#4752,.T.);
#6085=ORIENTED_EDGE('',*,*,#4753,.F.);
#6086=ORIENTED_EDGE('',*,*,#4754,.F.);
#6087=ORIENTED_EDGE('',*,*,#4755,.T.);
#6088=ORIENTED_EDGE('',*,*,#4756,.T.);
#6089=ORIENTED_EDGE('',*,*,#4757,.F.);
#6090=ORIENTED_EDGE('',*,*,#4758,.F.);
#6091=ORIENTED_EDGE('',*,*,#4759,.T.);
#6092=ORIENTED_EDGE('',*,*,#4760,.F.);
#6093=ORIENTED_EDGE('',*,*,#4761,.T.);
#6094=ORIENTED_EDGE('',*,*,#4762,.T.);
#6095=ORIENTED_EDGE('',*,*,#4763,.T.);
#6096=ORIENTED_EDGE('',*,*,#4764,.F.);
#6097=ORIENTED_EDGE('',*,*,#4765,.T.);
#6098=ORIENTED_EDGE('',*,*,#4766,.T.);
#6099=ORIENTED_EDGE('',*,*,#4767,.T.);
#6100=ORIENTED_EDGE('',*,*,#4768,.F.);
#6101=ORIENTED_EDGE('',*,*,#4769,.F.);
#6102=ORIENTED_EDGE('',*,*,#4770,.F.);
#6103=ORIENTED_EDGE('',*,*,#4771,.F.);
#6104=ORIENTED_EDGE('',*,*,#4772,.T.);
#6105=ORIENTED_EDGE('',*,*,#4773,.T.);
#6106=ORIENTED_EDGE('',*,*,#4774,.T.);
#6107=ORIENTED_EDGE('',*,*,#4775,.T.);
#6108=ORIENTED_EDGE('',*,*,#4776,.T.);
#6109=ORIENTED_EDGE('',*,*,#4777,.F.);
#6110=ORIENTED_EDGE('',*,*,#4778,.F.);
#6111=ORIENTED_EDGE('',*,*,#4779,.F.);
#6112=ORIENTED_EDGE('',*,*,#4780,.T.);
#6113=ORIENTED_EDGE('',*,*,#4781,.T.);
#6114=ORIENTED_EDGE('',*,*,#4782,.F.);
#6115=ORIENTED_EDGE('',*,*,#4783,.T.);
#6116=ORIENTED_EDGE('',*,*,#4784,.F.);
#6117=ORIENTED_EDGE('',*,*,#4785,.T.);
#6118=ORIENTED_EDGE('',*,*,#4786,.T.);
#6119=ORIENTED_EDGE('',*,*,#4787,.F.);
#6120=ORIENTED_EDGE('',*,*,#4788,.F.);
#6121=ORIENTED_EDGE('',*,*,#4789,.F.);
#6122=ORIENTED_EDGE('',*,*,#4790,.F.);
#6123=ORIENTED_EDGE('',*,*,#4791,.F.);
#6124=ORIENTED_EDGE('',*,*,#4792,.F.);
#6125=ORIENTED_EDGE('',*,*,#4793,.F.);
#6126=ORIENTED_EDGE('',*,*,#4794,.T.);
#6127=ORIENTED_EDGE('',*,*,#4795,.T.);
#6128=ORIENTED_EDGE('',*,*,#4796,.T.);
#6129=ORIENTED_EDGE('',*,*,#4797,.T.);
#6130=ORIENTED_EDGE('',*,*,#4798,.T.);
#6131=ORIENTED_EDGE('',*,*,#4799,.F.);
#6132=ORIENTED_EDGE('',*,*,#4800,.F.);
#6133=ORIENTED_EDGE('',*,*,#4748,.F.);
#6134=ORIENTED_EDGE('',*,*,#4371,.T.);
#6135=ORIENTED_EDGE('',*,*,#4367,.F.);
#6136=ORIENTED_EDGE('',*,*,#4801,.T.);
#6137=ORIENTED_EDGE('',*,*,#4802,.T.);
#6138=ORIENTED_EDGE('',*,*,#4803,.T.);
#6139=ORIENTED_EDGE('',*,*,#4804,.T.);
#6140=ORIENTED_EDGE('',*,*,#4805,.T.);
#6141=ORIENTED_EDGE('',*,*,#4806,.T.);
#6142=ORIENTED_EDGE('',*,*,#4807,.T.);
#6143=ORIENTED_EDGE('',*,*,#4808,.T.);
#6144=ORIENTED_EDGE('',*,*,#4374,.T.);
#6145=ORIENTED_EDGE('',*,*,#4809,.T.);
#6146=ORIENTED_EDGE('',*,*,#4810,.T.);
#6147=ORIENTED_EDGE('',*,*,#4811,.F.);
#6148=ORIENTED_EDGE('',*,*,#4812,.T.);
#6149=ORIENTED_EDGE('',*,*,#4813,.F.);
#6150=ORIENTED_EDGE('',*,*,#4814,.T.);
#6151=ORIENTED_EDGE('',*,*,#4815,.T.);
#6152=ORIENTED_EDGE('',*,*,#4816,.T.);
#6153=ORIENTED_EDGE('',*,*,#4817,.T.);
#6154=ORIENTED_EDGE('',*,*,#4818,.T.);
#6155=ORIENTED_EDGE('',*,*,#4819,.T.);
#6156=ORIENTED_EDGE('',*,*,#4820,.F.);
#6157=ORIENTED_EDGE('',*,*,#4821,.F.);
#6158=ORIENTED_EDGE('',*,*,#4822,.T.);
#6159=ORIENTED_EDGE('',*,*,#4823,.F.);
#6160=ORIENTED_EDGE('',*,*,#4824,.T.);
#6161=ORIENTED_EDGE('',*,*,#4825,.F.);
#6162=ORIENTED_EDGE('',*,*,#4826,.T.);
#6163=ORIENTED_EDGE('',*,*,#4827,.F.);
#6164=ORIENTED_EDGE('',*,*,#4828,.T.);
#6165=ORIENTED_EDGE('',*,*,#4829,.F.);
#6166=ORIENTED_EDGE('',*,*,#4830,.T.);
#6167=ORIENTED_EDGE('',*,*,#4831,.F.);
#6168=ORIENTED_EDGE('',*,*,#4832,.F.);
#6169=ORIENTED_EDGE('',*,*,#4833,.F.);
#6170=ORIENTED_EDGE('',*,*,#4834,.T.);
#6171=ORIENTED_EDGE('',*,*,#4835,.F.);
#6172=ORIENTED_EDGE('',*,*,#4836,.T.);
#6173=ORIENTED_EDGE('',*,*,#4837,.F.);
#6174=ORIENTED_EDGE('',*,*,#4838,.T.);
#6175=ORIENTED_EDGE('',*,*,#4839,.F.);
#6176=ORIENTED_EDGE('',*,*,#4840,.F.);
#6177=ORIENTED_EDGE('',*,*,#4841,.F.);
#6178=ORIENTED_EDGE('',*,*,#4842,.T.);
#6179=ORIENTED_EDGE('',*,*,#4843,.F.);
#6180=ORIENTED_EDGE('',*,*,#4844,.T.);
#6181=ORIENTED_EDGE('',*,*,#4845,.F.);
#6182=ORIENTED_EDGE('',*,*,#4846,.T.);
#6183=ORIENTED_EDGE('',*,*,#4847,.F.);
#6184=ORIENTED_EDGE('',*,*,#4848,.F.);
#6185=ORIENTED_EDGE('',*,*,#4849,.F.);
#6186=ORIENTED_EDGE('',*,*,#4850,.T.);
#6187=ORIENTED_EDGE('',*,*,#4851,.F.);
#6188=ORIENTED_EDGE('',*,*,#4852,.T.);
#6189=ORIENTED_EDGE('',*,*,#4853,.F.);
#6190=ORIENTED_EDGE('',*,*,#4854,.T.);
#6191=ORIENTED_EDGE('',*,*,#4855,.F.);
#6192=ORIENTED_EDGE('',*,*,#4856,.F.);
#6193=ORIENTED_EDGE('',*,*,#4857,.F.);
#6194=ORIENTED_EDGE('',*,*,#4858,.T.);
#6195=ORIENTED_EDGE('',*,*,#4859,.F.);
#6196=ORIENTED_EDGE('',*,*,#4860,.T.);
#6197=ORIENTED_EDGE('',*,*,#4861,.F.);
#6198=ORIENTED_EDGE('',*,*,#4862,.T.);
#6199=ORIENTED_EDGE('',*,*,#4863,.F.);
#6200=ORIENTED_EDGE('',*,*,#4864,.F.);
#6201=ORIENTED_EDGE('',*,*,#4865,.F.);
#6202=ORIENTED_EDGE('',*,*,#4866,.T.);
#6203=ORIENTED_EDGE('',*,*,#4867,.F.);
#6204=ORIENTED_EDGE('',*,*,#4868,.T.);
#6205=ORIENTED_EDGE('',*,*,#4869,.F.);
#6206=ORIENTED_EDGE('',*,*,#4870,.T.);
#6207=ORIENTED_EDGE('',*,*,#4871,.F.);
#6208=ORIENTED_EDGE('',*,*,#4872,.F.);
#6209=ORIENTED_EDGE('',*,*,#4873,.T.);
#6210=ORIENTED_EDGE('',*,*,#4874,.T.);
#6211=ORIENTED_EDGE('',*,*,#4875,.T.);
#6212=ORIENTED_EDGE('',*,*,#4876,.T.);
#6213=ORIENTED_EDGE('',*,*,#4877,.T.);
#6214=ORIENTED_EDGE('',*,*,#4878,.T.);
#6215=ORIENTED_EDGE('',*,*,#4879,.T.);
#6216=ORIENTED_EDGE('',*,*,#4880,.T.);
#6217=ORIENTED_EDGE('',*,*,#4881,.T.);
#6218=ORIENTED_EDGE('',*,*,#4882,.T.);
#6219=ORIENTED_EDGE('',*,*,#4883,.T.);
#6220=ORIENTED_EDGE('',*,*,#4884,.T.);
#6221=ORIENTED_EDGE('',*,*,#4885,.T.);
#6222=ORIENTED_EDGE('',*,*,#4886,.T.);
#6223=ORIENTED_EDGE('',*,*,#4887,.T.);
#6224=ORIENTED_EDGE('',*,*,#4888,.T.);
#6225=ORIENTED_EDGE('',*,*,#4889,.T.);
#6226=ORIENTED_EDGE('',*,*,#4890,.T.);
#6227=ORIENTED_EDGE('',*,*,#4891,.T.);
#6228=ORIENTED_EDGE('',*,*,#4892,.T.);
#6229=ORIENTED_EDGE('',*,*,#4893,.T.);
#6230=ORIENTED_EDGE('',*,*,#4894,.T.);
#6231=ORIENTED_EDGE('',*,*,#4895,.T.);
#6232=ORIENTED_EDGE('',*,*,#4896,.T.);
#6233=ORIENTED_EDGE('',*,*,#4897,.T.);
#6234=ORIENTED_EDGE('',*,*,#4898,.T.);
#6235=ORIENTED_EDGE('',*,*,#4899,.T.);
#6236=ORIENTED_EDGE('',*,*,#4900,.T.);
#6237=ORIENTED_EDGE('',*,*,#4901,.T.);
#6238=ORIENTED_EDGE('',*,*,#4902,.T.);
#6239=ORIENTED_EDGE('',*,*,#4903,.T.);
#6240=ORIENTED_EDGE('',*,*,#4904,.T.);
#6241=ORIENTED_EDGE('',*,*,#4905,.T.);
#6242=ORIENTED_EDGE('',*,*,#4906,.T.);
#6243=ORIENTED_EDGE('',*,*,#4907,.T.);
#6244=ORIENTED_EDGE('',*,*,#4908,.T.);
#6245=ORIENTED_EDGE('',*,*,#4909,.T.);
#6246=ORIENTED_EDGE('',*,*,#4910,.T.);
#6247=ORIENTED_EDGE('',*,*,#4911,.T.);
#6248=ORIENTED_EDGE('',*,*,#4912,.T.);
#6249=ORIENTED_EDGE('',*,*,#4913,.T.);
#6250=ORIENTED_EDGE('',*,*,#4914,.T.);
#6251=ORIENTED_EDGE('',*,*,#4915,.T.);
#6252=ORIENTED_EDGE('',*,*,#4916,.T.);
#6253=ORIENTED_EDGE('',*,*,#4917,.T.);
#6254=ORIENTED_EDGE('',*,*,#4918,.T.);
#6255=ORIENTED_EDGE('',*,*,#4919,.T.);
#6256=ORIENTED_EDGE('',*,*,#4920,.T.);
#6257=ORIENTED_EDGE('',*,*,#4921,.T.);
#6258=ORIENTED_EDGE('',*,*,#4922,.T.);
#6259=ORIENTED_EDGE('',*,*,#4923,.T.);
#6260=ORIENTED_EDGE('',*,*,#4924,.T.);
#6261=ORIENTED_EDGE('',*,*,#4925,.T.);
#6262=ORIENTED_EDGE('',*,*,#4926,.T.);
#6263=ORIENTED_EDGE('',*,*,#4927,.T.);
#6264=ORIENTED_EDGE('',*,*,#4928,.T.);
#6265=ORIENTED_EDGE('',*,*,#4929,.T.);
#6266=ORIENTED_EDGE('',*,*,#4930,.T.);
#6267=ORIENTED_EDGE('',*,*,#4931,.T.);
#6268=ORIENTED_EDGE('',*,*,#4932,.T.);
#6269=ORIENTED_EDGE('',*,*,#4933,.T.);
#6270=ORIENTED_EDGE('',*,*,#4934,.T.);
#6271=ORIENTED_EDGE('',*,*,#4935,.T.);
#6272=ORIENTED_EDGE('',*,*,#4936,.T.);
#6273=ORIENTED_EDGE('',*,*,#4937,.T.);
#6274=ORIENTED_EDGE('',*,*,#4938,.T.);
#6275=ORIENTED_EDGE('',*,*,#4939,.T.);
#6276=ORIENTED_EDGE('',*,*,#4940,.T.);
#6277=ORIENTED_EDGE('',*,*,#4941,.T.);
#6278=ORIENTED_EDGE('',*,*,#4942,.T.);
#6279=ORIENTED_EDGE('',*,*,#4943,.T.);
#6280=ORIENTED_EDGE('',*,*,#4944,.T.);
#6281=ORIENTED_EDGE('',*,*,#4945,.T.);
#6282=ORIENTED_EDGE('',*,*,#4946,.T.);
#6283=ORIENTED_EDGE('',*,*,#4947,.T.);
#6284=ORIENTED_EDGE('',*,*,#4948,.T.);
#6285=ORIENTED_EDGE('',*,*,#4949,.T.);
#6286=ORIENTED_EDGE('',*,*,#4950,.T.);
#6287=ORIENTED_EDGE('',*,*,#4951,.T.);
#6288=ORIENTED_EDGE('',*,*,#4952,.T.);
#6289=ORIENTED_EDGE('',*,*,#4953,.T.);
#6290=ORIENTED_EDGE('',*,*,#4954,.T.);
#6291=ORIENTED_EDGE('',*,*,#4955,.T.);
#6292=ORIENTED_EDGE('',*,*,#4956,.T.);
#6293=ORIENTED_EDGE('',*,*,#4957,.T.);
#6294=ORIENTED_EDGE('',*,*,#4958,.T.);
#6295=ORIENTED_EDGE('',*,*,#4959,.T.);
#6296=ORIENTED_EDGE('',*,*,#4960,.T.);
#6297=ORIENTED_EDGE('',*,*,#4961,.T.);
#6298=ORIENTED_EDGE('',*,*,#4962,.T.);
#6299=ORIENTED_EDGE('',*,*,#4963,.T.);
#6300=ORIENTED_EDGE('',*,*,#4964,.T.);
#6301=ORIENTED_EDGE('',*,*,#4965,.T.);
#6302=ORIENTED_EDGE('',*,*,#4966,.T.);
#6303=ORIENTED_EDGE('',*,*,#4967,.T.);
#6304=ORIENTED_EDGE('',*,*,#4968,.T.);
#6305=ORIENTED_EDGE('',*,*,#4969,.T.);
#6306=ORIENTED_EDGE('',*,*,#4970,.T.);
#6307=ORIENTED_EDGE('',*,*,#4971,.T.);
#6308=ORIENTED_EDGE('',*,*,#4972,.T.);
#6309=ORIENTED_EDGE('',*,*,#4973,.T.);
#6310=ORIENTED_EDGE('',*,*,#4974,.T.);
#6311=ORIENTED_EDGE('',*,*,#4975,.T.);
#6312=ORIENTED_EDGE('',*,*,#4976,.T.);
#6313=ORIENTED_EDGE('',*,*,#4977,.T.);
#6314=ORIENTED_EDGE('',*,*,#4978,.T.);
#6315=ORIENTED_EDGE('',*,*,#4979,.T.);
#6316=ORIENTED_EDGE('',*,*,#4980,.T.);
#6317=ORIENTED_EDGE('',*,*,#4981,.T.);
#6318=ORIENTED_EDGE('',*,*,#4982,.T.);
#6319=ORIENTED_EDGE('',*,*,#4983,.T.);
#6320=ORIENTED_EDGE('',*,*,#4984,.T.);
#6321=ORIENTED_EDGE('',*,*,#4985,.T.);
#6322=ORIENTED_EDGE('',*,*,#4986,.T.);
#6323=ORIENTED_EDGE('',*,*,#4987,.T.);
#6324=ORIENTED_EDGE('',*,*,#4988,.T.);
#6325=ORIENTED_EDGE('',*,*,#4989,.T.);
#6326=ORIENTED_EDGE('',*,*,#4990,.T.);
#6327=ORIENTED_EDGE('',*,*,#4991,.T.);
#6328=ORIENTED_EDGE('',*,*,#4992,.T.);
#6329=ORIENTED_EDGE('',*,*,#4993,.T.);
#6330=ORIENTED_EDGE('',*,*,#4994,.T.);
#6331=ORIENTED_EDGE('',*,*,#4995,.T.);
#6332=ORIENTED_EDGE('',*,*,#4996,.T.);
#6333=ORIENTED_EDGE('',*,*,#4997,.T.);
#6334=ORIENTED_EDGE('',*,*,#4998,.T.);
#6335=ORIENTED_EDGE('',*,*,#4999,.T.);
#6336=ORIENTED_EDGE('',*,*,#5000,.T.);
#6337=ORIENTED_EDGE('',*,*,#5001,.T.);
#6338=ORIENTED_EDGE('',*,*,#5002,.T.);
#6339=ORIENTED_EDGE('',*,*,#5003,.T.);
#6340=ORIENTED_EDGE('',*,*,#5004,.T.);
#6341=ORIENTED_EDGE('',*,*,#5005,.T.);
#6342=ORIENTED_EDGE('',*,*,#5006,.T.);
#6343=ORIENTED_EDGE('',*,*,#5007,.T.);
#6344=ORIENTED_EDGE('',*,*,#5008,.T.);
#6345=ORIENTED_EDGE('',*,*,#5009,.T.);
#6346=ORIENTED_EDGE('',*,*,#5010,.T.);
#6347=ORIENTED_EDGE('',*,*,#5011,.T.);
#6348=ORIENTED_EDGE('',*,*,#5012,.T.);
#6349=ORIENTED_EDGE('',*,*,#5013,.T.);
#6350=ORIENTED_EDGE('',*,*,#5014,.T.);
#6351=ORIENTED_EDGE('',*,*,#5015,.T.);
#6352=ORIENTED_EDGE('',*,*,#5016,.T.);
#6353=ORIENTED_EDGE('',*,*,#5017,.T.);
#6354=ORIENTED_EDGE('',*,*,#5018,.T.);
#6355=ORIENTED_EDGE('',*,*,#5019,.T.);
#6356=ORIENTED_EDGE('',*,*,#5020,.T.);
#6357=ORIENTED_EDGE('',*,*,#5021,.T.);
#6358=ORIENTED_EDGE('',*,*,#5022,.T.);
#6359=ORIENTED_EDGE('',*,*,#5023,.T.);
#6360=ORIENTED_EDGE('',*,*,#5024,.T.);
#6361=ORIENTED_EDGE('',*,*,#5025,.T.);
#6362=ORIENTED_EDGE('',*,*,#5026,.T.);
#6363=ORIENTED_EDGE('',*,*,#5027,.T.);
#6364=ORIENTED_EDGE('',*,*,#5028,.T.);
#6365=ORIENTED_EDGE('',*,*,#5029,.T.);
#6366=ORIENTED_EDGE('',*,*,#5030,.T.);
#6367=ORIENTED_EDGE('',*,*,#5031,.T.);
#6368=ORIENTED_EDGE('',*,*,#5032,.T.);
#6369=ORIENTED_EDGE('',*,*,#5033,.T.);
#6370=ORIENTED_EDGE('',*,*,#5034,.T.);
#6371=ORIENTED_EDGE('',*,*,#5035,.T.);
#6372=ORIENTED_EDGE('',*,*,#5036,.T.);
#6373=ORIENTED_EDGE('',*,*,#5037,.T.);
#6374=ORIENTED_EDGE('',*,*,#5038,.T.);
#6375=ORIENTED_EDGE('',*,*,#5039,.T.);
#6376=ORIENTED_EDGE('',*,*,#5040,.T.);
#6377=ORIENTED_EDGE('',*,*,#5041,.T.);
#6378=ORIENTED_EDGE('',*,*,#5042,.T.);
#6379=ORIENTED_EDGE('',*,*,#5043,.T.);
#6380=ORIENTED_EDGE('',*,*,#5044,.T.);
#6381=ORIENTED_EDGE('',*,*,#5045,.T.);
#6382=ORIENTED_EDGE('',*,*,#5046,.T.);
#6383=ORIENTED_EDGE('',*,*,#5047,.T.);
#6384=ORIENTED_EDGE('',*,*,#5048,.T.);
#6385=ORIENTED_EDGE('',*,*,#5049,.T.);
#6386=ORIENTED_EDGE('',*,*,#5050,.T.);
#6387=ORIENTED_EDGE('',*,*,#5051,.T.);
#6388=ORIENTED_EDGE('',*,*,#5052,.T.);
#6389=ORIENTED_EDGE('',*,*,#5053,.T.);
#6390=ORIENTED_EDGE('',*,*,#5054,.T.);
#6391=ORIENTED_EDGE('',*,*,#5055,.T.);
#6392=ORIENTED_EDGE('',*,*,#5056,.T.);
#6393=ORIENTED_EDGE('',*,*,#5057,.T.);
#6394=ORIENTED_EDGE('',*,*,#5058,.T.);
#6395=ORIENTED_EDGE('',*,*,#5059,.T.);
#6396=ORIENTED_EDGE('',*,*,#5060,.T.);
#6397=ORIENTED_EDGE('',*,*,#5061,.T.);
#6398=ORIENTED_EDGE('',*,*,#5062,.T.);
#6399=ORIENTED_EDGE('',*,*,#5063,.T.);
#6400=ORIENTED_EDGE('',*,*,#5064,.T.);
#6401=ORIENTED_EDGE('',*,*,#5065,.T.);
#6402=ORIENTED_EDGE('',*,*,#5066,.T.);
#6403=ORIENTED_EDGE('',*,*,#5067,.T.);
#6404=ORIENTED_EDGE('',*,*,#4364,.T.);
#6405=ORIENTED_EDGE('',*,*,#4362,.T.);
#6406=ORIENTED_EDGE('',*,*,#4358,.T.);
#6407=ORIENTED_EDGE('',*,*,#4354,.F.);
#6408=ORIENTED_EDGE('',*,*,#5068,.T.);
#6409=ORIENTED_EDGE('',*,*,#5069,.T.);
#6410=ORIENTED_EDGE('',*,*,#5070,.T.);
#6411=ORIENTED_EDGE('',*,*,#5071,.T.);
#6412=ORIENTED_EDGE('',*,*,#5072,.T.);
#6413=ORIENTED_EDGE('',*,*,#5073,.T.);
#6414=ORIENTED_EDGE('',*,*,#5074,.T.);
#6415=ORIENTED_EDGE('',*,*,#5075,.T.);
#6416=ORIENTED_EDGE('',*,*,#5076,.T.);
#6417=ORIENTED_EDGE('',*,*,#5077,.T.);
#6418=ORIENTED_EDGE('',*,*,#5078,.T.);
#6419=ORIENTED_EDGE('',*,*,#5079,.T.);
#6420=ORIENTED_EDGE('',*,*,#5080,.T.);
#6421=ORIENTED_EDGE('',*,*,#5081,.T.);
#6422=ORIENTED_EDGE('',*,*,#5082,.T.);
#6423=ORIENTED_EDGE('',*,*,#5083,.T.);
#6424=ORIENTED_EDGE('',*,*,#5084,.T.);
#6425=ORIENTED_EDGE('',*,*,#5085,.T.);
#6426=ORIENTED_EDGE('',*,*,#5086,.T.);
#6427=ORIENTED_EDGE('',*,*,#5087,.T.);
#6428=ORIENTED_EDGE('',*,*,#5088,.T.);
#6429=ORIENTED_EDGE('',*,*,#5089,.T.);
#6430=ORIENTED_EDGE('',*,*,#5090,.T.);
#6431=ORIENTED_EDGE('',*,*,#5091,.T.);
#6432=ORIENTED_EDGE('',*,*,#5092,.T.);
#6433=ORIENTED_EDGE('',*,*,#5093,.T.);
#6434=ORIENTED_EDGE('',*,*,#5094,.T.);
#6435=ORIENTED_EDGE('',*,*,#5095,.T.);
#6436=ORIENTED_EDGE('',*,*,#5096,.T.);
#6437=ORIENTED_EDGE('',*,*,#5097,.T.);
#6438=ORIENTED_EDGE('',*,*,#5098,.T.);
#6439=ORIENTED_EDGE('',*,*,#5099,.T.);
#6440=ORIENTED_EDGE('',*,*,#5100,.T.);
#6441=ORIENTED_EDGE('',*,*,#5101,.T.);
#6442=ORIENTED_EDGE('',*,*,#5102,.T.);
#6443=ORIENTED_EDGE('',*,*,#5103,.T.);
#6444=ORIENTED_EDGE('',*,*,#5104,.T.);
#6445=ORIENTED_EDGE('',*,*,#5105,.T.);
#6446=ORIENTED_EDGE('',*,*,#5106,.T.);
#6447=ORIENTED_EDGE('',*,*,#5107,.T.);
#6448=ORIENTED_EDGE('',*,*,#5108,.T.);
#6449=ORIENTED_EDGE('',*,*,#5109,.T.);
#6450=ORIENTED_EDGE('',*,*,#5110,.T.);
#6451=ORIENTED_EDGE('',*,*,#5111,.T.);
#6452=ORIENTED_EDGE('',*,*,#5112,.T.);
#6453=ORIENTED_EDGE('',*,*,#5113,.T.);
#6454=ORIENTED_EDGE('',*,*,#5114,.T.);
#6455=ORIENTED_EDGE('',*,*,#5115,.T.);
#6456=ORIENTED_EDGE('',*,*,#5116,.T.);
#6457=ORIENTED_EDGE('',*,*,#5117,.T.);
#6458=ORIENTED_EDGE('',*,*,#5118,.T.);
#6459=ORIENTED_EDGE('',*,*,#5119,.T.);
#6460=ORIENTED_EDGE('',*,*,#5120,.T.);
#6461=ORIENTED_EDGE('',*,*,#5121,.T.);
#6462=ORIENTED_EDGE('',*,*,#5122,.T.);
#6463=ORIENTED_EDGE('',*,*,#4769,.T.);
#6464=ORIENTED_EDGE('',*,*,#5123,.F.);
#6465=ORIENTED_EDGE('',*,*,#4405,.F.);
#6466=ORIENTED_EDGE('',*,*,#5124,.F.);
#6467=ORIENTED_EDGE('',*,*,#4750,.T.);
#6468=ORIENTED_EDGE('',*,*,#4747,.T.);
#6469=ORIENTED_EDGE('',*,*,#4424,.T.);
#6470=ORIENTED_EDGE('',*,*,#5125,.T.);
#6471=ORIENTED_EDGE('',*,*,#4768,.T.);
#6472=ORIENTED_EDGE('',*,*,#5126,.T.);
#6473=ORIENTED_EDGE('',*,*,#4406,.T.);
#6474=ORIENTED_EDGE('',*,*,#5123,.T.);
#6475=ORIENTED_EDGE('',*,*,#5126,.F.);
#6476=ORIENTED_EDGE('',*,*,#4767,.F.);
#6477=ORIENTED_EDGE('',*,*,#5127,.T.);
#6478=ORIENTED_EDGE('',*,*,#4407,.F.);
#6479=ORIENTED_EDGE('',*,*,#4816,.F.);
#6480=ORIENTED_EDGE('',*,*,#5128,.T.);
#6481=ORIENTED_EDGE('',*,*,#4482,.F.);
#6482=ORIENTED_EDGE('',*,*,#5129,.F.);
#6483=ORIENTED_EDGE('',*,*,#4818,.F.);
#6484=ORIENTED_EDGE('',*,*,#5130,.T.);
#6485=ORIENTED_EDGE('',*,*,#4432,.F.);
#6486=ORIENTED_EDGE('',*,*,#5131,.F.);
#6487=ORIENTED_EDGE('',*,*,#5125,.F.);
#6488=ORIENTED_EDGE('',*,*,#4423,.F.);
#6489=ORIENTED_EDGE('',*,*,#5132,.F.);
#6490=ORIENTED_EDGE('',*,*,#4751,.F.);
#6491=ORIENTED_EDGE('',*,*,#4874,.F.);
#6492=ORIENTED_EDGE('',*,*,#5133,.T.);
#6493=ORIENTED_EDGE('',*,*,#4746,.F.);
#6494=ORIENTED_EDGE('',*,*,#5134,.F.);
#6495=ORIENTED_EDGE('',*,*,#4875,.F.);
#6496=ORIENTED_EDGE('',*,*,#5134,.T.);
#6497=ORIENTED_EDGE('',*,*,#4745,.F.);
#6498=ORIENTED_EDGE('',*,*,#5135,.F.);
#6499=ORIENTED_EDGE('',*,*,#4876,.F.);
#6500=ORIENTED_EDGE('',*,*,#5135,.T.);
#6501=ORIENTED_EDGE('',*,*,#4744,.F.);
#6502=ORIENTED_EDGE('',*,*,#5136,.F.);
#6503=ORIENTED_EDGE('',*,*,#4877,.F.);
#6504=ORIENTED_EDGE('',*,*,#5136,.T.);
#6505=ORIENTED_EDGE('',*,*,#4743,.F.);
#6506=ORIENTED_EDGE('',*,*,#5137,.F.);
#6507=ORIENTED_EDGE('',*,*,#4878,.F.);
#6508=ORIENTED_EDGE('',*,*,#5137,.T.);
#6509=ORIENTED_EDGE('',*,*,#4742,.F.);
#6510=ORIENTED_EDGE('',*,*,#5138,.F.);
#6511=ORIENTED_EDGE('',*,*,#4879,.F.);
#6512=ORIENTED_EDGE('',*,*,#5138,.T.);
#6513=ORIENTED_EDGE('',*,*,#4741,.F.);
#6514=ORIENTED_EDGE('',*,*,#5139,.F.);
#6515=ORIENTED_EDGE('',*,*,#4880,.F.);
#6516=ORIENTED_EDGE('',*,*,#5139,.T.);
#6517=ORIENTED_EDGE('',*,*,#4740,.F.);
#6518=ORIENTED_EDGE('',*,*,#5140,.F.);
#6519=ORIENTED_EDGE('',*,*,#4873,.F.);
#6520=ORIENTED_EDGE('',*,*,#5140,.T.);
#6521=ORIENTED_EDGE('',*,*,#4739,.F.);
#6522=ORIENTED_EDGE('',*,*,#5133,.F.);
#6523=ORIENTED_EDGE('',*,*,#4882,.F.);
#6524=ORIENTED_EDGE('',*,*,#5141,.T.);
#6525=ORIENTED_EDGE('',*,*,#4738,.F.);
#6526=ORIENTED_EDGE('',*,*,#5142,.F.);
#6527=ORIENTED_EDGE('',*,*,#4883,.F.);
#6528=ORIENTED_EDGE('',*,*,#5142,.T.);
#6529=ORIENTED_EDGE('',*,*,#4737,.F.);
#6530=ORIENTED_EDGE('',*,*,#5143,.F.);
#6531=ORIENTED_EDGE('',*,*,#4884,.F.);
#6532=ORIENTED_EDGE('',*,*,#5143,.T.);
#6533=ORIENTED_EDGE('',*,*,#4736,.F.);
#6534=ORIENTED_EDGE('',*,*,#5144,.F.);
#6535=ORIENTED_EDGE('',*,*,#4885,.F.);
#6536=ORIENTED_EDGE('',*,*,#5144,.T.);
#6537=ORIENTED_EDGE('',*,*,#4735,.F.);
#6538=ORIENTED_EDGE('',*,*,#5145,.F.);
#6539=ORIENTED_EDGE('',*,*,#4886,.F.);
#6540=ORIENTED_EDGE('',*,*,#5145,.T.);
#6541=ORIENTED_EDGE('',*,*,#4734,.F.);
#6542=ORIENTED_EDGE('',*,*,#5146,.F.);
#6543=ORIENTED_EDGE('',*,*,#4887,.F.);
#6544=ORIENTED_EDGE('',*,*,#5146,.T.);
#6545=ORIENTED_EDGE('',*,*,#4733,.F.);
#6546=ORIENTED_EDGE('',*,*,#5147,.F.);
#6547=ORIENTED_EDGE('',*,*,#4888,.F.);
#6548=ORIENTED_EDGE('',*,*,#5147,.T.);
#6549=ORIENTED_EDGE('',*,*,#4732,.F.);
#6550=ORIENTED_EDGE('',*,*,#5148,.F.);
#6551=ORIENTED_EDGE('',*,*,#4881,.F.);
#6552=ORIENTED_EDGE('',*,*,#5148,.T.);
#6553=ORIENTED_EDGE('',*,*,#4731,.F.);
#6554=ORIENTED_EDGE('',*,*,#5141,.F.);
#6555=ORIENTED_EDGE('',*,*,#4890,.F.);
#6556=ORIENTED_EDGE('',*,*,#5149,.T.);
#6557=ORIENTED_EDGE('',*,*,#4730,.F.);
#6558=ORIENTED_EDGE('',*,*,#5150,.F.);
#6559=ORIENTED_EDGE('',*,*,#4891,.F.);
#6560=ORIENTED_EDGE('',*,*,#5150,.T.);
#6561=ORIENTED_EDGE('',*,*,#4729,.F.);
#6562=ORIENTED_EDGE('',*,*,#5151,.F.);
#6563=ORIENTED_EDGE('',*,*,#4892,.F.);
#6564=ORIENTED_EDGE('',*,*,#5151,.T.);
#6565=ORIENTED_EDGE('',*,*,#4728,.F.);
#6566=ORIENTED_EDGE('',*,*,#5152,.F.);
#6567=ORIENTED_EDGE('',*,*,#4893,.F.);
#6568=ORIENTED_EDGE('',*,*,#5152,.T.);
#6569=ORIENTED_EDGE('',*,*,#4727,.F.);
#6570=ORIENTED_EDGE('',*,*,#5153,.F.);
#6571=ORIENTED_EDGE('',*,*,#4894,.F.);
#6572=ORIENTED_EDGE('',*,*,#5153,.T.);
#6573=ORIENTED_EDGE('',*,*,#4726,.F.);
#6574=ORIENTED_EDGE('',*,*,#5154,.F.);
#6575=ORIENTED_EDGE('',*,*,#4895,.F.);
#6576=ORIENTED_EDGE('',*,*,#5154,.T.);
#6577=ORIENTED_EDGE('',*,*,#4725,.F.);
#6578=ORIENTED_EDGE('',*,*,#5155,.F.);
#6579=ORIENTED_EDGE('',*,*,#4896,.F.);
#6580=ORIENTED_EDGE('',*,*,#5155,.T.);
#6581=ORIENTED_EDGE('',*,*,#4724,.F.);
#6582=ORIENTED_EDGE('',*,*,#5156,.F.);
#6583=ORIENTED_EDGE('',*,*,#4889,.F.);
#6584=ORIENTED_EDGE('',*,*,#5156,.T.);
#6585=ORIENTED_EDGE('',*,*,#4723,.F.);
#6586=ORIENTED_EDGE('',*,*,#5149,.F.);
#6587=ORIENTED_EDGE('',*,*,#4898,.F.);
#6588=ORIENTED_EDGE('',*,*,#5157,.T.);
#6589=ORIENTED_EDGE('',*,*,#4722,.F.);
#6590=ORIENTED_EDGE('',*,*,#5158,.F.);
#6591=ORIENTED_EDGE('',*,*,#4899,.F.);
#6592=ORIENTED_EDGE('',*,*,#5158,.T.);
#6593=ORIENTED_EDGE('',*,*,#4721,.F.);
#6594=ORIENTED_EDGE('',*,*,#5159,.F.);
#6595=ORIENTED_EDGE('',*,*,#4900,.F.);
#6596=ORIENTED_EDGE('',*,*,#5159,.T.);
#6597=ORIENTED_EDGE('',*,*,#4720,.F.);
#6598=ORIENTED_EDGE('',*,*,#5160,.F.);
#6599=ORIENTED_EDGE('',*,*,#4901,.F.);
#6600=ORIENTED_EDGE('',*,*,#5160,.T.);
#6601=ORIENTED_EDGE('',*,*,#4719,.F.);
#6602=ORIENTED_EDGE('',*,*,#5161,.F.);
#6603=ORIENTED_EDGE('',*,*,#4902,.F.);
#6604=ORIENTED_EDGE('',*,*,#5161,.T.);
#6605=ORIENTED_EDGE('',*,*,#4718,.F.);
#6606=ORIENTED_EDGE('',*,*,#5162,.F.);
#6607=ORIENTED_EDGE('',*,*,#4903,.F.);
#6608=ORIENTED_EDGE('',*,*,#5162,.T.);
#6609=ORIENTED_EDGE('',*,*,#4717,.F.);
#6610=ORIENTED_EDGE('',*,*,#5163,.F.);
#6611=ORIENTED_EDGE('',*,*,#4904,.F.);
#6612=ORIENTED_EDGE('',*,*,#5163,.T.);
#6613=ORIENTED_EDGE('',*,*,#4716,.F.);
#6614=ORIENTED_EDGE('',*,*,#5164,.F.);
#6615=ORIENTED_EDGE('',*,*,#4897,.F.);
#6616=ORIENTED_EDGE('',*,*,#5164,.T.);
#6617=ORIENTED_EDGE('',*,*,#4715,.F.);
#6618=ORIENTED_EDGE('',*,*,#5157,.F.);
#6619=ORIENTED_EDGE('',*,*,#4906,.F.);
#6620=ORIENTED_EDGE('',*,*,#5165,.T.);
#6621=ORIENTED_EDGE('',*,*,#4714,.F.);
#6622=ORIENTED_EDGE('',*,*,#5166,.F.);
#6623=ORIENTED_EDGE('',*,*,#4907,.F.);
#6624=ORIENTED_EDGE('',*,*,#5166,.T.);
#6625=ORIENTED_EDGE('',*,*,#4713,.F.);
#6626=ORIENTED_EDGE('',*,*,#5167,.F.);
#6627=ORIENTED_EDGE('',*,*,#4908,.F.);
#6628=ORIENTED_EDGE('',*,*,#5167,.T.);
#6629=ORIENTED_EDGE('',*,*,#4712,.F.);
#6630=ORIENTED_EDGE('',*,*,#5168,.F.);
#6631=ORIENTED_EDGE('',*,*,#4909,.F.);
#6632=ORIENTED_EDGE('',*,*,#5168,.T.);
#6633=ORIENTED_EDGE('',*,*,#4711,.F.);
#6634=ORIENTED_EDGE('',*,*,#5169,.F.);
#6635=ORIENTED_EDGE('',*,*,#4910,.F.);
#6636=ORIENTED_EDGE('',*,*,#5169,.T.);
#6637=ORIENTED_EDGE('',*,*,#4710,.F.);
#6638=ORIENTED_EDGE('',*,*,#5170,.F.);
#6639=ORIENTED_EDGE('',*,*,#4911,.F.);
#6640=ORIENTED_EDGE('',*,*,#5170,.T.);
#6641=ORIENTED_EDGE('',*,*,#4709,.F.);
#6642=ORIENTED_EDGE('',*,*,#5171,.F.);
#6643=ORIENTED_EDGE('',*,*,#4912,.F.);
#6644=ORIENTED_EDGE('',*,*,#5171,.T.);
#6645=ORIENTED_EDGE('',*,*,#4708,.F.);
#6646=ORIENTED_EDGE('',*,*,#5172,.F.);
#6647=ORIENTED_EDGE('',*,*,#4905,.F.);
#6648=ORIENTED_EDGE('',*,*,#5172,.T.);
#6649=ORIENTED_EDGE('',*,*,#4707,.F.);
#6650=ORIENTED_EDGE('',*,*,#5165,.F.);
#6651=ORIENTED_EDGE('',*,*,#4914,.F.);
#6652=ORIENTED_EDGE('',*,*,#5173,.T.);
#6653=ORIENTED_EDGE('',*,*,#4706,.F.);
#6654=ORIENTED_EDGE('',*,*,#5174,.F.);
#6655=ORIENTED_EDGE('',*,*,#4915,.F.);
#6656=ORIENTED_EDGE('',*,*,#5174,.T.);
#6657=ORIENTED_EDGE('',*,*,#4705,.F.);
#6658=ORIENTED_EDGE('',*,*,#5175,.F.);
#6659=ORIENTED_EDGE('',*,*,#4916,.F.);
#6660=ORIENTED_EDGE('',*,*,#5175,.T.);
#6661=ORIENTED_EDGE('',*,*,#4704,.F.);
#6662=ORIENTED_EDGE('',*,*,#5176,.F.);
#6663=ORIENTED_EDGE('',*,*,#4917,.F.);
#6664=ORIENTED_EDGE('',*,*,#5176,.T.);
#6665=ORIENTED_EDGE('',*,*,#4703,.F.);
#6666=ORIENTED_EDGE('',*,*,#5177,.F.);
#6667=ORIENTED_EDGE('',*,*,#4918,.F.);
#6668=ORIENTED_EDGE('',*,*,#5177,.T.);
#6669=ORIENTED_EDGE('',*,*,#4702,.F.);
#6670=ORIENTED_EDGE('',*,*,#5178,.F.);
#6671=ORIENTED_EDGE('',*,*,#4919,.F.);
#6672=ORIENTED_EDGE('',*,*,#5178,.T.);
#6673=ORIENTED_EDGE('',*,*,#4701,.F.);
#6674=ORIENTED_EDGE('',*,*,#5179,.F.);
#6675=ORIENTED_EDGE('',*,*,#4920,.F.);
#6676=ORIENTED_EDGE('',*,*,#5179,.T.);
#6677=ORIENTED_EDGE('',*,*,#4700,.F.);
#6678=ORIENTED_EDGE('',*,*,#5180,.F.);
#6679=ORIENTED_EDGE('',*,*,#4913,.F.);
#6680=ORIENTED_EDGE('',*,*,#5180,.T.);
#6681=ORIENTED_EDGE('',*,*,#4699,.F.);
#6682=ORIENTED_EDGE('',*,*,#5173,.F.);
#6683=ORIENTED_EDGE('',*,*,#4922,.F.);
#6684=ORIENTED_EDGE('',*,*,#5181,.T.);
#6685=ORIENTED_EDGE('',*,*,#4698,.F.);
#6686=ORIENTED_EDGE('',*,*,#5182,.F.);
#6687=ORIENTED_EDGE('',*,*,#4923,.F.);
#6688=ORIENTED_EDGE('',*,*,#5182,.T.);
#6689=ORIENTED_EDGE('',*,*,#4697,.F.);
#6690=ORIENTED_EDGE('',*,*,#5183,.F.);
#6691=ORIENTED_EDGE('',*,*,#4924,.F.);
#6692=ORIENTED_EDGE('',*,*,#5183,.T.);
#6693=ORIENTED_EDGE('',*,*,#4696,.F.);
#6694=ORIENTED_EDGE('',*,*,#5184,.F.);
#6695=ORIENTED_EDGE('',*,*,#4925,.F.);
#6696=ORIENTED_EDGE('',*,*,#5184,.T.);
#6697=ORIENTED_EDGE('',*,*,#4695,.F.);
#6698=ORIENTED_EDGE('',*,*,#5185,.F.);
#6699=ORIENTED_EDGE('',*,*,#4926,.F.);
#6700=ORIENTED_EDGE('',*,*,#5185,.T.);
#6701=ORIENTED_EDGE('',*,*,#4694,.F.);
#6702=ORIENTED_EDGE('',*,*,#5186,.F.);
#6703=ORIENTED_EDGE('',*,*,#4927,.F.);
#6704=ORIENTED_EDGE('',*,*,#5186,.T.);
#6705=ORIENTED_EDGE('',*,*,#4693,.F.);
#6706=ORIENTED_EDGE('',*,*,#5187,.F.);
#6707=ORIENTED_EDGE('',*,*,#4928,.F.);
#6708=ORIENTED_EDGE('',*,*,#5187,.T.);
#6709=ORIENTED_EDGE('',*,*,#4692,.F.);
#6710=ORIENTED_EDGE('',*,*,#5188,.F.);
#6711=ORIENTED_EDGE('',*,*,#4921,.F.);
#6712=ORIENTED_EDGE('',*,*,#5188,.T.);
#6713=ORIENTED_EDGE('',*,*,#4691,.F.);
#6714=ORIENTED_EDGE('',*,*,#5181,.F.);
#6715=ORIENTED_EDGE('',*,*,#4930,.F.);
#6716=ORIENTED_EDGE('',*,*,#5189,.T.);
#6717=ORIENTED_EDGE('',*,*,#4690,.F.);
#6718=ORIENTED_EDGE('',*,*,#5190,.F.);
#6719=ORIENTED_EDGE('',*,*,#4931,.F.);
#6720=ORIENTED_EDGE('',*,*,#5190,.T.);
#6721=ORIENTED_EDGE('',*,*,#4689,.F.);
#6722=ORIENTED_EDGE('',*,*,#5191,.F.);
#6723=ORIENTED_EDGE('',*,*,#4932,.F.);
#6724=ORIENTED_EDGE('',*,*,#5191,.T.);
#6725=ORIENTED_EDGE('',*,*,#4688,.F.);
#6726=ORIENTED_EDGE('',*,*,#5192,.F.);
#6727=ORIENTED_EDGE('',*,*,#4933,.F.);
#6728=ORIENTED_EDGE('',*,*,#5192,.T.);
#6729=ORIENTED_EDGE('',*,*,#4687,.F.);
#6730=ORIENTED_EDGE('',*,*,#5193,.F.);
#6731=ORIENTED_EDGE('',*,*,#4934,.F.);
#6732=ORIENTED_EDGE('',*,*,#5193,.T.);
#6733=ORIENTED_EDGE('',*,*,#4686,.F.);
#6734=ORIENTED_EDGE('',*,*,#5194,.F.);
#6735=ORIENTED_EDGE('',*,*,#4935,.F.);
#6736=ORIENTED_EDGE('',*,*,#5194,.T.);
#6737=ORIENTED_EDGE('',*,*,#4685,.F.);
#6738=ORIENTED_EDGE('',*,*,#5195,.F.);
#6739=ORIENTED_EDGE('',*,*,#4936,.F.);
#6740=ORIENTED_EDGE('',*,*,#5195,.T.);
#6741=ORIENTED_EDGE('',*,*,#4684,.F.);
#6742=ORIENTED_EDGE('',*,*,#5196,.F.);
#6743=ORIENTED_EDGE('',*,*,#4929,.F.);
#6744=ORIENTED_EDGE('',*,*,#5196,.T.);
#6745=ORIENTED_EDGE('',*,*,#4683,.F.);
#6746=ORIENTED_EDGE('',*,*,#5189,.F.);
#6747=ORIENTED_EDGE('',*,*,#4938,.F.);
#6748=ORIENTED_EDGE('',*,*,#5197,.T.);
#6749=ORIENTED_EDGE('',*,*,#4682,.F.);
#6750=ORIENTED_EDGE('',*,*,#5198,.F.);
#6751=ORIENTED_EDGE('',*,*,#4939,.F.);
#6752=ORIENTED_EDGE('',*,*,#5198,.T.);
#6753=ORIENTED_EDGE('',*,*,#4681,.F.);
#6754=ORIENTED_EDGE('',*,*,#5199,.F.);
#6755=ORIENTED_EDGE('',*,*,#4940,.F.);
#6756=ORIENTED_EDGE('',*,*,#5199,.T.);
#6757=ORIENTED_EDGE('',*,*,#4680,.F.);
#6758=ORIENTED_EDGE('',*,*,#5200,.F.);
#6759=ORIENTED_EDGE('',*,*,#4941,.F.);
#6760=ORIENTED_EDGE('',*,*,#5200,.T.);
#6761=ORIENTED_EDGE('',*,*,#4679,.F.);
#6762=ORIENTED_EDGE('',*,*,#5201,.F.);
#6763=ORIENTED_EDGE('',*,*,#4942,.F.);
#6764=ORIENTED_EDGE('',*,*,#5201,.T.);
#6765=ORIENTED_EDGE('',*,*,#4678,.F.);
#6766=ORIENTED_EDGE('',*,*,#5202,.F.);
#6767=ORIENTED_EDGE('',*,*,#4943,.F.);
#6768=ORIENTED_EDGE('',*,*,#5202,.T.);
#6769=ORIENTED_EDGE('',*,*,#4677,.F.);
#6770=ORIENTED_EDGE('',*,*,#5203,.F.);
#6771=ORIENTED_EDGE('',*,*,#4944,.F.);
#6772=ORIENTED_EDGE('',*,*,#5203,.T.);
#6773=ORIENTED_EDGE('',*,*,#4676,.F.);
#6774=ORIENTED_EDGE('',*,*,#5204,.F.);
#6775=ORIENTED_EDGE('',*,*,#4937,.F.);
#6776=ORIENTED_EDGE('',*,*,#5204,.T.);
#6777=ORIENTED_EDGE('',*,*,#4675,.F.);
#6778=ORIENTED_EDGE('',*,*,#5197,.F.);
#6779=ORIENTED_EDGE('',*,*,#4946,.F.);
#6780=ORIENTED_EDGE('',*,*,#5205,.T.);
#6781=ORIENTED_EDGE('',*,*,#4674,.F.);
#6782=ORIENTED_EDGE('',*,*,#5206,.F.);
#6783=ORIENTED_EDGE('',*,*,#4947,.F.);
#6784=ORIENTED_EDGE('',*,*,#5206,.T.);
#6785=ORIENTED_EDGE('',*,*,#4673,.F.);
#6786=ORIENTED_EDGE('',*,*,#5207,.F.);
#6787=ORIENTED_EDGE('',*,*,#4948,.F.);
#6788=ORIENTED_EDGE('',*,*,#5207,.T.);
#6789=ORIENTED_EDGE('',*,*,#4672,.F.);
#6790=ORIENTED_EDGE('',*,*,#5208,.F.);
#6791=ORIENTED_EDGE('',*,*,#4949,.F.);
#6792=ORIENTED_EDGE('',*,*,#5208,.T.);
#6793=ORIENTED_EDGE('',*,*,#4671,.F.);
#6794=ORIENTED_EDGE('',*,*,#5209,.F.);
#6795=ORIENTED_EDGE('',*,*,#4950,.F.);
#6796=ORIENTED_EDGE('',*,*,#5209,.T.);
#6797=ORIENTED_EDGE('',*,*,#4670,.F.);
#6798=ORIENTED_EDGE('',*,*,#5210,.F.);
#6799=ORIENTED_EDGE('',*,*,#4951,.F.);
#6800=ORIENTED_EDGE('',*,*,#5210,.T.);
#6801=ORIENTED_EDGE('',*,*,#4669,.F.);
#6802=ORIENTED_EDGE('',*,*,#5211,.F.);
#6803=ORIENTED_EDGE('',*,*,#4952,.F.);
#6804=ORIENTED_EDGE('',*,*,#5211,.T.);
#6805=ORIENTED_EDGE('',*,*,#4668,.F.);
#6806=ORIENTED_EDGE('',*,*,#5212,.F.);
#6807=ORIENTED_EDGE('',*,*,#4945,.F.);
#6808=ORIENTED_EDGE('',*,*,#5212,.T.);
#6809=ORIENTED_EDGE('',*,*,#4667,.F.);
#6810=ORIENTED_EDGE('',*,*,#5205,.F.);
#6811=ORIENTED_EDGE('',*,*,#4954,.F.);
#6812=ORIENTED_EDGE('',*,*,#5213,.T.);
#6813=ORIENTED_EDGE('',*,*,#4666,.F.);
#6814=ORIENTED_EDGE('',*,*,#5214,.F.);
#6815=ORIENTED_EDGE('',*,*,#4955,.F.);
#6816=ORIENTED_EDGE('',*,*,#5214,.T.);
#6817=ORIENTED_EDGE('',*,*,#4665,.F.);
#6818=ORIENTED_EDGE('',*,*,#5215,.F.);
#6819=ORIENTED_EDGE('',*,*,#4956,.F.);
#6820=ORIENTED_EDGE('',*,*,#5215,.T.);
#6821=ORIENTED_EDGE('',*,*,#4664,.F.);
#6822=ORIENTED_EDGE('',*,*,#5216,.F.);
#6823=ORIENTED_EDGE('',*,*,#4957,.F.);
#6824=ORIENTED_EDGE('',*,*,#5216,.T.);
#6825=ORIENTED_EDGE('',*,*,#4663,.F.);
#6826=ORIENTED_EDGE('',*,*,#5217,.F.);
#6827=ORIENTED_EDGE('',*,*,#4958,.F.);
#6828=ORIENTED_EDGE('',*,*,#5217,.T.);
#6829=ORIENTED_EDGE('',*,*,#4662,.F.);
#6830=ORIENTED_EDGE('',*,*,#5218,.F.);
#6831=ORIENTED_EDGE('',*,*,#4959,.F.);
#6832=ORIENTED_EDGE('',*,*,#5218,.T.);
#6833=ORIENTED_EDGE('',*,*,#4661,.F.);
#6834=ORIENTED_EDGE('',*,*,#5219,.F.);
#6835=ORIENTED_EDGE('',*,*,#4960,.F.);
#6836=ORIENTED_EDGE('',*,*,#5219,.T.);
#6837=ORIENTED_EDGE('',*,*,#4660,.F.);
#6838=ORIENTED_EDGE('',*,*,#5220,.F.);
#6839=ORIENTED_EDGE('',*,*,#4953,.F.);
#6840=ORIENTED_EDGE('',*,*,#5220,.T.);
#6841=ORIENTED_EDGE('',*,*,#4659,.F.);
#6842=ORIENTED_EDGE('',*,*,#5213,.F.);
#6843=ORIENTED_EDGE('',*,*,#4962,.F.);
#6844=ORIENTED_EDGE('',*,*,#5221,.T.);
#6845=ORIENTED_EDGE('',*,*,#4658,.F.);
#6846=ORIENTED_EDGE('',*,*,#5222,.F.);
#6847=ORIENTED_EDGE('',*,*,#4963,.F.);
#6848=ORIENTED_EDGE('',*,*,#5222,.T.);
#6849=ORIENTED_EDGE('',*,*,#4657,.F.);
#6850=ORIENTED_EDGE('',*,*,#5223,.F.);
#6851=ORIENTED_EDGE('',*,*,#4964,.F.);
#6852=ORIENTED_EDGE('',*,*,#5223,.T.);
#6853=ORIENTED_EDGE('',*,*,#4656,.F.);
#6854=ORIENTED_EDGE('',*,*,#5224,.F.);
#6855=ORIENTED_EDGE('',*,*,#4965,.F.);
#6856=ORIENTED_EDGE('',*,*,#5224,.T.);
#6857=ORIENTED_EDGE('',*,*,#4655,.F.);
#6858=ORIENTED_EDGE('',*,*,#5225,.F.);
#6859=ORIENTED_EDGE('',*,*,#4966,.F.);
#6860=ORIENTED_EDGE('',*,*,#5225,.T.);
#6861=ORIENTED_EDGE('',*,*,#4654,.F.);
#6862=ORIENTED_EDGE('',*,*,#5226,.F.);
#6863=ORIENTED_EDGE('',*,*,#4967,.F.);
#6864=ORIENTED_EDGE('',*,*,#5226,.T.);
#6865=ORIENTED_EDGE('',*,*,#4653,.F.);
#6866=ORIENTED_EDGE('',*,*,#5227,.F.);
#6867=ORIENTED_EDGE('',*,*,#4968,.F.);
#6868=ORIENTED_EDGE('',*,*,#5227,.T.);
#6869=ORIENTED_EDGE('',*,*,#4652,.F.);
#6870=ORIENTED_EDGE('',*,*,#5228,.F.);
#6871=ORIENTED_EDGE('',*,*,#4961,.F.);
#6872=ORIENTED_EDGE('',*,*,#5228,.T.);
#6873=ORIENTED_EDGE('',*,*,#4651,.F.);
#6874=ORIENTED_EDGE('',*,*,#5221,.F.);
#6875=ORIENTED_EDGE('',*,*,#4970,.F.);
#6876=ORIENTED_EDGE('',*,*,#5229,.T.);
#6877=ORIENTED_EDGE('',*,*,#4650,.F.);
#6878=ORIENTED_EDGE('',*,*,#5230,.F.);
#6879=ORIENTED_EDGE('',*,*,#4971,.F.);
#6880=ORIENTED_EDGE('',*,*,#5230,.T.);
#6881=ORIENTED_EDGE('',*,*,#4649,.F.);
#6882=ORIENTED_EDGE('',*,*,#5231,.F.);
#6883=ORIENTED_EDGE('',*,*,#4972,.F.);
#6884=ORIENTED_EDGE('',*,*,#5231,.T.);
#6885=ORIENTED_EDGE('',*,*,#4648,.F.);
#6886=ORIENTED_EDGE('',*,*,#5232,.F.);
#6887=ORIENTED_EDGE('',*,*,#4973,.F.);
#6888=ORIENTED_EDGE('',*,*,#5232,.T.);
#6889=ORIENTED_EDGE('',*,*,#4647,.F.);
#6890=ORIENTED_EDGE('',*,*,#5233,.F.);
#6891=ORIENTED_EDGE('',*,*,#4974,.F.);
#6892=ORIENTED_EDGE('',*,*,#5233,.T.);
#6893=ORIENTED_EDGE('',*,*,#4646,.F.);
#6894=ORIENTED_EDGE('',*,*,#5234,.F.);
#6895=ORIENTED_EDGE('',*,*,#4975,.F.);
#6896=ORIENTED_EDGE('',*,*,#5234,.T.);
#6897=ORIENTED_EDGE('',*,*,#4645,.F.);
#6898=ORIENTED_EDGE('',*,*,#5235,.F.);
#6899=ORIENTED_EDGE('',*,*,#4976,.F.);
#6900=ORIENTED_EDGE('',*,*,#5235,.T.);
#6901=ORIENTED_EDGE('',*,*,#4644,.F.);
#6902=ORIENTED_EDGE('',*,*,#5236,.F.);
#6903=ORIENTED_EDGE('',*,*,#4969,.F.);
#6904=ORIENTED_EDGE('',*,*,#5236,.T.);
#6905=ORIENTED_EDGE('',*,*,#4643,.F.);
#6906=ORIENTED_EDGE('',*,*,#5229,.F.);
#6907=ORIENTED_EDGE('',*,*,#4978,.F.);
#6908=ORIENTED_EDGE('',*,*,#5237,.T.);
#6909=ORIENTED_EDGE('',*,*,#4642,.F.);
#6910=ORIENTED_EDGE('',*,*,#5238,.F.);
#6911=ORIENTED_EDGE('',*,*,#4979,.F.);
#6912=ORIENTED_EDGE('',*,*,#5238,.T.);
#6913=ORIENTED_EDGE('',*,*,#4641,.F.);
#6914=ORIENTED_EDGE('',*,*,#5239,.F.);
#6915=ORIENTED_EDGE('',*,*,#4980,.F.);
#6916=ORIENTED_EDGE('',*,*,#5239,.T.);
#6917=ORIENTED_EDGE('',*,*,#4640,.F.);
#6918=ORIENTED_EDGE('',*,*,#5240,.F.);
#6919=ORIENTED_EDGE('',*,*,#4981,.F.);
#6920=ORIENTED_EDGE('',*,*,#5240,.T.);
#6921=ORIENTED_EDGE('',*,*,#4639,.F.);
#6922=ORIENTED_EDGE('',*,*,#5241,.F.);
#6923=ORIENTED_EDGE('',*,*,#4982,.F.);
#6924=ORIENTED_EDGE('',*,*,#5241,.T.);
#6925=ORIENTED_EDGE('',*,*,#4638,.F.);
#6926=ORIENTED_EDGE('',*,*,#5242,.F.);
#6927=ORIENTED_EDGE('',*,*,#4983,.F.);
#6928=ORIENTED_EDGE('',*,*,#5242,.T.);
#6929=ORIENTED_EDGE('',*,*,#4637,.F.);
#6930=ORIENTED_EDGE('',*,*,#5243,.F.);
#6931=ORIENTED_EDGE('',*,*,#4984,.F.);
#6932=ORIENTED_EDGE('',*,*,#5243,.T.);
#6933=ORIENTED_EDGE('',*,*,#4636,.F.);
#6934=ORIENTED_EDGE('',*,*,#5244,.F.);
#6935=ORIENTED_EDGE('',*,*,#4977,.F.);
#6936=ORIENTED_EDGE('',*,*,#5244,.T.);
#6937=ORIENTED_EDGE('',*,*,#4635,.F.);
#6938=ORIENTED_EDGE('',*,*,#5237,.F.);
#6939=ORIENTED_EDGE('',*,*,#4986,.F.);
#6940=ORIENTED_EDGE('',*,*,#5245,.T.);
#6941=ORIENTED_EDGE('',*,*,#4634,.F.);
#6942=ORIENTED_EDGE('',*,*,#5246,.F.);
#6943=ORIENTED_EDGE('',*,*,#4987,.F.);
#6944=ORIENTED_EDGE('',*,*,#5246,.T.);
#6945=ORIENTED_EDGE('',*,*,#4633,.F.);
#6946=ORIENTED_EDGE('',*,*,#5247,.F.);
#6947=ORIENTED_EDGE('',*,*,#4988,.F.);
#6948=ORIENTED_EDGE('',*,*,#5247,.T.);
#6949=ORIENTED_EDGE('',*,*,#4632,.F.);
#6950=ORIENTED_EDGE('',*,*,#5248,.F.);
#6951=ORIENTED_EDGE('',*,*,#4989,.F.);
#6952=ORIENTED_EDGE('',*,*,#5248,.T.);
#6953=ORIENTED_EDGE('',*,*,#4631,.F.);
#6954=ORIENTED_EDGE('',*,*,#5249,.F.);
#6955=ORIENTED_EDGE('',*,*,#4990,.F.);
#6956=ORIENTED_EDGE('',*,*,#5249,.T.);
#6957=ORIENTED_EDGE('',*,*,#4630,.F.);
#6958=ORIENTED_EDGE('',*,*,#5250,.F.);
#6959=ORIENTED_EDGE('',*,*,#4991,.F.);
#6960=ORIENTED_EDGE('',*,*,#5250,.T.);
#6961=ORIENTED_EDGE('',*,*,#4629,.F.);
#6962=ORIENTED_EDGE('',*,*,#5251,.F.);
#6963=ORIENTED_EDGE('',*,*,#4992,.F.);
#6964=ORIENTED_EDGE('',*,*,#5251,.T.);
#6965=ORIENTED_EDGE('',*,*,#4628,.F.);
#6966=ORIENTED_EDGE('',*,*,#5252,.F.);
#6967=ORIENTED_EDGE('',*,*,#4985,.F.);
#6968=ORIENTED_EDGE('',*,*,#5252,.T.);
#6969=ORIENTED_EDGE('',*,*,#4627,.F.);
#6970=ORIENTED_EDGE('',*,*,#5245,.F.);
#6971=ORIENTED_EDGE('',*,*,#4994,.F.);
#6972=ORIENTED_EDGE('',*,*,#5253,.T.);
#6973=ORIENTED_EDGE('',*,*,#4626,.F.);
#6974=ORIENTED_EDGE('',*,*,#5254,.F.);
#6975=ORIENTED_EDGE('',*,*,#4995,.F.);
#6976=ORIENTED_EDGE('',*,*,#5254,.T.);
#6977=ORIENTED_EDGE('',*,*,#4625,.F.);
#6978=ORIENTED_EDGE('',*,*,#5255,.F.);
#6979=ORIENTED_EDGE('',*,*,#4996,.F.);
#6980=ORIENTED_EDGE('',*,*,#5255,.T.);
#6981=ORIENTED_EDGE('',*,*,#4624,.F.);
#6982=ORIENTED_EDGE('',*,*,#5256,.F.);
#6983=ORIENTED_EDGE('',*,*,#4997,.F.);
#6984=ORIENTED_EDGE('',*,*,#5256,.T.);
#6985=ORIENTED_EDGE('',*,*,#4623,.F.);
#6986=ORIENTED_EDGE('',*,*,#5257,.F.);
#6987=ORIENTED_EDGE('',*,*,#4998,.F.);
#6988=ORIENTED_EDGE('',*,*,#5257,.T.);
#6989=ORIENTED_EDGE('',*,*,#4622,.F.);
#6990=ORIENTED_EDGE('',*,*,#5258,.F.);
#6991=ORIENTED_EDGE('',*,*,#4999,.F.);
#6992=ORIENTED_EDGE('',*,*,#5258,.T.);
#6993=ORIENTED_EDGE('',*,*,#4621,.F.);
#6994=ORIENTED_EDGE('',*,*,#5259,.F.);
#6995=ORIENTED_EDGE('',*,*,#5000,.F.);
#6996=ORIENTED_EDGE('',*,*,#5259,.T.);
#6997=ORIENTED_EDGE('',*,*,#4620,.F.);
#6998=ORIENTED_EDGE('',*,*,#5260,.F.);
#6999=ORIENTED_EDGE('',*,*,#4993,.F.);
#7000=ORIENTED_EDGE('',*,*,#5260,.T.);
#7001=ORIENTED_EDGE('',*,*,#4619,.F.);
#7002=ORIENTED_EDGE('',*,*,#5253,.F.);
#7003=ORIENTED_EDGE('',*,*,#5002,.F.);
#7004=ORIENTED_EDGE('',*,*,#5261,.T.);
#7005=ORIENTED_EDGE('',*,*,#4618,.F.);
#7006=ORIENTED_EDGE('',*,*,#5262,.F.);
#7007=ORIENTED_EDGE('',*,*,#5003,.F.);
#7008=ORIENTED_EDGE('',*,*,#5262,.T.);
#7009=ORIENTED_EDGE('',*,*,#4617,.F.);
#7010=ORIENTED_EDGE('',*,*,#5263,.F.);
#7011=ORIENTED_EDGE('',*,*,#5004,.F.);
#7012=ORIENTED_EDGE('',*,*,#5263,.T.);
#7013=ORIENTED_EDGE('',*,*,#4616,.F.);
#7014=ORIENTED_EDGE('',*,*,#5264,.F.);
#7015=ORIENTED_EDGE('',*,*,#5005,.F.);
#7016=ORIENTED_EDGE('',*,*,#5264,.T.);
#7017=ORIENTED_EDGE('',*,*,#4615,.F.);
#7018=ORIENTED_EDGE('',*,*,#5265,.F.);
#7019=ORIENTED_EDGE('',*,*,#5006,.F.);
#7020=ORIENTED_EDGE('',*,*,#5265,.T.);
#7021=ORIENTED_EDGE('',*,*,#4614,.F.);
#7022=ORIENTED_EDGE('',*,*,#5266,.F.);
#7023=ORIENTED_EDGE('',*,*,#5007,.F.);
#7024=ORIENTED_EDGE('',*,*,#5266,.T.);
#7025=ORIENTED_EDGE('',*,*,#4613,.F.);
#7026=ORIENTED_EDGE('',*,*,#5267,.F.);
#7027=ORIENTED_EDGE('',*,*,#5008,.F.);
#7028=ORIENTED_EDGE('',*,*,#5267,.T.);
#7029=ORIENTED_EDGE('',*,*,#4612,.F.);
#7030=ORIENTED_EDGE('',*,*,#5268,.F.);
#7031=ORIENTED_EDGE('',*,*,#5001,.F.);
#7032=ORIENTED_EDGE('',*,*,#5268,.T.);
#7033=ORIENTED_EDGE('',*,*,#4611,.F.);
#7034=ORIENTED_EDGE('',*,*,#5261,.F.);
#7035=ORIENTED_EDGE('',*,*,#5010,.F.);
#7036=ORIENTED_EDGE('',*,*,#5269,.T.);
#7037=ORIENTED_EDGE('',*,*,#4610,.F.);
#7038=ORIENTED_EDGE('',*,*,#5270,.F.);
#7039=ORIENTED_EDGE('',*,*,#5011,.F.);
#7040=ORIENTED_EDGE('',*,*,#5270,.T.);
#7041=ORIENTED_EDGE('',*,*,#4609,.F.);
#7042=ORIENTED_EDGE('',*,*,#5271,.F.);
#7043=ORIENTED_EDGE('',*,*,#5012,.F.);
#7044=ORIENTED_EDGE('',*,*,#5271,.T.);
#7045=ORIENTED_EDGE('',*,*,#4608,.F.);
#7046=ORIENTED_EDGE('',*,*,#5272,.F.);
#7047=ORIENTED_EDGE('',*,*,#5013,.F.);
#7048=ORIENTED_EDGE('',*,*,#5272,.T.);
#7049=ORIENTED_EDGE('',*,*,#4607,.F.);
#7050=ORIENTED_EDGE('',*,*,#5273,.F.);
#7051=ORIENTED_EDGE('',*,*,#5014,.F.);
#7052=ORIENTED_EDGE('',*,*,#5273,.T.);
#7053=ORIENTED_EDGE('',*,*,#4606,.F.);
#7054=ORIENTED_EDGE('',*,*,#5274,.F.);
#7055=ORIENTED_EDGE('',*,*,#5015,.F.);
#7056=ORIENTED_EDGE('',*,*,#5274,.T.);
#7057=ORIENTED_EDGE('',*,*,#4605,.F.);
#7058=ORIENTED_EDGE('',*,*,#5275,.F.);
#7059=ORIENTED_EDGE('',*,*,#5016,.F.);
#7060=ORIENTED_EDGE('',*,*,#5275,.T.);
#7061=ORIENTED_EDGE('',*,*,#4604,.F.);
#7062=ORIENTED_EDGE('',*,*,#5276,.F.);
#7063=ORIENTED_EDGE('',*,*,#5009,.F.);
#7064=ORIENTED_EDGE('',*,*,#5276,.T.);
#7065=ORIENTED_EDGE('',*,*,#4603,.F.);
#7066=ORIENTED_EDGE('',*,*,#5269,.F.);
#7067=ORIENTED_EDGE('',*,*,#4602,.F.);
#7068=ORIENTED_EDGE('',*,*,#5277,.T.);
#7069=ORIENTED_EDGE('',*,*,#5017,.F.);
#7070=ORIENTED_EDGE('',*,*,#5277,.F.);
#7071=ORIENTED_EDGE('',*,*,#5019,.F.);
#7072=ORIENTED_EDGE('',*,*,#5278,.T.);
#7073=ORIENTED_EDGE('',*,*,#4601,.F.);
#7074=ORIENTED_EDGE('',*,*,#5279,.F.);
#7075=ORIENTED_EDGE('',*,*,#5020,.F.);
#7076=ORIENTED_EDGE('',*,*,#5279,.T.);
#7077=ORIENTED_EDGE('',*,*,#4600,.F.);
#7078=ORIENTED_EDGE('',*,*,#5280,.F.);
#7079=ORIENTED_EDGE('',*,*,#5021,.F.);
#7080=ORIENTED_EDGE('',*,*,#5280,.T.);
#7081=ORIENTED_EDGE('',*,*,#4599,.F.);
#7082=ORIENTED_EDGE('',*,*,#5281,.F.);
#7083=ORIENTED_EDGE('',*,*,#5022,.F.);
#7084=ORIENTED_EDGE('',*,*,#5281,.T.);
#7085=ORIENTED_EDGE('',*,*,#4598,.F.);
#7086=ORIENTED_EDGE('',*,*,#5282,.F.);
#7087=ORIENTED_EDGE('',*,*,#5023,.F.);
#7088=ORIENTED_EDGE('',*,*,#5282,.T.);
#7089=ORIENTED_EDGE('',*,*,#4597,.F.);
#7090=ORIENTED_EDGE('',*,*,#5283,.F.);
#7091=ORIENTED_EDGE('',*,*,#5024,.F.);
#7092=ORIENTED_EDGE('',*,*,#5283,.T.);
#7093=ORIENTED_EDGE('',*,*,#4596,.F.);
#7094=ORIENTED_EDGE('',*,*,#5284,.F.);
#7095=ORIENTED_EDGE('',*,*,#5025,.F.);
#7096=ORIENTED_EDGE('',*,*,#5284,.T.);
#7097=ORIENTED_EDGE('',*,*,#4595,.F.);
#7098=ORIENTED_EDGE('',*,*,#5285,.F.);
#7099=ORIENTED_EDGE('',*,*,#5018,.F.);
#7100=ORIENTED_EDGE('',*,*,#5285,.T.);
#7101=ORIENTED_EDGE('',*,*,#4594,.F.);
#7102=ORIENTED_EDGE('',*,*,#5278,.F.);
#7103=ORIENTED_EDGE('',*,*,#5027,.F.);
#7104=ORIENTED_EDGE('',*,*,#5286,.T.);
#7105=ORIENTED_EDGE('',*,*,#4593,.F.);
#7106=ORIENTED_EDGE('',*,*,#5287,.F.);
#7107=ORIENTED_EDGE('',*,*,#5028,.F.);
#7108=ORIENTED_EDGE('',*,*,#5287,.T.);
#7109=ORIENTED_EDGE('',*,*,#4592,.F.);
#7110=ORIENTED_EDGE('',*,*,#5288,.F.);
#7111=ORIENTED_EDGE('',*,*,#5029,.F.);
#7112=ORIENTED_EDGE('',*,*,#5288,.T.);
#7113=ORIENTED_EDGE('',*,*,#4591,.F.);
#7114=ORIENTED_EDGE('',*,*,#5289,.F.);
#7115=ORIENTED_EDGE('',*,*,#5030,.F.);
#7116=ORIENTED_EDGE('',*,*,#5289,.T.);
#7117=ORIENTED_EDGE('',*,*,#4590,.F.);
#7118=ORIENTED_EDGE('',*,*,#5290,.F.);
#7119=ORIENTED_EDGE('',*,*,#5031,.F.);
#7120=ORIENTED_EDGE('',*,*,#5290,.T.);
#7121=ORIENTED_EDGE('',*,*,#4589,.F.);
#7122=ORIENTED_EDGE('',*,*,#5291,.F.);
#7123=ORIENTED_EDGE('',*,*,#5032,.F.);
#7124=ORIENTED_EDGE('',*,*,#5291,.T.);
#7125=ORIENTED_EDGE('',*,*,#4588,.F.);
#7126=ORIENTED_EDGE('',*,*,#5292,.F.);
#7127=ORIENTED_EDGE('',*,*,#5033,.F.);
#7128=ORIENTED_EDGE('',*,*,#5292,.T.);
#7129=ORIENTED_EDGE('',*,*,#4587,.F.);
#7130=ORIENTED_EDGE('',*,*,#5293,.F.);
#7131=ORIENTED_EDGE('',*,*,#5026,.F.);
#7132=ORIENTED_EDGE('',*,*,#5293,.T.);
#7133=ORIENTED_EDGE('',*,*,#4586,.F.);
#7134=ORIENTED_EDGE('',*,*,#5286,.F.);
#7135=ORIENTED_EDGE('',*,*,#5035,.F.);
#7136=ORIENTED_EDGE('',*,*,#5294,.T.);
#7137=ORIENTED_EDGE('',*,*,#4585,.F.);
#7138=ORIENTED_EDGE('',*,*,#5295,.F.);
#7139=ORIENTED_EDGE('',*,*,#5036,.F.);
#7140=ORIENTED_EDGE('',*,*,#5295,.T.);
#7141=ORIENTED_EDGE('',*,*,#4584,.F.);
#7142=ORIENTED_EDGE('',*,*,#5296,.F.);
#7143=ORIENTED_EDGE('',*,*,#5037,.F.);
#7144=ORIENTED_EDGE('',*,*,#5296,.T.);
#7145=ORIENTED_EDGE('',*,*,#4583,.F.);
#7146=ORIENTED_EDGE('',*,*,#5297,.F.);
#7147=ORIENTED_EDGE('',*,*,#5038,.F.);
#7148=ORIENTED_EDGE('',*,*,#5297,.T.);
#7149=ORIENTED_EDGE('',*,*,#4582,.F.);
#7150=ORIENTED_EDGE('',*,*,#5298,.F.);
#7151=ORIENTED_EDGE('',*,*,#5039,.F.);
#7152=ORIENTED_EDGE('',*,*,#5298,.T.);
#7153=ORIENTED_EDGE('',*,*,#4581,.F.);
#7154=ORIENTED_EDGE('',*,*,#5299,.F.);
#7155=ORIENTED_EDGE('',*,*,#5040,.F.);
#7156=ORIENTED_EDGE('',*,*,#5299,.T.);
#7157=ORIENTED_EDGE('',*,*,#4580,.F.);
#7158=ORIENTED_EDGE('',*,*,#5300,.F.);
#7159=ORIENTED_EDGE('',*,*,#5041,.F.);
#7160=ORIENTED_EDGE('',*,*,#5300,.T.);
#7161=ORIENTED_EDGE('',*,*,#4579,.F.);
#7162=ORIENTED_EDGE('',*,*,#5301,.F.);
#7163=ORIENTED_EDGE('',*,*,#5034,.F.);
#7164=ORIENTED_EDGE('',*,*,#5301,.T.);
#7165=ORIENTED_EDGE('',*,*,#4578,.F.);
#7166=ORIENTED_EDGE('',*,*,#5294,.F.);
#7167=ORIENTED_EDGE('',*,*,#5043,.F.);
#7168=ORIENTED_EDGE('',*,*,#5302,.T.);
#7169=ORIENTED_EDGE('',*,*,#4577,.F.);
#7170=ORIENTED_EDGE('',*,*,#5303,.F.);
#7171=ORIENTED_EDGE('',*,*,#5044,.F.);
#7172=ORIENTED_EDGE('',*,*,#5303,.T.);
#7173=ORIENTED_EDGE('',*,*,#4576,.F.);
#7174=ORIENTED_EDGE('',*,*,#5304,.F.);
#7175=ORIENTED_EDGE('',*,*,#5045,.F.);
#7176=ORIENTED_EDGE('',*,*,#5304,.T.);
#7177=ORIENTED_EDGE('',*,*,#4575,.F.);
#7178=ORIENTED_EDGE('',*,*,#5305,.F.);
#7179=ORIENTED_EDGE('',*,*,#5046,.F.);
#7180=ORIENTED_EDGE('',*,*,#5305,.T.);
#7181=ORIENTED_EDGE('',*,*,#4574,.F.);
#7182=ORIENTED_EDGE('',*,*,#5306,.F.);
#7183=ORIENTED_EDGE('',*,*,#5047,.F.);
#7184=ORIENTED_EDGE('',*,*,#5306,.T.);
#7185=ORIENTED_EDGE('',*,*,#4573,.F.);
#7186=ORIENTED_EDGE('',*,*,#5307,.F.);
#7187=ORIENTED_EDGE('',*,*,#5048,.F.);
#7188=ORIENTED_EDGE('',*,*,#5307,.T.);
#7189=ORIENTED_EDGE('',*,*,#4572,.F.);
#7190=ORIENTED_EDGE('',*,*,#5308,.F.);
#7191=ORIENTED_EDGE('',*,*,#5049,.F.);
#7192=ORIENTED_EDGE('',*,*,#5308,.T.);
#7193=ORIENTED_EDGE('',*,*,#4571,.F.);
#7194=ORIENTED_EDGE('',*,*,#5309,.F.);
#7195=ORIENTED_EDGE('',*,*,#5042,.F.);
#7196=ORIENTED_EDGE('',*,*,#5309,.T.);
#7197=ORIENTED_EDGE('',*,*,#4570,.F.);
#7198=ORIENTED_EDGE('',*,*,#5302,.F.);
#7199=ORIENTED_EDGE('',*,*,#5051,.F.);
#7200=ORIENTED_EDGE('',*,*,#5310,.T.);
#7201=ORIENTED_EDGE('',*,*,#4569,.F.);
#7202=ORIENTED_EDGE('',*,*,#5311,.F.);
#7203=ORIENTED_EDGE('',*,*,#5052,.F.);
#7204=ORIENTED_EDGE('',*,*,#5311,.T.);
#7205=ORIENTED_EDGE('',*,*,#4568,.F.);
#7206=ORIENTED_EDGE('',*,*,#5312,.F.);
#7207=ORIENTED_EDGE('',*,*,#5053,.F.);
#7208=ORIENTED_EDGE('',*,*,#5312,.T.);
#7209=ORIENTED_EDGE('',*,*,#4567,.F.);
#7210=ORIENTED_EDGE('',*,*,#5313,.F.);
#7211=ORIENTED_EDGE('',*,*,#5054,.F.);
#7212=ORIENTED_EDGE('',*,*,#5313,.T.);
#7213=ORIENTED_EDGE('',*,*,#4566,.F.);
#7214=ORIENTED_EDGE('',*,*,#5314,.F.);
#7215=ORIENTED_EDGE('',*,*,#5055,.F.);
#7216=ORIENTED_EDGE('',*,*,#5314,.T.);
#7217=ORIENTED_EDGE('',*,*,#4565,.F.);
#7218=ORIENTED_EDGE('',*,*,#5315,.F.);
#7219=ORIENTED_EDGE('',*,*,#5056,.F.);
#7220=ORIENTED_EDGE('',*,*,#5315,.T.);
#7221=ORIENTED_EDGE('',*,*,#4564,.F.);
#7222=ORIENTED_EDGE('',*,*,#5316,.F.);
#7223=ORIENTED_EDGE('',*,*,#5057,.F.);
#7224=ORIENTED_EDGE('',*,*,#5316,.T.);
#7225=ORIENTED_EDGE('',*,*,#4563,.F.);
#7226=ORIENTED_EDGE('',*,*,#5317,.F.);
#7227=ORIENTED_EDGE('',*,*,#5050,.F.);
#7228=ORIENTED_EDGE('',*,*,#5317,.T.);
#7229=ORIENTED_EDGE('',*,*,#4562,.F.);
#7230=ORIENTED_EDGE('',*,*,#5310,.F.);
#7231=ORIENTED_EDGE('',*,*,#5059,.F.);
#7232=ORIENTED_EDGE('',*,*,#5318,.T.);
#7233=ORIENTED_EDGE('',*,*,#4561,.F.);
#7234=ORIENTED_EDGE('',*,*,#5319,.F.);
#7235=ORIENTED_EDGE('',*,*,#5060,.F.);
#7236=ORIENTED_EDGE('',*,*,#5319,.T.);
#7237=ORIENTED_EDGE('',*,*,#4560,.F.);
#7238=ORIENTED_EDGE('',*,*,#5320,.F.);
#7239=ORIENTED_EDGE('',*,*,#5061,.F.);
#7240=ORIENTED_EDGE('',*,*,#5320,.T.);
#7241=ORIENTED_EDGE('',*,*,#4559,.F.);
#7242=ORIENTED_EDGE('',*,*,#5321,.F.);
#7243=ORIENTED_EDGE('',*,*,#5062,.F.);
#7244=ORIENTED_EDGE('',*,*,#5321,.T.);
#7245=ORIENTED_EDGE('',*,*,#4558,.F.);
#7246=ORIENTED_EDGE('',*,*,#5322,.F.);
#7247=ORIENTED_EDGE('',*,*,#5063,.F.);
#7248=ORIENTED_EDGE('',*,*,#5322,.T.);
#7249=ORIENTED_EDGE('',*,*,#4557,.F.);
#7250=ORIENTED_EDGE('',*,*,#5323,.F.);
#7251=ORIENTED_EDGE('',*,*,#5064,.F.);
#7252=ORIENTED_EDGE('',*,*,#5323,.T.);
#7253=ORIENTED_EDGE('',*,*,#4556,.F.);
#7254=ORIENTED_EDGE('',*,*,#5324,.F.);
#7255=ORIENTED_EDGE('',*,*,#5065,.F.);
#7256=ORIENTED_EDGE('',*,*,#5324,.T.);
#7257=ORIENTED_EDGE('',*,*,#4555,.F.);
#7258=ORIENTED_EDGE('',*,*,#5325,.F.);
#7259=ORIENTED_EDGE('',*,*,#5058,.F.);
#7260=ORIENTED_EDGE('',*,*,#5325,.T.);
#7261=ORIENTED_EDGE('',*,*,#4554,.F.);
#7262=ORIENTED_EDGE('',*,*,#5318,.F.);
#7263=ORIENTED_EDGE('',*,*,#4370,.F.);
#7264=ORIENTED_EDGE('',*,*,#4553,.F.);
#7265=ORIENTED_EDGE('',*,*,#5326,.F.);
#7266=ORIENTED_EDGE('',*,*,#4801,.F.);
#7267=ORIENTED_EDGE('',*,*,#4802,.F.);
#7268=ORIENTED_EDGE('',*,*,#5326,.T.);
#7269=ORIENTED_EDGE('',*,*,#4552,.F.);
#7270=ORIENTED_EDGE('',*,*,#5327,.F.);
#7271=ORIENTED_EDGE('',*,*,#4803,.F.);
#7272=ORIENTED_EDGE('',*,*,#5327,.T.);
#7273=ORIENTED_EDGE('',*,*,#4551,.F.);
#7274=ORIENTED_EDGE('',*,*,#5328,.F.);
#7275=ORIENTED_EDGE('',*,*,#4804,.F.);
#7276=ORIENTED_EDGE('',*,*,#5328,.T.);
#7277=ORIENTED_EDGE('',*,*,#4550,.F.);
#7278=ORIENTED_EDGE('',*,*,#5329,.F.);
#7279=ORIENTED_EDGE('',*,*,#4805,.F.);
#7280=ORIENTED_EDGE('',*,*,#5329,.T.);
#7281=ORIENTED_EDGE('',*,*,#4549,.F.);
#7282=ORIENTED_EDGE('',*,*,#5330,.F.);
#7283=ORIENTED_EDGE('',*,*,#4806,.F.);
#7284=ORIENTED_EDGE('',*,*,#5330,.T.);
#7285=ORIENTED_EDGE('',*,*,#4548,.F.);
#7286=ORIENTED_EDGE('',*,*,#5331,.F.);
#7287=ORIENTED_EDGE('',*,*,#4807,.F.);
#7288=ORIENTED_EDGE('',*,*,#5331,.T.);
#7289=ORIENTED_EDGE('',*,*,#4547,.F.);
#7290=ORIENTED_EDGE('',*,*,#5332,.F.);
#7291=ORIENTED_EDGE('',*,*,#4375,.F.);
#7292=ORIENTED_EDGE('',*,*,#4808,.F.);
#7293=ORIENTED_EDGE('',*,*,#5332,.T.);
#7294=ORIENTED_EDGE('',*,*,#4546,.F.);
#7295=ORIENTED_EDGE('',*,*,#4545,.F.);
#7296=ORIENTED_EDGE('',*,*,#5333,.T.);
#7297=ORIENTED_EDGE('',*,*,#5066,.F.);
#7298=ORIENTED_EDGE('',*,*,#5333,.F.);
#7299=ORIENTED_EDGE('',*,*,#4357,.F.);
#7300=ORIENTED_EDGE('',*,*,#4544,.F.);
#7301=ORIENTED_EDGE('',*,*,#5334,.F.);
#7302=ORIENTED_EDGE('',*,*,#5068,.F.);
#7303=ORIENTED_EDGE('',*,*,#5069,.F.);
#7304=ORIENTED_EDGE('',*,*,#5334,.T.);
#7305=ORIENTED_EDGE('',*,*,#4543,.F.);
#7306=ORIENTED_EDGE('',*,*,#5335,.F.);
#7307=ORIENTED_EDGE('',*,*,#5070,.F.);
#7308=ORIENTED_EDGE('',*,*,#5335,.T.);
#7309=ORIENTED_EDGE('',*,*,#4542,.F.);
#7310=ORIENTED_EDGE('',*,*,#5336,.F.);
#7311=ORIENTED_EDGE('',*,*,#5071,.F.);
#7312=ORIENTED_EDGE('',*,*,#5336,.T.);
#7313=ORIENTED_EDGE('',*,*,#4541,.F.);
#7314=ORIENTED_EDGE('',*,*,#5337,.F.);
#7315=ORIENTED_EDGE('',*,*,#5072,.F.);
#7316=ORIENTED_EDGE('',*,*,#5337,.T.);
#7317=ORIENTED_EDGE('',*,*,#4540,.F.);
#7318=ORIENTED_EDGE('',*,*,#5338,.F.);
#7319=ORIENTED_EDGE('',*,*,#5067,.F.);
#7320=ORIENTED_EDGE('',*,*,#5338,.T.);
#7321=ORIENTED_EDGE('',*,*,#4539,.F.);
#7322=ORIENTED_EDGE('',*,*,#4365,.F.);
#7323=ORIENTED_EDGE('',*,*,#5074,.F.);
#7324=ORIENTED_EDGE('',*,*,#5339,.T.);
#7325=ORIENTED_EDGE('',*,*,#4538,.F.);
#7326=ORIENTED_EDGE('',*,*,#5340,.F.);
#7327=ORIENTED_EDGE('',*,*,#5075,.F.);
#7328=ORIENTED_EDGE('',*,*,#5340,.T.);
#7329=ORIENTED_EDGE('',*,*,#4537,.F.);
#7330=ORIENTED_EDGE('',*,*,#5341,.F.);
#7331=ORIENTED_EDGE('',*,*,#5076,.F.);
#7332=ORIENTED_EDGE('',*,*,#5341,.T.);
#7333=ORIENTED_EDGE('',*,*,#4536,.F.);
#7334=ORIENTED_EDGE('',*,*,#5342,.F.);
#7335=ORIENTED_EDGE('',*,*,#5077,.F.);
#7336=ORIENTED_EDGE('',*,*,#5342,.T.);
#7337=ORIENTED_EDGE('',*,*,#4535,.F.);
#7338=ORIENTED_EDGE('',*,*,#5343,.F.);
#7339=ORIENTED_EDGE('',*,*,#5078,.F.);
#7340=ORIENTED_EDGE('',*,*,#5343,.T.);
#7341=ORIENTED_EDGE('',*,*,#4534,.F.);
#7342=ORIENTED_EDGE('',*,*,#5344,.F.);
#7343=ORIENTED_EDGE('',*,*,#5079,.F.);
#7344=ORIENTED_EDGE('',*,*,#5344,.T.);
#7345=ORIENTED_EDGE('',*,*,#4533,.F.);
#7346=ORIENTED_EDGE('',*,*,#5345,.F.);
#7347=ORIENTED_EDGE('',*,*,#5080,.F.);
#7348=ORIENTED_EDGE('',*,*,#5345,.T.);
#7349=ORIENTED_EDGE('',*,*,#4532,.F.);
#7350=ORIENTED_EDGE('',*,*,#5346,.F.);
#7351=ORIENTED_EDGE('',*,*,#5073,.F.);
#7352=ORIENTED_EDGE('',*,*,#5346,.T.);
#7353=ORIENTED_EDGE('',*,*,#4531,.F.);
#7354=ORIENTED_EDGE('',*,*,#5339,.F.);
#7355=ORIENTED_EDGE('',*,*,#4530,.F.);
#7356=ORIENTED_EDGE('',*,*,#5347,.T.);
#7357=ORIENTED_EDGE('',*,*,#5081,.F.);
#7358=ORIENTED_EDGE('',*,*,#5347,.F.);
#7359=ORIENTED_EDGE('',*,*,#5083,.F.);
#7360=ORIENTED_EDGE('',*,*,#5348,.T.);
#7361=ORIENTED_EDGE('',*,*,#4529,.F.);
#7362=ORIENTED_EDGE('',*,*,#5349,.F.);
#7363=ORIENTED_EDGE('',*,*,#5084,.F.);
#7364=ORIENTED_EDGE('',*,*,#5349,.T.);
#7365=ORIENTED_EDGE('',*,*,#4528,.F.);
#7366=ORIENTED_EDGE('',*,*,#5350,.F.);
#7367=ORIENTED_EDGE('',*,*,#5085,.F.);
#7368=ORIENTED_EDGE('',*,*,#5350,.T.);
#7369=ORIENTED_EDGE('',*,*,#4527,.F.);
#7370=ORIENTED_EDGE('',*,*,#5351,.F.);
#7371=ORIENTED_EDGE('',*,*,#5086,.F.);
#7372=ORIENTED_EDGE('',*,*,#5351,.T.);
#7373=ORIENTED_EDGE('',*,*,#4526,.F.);
#7374=ORIENTED_EDGE('',*,*,#5352,.F.);
#7375=ORIENTED_EDGE('',*,*,#5087,.F.);
#7376=ORIENTED_EDGE('',*,*,#5352,.T.);
#7377=ORIENTED_EDGE('',*,*,#4525,.F.);
#7378=ORIENTED_EDGE('',*,*,#5353,.F.);
#7379=ORIENTED_EDGE('',*,*,#5088,.F.);
#7380=ORIENTED_EDGE('',*,*,#5353,.T.);
#7381=ORIENTED_EDGE('',*,*,#4524,.F.);
#7382=ORIENTED_EDGE('',*,*,#5354,.F.);
#7383=ORIENTED_EDGE('',*,*,#5089,.F.);
#7384=ORIENTED_EDGE('',*,*,#5354,.T.);
#7385=ORIENTED_EDGE('',*,*,#4523,.F.);
#7386=ORIENTED_EDGE('',*,*,#5355,.F.);
#7387=ORIENTED_EDGE('',*,*,#5082,.F.);
#7388=ORIENTED_EDGE('',*,*,#5355,.T.);
#7389=ORIENTED_EDGE('',*,*,#4522,.F.);
#7390=ORIENTED_EDGE('',*,*,#5348,.F.);
#7391=ORIENTED_EDGE('',*,*,#5091,.F.);
#7392=ORIENTED_EDGE('',*,*,#5356,.T.);
#7393=ORIENTED_EDGE('',*,*,#4521,.F.);
#7394=ORIENTED_EDGE('',*,*,#5357,.F.);
#7395=ORIENTED_EDGE('',*,*,#5092,.F.);
#7396=ORIENTED_EDGE('',*,*,#5357,.T.);
#7397=ORIENTED_EDGE('',*,*,#4520,.F.);
#7398=ORIENTED_EDGE('',*,*,#5358,.F.);
#7399=ORIENTED_EDGE('',*,*,#5093,.F.);
#7400=ORIENTED_EDGE('',*,*,#5358,.T.);
#7401=ORIENTED_EDGE('',*,*,#4519,.F.);
#7402=ORIENTED_EDGE('',*,*,#5359,.F.);
#7403=ORIENTED_EDGE('',*,*,#5094,.F.);
#7404=ORIENTED_EDGE('',*,*,#5359,.T.);
#7405=ORIENTED_EDGE('',*,*,#4518,.F.);
#7406=ORIENTED_EDGE('',*,*,#5360,.F.);
#7407=ORIENTED_EDGE('',*,*,#5095,.F.);
#7408=ORIENTED_EDGE('',*,*,#5360,.T.);
#7409=ORIENTED_EDGE('',*,*,#4517,.F.);
#7410=ORIENTED_EDGE('',*,*,#5361,.F.);
#7411=ORIENTED_EDGE('',*,*,#5096,.F.);
#7412=ORIENTED_EDGE('',*,*,#5361,.T.);
#7413=ORIENTED_EDGE('',*,*,#4516,.F.);
#7414=ORIENTED_EDGE('',*,*,#5362,.F.);
#7415=ORIENTED_EDGE('',*,*,#5097,.F.);
#7416=ORIENTED_EDGE('',*,*,#5362,.T.);
#7417=ORIENTED_EDGE('',*,*,#4515,.F.);
#7418=ORIENTED_EDGE('',*,*,#5363,.F.);
#7419=ORIENTED_EDGE('',*,*,#5090,.F.);
#7420=ORIENTED_EDGE('',*,*,#5363,.T.);
#7421=ORIENTED_EDGE('',*,*,#4514,.F.);
#7422=ORIENTED_EDGE('',*,*,#5356,.F.);
#7423=ORIENTED_EDGE('',*,*,#5099,.F.);
#7424=ORIENTED_EDGE('',*,*,#5364,.T.);
#7425=ORIENTED_EDGE('',*,*,#4513,.F.);
#7426=ORIENTED_EDGE('',*,*,#5365,.F.);
#7427=ORIENTED_EDGE('',*,*,#5100,.F.);
#7428=ORIENTED_EDGE('',*,*,#5365,.T.);
#7429=ORIENTED_EDGE('',*,*,#4512,.F.);
#7430=ORIENTED_EDGE('',*,*,#5366,.F.);
#7431=ORIENTED_EDGE('',*,*,#5101,.F.);
#7432=ORIENTED_EDGE('',*,*,#5366,.T.);
#7433=ORIENTED_EDGE('',*,*,#4511,.F.);
#7434=ORIENTED_EDGE('',*,*,#5367,.F.);
#7435=ORIENTED_EDGE('',*,*,#5102,.F.);
#7436=ORIENTED_EDGE('',*,*,#5367,.T.);
#7437=ORIENTED_EDGE('',*,*,#4510,.F.);
#7438=ORIENTED_EDGE('',*,*,#5368,.F.);
#7439=ORIENTED_EDGE('',*,*,#5103,.F.);
#7440=ORIENTED_EDGE('',*,*,#5368,.T.);
#7441=ORIENTED_EDGE('',*,*,#4509,.F.);
#7442=ORIENTED_EDGE('',*,*,#5369,.F.);
#7443=ORIENTED_EDGE('',*,*,#5104,.F.);
#7444=ORIENTED_EDGE('',*,*,#5369,.T.);
#7445=ORIENTED_EDGE('',*,*,#4508,.F.);
#7446=ORIENTED_EDGE('',*,*,#5370,.F.);
#7447=ORIENTED_EDGE('',*,*,#5105,.F.);
#7448=ORIENTED_EDGE('',*,*,#5370,.T.);
#7449=ORIENTED_EDGE('',*,*,#4507,.F.);
#7450=ORIENTED_EDGE('',*,*,#5371,.F.);
#7451=ORIENTED_EDGE('',*,*,#5098,.F.);
#7452=ORIENTED_EDGE('',*,*,#5371,.T.);
#7453=ORIENTED_EDGE('',*,*,#4506,.F.);
#7454=ORIENTED_EDGE('',*,*,#5364,.F.);
#7455=ORIENTED_EDGE('',*,*,#5107,.F.);
#7456=ORIENTED_EDGE('',*,*,#5372,.T.);
#7457=ORIENTED_EDGE('',*,*,#4505,.F.);
#7458=ORIENTED_EDGE('',*,*,#5373,.F.);
#7459=ORIENTED_EDGE('',*,*,#5108,.F.);
#7460=ORIENTED_EDGE('',*,*,#5373,.T.);
#7461=ORIENTED_EDGE('',*,*,#4504,.F.);
#7462=ORIENTED_EDGE('',*,*,#5374,.F.);
#7463=ORIENTED_EDGE('',*,*,#5109,.F.);
#7464=ORIENTED_EDGE('',*,*,#5374,.T.);
#7465=ORIENTED_EDGE('',*,*,#4503,.F.);
#7466=ORIENTED_EDGE('',*,*,#5375,.F.);
#7467=ORIENTED_EDGE('',*,*,#5110,.F.);
#7468=ORIENTED_EDGE('',*,*,#5375,.T.);
#7469=ORIENTED_EDGE('',*,*,#4502,.F.);
#7470=ORIENTED_EDGE('',*,*,#5376,.F.);
#7471=ORIENTED_EDGE('',*,*,#5111,.F.);
#7472=ORIENTED_EDGE('',*,*,#5376,.T.);
#7473=ORIENTED_EDGE('',*,*,#4501,.F.);
#7474=ORIENTED_EDGE('',*,*,#5377,.F.);
#7475=ORIENTED_EDGE('',*,*,#5112,.F.);
#7476=ORIENTED_EDGE('',*,*,#5377,.T.);
#7477=ORIENTED_EDGE('',*,*,#4500,.F.);
#7478=ORIENTED_EDGE('',*,*,#5378,.F.);
#7479=ORIENTED_EDGE('',*,*,#5113,.F.);
#7480=ORIENTED_EDGE('',*,*,#5378,.T.);
#7481=ORIENTED_EDGE('',*,*,#4499,.F.);
#7482=ORIENTED_EDGE('',*,*,#5379,.F.);
#7483=ORIENTED_EDGE('',*,*,#5106,.F.);
#7484=ORIENTED_EDGE('',*,*,#5379,.T.);
#7485=ORIENTED_EDGE('',*,*,#4498,.F.);
#7486=ORIENTED_EDGE('',*,*,#5372,.F.);
#7487=ORIENTED_EDGE('',*,*,#4497,.F.);
#7488=ORIENTED_EDGE('',*,*,#5380,.T.);
#7489=ORIENTED_EDGE('',*,*,#5114,.F.);
#7490=ORIENTED_EDGE('',*,*,#5380,.F.);
#7491=ORIENTED_EDGE('',*,*,#5116,.F.);
#7492=ORIENTED_EDGE('',*,*,#5381,.T.);
#7493=ORIENTED_EDGE('',*,*,#4496,.F.);
#7494=ORIENTED_EDGE('',*,*,#5382,.F.);
#7495=ORIENTED_EDGE('',*,*,#5117,.F.);
#7496=ORIENTED_EDGE('',*,*,#5382,.T.);
#7497=ORIENTED_EDGE('',*,*,#4495,.F.);
#7498=ORIENTED_EDGE('',*,*,#5383,.F.);
#7499=ORIENTED_EDGE('',*,*,#5118,.F.);
#7500=ORIENTED_EDGE('',*,*,#5383,.T.);
#7501=ORIENTED_EDGE('',*,*,#4494,.F.);
#7502=ORIENTED_EDGE('',*,*,#5384,.F.);
#7503=ORIENTED_EDGE('',*,*,#5119,.F.);
#7504=ORIENTED_EDGE('',*,*,#5384,.T.);
#7505=ORIENTED_EDGE('',*,*,#4493,.F.);
#7506=ORIENTED_EDGE('',*,*,#5385,.F.);
#7507=ORIENTED_EDGE('',*,*,#5120,.F.);
#7508=ORIENTED_EDGE('',*,*,#5385,.T.);
#7509=ORIENTED_EDGE('',*,*,#4492,.F.);
#7510=ORIENTED_EDGE('',*,*,#5386,.F.);
#7511=ORIENTED_EDGE('',*,*,#5121,.F.);
#7512=ORIENTED_EDGE('',*,*,#5386,.T.);
#7513=ORIENTED_EDGE('',*,*,#4491,.F.);
#7514=ORIENTED_EDGE('',*,*,#5387,.F.);
#7515=ORIENTED_EDGE('',*,*,#5122,.F.);
#7516=ORIENTED_EDGE('',*,*,#5387,.T.);
#7517=ORIENTED_EDGE('',*,*,#4490,.F.);
#7518=ORIENTED_EDGE('',*,*,#5388,.F.);
#7519=ORIENTED_EDGE('',*,*,#5115,.F.);
#7520=ORIENTED_EDGE('',*,*,#5388,.T.);
#7521=ORIENTED_EDGE('',*,*,#4489,.F.);
#7522=ORIENTED_EDGE('',*,*,#5381,.F.);
#7523=ORIENTED_EDGE('',*,*,#4823,.T.);
#7524=ORIENTED_EDGE('',*,*,#5389,.T.);
#7525=ORIENTED_EDGE('',*,*,#4427,.F.);
#7526=ORIENTED_EDGE('',*,*,#5390,.F.);
#7527=ORIENTED_EDGE('',*,*,#4824,.F.);
#7528=ORIENTED_EDGE('',*,*,#5390,.T.);
#7529=ORIENTED_EDGE('',*,*,#4426,.F.);
#7530=ORIENTED_EDGE('',*,*,#5391,.F.);
#7531=ORIENTED_EDGE('',*,*,#4817,.F.);
#7532=ORIENTED_EDGE('',*,*,#5391,.T.);
#7533=ORIENTED_EDGE('',*,*,#4425,.F.);
#7534=ORIENTED_EDGE('',*,*,#5130,.F.);
#7535=ORIENTED_EDGE('',*,*,#4825,.T.);
#7536=ORIENTED_EDGE('',*,*,#5392,.F.);
#7537=ORIENTED_EDGE('',*,*,#4440,.F.);
#7538=ORIENTED_EDGE('',*,*,#5393,.F.);
#7539=ORIENTED_EDGE('',*,*,#4826,.F.);
#7540=ORIENTED_EDGE('',*,*,#5393,.T.);
#7541=ORIENTED_EDGE('',*,*,#4439,.F.);
#7542=ORIENTED_EDGE('',*,*,#5394,.F.);
#7543=ORIENTED_EDGE('',*,*,#4827,.T.);
#7544=ORIENTED_EDGE('',*,*,#5394,.T.);
#7545=ORIENTED_EDGE('',*,*,#4438,.F.);
#7546=ORIENTED_EDGE('',*,*,#5395,.F.);
#7547=ORIENTED_EDGE('',*,*,#4828,.F.);
#7548=ORIENTED_EDGE('',*,*,#5395,.T.);
#7549=ORIENTED_EDGE('',*,*,#4437,.F.);
#7550=ORIENTED_EDGE('',*,*,#5396,.F.);
#7551=ORIENTED_EDGE('',*,*,#4829,.T.);
#7552=ORIENTED_EDGE('',*,*,#5396,.T.);
#7553=ORIENTED_EDGE('',*,*,#4436,.F.);
#7554=ORIENTED_EDGE('',*,*,#5397,.F.);
#7555=ORIENTED_EDGE('',*,*,#4830,.F.);
#7556=ORIENTED_EDGE('',*,*,#5397,.T.);
#7557=ORIENTED_EDGE('',*,*,#4435,.F.);
#7558=ORIENTED_EDGE('',*,*,#5398,.F.);
#7559=ORIENTED_EDGE('',*,*,#4831,.T.);
#7560=ORIENTED_EDGE('',*,*,#5398,.T.);
#7561=ORIENTED_EDGE('',*,*,#4434,.F.);
#7562=ORIENTED_EDGE('',*,*,#5399,.F.);
#7563=ORIENTED_EDGE('',*,*,#4833,.T.);
#7564=ORIENTED_EDGE('',*,*,#5400,.F.);
#7565=ORIENTED_EDGE('',*,*,#4448,.F.);
#7566=ORIENTED_EDGE('',*,*,#5401,.F.);
#7567=ORIENTED_EDGE('',*,*,#4834,.F.);
#7568=ORIENTED_EDGE('',*,*,#5401,.T.);
#7569=ORIENTED_EDGE('',*,*,#4447,.F.);
#7570=ORIENTED_EDGE('',*,*,#5402,.F.);
#7571=ORIENTED_EDGE('',*,*,#4835,.T.);
#7572=ORIENTED_EDGE('',*,*,#5402,.T.);
#7573=ORIENTED_EDGE('',*,*,#4446,.F.);
#7574=ORIENTED_EDGE('',*,*,#5403,.F.);
#7575=ORIENTED_EDGE('',*,*,#4836,.F.);
#7576=ORIENTED_EDGE('',*,*,#5403,.T.);
#7577=ORIENTED_EDGE('',*,*,#4445,.F.);
#7578=ORIENTED_EDGE('',*,*,#5404,.F.);
#7579=ORIENTED_EDGE('',*,*,#4837,.T.);
#7580=ORIENTED_EDGE('',*,*,#5404,.T.);
#7581=ORIENTED_EDGE('',*,*,#4444,.F.);
#7582=ORIENTED_EDGE('',*,*,#5405,.F.);
#7583=ORIENTED_EDGE('',*,*,#4838,.F.);
#7584=ORIENTED_EDGE('',*,*,#5405,.T.);
#7585=ORIENTED_EDGE('',*,*,#4443,.F.);
#7586=ORIENTED_EDGE('',*,*,#5406,.F.);
#7587=ORIENTED_EDGE('',*,*,#4839,.T.);
#7588=ORIENTED_EDGE('',*,*,#5406,.T.);
#7589=ORIENTED_EDGE('',*,*,#4442,.F.);
#7590=ORIENTED_EDGE('',*,*,#5407,.F.);
#7591=ORIENTED_EDGE('',*,*,#4841,.T.);
#7592=ORIENTED_EDGE('',*,*,#5408,.F.);
#7593=ORIENTED_EDGE('',*,*,#4456,.F.);
#7594=ORIENTED_EDGE('',*,*,#5409,.F.);
#7595=ORIENTED_EDGE('',*,*,#4842,.F.);
#7596=ORIENTED_EDGE('',*,*,#5409,.T.);
#7597=ORIENTED_EDGE('',*,*,#4455,.F.);
#7598=ORIENTED_EDGE('',*,*,#5410,.F.);
#7599=ORIENTED_EDGE('',*,*,#4843,.T.);
#7600=ORIENTED_EDGE('',*,*,#5410,.T.);
#7601=ORIENTED_EDGE('',*,*,#4454,.F.);
#7602=ORIENTED_EDGE('',*,*,#5411,.F.);
#7603=ORIENTED_EDGE('',*,*,#4844,.F.);
#7604=ORIENTED_EDGE('',*,*,#5411,.T.);
#7605=ORIENTED_EDGE('',*,*,#4453,.F.);
#7606=ORIENTED_EDGE('',*,*,#5412,.F.);
#7607=ORIENTED_EDGE('',*,*,#4845,.T.);
#7608=ORIENTED_EDGE('',*,*,#5412,.T.);
#7609=ORIENTED_EDGE('',*,*,#4452,.F.);
#7610=ORIENTED_EDGE('',*,*,#5413,.F.);
#7611=ORIENTED_EDGE('',*,*,#4846,.F.);
#7612=ORIENTED_EDGE('',*,*,#5413,.T.);
#7613=ORIENTED_EDGE('',*,*,#4451,.F.);
#7614=ORIENTED_EDGE('',*,*,#5414,.F.);
#7615=ORIENTED_EDGE('',*,*,#4847,.T.);
#7616=ORIENTED_EDGE('',*,*,#5414,.T.);
#7617=ORIENTED_EDGE('',*,*,#4450,.F.);
#7618=ORIENTED_EDGE('',*,*,#5415,.F.);
#7619=ORIENTED_EDGE('',*,*,#4780,.F.);
#7620=ORIENTED_EDGE('',*,*,#5416,.T.);
#7621=ORIENTED_EDGE('',*,*,#4398,.F.);
#7622=ORIENTED_EDGE('',*,*,#5417,.F.);
#7623=ORIENTED_EDGE('',*,*,#4781,.F.);
#7624=ORIENTED_EDGE('',*,*,#5417,.T.);
#7625=ORIENTED_EDGE('',*,*,#4397,.F.);
#7626=ORIENTED_EDGE('',*,*,#5418,.F.);
#7627=ORIENTED_EDGE('',*,*,#4782,.T.);
#7628=ORIENTED_EDGE('',*,*,#5418,.T.);
#7629=ORIENTED_EDGE('',*,*,#4396,.F.);
#7630=ORIENTED_EDGE('',*,*,#5419,.F.);
#7631=ORIENTED_EDGE('',*,*,#4783,.F.);
#7632=ORIENTED_EDGE('',*,*,#5419,.T.);
#7633=ORIENTED_EDGE('',*,*,#4395,.F.);
#7634=ORIENTED_EDGE('',*,*,#5420,.F.);
#7635=ORIENTED_EDGE('',*,*,#4784,.T.);
#7636=ORIENTED_EDGE('',*,*,#5420,.T.);
#7637=ORIENTED_EDGE('',*,*,#4394,.F.);
#7638=ORIENTED_EDGE('',*,*,#5421,.F.);
#7639=ORIENTED_EDGE('',*,*,#4785,.F.);
#7640=ORIENTED_EDGE('',*,*,#5421,.T.);
#7641=ORIENTED_EDGE('',*,*,#4393,.F.);
#7642=ORIENTED_EDGE('',*,*,#5422,.F.);
#7643=ORIENTED_EDGE('',*,*,#4786,.F.);
#7644=ORIENTED_EDGE('',*,*,#5422,.T.);
#7645=ORIENTED_EDGE('',*,*,#4392,.F.);
#7646=ORIENTED_EDGE('',*,*,#5423,.F.);
#7647=ORIENTED_EDGE('',*,*,#5424,.T.);
#7648=ORIENTED_EDGE('',*,*,#4387,.F.);
#7649=ORIENTED_EDGE('',*,*,#5425,.T.);
#7650=ORIENTED_EDGE('',*,*,#5426,.T.);
#7651=ORIENTED_EDGE('',*,*,#4849,.T.);
#7652=ORIENTED_EDGE('',*,*,#5427,.F.);
#7653=ORIENTED_EDGE('',*,*,#4464,.F.);
#7654=ORIENTED_EDGE('',*,*,#5428,.F.);
#7655=ORIENTED_EDGE('',*,*,#4850,.F.);
#7656=ORIENTED_EDGE('',*,*,#5428,.T.);
#7657=ORIENTED_EDGE('',*,*,#4463,.F.);
#7658=ORIENTED_EDGE('',*,*,#5429,.F.);
#7659=ORIENTED_EDGE('',*,*,#4851,.T.);
#7660=ORIENTED_EDGE('',*,*,#5429,.T.);
#7661=ORIENTED_EDGE('',*,*,#4462,.F.);
#7662=ORIENTED_EDGE('',*,*,#5430,.F.);
#7663=ORIENTED_EDGE('',*,*,#4852,.F.);
#7664=ORIENTED_EDGE('',*,*,#5430,.T.);
#7665=ORIENTED_EDGE('',*,*,#4461,.F.);
#7666=ORIENTED_EDGE('',*,*,#5431,.F.);
#7667=ORIENTED_EDGE('',*,*,#4853,.T.);
#7668=ORIENTED_EDGE('',*,*,#5431,.T.);
#7669=ORIENTED_EDGE('',*,*,#4460,.F.);
#7670=ORIENTED_EDGE('',*,*,#5432,.F.);
#7671=ORIENTED_EDGE('',*,*,#4854,.F.);
#7672=ORIENTED_EDGE('',*,*,#5432,.T.);
#7673=ORIENTED_EDGE('',*,*,#4459,.F.);
#7674=ORIENTED_EDGE('',*,*,#5433,.F.);
#7675=ORIENTED_EDGE('',*,*,#4855,.T.);
#7676=ORIENTED_EDGE('',*,*,#5433,.T.);
#7677=ORIENTED_EDGE('',*,*,#4458,.F.);
#7678=ORIENTED_EDGE('',*,*,#5434,.F.);
#7679=ORIENTED_EDGE('',*,*,#4857,.T.);
#7680=ORIENTED_EDGE('',*,*,#5435,.F.);
#7681=ORIENTED_EDGE('',*,*,#4472,.F.);
#7682=ORIENTED_EDGE('',*,*,#5436,.F.);
#7683=ORIENTED_EDGE('',*,*,#4858,.F.);
#7684=ORIENTED_EDGE('',*,*,#5436,.T.);
#7685=ORIENTED_EDGE('',*,*,#4471,.F.);
#7686=ORIENTED_EDGE('',*,*,#5437,.F.);
#7687=ORIENTED_EDGE('',*,*,#4859,.T.);
#7688=ORIENTED_EDGE('',*,*,#5437,.T.);
#7689=ORIENTED_EDGE('',*,*,#4470,.F.);
#7690=ORIENTED_EDGE('',*,*,#5438,.F.);
#7691=ORIENTED_EDGE('',*,*,#4860,.F.);
#7692=ORIENTED_EDGE('',*,*,#5438,.T.);
#7693=ORIENTED_EDGE('',*,*,#4469,.F.);
#7694=ORIENTED_EDGE('',*,*,#5439,.F.);
#7695=ORIENTED_EDGE('',*,*,#4861,.T.);
#7696=ORIENTED_EDGE('',*,*,#5439,.T.);
#7697=ORIENTED_EDGE('',*,*,#4468,.F.);
#7698=ORIENTED_EDGE('',*,*,#5440,.F.);
#7699=ORIENTED_EDGE('',*,*,#4862,.F.);
#7700=ORIENTED_EDGE('',*,*,#5440,.T.);
#7701=ORIENTED_EDGE('',*,*,#4467,.F.);
#7702=ORIENTED_EDGE('',*,*,#5441,.F.);
#7703=ORIENTED_EDGE('',*,*,#4863,.T.);
#7704=ORIENTED_EDGE('',*,*,#5441,.T.);
#7705=ORIENTED_EDGE('',*,*,#4466,.F.);
#7706=ORIENTED_EDGE('',*,*,#5442,.F.);
#7707=ORIENTED_EDGE('',*,*,#4865,.T.);
#7708=ORIENTED_EDGE('',*,*,#5443,.F.);
#7709=ORIENTED_EDGE('',*,*,#4480,.F.);
#7710=ORIENTED_EDGE('',*,*,#5444,.F.);
#7711=ORIENTED_EDGE('',*,*,#4866,.F.);
#7712=ORIENTED_EDGE('',*,*,#5444,.T.);
#7713=ORIENTED_EDGE('',*,*,#4479,.F.);
#7714=ORIENTED_EDGE('',*,*,#5445,.F.);
#7715=ORIENTED_EDGE('',*,*,#4867,.T.);
#7716=ORIENTED_EDGE('',*,*,#5445,.T.);
#7717=ORIENTED_EDGE('',*,*,#4478,.F.);
#7718=ORIENTED_EDGE('',*,*,#5446,.F.);
#7719=ORIENTED_EDGE('',*,*,#4868,.F.);
#7720=ORIENTED_EDGE('',*,*,#5446,.T.);
#7721=ORIENTED_EDGE('',*,*,#4477,.F.);
#7722=ORIENTED_EDGE('',*,*,#5447,.F.);
#7723=ORIENTED_EDGE('',*,*,#4869,.T.);
#7724=ORIENTED_EDGE('',*,*,#5447,.T.);
#7725=ORIENTED_EDGE('',*,*,#4476,.F.);
#7726=ORIENTED_EDGE('',*,*,#5448,.F.);
#7727=ORIENTED_EDGE('',*,*,#4870,.F.);
#7728=ORIENTED_EDGE('',*,*,#5448,.T.);
#7729=ORIENTED_EDGE('',*,*,#4475,.F.);
#7730=ORIENTED_EDGE('',*,*,#5449,.F.);
#7731=ORIENTED_EDGE('',*,*,#4871,.T.);
#7732=ORIENTED_EDGE('',*,*,#5449,.T.);
#7733=ORIENTED_EDGE('',*,*,#4474,.F.);
#7734=ORIENTED_EDGE('',*,*,#5450,.F.);
#7735=ORIENTED_EDGE('',*,*,#4809,.F.);
#7736=ORIENTED_EDGE('',*,*,#5129,.T.);
#7737=ORIENTED_EDGE('',*,*,#4481,.F.);
#7738=ORIENTED_EDGE('',*,*,#5451,.F.);
#7739=ORIENTED_EDGE('',*,*,#4810,.F.);
#7740=ORIENTED_EDGE('',*,*,#5451,.T.);
#7741=ORIENTED_EDGE('',*,*,#4488,.F.);
#7742=ORIENTED_EDGE('',*,*,#5452,.F.);
#7743=ORIENTED_EDGE('',*,*,#4811,.T.);
#7744=ORIENTED_EDGE('',*,*,#5452,.T.);
#7745=ORIENTED_EDGE('',*,*,#4487,.F.);
#7746=ORIENTED_EDGE('',*,*,#5453,.F.);
#7747=ORIENTED_EDGE('',*,*,#4812,.F.);
#7748=ORIENTED_EDGE('',*,*,#5453,.T.);
#7749=ORIENTED_EDGE('',*,*,#4486,.F.);
#7750=ORIENTED_EDGE('',*,*,#5454,.F.);
#7751=ORIENTED_EDGE('',*,*,#4813,.T.);
#7752=ORIENTED_EDGE('',*,*,#5454,.T.);
#7753=ORIENTED_EDGE('',*,*,#4485,.F.);
#7754=ORIENTED_EDGE('',*,*,#5455,.F.);
#7755=ORIENTED_EDGE('',*,*,#4814,.F.);
#7756=ORIENTED_EDGE('',*,*,#5455,.T.);
#7757=ORIENTED_EDGE('',*,*,#4484,.F.);
#7758=ORIENTED_EDGE('',*,*,#5456,.F.);
#7759=ORIENTED_EDGE('',*,*,#4815,.F.);
#7760=ORIENTED_EDGE('',*,*,#5456,.T.);
#7761=ORIENTED_EDGE('',*,*,#4483,.F.);
#7762=ORIENTED_EDGE('',*,*,#5128,.F.);
#7763=ORIENTED_EDGE('',*,*,#4752,.F.);
#7764=ORIENTED_EDGE('',*,*,#5132,.T.);
#7765=ORIENTED_EDGE('',*,*,#4422,.F.);
#7766=ORIENTED_EDGE('',*,*,#5457,.F.);
#7767=ORIENTED_EDGE('',*,*,#4753,.T.);
#7768=ORIENTED_EDGE('',*,*,#5457,.T.);
#7769=ORIENTED_EDGE('',*,*,#4421,.F.);
#7770=ORIENTED_EDGE('',*,*,#5458,.F.);
#7771=ORIENTED_EDGE('',*,*,#4754,.T.);
#7772=ORIENTED_EDGE('',*,*,#5458,.T.);
#7773=ORIENTED_EDGE('',*,*,#4420,.F.);
#7774=ORIENTED_EDGE('',*,*,#5459,.F.);
#7775=ORIENTED_EDGE('',*,*,#4755,.F.);
#7776=ORIENTED_EDGE('',*,*,#5459,.T.);
#7777=ORIENTED_EDGE('',*,*,#4419,.F.);
#7778=ORIENTED_EDGE('',*,*,#5460,.F.);
#7779=ORIENTED_EDGE('',*,*,#4756,.F.);
#7780=ORIENTED_EDGE('',*,*,#5460,.T.);
#7781=ORIENTED_EDGE('',*,*,#4418,.F.);
#7782=ORIENTED_EDGE('',*,*,#5461,.F.);
#7783=ORIENTED_EDGE('',*,*,#4757,.T.);
#7784=ORIENTED_EDGE('',*,*,#5461,.T.);
#7785=ORIENTED_EDGE('',*,*,#4417,.F.);
#7786=ORIENTED_EDGE('',*,*,#5462,.F.);
#7787=ORIENTED_EDGE('',*,*,#4758,.T.);
#7788=ORIENTED_EDGE('',*,*,#5462,.T.);
#7789=ORIENTED_EDGE('',*,*,#4416,.F.);
#7790=ORIENTED_EDGE('',*,*,#5463,.F.);
#7791=ORIENTED_EDGE('',*,*,#4759,.F.);
#7792=ORIENTED_EDGE('',*,*,#5463,.T.);
#7793=ORIENTED_EDGE('',*,*,#4415,.F.);
#7794=ORIENTED_EDGE('',*,*,#5464,.F.);
#7795=ORIENTED_EDGE('',*,*,#4760,.T.);
#7796=ORIENTED_EDGE('',*,*,#5464,.T.);
#7797=ORIENTED_EDGE('',*,*,#4414,.F.);
#7798=ORIENTED_EDGE('',*,*,#5465,.F.);
#7799=ORIENTED_EDGE('',*,*,#4761,.F.);
#7800=ORIENTED_EDGE('',*,*,#5465,.T.);
#7801=ORIENTED_EDGE('',*,*,#4413,.F.);
#7802=ORIENTED_EDGE('',*,*,#5466,.F.);
#7803=ORIENTED_EDGE('',*,*,#4762,.F.);
#7804=ORIENTED_EDGE('',*,*,#5466,.T.);
#7805=ORIENTED_EDGE('',*,*,#4412,.F.);
#7806=ORIENTED_EDGE('',*,*,#5467,.F.);
#7807=ORIENTED_EDGE('',*,*,#4763,.F.);
#7808=ORIENTED_EDGE('',*,*,#5467,.T.);
#7809=ORIENTED_EDGE('',*,*,#4411,.F.);
#7810=ORIENTED_EDGE('',*,*,#5468,.F.);
#7811=ORIENTED_EDGE('',*,*,#4764,.T.);
#7812=ORIENTED_EDGE('',*,*,#5468,.T.);
#7813=ORIENTED_EDGE('',*,*,#4410,.F.);
#7814=ORIENTED_EDGE('',*,*,#5469,.F.);
#7815=ORIENTED_EDGE('',*,*,#4765,.F.);
#7816=ORIENTED_EDGE('',*,*,#5469,.T.);
#7817=ORIENTED_EDGE('',*,*,#4409,.F.);
#7818=ORIENTED_EDGE('',*,*,#5470,.F.);
#7819=ORIENTED_EDGE('',*,*,#4766,.F.);
#7820=ORIENTED_EDGE('',*,*,#5470,.T.);
#7821=ORIENTED_EDGE('',*,*,#4408,.F.);
#7822=ORIENTED_EDGE('',*,*,#5127,.F.);
#7823=ORIENTED_EDGE('',*,*,#4819,.F.);
#7824=ORIENTED_EDGE('',*,*,#5131,.T.);
#7825=ORIENTED_EDGE('',*,*,#4431,.F.);
#7826=ORIENTED_EDGE('',*,*,#5471,.F.);
#7827=ORIENTED_EDGE('',*,*,#4820,.T.);
#7828=ORIENTED_EDGE('',*,*,#5471,.T.);
#7829=ORIENTED_EDGE('',*,*,#4430,.F.);
#7830=ORIENTED_EDGE('',*,*,#5472,.F.);
#7831=ORIENTED_EDGE('',*,*,#4821,.T.);
#7832=ORIENTED_EDGE('',*,*,#5472,.T.);
#7833=ORIENTED_EDGE('',*,*,#4429,.F.);
#7834=ORIENTED_EDGE('',*,*,#5473,.F.);
#7835=ORIENTED_EDGE('',*,*,#4822,.F.);
#7836=ORIENTED_EDGE('',*,*,#5473,.T.);
#7837=ORIENTED_EDGE('',*,*,#4428,.F.);
#7838=ORIENTED_EDGE('',*,*,#5389,.F.);
#7839=ORIENTED_EDGE('',*,*,#5443,.T.);
#7840=ORIENTED_EDGE('',*,*,#4872,.T.);
#7841=ORIENTED_EDGE('',*,*,#5450,.T.);
#7842=ORIENTED_EDGE('',*,*,#4473,.F.);
#7843=ORIENTED_EDGE('',*,*,#5435,.T.);
#7844=ORIENTED_EDGE('',*,*,#4864,.T.);
#7845=ORIENTED_EDGE('',*,*,#5442,.T.);
#7846=ORIENTED_EDGE('',*,*,#4465,.F.);
#7847=ORIENTED_EDGE('',*,*,#5408,.T.);
#7848=ORIENTED_EDGE('',*,*,#4848,.T.);
#7849=ORIENTED_EDGE('',*,*,#5415,.T.);
#7850=ORIENTED_EDGE('',*,*,#4449,.F.);
#7851=ORIENTED_EDGE('',*,*,#5400,.T.);
#7852=ORIENTED_EDGE('',*,*,#4840,.T.);
#7853=ORIENTED_EDGE('',*,*,#5407,.T.);
#7854=ORIENTED_EDGE('',*,*,#4441,.F.);
#7855=ORIENTED_EDGE('',*,*,#5392,.T.);
#7856=ORIENTED_EDGE('',*,*,#4832,.T.);
#7857=ORIENTED_EDGE('',*,*,#5399,.T.);
#7858=ORIENTED_EDGE('',*,*,#4433,.F.);
#7859=ORIENTED_EDGE('',*,*,#5474,.T.);
#7860=ORIENTED_EDGE('',*,*,#5475,.T.);
#7861=ORIENTED_EDGE('',*,*,#5476,.T.);
#7862=ORIENTED_EDGE('',*,*,#5477,.T.);
#7863=ORIENTED_EDGE('',*,*,#5478,.T.);
#7864=ORIENTED_EDGE('',*,*,#5479,.T.);
#7865=ORIENTED_EDGE('',*,*,#5474,.F.);
#7866=ORIENTED_EDGE('',*,*,#5480,.T.);
#7867=ORIENTED_EDGE('',*,*,#5481,.T.);
#7868=ORIENTED_EDGE('',*,*,#5482,.T.);
#7869=ORIENTED_EDGE('',*,*,#5478,.F.);
#7870=ORIENTED_EDGE('',*,*,#5482,.F.);
#7871=ORIENTED_EDGE('',*,*,#5483,.T.);
#7872=ORIENTED_EDGE('',*,*,#5484,.F.);
#7873=ORIENTED_EDGE('',*,*,#5485,.T.);
#7874=ORIENTED_EDGE('',*,*,#5481,.F.);
#7875=ORIENTED_EDGE('',*,*,#5480,.F.);
#7876=ORIENTED_EDGE('',*,*,#5486,.T.);
#7877=ORIENTED_EDGE('',*,*,#5487,.F.);
#7878=ORIENTED_EDGE('',*,*,#5488,.F.);
#7879=ORIENTED_EDGE('',*,*,#5489,.T.);
#7880=ORIENTED_EDGE('',*,*,#5490,.F.);
#7881=ORIENTED_EDGE('',*,*,#5491,.T.);
#7882=ORIENTED_EDGE('',*,*,#5477,.F.);
#7883=ORIENTED_EDGE('',*,*,#5492,.F.);
#7884=ORIENTED_EDGE('',*,*,#4380,.F.);
#7885=ORIENTED_EDGE('',*,*,#5493,.F.);
#7886=ORIENTED_EDGE('',*,*,#4798,.F.);
#7887=ORIENTED_EDGE('',*,*,#5494,.T.);
#7888=ORIENTED_EDGE('',*,*,#5495,.F.);
#7889=ORIENTED_EDGE('',*,*,#5486,.F.);
#7890=ORIENTED_EDGE('',*,*,#5496,.T.);
#7891=ORIENTED_EDGE('',*,*,#5484,.T.);
#7892=ORIENTED_EDGE('',*,*,#5497,.T.);
#7893=ORIENTED_EDGE('',*,*,#5498,.T.);
#7894=ORIENTED_EDGE('',*,*,#5499,.T.);
#7895=ORIENTED_EDGE('',*,*,#5496,.F.);
#7896=ORIENTED_EDGE('',*,*,#5500,.T.);
#7897=ORIENTED_EDGE('',*,*,#5501,.T.);
#7898=ORIENTED_EDGE('',*,*,#5502,.T.);
#7899=ORIENTED_EDGE('',*,*,#5498,.F.);
#7900=ORIENTED_EDGE('',*,*,#5503,.T.);
#7901=ORIENTED_EDGE('',*,*,#5503,.F.);
#7902=ORIENTED_EDGE('',*,*,#5504,.F.);
#7903=ORIENTED_EDGE('',*,*,#5505,.F.);
#7904=ORIENTED_EDGE('',*,*,#5506,.T.);
#7905=ORIENTED_EDGE('',*,*,#4772,.F.);
#7906=ORIENTED_EDGE('',*,*,#5507,.F.);
#7907=ORIENTED_EDGE('',*,*,#4402,.F.);
#7908=ORIENTED_EDGE('',*,*,#5508,.F.);
#7909=ORIENTED_EDGE('',*,*,#5500,.F.);
#7910=ORIENTED_EDGE('',*,*,#5497,.F.);
#7911=ORIENTED_EDGE('',*,*,#5509,.T.);
#7912=ORIENTED_EDGE('',*,*,#5510,.F.);
#7913=ORIENTED_EDGE('',*,*,#5511,.T.);
#7914=ORIENTED_EDGE('',*,*,#5512,.F.);
#7915=ORIENTED_EDGE('',*,*,#5513,.F.);
#7916=ORIENTED_EDGE('',*,*,#5504,.T.);
#7917=ORIENTED_EDGE('',*,*,#5514,.F.);
#7918=ORIENTED_EDGE('',*,*,#5505,.T.);
#7919=ORIENTED_EDGE('',*,*,#5515,.T.);
#7920=ORIENTED_EDGE('',*,*,#5516,.T.);
#7921=ORIENTED_EDGE('',*,*,#5517,.T.);
#7922=ORIENTED_EDGE('',*,*,#5518,.T.);
#7923=ORIENTED_EDGE('',*,*,#5515,.F.);
#7924=ORIENTED_EDGE('',*,*,#5513,.T.);
#7925=ORIENTED_EDGE('',*,*,#5519,.T.);
#7926=ORIENTED_EDGE('',*,*,#5520,.T.);
#7927=ORIENTED_EDGE('',*,*,#5517,.F.);
#7928=ORIENTED_EDGE('',*,*,#5512,.T.);
#7929=ORIENTED_EDGE('',*,*,#5521,.T.);
#7930=ORIENTED_EDGE('',*,*,#5522,.T.);
#7931=ORIENTED_EDGE('',*,*,#5523,.T.);
#7932=ORIENTED_EDGE('',*,*,#5488,.T.);
#7933=ORIENTED_EDGE('',*,*,#5524,.T.);
#7934=ORIENTED_EDGE('',*,*,#5525,.T.);
#7935=ORIENTED_EDGE('',*,*,#5521,.F.);
#7936=ORIENTED_EDGE('',*,*,#5487,.T.);
#7937=ORIENTED_EDGE('',*,*,#5526,.T.);
#7938=ORIENTED_EDGE('',*,*,#5527,.T.);
#7939=ORIENTED_EDGE('',*,*,#5524,.F.);
#7940=ORIENTED_EDGE('',*,*,#5495,.T.);
#7941=ORIENTED_EDGE('',*,*,#5479,.F.);
#7942=ORIENTED_EDGE('',*,*,#5485,.F.);
#7943=ORIENTED_EDGE('',*,*,#5499,.F.);
#7944=ORIENTED_EDGE('',*,*,#5502,.F.);
#7945=ORIENTED_EDGE('',*,*,#5528,.F.);
#7946=ORIENTED_EDGE('',*,*,#5475,.F.);
#7947=ORIENTED_EDGE('',*,*,#5520,.F.);
#7948=ORIENTED_EDGE('',*,*,#5529,.T.);
#7949=ORIENTED_EDGE('',*,*,#5522,.F.);
#7950=ORIENTED_EDGE('',*,*,#5530,.T.);
#7951=ORIENTED_EDGE('',*,*,#5518,.F.);
#7952=ORIENTED_EDGE('',*,*,#5530,.F.);
#7953=ORIENTED_EDGE('',*,*,#5525,.F.);
#7954=ORIENTED_EDGE('',*,*,#5527,.F.);
#7955=ORIENTED_EDGE('',*,*,#5531,.F.);
#7956=ORIENTED_EDGE('',*,*,#5516,.F.);
#7957=ORIENTED_EDGE('',*,*,#4794,.F.);
#7958=ORIENTED_EDGE('',*,*,#5532,.F.);
#7959=ORIENTED_EDGE('',*,*,#5533,.F.);
#7960=ORIENTED_EDGE('',*,*,#5534,.F.);
#7961=ORIENTED_EDGE('',*,*,#4795,.F.);
#7962=ORIENTED_EDGE('',*,*,#5534,.T.);
#7963=ORIENTED_EDGE('',*,*,#5535,.F.);
#7964=ORIENTED_EDGE('',*,*,#5536,.F.);
#7965=ORIENTED_EDGE('',*,*,#4796,.F.);
#7966=ORIENTED_EDGE('',*,*,#5536,.T.);
#7967=ORIENTED_EDGE('',*,*,#5537,.F.);
#7968=ORIENTED_EDGE('',*,*,#5538,.F.);
#7969=ORIENTED_EDGE('',*,*,#4773,.F.);
#7970=ORIENTED_EDGE('',*,*,#5506,.F.);
#7971=ORIENTED_EDGE('',*,*,#5514,.T.);
#7972=ORIENTED_EDGE('',*,*,#5531,.T.);
#7973=ORIENTED_EDGE('',*,*,#5526,.F.);
#7974=ORIENTED_EDGE('',*,*,#5494,.F.);
#7975=ORIENTED_EDGE('',*,*,#4797,.F.);
#7976=ORIENTED_EDGE('',*,*,#5538,.T.);
#7977=ORIENTED_EDGE('',*,*,#5539,.F.);
#7978=ORIENTED_EDGE('',*,*,#5540,.F.);
#7979=ORIENTED_EDGE('',*,*,#4774,.F.);
#7980=ORIENTED_EDGE('',*,*,#5540,.T.);
#7981=ORIENTED_EDGE('',*,*,#5541,.F.);
#7982=ORIENTED_EDGE('',*,*,#5542,.F.);
#7983=ORIENTED_EDGE('',*,*,#4775,.F.);
#7984=ORIENTED_EDGE('',*,*,#5542,.T.);
#7985=ORIENTED_EDGE('',*,*,#5543,.F.);
#7986=ORIENTED_EDGE('',*,*,#5544,.F.);
#7987=ORIENTED_EDGE('',*,*,#4776,.F.);
#7988=ORIENTED_EDGE('',*,*,#5544,.T.);
#7989=ORIENTED_EDGE('',*,*,#5545,.F.);
#7990=ORIENTED_EDGE('',*,*,#5546,.F.);
#7991=ORIENTED_EDGE('',*,*,#5546,.T.);
#7992=ORIENTED_EDGE('',*,*,#5547,.F.);
#7993=ORIENTED_EDGE('',*,*,#5548,.T.);
#7994=ORIENTED_EDGE('',*,*,#4777,.T.);
#7995=ORIENTED_EDGE('',*,*,#5532,.T.);
#7996=ORIENTED_EDGE('',*,*,#4793,.T.);
#7997=ORIENTED_EDGE('',*,*,#5549,.T.);
#7998=ORIENTED_EDGE('',*,*,#5550,.F.);
#7999=ORIENTED_EDGE('',*,*,#5551,.T.);
#8000=ORIENTED_EDGE('',*,*,#5552,.T.);
#8001=ORIENTED_EDGE('',*,*,#5553,.T.);
#8002=ORIENTED_EDGE('',*,*,#5554,.T.);
#8003=ORIENTED_EDGE('',*,*,#5555,.T.);
#8004=ORIENTED_EDGE('',*,*,#5556,.T.);
#8005=ORIENTED_EDGE('',*,*,#5553,.F.);
#8006=ORIENTED_EDGE('',*,*,#5557,.T.);
#8007=ORIENTED_EDGE('',*,*,#5558,.T.);
#8008=ORIENTED_EDGE('',*,*,#5559,.T.);
#8009=ORIENTED_EDGE('',*,*,#5555,.F.);
#8010=ORIENTED_EDGE('',*,*,#5560,.T.);
#8011=ORIENTED_EDGE('',*,*,#5511,.F.);
#8012=ORIENTED_EDGE('',*,*,#5510,.T.);
#8013=ORIENTED_EDGE('',*,*,#5561,.T.);
#8014=ORIENTED_EDGE('',*,*,#5562,.T.);
#8015=ORIENTED_EDGE('',*,*,#5563,.T.);
#8016=ORIENTED_EDGE('',*,*,#5558,.F.);
#8017=ORIENTED_EDGE('',*,*,#5564,.T.);
#8018=ORIENTED_EDGE('',*,*,#5490,.T.);
#8019=ORIENTED_EDGE('',*,*,#5489,.F.);
#8020=ORIENTED_EDGE('',*,*,#5523,.F.);
#8021=ORIENTED_EDGE('',*,*,#5529,.F.);
#8022=ORIENTED_EDGE('',*,*,#5519,.F.);
#8023=ORIENTED_EDGE('',*,*,#5565,.T.);
#8024=ORIENTED_EDGE('',*,*,#5566,.T.);
#8025=ORIENTED_EDGE('',*,*,#5562,.F.);
#8026=ORIENTED_EDGE('',*,*,#5567,.T.);
#8027=ORIENTED_EDGE('',*,*,#5568,.T.);
#8028=ORIENTED_EDGE('',*,*,#5569,.T.);
#8029=ORIENTED_EDGE('',*,*,#5565,.F.);
#8030=ORIENTED_EDGE('',*,*,#5570,.T.);
#8031=ORIENTED_EDGE('',*,*,#5571,.T.);
#8032=ORIENTED_EDGE('',*,*,#5572,.T.);
#8033=ORIENTED_EDGE('',*,*,#5568,.F.);
#8034=ORIENTED_EDGE('',*,*,#5573,.T.);
#8035=ORIENTED_EDGE('',*,*,#5574,.T.);
#8036=ORIENTED_EDGE('',*,*,#5575,.T.);
#8037=ORIENTED_EDGE('',*,*,#5551,.F.);
#8038=ORIENTED_EDGE('',*,*,#5576,.T.);
#8039=ORIENTED_EDGE('',*,*,#5571,.F.);
#8040=ORIENTED_EDGE('',*,*,#5577,.T.);
#8041=ORIENTED_EDGE('',*,*,#5578,.T.);
#8042=ORIENTED_EDGE('',*,*,#5579,.T.);
#8043=ORIENTED_EDGE('',*,*,#5560,.F.);
#8044=ORIENTED_EDGE('',*,*,#5580,.T.);
#8045=ORIENTED_EDGE('',*,*,#5581,.F.);
#8046=ORIENTED_EDGE('',*,*,#5582,.F.);
#8047=ORIENTED_EDGE('',*,*,#5557,.F.);
#8048=ORIENTED_EDGE('',*,*,#5583,.T.);
#8049=ORIENTED_EDGE('',*,*,#5584,.F.);
#8050=ORIENTED_EDGE('',*,*,#5580,.F.);
#8051=ORIENTED_EDGE('',*,*,#5552,.F.);
#8052=ORIENTED_EDGE('',*,*,#5585,.T.);
#8053=ORIENTED_EDGE('',*,*,#5586,.F.);
#8054=ORIENTED_EDGE('',*,*,#5583,.F.);
#8055=ORIENTED_EDGE('',*,*,#5574,.F.);
#8056=ORIENTED_EDGE('',*,*,#5587,.T.);
#8057=ORIENTED_EDGE('',*,*,#5588,.T.);
#8058=ORIENTED_EDGE('',*,*,#5589,.F.);
#8059=ORIENTED_EDGE('',*,*,#5554,.F.);
#8060=ORIENTED_EDGE('',*,*,#5556,.F.);
#8061=ORIENTED_EDGE('',*,*,#5559,.F.);
#8062=ORIENTED_EDGE('',*,*,#5563,.F.);
#8063=ORIENTED_EDGE('',*,*,#5566,.F.);
#8064=ORIENTED_EDGE('',*,*,#5569,.F.);
#8065=ORIENTED_EDGE('',*,*,#5572,.F.);
#8066=ORIENTED_EDGE('',*,*,#5576,.F.);
#8067=ORIENTED_EDGE('',*,*,#5547,.T.);
#8068=ORIENTED_EDGE('',*,*,#5545,.T.);
#8069=ORIENTED_EDGE('',*,*,#5543,.T.);
#8070=ORIENTED_EDGE('',*,*,#5541,.T.);
#8071=ORIENTED_EDGE('',*,*,#5539,.T.);
#8072=ORIENTED_EDGE('',*,*,#5537,.T.);
#8073=ORIENTED_EDGE('',*,*,#5535,.T.);
#8074=ORIENTED_EDGE('',*,*,#5533,.T.);
#8075=ORIENTED_EDGE('',*,*,#5550,.T.);
#8076=ORIENTED_EDGE('',*,*,#5590,.T.);
#8077=ORIENTED_EDGE('',*,*,#5591,.T.);
#8078=ORIENTED_EDGE('',*,*,#5592,.T.);
#8079=ORIENTED_EDGE('',*,*,#5593,.T.);
#8080=ORIENTED_EDGE('',*,*,#5594,.T.);
#8081=ORIENTED_EDGE('',*,*,#5595,.T.);
#8082=ORIENTED_EDGE('',*,*,#5596,.T.);
#8083=ORIENTED_EDGE('',*,*,#5597,.T.);
#8084=ORIENTED_EDGE('',*,*,#5598,.T.);
#8085=ORIENTED_EDGE('',*,*,#5599,.T.);
#8086=ORIENTED_EDGE('',*,*,#5600,.T.);
#8087=ORIENTED_EDGE('',*,*,#5601,.T.);
#8088=ORIENTED_EDGE('',*,*,#5602,.T.);
#8089=ORIENTED_EDGE('',*,*,#5599,.F.);
#8090=ORIENTED_EDGE('',*,*,#5603,.T.);
#8091=ORIENTED_EDGE('',*,*,#5604,.T.);
#8092=ORIENTED_EDGE('',*,*,#5605,.T.);
#8093=ORIENTED_EDGE('',*,*,#5601,.F.);
#8094=ORIENTED_EDGE('',*,*,#5581,.T.);
#8095=ORIENTED_EDGE('',*,*,#5606,.T.);
#8096=ORIENTED_EDGE('',*,*,#5607,.T.);
#8097=ORIENTED_EDGE('',*,*,#5604,.F.);
#8098=ORIENTED_EDGE('',*,*,#5584,.T.);
#8099=ORIENTED_EDGE('',*,*,#5608,.T.);
#8100=ORIENTED_EDGE('',*,*,#5609,.T.);
#8101=ORIENTED_EDGE('',*,*,#5606,.F.);
#8102=ORIENTED_EDGE('',*,*,#5586,.T.);
#8103=ORIENTED_EDGE('',*,*,#5610,.T.);
#8104=ORIENTED_EDGE('',*,*,#5611,.T.);
#8105=ORIENTED_EDGE('',*,*,#5608,.F.);
#8106=ORIENTED_EDGE('',*,*,#5612,.T.);
#8107=ORIENTED_EDGE('',*,*,#5613,.T.);
#8108=ORIENTED_EDGE('',*,*,#5614,.T.);
#8109=ORIENTED_EDGE('',*,*,#5610,.F.);
#8110=ORIENTED_EDGE('',*,*,#5615,.T.);
#8111=ORIENTED_EDGE('',*,*,#5597,.F.);
#8112=ORIENTED_EDGE('',*,*,#5616,.T.);
#8113=ORIENTED_EDGE('',*,*,#5613,.F.);
#8114=ORIENTED_EDGE('',*,*,#5617,.T.);
#8115=ORIENTED_EDGE('',*,*,#5491,.F.);
#8116=ORIENTED_EDGE('',*,*,#5564,.F.);
#8117=ORIENTED_EDGE('',*,*,#5582,.T.);
#8118=ORIENTED_EDGE('',*,*,#5603,.F.);
#8119=ORIENTED_EDGE('',*,*,#5618,.F.);
#8120=ORIENTED_EDGE('',*,*,#5561,.F.);
#8121=ORIENTED_EDGE('',*,*,#5509,.F.);
#8122=ORIENTED_EDGE('',*,*,#5483,.F.);
#8123=ORIENTED_EDGE('',*,*,#5567,.F.);
#8124=ORIENTED_EDGE('',*,*,#5618,.T.);
#8125=ORIENTED_EDGE('',*,*,#5598,.F.);
#8126=ORIENTED_EDGE('',*,*,#5619,.F.);
#8127=ORIENTED_EDGE('',*,*,#5600,.F.);
#8128=ORIENTED_EDGE('',*,*,#5602,.F.);
#8129=ORIENTED_EDGE('',*,*,#5605,.F.);
#8130=ORIENTED_EDGE('',*,*,#5607,.F.);
#8131=ORIENTED_EDGE('',*,*,#5609,.F.);
#8132=ORIENTED_EDGE('',*,*,#5611,.F.);
#8133=ORIENTED_EDGE('',*,*,#5614,.F.);
#8134=ORIENTED_EDGE('',*,*,#5616,.F.);
#8135=ORIENTED_EDGE('',*,*,#5620,.T.);
#8136=ORIENTED_EDGE('',*,*,#5621,.T.);
#8137=ORIENTED_EDGE('',*,*,#5622,.T.);
#8138=ORIENTED_EDGE('',*,*,#5623,.T.);
#8139=ORIENTED_EDGE('',*,*,#5624,.T.);
#8140=ORIENTED_EDGE('',*,*,#5625,.T.);
#8141=ORIENTED_EDGE('',*,*,#5626,.T.);
#8142=ORIENTED_EDGE('',*,*,#5627,.T.);
#8143=ORIENTED_EDGE('',*,*,#5628,.F.);
#8144=ORIENTED_EDGE('',*,*,#5629,.T.);
#8145=ORIENTED_EDGE('',*,*,#5630,.T.);
#8146=ORIENTED_EDGE('',*,*,#5631,.F.);
#8147=ORIENTED_EDGE('',*,*,#5632,.F.);
#8148=ORIENTED_EDGE('',*,*,#5633,.T.);
#8149=ORIENTED_EDGE('',*,*,#5634,.T.);
#8150=ORIENTED_EDGE('',*,*,#5629,.F.);
#8151=ORIENTED_EDGE('',*,*,#5635,.F.);
#8152=ORIENTED_EDGE('',*,*,#5636,.T.);
#8153=ORIENTED_EDGE('',*,*,#5637,.T.);
#8154=ORIENTED_EDGE('',*,*,#5633,.F.);
#8155=ORIENTED_EDGE('',*,*,#5638,.F.);
#8156=ORIENTED_EDGE('',*,*,#5639,.T.);
#8157=ORIENTED_EDGE('',*,*,#5640,.T.);
#8158=ORIENTED_EDGE('',*,*,#5636,.F.);
#8159=ORIENTED_EDGE('',*,*,#5641,.F.);
#8160=ORIENTED_EDGE('',*,*,#5589,.T.);
#8161=ORIENTED_EDGE('',*,*,#5642,.T.);
#8162=ORIENTED_EDGE('',*,*,#5639,.F.);
#8163=ORIENTED_EDGE('',*,*,#5579,.F.);
#8164=ORIENTED_EDGE('',*,*,#5643,.T.);
#8165=ORIENTED_EDGE('',*,*,#5644,.T.);
#8166=ORIENTED_EDGE('',*,*,#5587,.F.);
#8167=ORIENTED_EDGE('',*,*,#5578,.F.);
#8168=ORIENTED_EDGE('',*,*,#5631,.T.);
#8169=ORIENTED_EDGE('',*,*,#5645,.T.);
#8170=ORIENTED_EDGE('',*,*,#5643,.F.);
#8171=ORIENTED_EDGE('',*,*,#5645,.F.);
#8172=ORIENTED_EDGE('',*,*,#5630,.F.);
#8173=ORIENTED_EDGE('',*,*,#5634,.F.);
#8174=ORIENTED_EDGE('',*,*,#5637,.F.);
#8175=ORIENTED_EDGE('',*,*,#5640,.F.);
#8176=ORIENTED_EDGE('',*,*,#5642,.F.);
#8177=ORIENTED_EDGE('',*,*,#5588,.F.);
#8178=ORIENTED_EDGE('',*,*,#5644,.F.);
#8179=ORIENTED_EDGE('',*,*,#5646,.F.);
#8180=ORIENTED_EDGE('',*,*,#5647,.F.);
#8181=ORIENTED_EDGE('',*,*,#5648,.F.);
#8182=ORIENTED_EDGE('',*,*,#5649,.F.);
#8183=ORIENTED_EDGE('',*,*,#5647,.T.);
#8184=ORIENTED_EDGE('',*,*,#5650,.T.);
#8185=ORIENTED_EDGE('',*,*,#5425,.F.);
#8186=ORIENTED_EDGE('',*,*,#4386,.F.);
#8187=ORIENTED_EDGE('',*,*,#5651,.F.);
#8188=ORIENTED_EDGE('',*,*,#5646,.T.);
#8189=ORIENTED_EDGE('',*,*,#5652,.T.);
#8190=ORIENTED_EDGE('',*,*,#5426,.F.);
#8191=ORIENTED_EDGE('',*,*,#5650,.F.);
#8192=ORIENTED_EDGE('',*,*,#5649,.T.);
#8193=ORIENTED_EDGE('',*,*,#5653,.T.);
#8194=ORIENTED_EDGE('',*,*,#4388,.F.);
#8195=ORIENTED_EDGE('',*,*,#5424,.F.);
#8196=ORIENTED_EDGE('',*,*,#5652,.F.);
#8197=ORIENTED_EDGE('',*,*,#5648,.T.);
#8198=ORIENTED_EDGE('',*,*,#5651,.T.);
#8199=ORIENTED_EDGE('',*,*,#5654,.T.);
#8200=ORIENTED_EDGE('',*,*,#5653,.F.);
#8201=ORIENTED_EDGE('',*,*,#5492,.T.);
#8202=ORIENTED_EDGE('',*,*,#5476,.F.);
#8203=ORIENTED_EDGE('',*,*,#5528,.T.);
#8204=ORIENTED_EDGE('',*,*,#5501,.F.);
#8205=ORIENTED_EDGE('',*,*,#5508,.T.);
#8206=ORIENTED_EDGE('',*,*,#4401,.F.);
#8207=ORIENTED_EDGE('',*,*,#5655,.T.);
#8208=ORIENTED_EDGE('',*,*,#5620,.F.);
#8209=ORIENTED_EDGE('',*,*,#5656,.T.);
#8210=ORIENTED_EDGE('',*,*,#4381,.F.);
#8211=ORIENTED_EDGE('',*,*,#5507,.T.);
#8212=ORIENTED_EDGE('',*,*,#4771,.T.);
#8213=ORIENTED_EDGE('',*,*,#5657,.T.);
#8214=ORIENTED_EDGE('',*,*,#4403,.F.);
#8215=ORIENTED_EDGE('',*,*,#4384,.F.);
#8216=ORIENTED_EDGE('',*,*,#5658,.T.);
#8217=ORIENTED_EDGE('',*,*,#5625,.F.);
#8218=ORIENTED_EDGE('',*,*,#5659,.F.);
#8219=ORIENTED_EDGE('',*,*,#4385,.F.);
#8220=ORIENTED_EDGE('',*,*,#5659,.T.);
#8221=ORIENTED_EDGE('',*,*,#5624,.F.);
#8222=ORIENTED_EDGE('',*,*,#5660,.F.);
#8223=ORIENTED_EDGE('',*,*,#4389,.F.);
#8224=ORIENTED_EDGE('',*,*,#5654,.F.);
#8225=ORIENTED_EDGE('',*,*,#4789,.T.);
#8226=ORIENTED_EDGE('',*,*,#5661,.F.);
#8227=ORIENTED_EDGE('',*,*,#5593,.F.);
#8228=ORIENTED_EDGE('',*,*,#5662,.T.);
#8229=ORIENTED_EDGE('',*,*,#4791,.T.);
#8230=ORIENTED_EDGE('',*,*,#5663,.F.);
#8231=ORIENTED_EDGE('',*,*,#5591,.F.);
#8232=ORIENTED_EDGE('',*,*,#5664,.T.);
#8233=ORIENTED_EDGE('',*,*,#4383,.F.);
#8234=ORIENTED_EDGE('',*,*,#5665,.T.);
#8235=ORIENTED_EDGE('',*,*,#5626,.F.);
#8236=ORIENTED_EDGE('',*,*,#5658,.F.);
#8237=ORIENTED_EDGE('',*,*,#4390,.F.);
#8238=ORIENTED_EDGE('',*,*,#5660,.T.);
#8239=ORIENTED_EDGE('',*,*,#5623,.F.);
#8240=ORIENTED_EDGE('',*,*,#5666,.F.);
#8241=ORIENTED_EDGE('',*,*,#4788,.T.);
#8242=ORIENTED_EDGE('',*,*,#5667,.F.);
#8243=ORIENTED_EDGE('',*,*,#5594,.F.);
#8244=ORIENTED_EDGE('',*,*,#5661,.T.);
#8245=ORIENTED_EDGE('',*,*,#4792,.T.);
#8246=ORIENTED_EDGE('',*,*,#5664,.F.);
#8247=ORIENTED_EDGE('',*,*,#5590,.F.);
#8248=ORIENTED_EDGE('',*,*,#5549,.F.);
#8249=ORIENTED_EDGE('',*,*,#4382,.F.);
#8250=ORIENTED_EDGE('',*,*,#5656,.F.);
#8251=ORIENTED_EDGE('',*,*,#5627,.F.);
#8252=ORIENTED_EDGE('',*,*,#5665,.F.);
#8253=ORIENTED_EDGE('',*,*,#4787,.T.);
#8254=ORIENTED_EDGE('',*,*,#5423,.T.);
#8255=ORIENTED_EDGE('',*,*,#4391,.F.);
#8256=ORIENTED_EDGE('',*,*,#5666,.T.);
#8257=ORIENTED_EDGE('',*,*,#5622,.F.);
#8258=ORIENTED_EDGE('',*,*,#5668,.F.);
#8259=ORIENTED_EDGE('',*,*,#4399,.F.);
#8260=ORIENTED_EDGE('',*,*,#5416,.F.);
#8261=ORIENTED_EDGE('',*,*,#4779,.T.);
#8262=ORIENTED_EDGE('',*,*,#5669,.F.);
#8263=ORIENTED_EDGE('',*,*,#5595,.F.);
#8264=ORIENTED_EDGE('',*,*,#5667,.T.);
#8265=ORIENTED_EDGE('',*,*,#4400,.F.);
#8266=ORIENTED_EDGE('',*,*,#5668,.T.);
#8267=ORIENTED_EDGE('',*,*,#5621,.F.);
#8268=ORIENTED_EDGE('',*,*,#5655,.F.);
#8269=ORIENTED_EDGE('',*,*,#4778,.T.);
#8270=ORIENTED_EDGE('',*,*,#5548,.F.);
#8271=ORIENTED_EDGE('',*,*,#5596,.F.);
#8272=ORIENTED_EDGE('',*,*,#5669,.T.);
#8273=ORIENTED_EDGE('',*,*,#4790,.T.);
#8274=ORIENTED_EDGE('',*,*,#5662,.F.);
#8275=ORIENTED_EDGE('',*,*,#5592,.F.);
#8276=ORIENTED_EDGE('',*,*,#5663,.T.);
#8277=ORIENTED_EDGE('',*,*,#5570,.F.);
#8278=ORIENTED_EDGE('',*,*,#5619,.T.);
#8279=ORIENTED_EDGE('',*,*,#5617,.F.);
#8280=ORIENTED_EDGE('',*,*,#5670,.F.);
#8281=ORIENTED_EDGE('',*,*,#5573,.F.);
#8282=ORIENTED_EDGE('',*,*,#5670,.T.);
#8283=ORIENTED_EDGE('',*,*,#5615,.F.);
#8284=ORIENTED_EDGE('',*,*,#5671,.F.);
#8285=ORIENTED_EDGE('',*,*,#5577,.F.);
#8286=ORIENTED_EDGE('',*,*,#5671,.T.);
#8287=ORIENTED_EDGE('',*,*,#5612,.F.);
#8288=ORIENTED_EDGE('',*,*,#5585,.F.);
#8289=ORIENTED_EDGE('',*,*,#5575,.F.);
#8290=ORIENTED_EDGE('',*,*,#5641,.T.);
#8291=ORIENTED_EDGE('',*,*,#5638,.T.);
#8292=ORIENTED_EDGE('',*,*,#5635,.T.);
#8293=ORIENTED_EDGE('',*,*,#5632,.T.);
#8294=ORIENTED_EDGE('',*,*,#5628,.T.);
#8295=ORIENTED_EDGE('',*,*,#5427,.T.);
#8296=ORIENTED_EDGE('',*,*,#4856,.T.);
#8297=ORIENTED_EDGE('',*,*,#5434,.T.);
#8298=ORIENTED_EDGE('',*,*,#4457,.F.);
#8299=ORIENTED_EDGE('',*,*,#4770,.T.);
#8300=ORIENTED_EDGE('',*,*,#5124,.T.);
#8301=ORIENTED_EDGE('',*,*,#4404,.F.);
#8302=ORIENTED_EDGE('',*,*,#5657,.F.);
#8303=ORIENTED_EDGE('',*,*,#5493,.T.);
#8304=ORIENTED_EDGE('',*,*,#4379,.F.);
#8305=ORIENTED_EDGE('',*,*,#5672,.F.);
#8306=ORIENTED_EDGE('',*,*,#4799,.T.);
#8307=ORIENTED_EDGE('',*,*,#4800,.T.);
#8308=ORIENTED_EDGE('',*,*,#5672,.T.);
#8309=ORIENTED_EDGE('',*,*,#4378,.F.);
#8310=ORIENTED_EDGE('',*,*,#4749,.F.);
#8311=CYLINDRICAL_SURFACE('',#8992,0.5953125);
#8312=CYLINDRICAL_SURFACE('',#8995,3.75);
#8313=CYLINDRICAL_SURFACE('',#8998,0.5953125);
#8314=CYLINDRICAL_SURFACE('',#9002,0.5953125);
#8315=CYLINDRICAL_SURFACE('',#9005,3.75);
#8316=CYLINDRICAL_SURFACE('',#9008,0.595312499999994);
#8317=CYLINDRICAL_SURFACE('',#9385,0.5953125);
#8318=CYLINDRICAL_SURFACE('',#9386,0.5953125);
#8319=CYLINDRICAL_SURFACE('',#9392,1.50000000002423);
#8320=CYLINDRICAL_SURFACE('',#9394,1.49999999988858);
#8321=CYLINDRICAL_SURFACE('',#9396,1.50000000006928);
#8322=CYLINDRICAL_SURFACE('',#9398,1.4999999999486);
#8323=CYLINDRICAL_SURFACE('',#9400,1.49999999999999);
#8324=CYLINDRICAL_SURFACE('',#9402,1.5);
#8325=CYLINDRICAL_SURFACE('',#9404,1.50000000000002);
#8326=CYLINDRICAL_SURFACE('',#9406,1.50000000000001);
#8327=CYLINDRICAL_SURFACE('',#9408,1.49999999999999);
#8328=CYLINDRICAL_SURFACE('',#9410,1.5);
#8329=CYLINDRICAL_SURFACE('',#9412,1.50000000000001);
#8330=CYLINDRICAL_SURFACE('',#9414,1.5);
#8331=CYLINDRICAL_SURFACE('',#9416,1.5);
#8332=CYLINDRICAL_SURFACE('',#9418,1.5);
#8333=CYLINDRICAL_SURFACE('',#9420,1.5);
#8334=CYLINDRICAL_SURFACE('',#9422,1.5);
#8335=CYLINDRICAL_SURFACE('',#9424,1.49999999999999);
#8336=CYLINDRICAL_SURFACE('',#9426,1.5);
#8337=CYLINDRICAL_SURFACE('',#9428,1.50000000000001);
#8338=CYLINDRICAL_SURFACE('',#9430,1.5);
#8339=CYLINDRICAL_SURFACE('',#9432,1.49999999999999);
#8340=CYLINDRICAL_SURFACE('',#9434,1.5);
#8341=CYLINDRICAL_SURFACE('',#9436,1.50000000000002);
#8342=CYLINDRICAL_SURFACE('',#9438,1.50000000000001);
#8343=CYLINDRICAL_SURFACE('',#9440,1.50000000002423);
#8344=CYLINDRICAL_SURFACE('',#9442,1.49999999988858);
#8345=CYLINDRICAL_SURFACE('',#9444,1.50000000006928);
#8346=CYLINDRICAL_SURFACE('',#9446,1.4999999999486);
#8347=CYLINDRICAL_SURFACE('',#9448,1.5);
#8348=CYLINDRICAL_SURFACE('',#9450,1.5);
#8349=CYLINDRICAL_SURFACE('',#9452,1.50000000000723);
#8350=CYLINDRICAL_SURFACE('',#9454,1.49999999999998);
#8351=CYLINDRICAL_SURFACE('',#9456,1.49999999999999);
#8352=CYLINDRICAL_SURFACE('',#9458,1.5);
#8353=CYLINDRICAL_SURFACE('',#9460,1.50000000000002);
#8354=CYLINDRICAL_SURFACE('',#9462,1.50000000000001);
#8355=CYLINDRICAL_SURFACE('',#9464,1.49999999999999);
#8356=CYLINDRICAL_SURFACE('',#9466,1.5);
#8357=CYLINDRICAL_SURFACE('',#9468,1.50000000000001);
#8358=CYLINDRICAL_SURFACE('',#9470,1.5);
#8359=CYLINDRICAL_SURFACE('',#9472,1.50000000000002);
#8360=CYLINDRICAL_SURFACE('',#9474,1.5);
#8361=CYLINDRICAL_SURFACE('',#9476,1.50000000000004);
#8362=CYLINDRICAL_SURFACE('',#9478,1.50000000000003);
#8363=CYLINDRICAL_SURFACE('',#9480,1.49999999999999);
#8364=CYLINDRICAL_SURFACE('',#9482,1.5);
#8365=CYLINDRICAL_SURFACE('',#9484,1.50000000000002);
#8366=CYLINDRICAL_SURFACE('',#9486,1.50000000000001);
#8367=CYLINDRICAL_SURFACE('',#9488,1.50000000002423);
#8368=CYLINDRICAL_SURFACE('',#9490,1.49999999988858);
#8369=CYLINDRICAL_SURFACE('',#9492,1.50000000006928);
#8370=CYLINDRICAL_SURFACE('',#9494,1.4999999999486);
#8371=CYLINDRICAL_SURFACE('',#9496,1.50000000002423);
#8372=CYLINDRICAL_SURFACE('',#9498,1.49999999988858);
#8373=CYLINDRICAL_SURFACE('',#9500,1.50000000006928);
#8374=CYLINDRICAL_SURFACE('',#9502,1.4999999999486);
#8375=CYLINDRICAL_SURFACE('',#9504,1.49999999999999);
#8376=CYLINDRICAL_SURFACE('',#9506,1.5);
#8377=CYLINDRICAL_SURFACE('',#9508,1.50000000000002);
#8378=CYLINDRICAL_SURFACE('',#9510,1.50000000000001);
#8379=CYLINDRICAL_SURFACE('',#9512,1.50000000002423);
#8380=CYLINDRICAL_SURFACE('',#9514,1.49999999988858);
#8381=CYLINDRICAL_SURFACE('',#9516,1.50000000006928);
#8382=CYLINDRICAL_SURFACE('',#9518,1.4999999999486);
#8383=CYLINDRICAL_SURFACE('',#9520,1.50000000002423);
#8384=CYLINDRICAL_SURFACE('',#9522,1.49999999988858);
#8385=CYLINDRICAL_SURFACE('',#9524,1.50000000006928);
#8386=CYLINDRICAL_SURFACE('',#9526,1.4999999999486);
#8387=CYLINDRICAL_SURFACE('',#9528,1.50000000002423);
#8388=CYLINDRICAL_SURFACE('',#9530,1.49999999988858);
#8389=CYLINDRICAL_SURFACE('',#9532,1.50000000006926);
#8390=CYLINDRICAL_SURFACE('',#9534,1.4999999999486);
#8391=CYLINDRICAL_SURFACE('',#9535,2.25);
#8392=CYLINDRICAL_SURFACE('',#9537,1.49999999999998);
#8393=CYLINDRICAL_SURFACE('',#9539,1.5);
#8394=CYLINDRICAL_SURFACE('',#9541,1.50000000000002);
#8395=CYLINDRICAL_SURFACE('',#9543,1.50000000000001);
#8396=CYLINDRICAL_SURFACE('',#9545,1.49999999999999);
#8397=CYLINDRICAL_SURFACE('',#9547,1.5);
#8398=CYLINDRICAL_SURFACE('',#9549,1.50000000000002);
#8399=CYLINDRICAL_SURFACE('',#9551,1.50000000000001);
#8400=CYLINDRICAL_SURFACE('',#9553,1.49999999999999);
#8401=CYLINDRICAL_SURFACE('',#9555,1.5);
#8402=CYLINDRICAL_SURFACE('',#9557,1.50000000000001);
#8403=CYLINDRICAL_SURFACE('',#9559,1.5);
#8404=CYLINDRICAL_SURFACE('',#9561,1.50000000002423);
#8405=CYLINDRICAL_SURFACE('',#9563,1.49999999988858);
#8406=CYLINDRICAL_SURFACE('',#9565,1.50000000006928);
#8407=CYLINDRICAL_SURFACE('',#9567,1.4999999999486);
#8408=CYLINDRICAL_SURFACE('',#9569,1.50000000002423);
#8409=CYLINDRICAL_SURFACE('',#9571,1.49999999988858);
#8410=CYLINDRICAL_SURFACE('',#9573,1.50000000006928);
#8411=CYLINDRICAL_SURFACE('',#9575,1.4999999999486);
#8412=CYLINDRICAL_SURFACE('',#9577,1.50000000002423);
#8413=CYLINDRICAL_SURFACE('',#9579,1.49999999988858);
#8414=CYLINDRICAL_SURFACE('',#9581,1.50000000006928);
#8415=CYLINDRICAL_SURFACE('',#9583,1.4999999999486);
#8416=CYLINDRICAL_SURFACE('',#9585,1.5);
#8417=CYLINDRICAL_SURFACE('',#9587,1.5);
#8418=CYLINDRICAL_SURFACE('',#9589,1.5);
#8419=CYLINDRICAL_SURFACE('',#9591,1.49999999999999);
#8420=CYLINDRICAL_SURFACE('',#9592,2.25);
#8421=CYLINDRICAL_SURFACE('',#9594,1.5);
#8422=CYLINDRICAL_SURFACE('',#9596,1.50000000000001);
#8423=CYLINDRICAL_SURFACE('',#9598,1.5);
#8424=CYLINDRICAL_SURFACE('',#9600,1.49999999999999);
#8425=CYLINDRICAL_SURFACE('',#9602,1.5);
#8426=CYLINDRICAL_SURFACE('',#9604,1.50000000000001);
#8427=CYLINDRICAL_SURFACE('',#9606,1.5);
#8428=CYLINDRICAL_SURFACE('',#9607,2.25);
#8429=CYLINDRICAL_SURFACE('',#9609,1.49999999999999);
#8430=CYLINDRICAL_SURFACE('',#9611,1.5);
#8431=CYLINDRICAL_SURFACE('',#9613,1.50000000000002);
#8432=CYLINDRICAL_SURFACE('',#9615,1.50000000000001);
#8433=CYLINDRICAL_SURFACE('',#9617,1.49999999999999);
#8434=CYLINDRICAL_SURFACE('',#9619,1.5);
#8435=CYLINDRICAL_SURFACE('',#9621,1.50000000000001);
#8436=CYLINDRICAL_SURFACE('',#9623,1.5);
#8437=CYLINDRICAL_SURFACE('',#9625,1.50000000002423);
#8438=CYLINDRICAL_SURFACE('',#9627,1.49999999988858);
#8439=CYLINDRICAL_SURFACE('',#9629,1.50000000006928);
#8440=CYLINDRICAL_SURFACE('',#9631,1.4999999999486);
#8441=CYLINDRICAL_SURFACE('',#9633,1.49999999999999);
#8442=CYLINDRICAL_SURFACE('',#9635,1.5);
#8443=CYLINDRICAL_SURFACE('',#9637,1.50000000000001);
#8444=CYLINDRICAL_SURFACE('',#9639,1.5);
#8445=CYLINDRICAL_SURFACE('',#9640,2.25);
#8446=CYLINDRICAL_SURFACE('',#9642,1.49999999999999);
#8447=CYLINDRICAL_SURFACE('',#9644,1.5);
#8448=CYLINDRICAL_SURFACE('',#9646,1.50000000000001);
#8449=CYLINDRICAL_SURFACE('',#9648,1.5);
#8450=CYLINDRICAL_SURFACE('',#9649,1.49999999999999);
#8451=CYLINDRICAL_SURFACE('',#9651,1.5);
#8452=CYLINDRICAL_SURFACE('',#9652,1.5);
#8453=CYLINDRICAL_SURFACE('',#9654,1.49999999999996);
#8454=CYLINDRICAL_SURFACE('',#9656,1.50000000000003);
#8455=CYLINDRICAL_SURFACE('',#9658,1.49999999999994);
#8456=CYLINDRICAL_SURFACE('',#9659,1.5);
#8457=CYLINDRICAL_SURFACE('',#9661,1.49999999999996);
#8458=CYLINDRICAL_SURFACE('',#9663,1.5);
#8459=CYLINDRICAL_SURFACE('',#9665,1.49999999999994);
#8460=CYLINDRICAL_SURFACE('',#9666,1.5);
#8461=CYLINDRICAL_SURFACE('',#9668,1.49999999999996);
#8462=CYLINDRICAL_SURFACE('',#9670,1.50000000000002);
#8463=CYLINDRICAL_SURFACE('',#9672,1.49999999999994);
#8464=CYLINDRICAL_SURFACE('',#9673,1.49999999988858);
#8465=CYLINDRICAL_SURFACE('',#9675,1.50000000006928);
#8466=CYLINDRICAL_SURFACE('',#9677,1.4999999999486);
#8467=CYLINDRICAL_SURFACE('',#9679,1.50000000002423);
#8468=CYLINDRICAL_SURFACE('',#9681,1.5);
#8469=CYLINDRICAL_SURFACE('',#9683,1.5);
#8470=CYLINDRICAL_SURFACE('',#9685,1.49999999999999);
#8471=CYLINDRICAL_SURFACE('',#9687,1.5);
#8472=CYLINDRICAL_SURFACE('',#9688,1.49999999999999);
#8473=CYLINDRICAL_SURFACE('',#9690,1.5);
#8474=CYLINDRICAL_SURFACE('',#9692,1.49999999999999);
#8475=CYLINDRICAL_SURFACE('',#9694,1.5);
#8476=CYLINDRICAL_SURFACE('',#9695,1.5);
#8477=CYLINDRICAL_SURFACE('',#9697,1.5);
#8478=CYLINDRICAL_SURFACE('',#9699,1.49999999999999);
#8479=CYLINDRICAL_SURFACE('',#9701,1.5);
#8480=CYLINDRICAL_SURFACE('',#9702,1.5);
#8481=CYLINDRICAL_SURFACE('',#9704,1.5);
#8482=CYLINDRICAL_SURFACE('',#9706,1.5);
#8483=CYLINDRICAL_SURFACE('',#9708,1.49999999999998);
#8484=CYLINDRICAL_SURFACE('',#9709,1.49999999999999);
#8485=CYLINDRICAL_SURFACE('',#9711,1.49999999999999);
#8486=CYLINDRICAL_SURFACE('',#9713,0.5953125);
#8487=CYLINDRICAL_SURFACE('',#9715,1.50000000000001);
#8488=CYLINDRICAL_SURFACE('',#9717,1.49999999999999);
#8489=CYLINDRICAL_SURFACE('',#9719,0.5953125);
#8490=CYLINDRICAL_SURFACE('',#9721,1.5);
#8491=CYLINDRICAL_SURFACE('',#9723,1.49999999999999);
#8492=CYLINDRICAL_SURFACE('',#9724,1.5);
#8493=CYLINDRICAL_SURFACE('',#9726,1.5);
#8494=CYLINDRICAL_SURFACE('',#9733,0.396875);
#8495=CYLINDRICAL_SURFACE('',#9740,0.396875);
#8496=CYLINDRICAL_SURFACE('',#9741,1.190625);
#8497=CYLINDRICAL_SURFACE('',#9749,0.396875);
#8498=CYLINDRICAL_SURFACE('',#9752,1.190625);
#8499=CYLINDRICAL_SURFACE('',#9754,0.396666666666667);
#8500=CYLINDRICAL_SURFACE('',#9764,0.396666666666667);
#8501=CYLINDRICAL_SURFACE('',#9767,0.396875);
#8502=CYLINDRICAL_SURFACE('',#9769,0.596869101194623);
#8503=CYLINDRICAL_SURFACE('',#9772,0.396869855810999);
#8504=CYLINDRICAL_SURFACE('',#9775,0.396712921974001);
#8505=CYLINDRICAL_SURFACE('',#9778,0.596934466496968);
#8506=CYLINDRICAL_SURFACE('',#9787,1.5);
#8507=CYLINDRICAL_SURFACE('',#9793,1.5);
#8508=CYLINDRICAL_SURFACE('',#9799,1.5);
#8509=CYLINDRICAL_SURFACE('',#9805,1.5);
#8510=CYLINDRICAL_SURFACE('',#9806,3.7875000517);
#8511=CYLINDRICAL_SURFACE('',#9809,3.78750005166998);
#8512=CYLINDRICAL_SURFACE('',#9811,0.499999999999998);
#8513=CYLINDRICAL_SURFACE('',#9823,1.5);
#8514=CYLINDRICAL_SURFACE('',#9828,1.5);
#8515=CYLINDRICAL_SURFACE('',#9833,1.5);
#8516=CYLINDRICAL_SURFACE('',#9839,1.5);
#8517=CYLINDRICAL_SURFACE('',#9841,3.78750005166902);
#8518=CYLINDRICAL_SURFACE('',#9848,0.500000000000003);
#8519=CYLINDRICAL_SURFACE('',#9852,0.5);
#8520=CYLINDRICAL_SURFACE('',#9857,0.5);
#8521=CYLINDRICAL_SURFACE('',#9866,1.78750005166997);
#8522=CYLINDRICAL_SURFACE('',#9871,1.7875000516);
#8523=CYLINDRICAL_SURFACE('',#9872,1.7875000516);
#8524=CYLINDRICAL_SURFACE('',#9873,1.7875000517);
#8525=CYLINDRICAL_SURFACE('',#9874,1.7875000517);
#8526=CYLINDRICAL_SURFACE('',#9876,1.78750005166901);
#8527=CYLINDRICAL_SURFACE('',#9877,1.78750005166901);
#8528=CYLINDRICAL_SURFACE('',#9878,1.78750005166997);
#8529=CYLINDRICAL_SURFACE('',#9880,3.7875000516);
#8530=CYLINDRICAL_SURFACE('',#9883,1.396712921974);
#8531=CYLINDRICAL_SURFACE('',#9885,1.396869855811);
#8532=ADVANCED_FACE('',(#347),#8311,.F.);
#8533=ADVANCED_FACE('',(#348),#8312,.T.);
#8534=ADVANCED_FACE('',(#349),#8313,.F.);
#8535=ADVANCED_FACE('',(#350),#138,.T.);
#8536=ADVANCED_FACE('',(#351),#8314,.F.);
#8537=ADVANCED_FACE('',(#352),#8315,.T.);
#8538=ADVANCED_FACE('',(#353),#8316,.F.);
#8539=ADVANCED_FACE('',(#354,#47,#48,#49,#50,#51,#52,#53,#54,#55,#56,#57,
#58,#59,#60,#61,#62,#63,#64,#65,#66,#67,#68,#69,#70,#71,#72,#73,#74,#75,
#76,#77,#78,#79,#80,#81,#82,#83,#84,#85,#86,#87,#88,#89,#90),#139,.T.);
#8540=ADVANCED_FACE('',(#355),#140,.T.);
#8541=ADVANCED_FACE('',(#356,#91,#92,#93,#94,#95,#96,#97,#98,#99,#100,#101,
#102,#103,#104,#105,#106,#107,#108,#109,#110,#111,#112,#113,#114,#115,#116,
#117,#118,#119,#120,#121,#122,#123,#124,#125,#126,#127,#128,#129,#130,#131,
#132,#133,#134),#141,.F.);
#8542=ADVANCED_FACE('',(#357),#142,.T.);
#8543=ADVANCED_FACE('',(#358),#8317,.F.);
#8544=ADVANCED_FACE('',(#359),#8318,.F.);
#8545=ADVANCED_FACE('',(#360),#143,.F.);
#8546=ADVANCED_FACE('',(#361),#144,.F.);
#8547=ADVANCED_FACE('',(#362),#145,.F.);
#8548=ADVANCED_FACE('',(#363),#146,.F.);
#8549=ADVANCED_FACE('',(#364),#147,.T.);
#8550=ADVANCED_FACE('',(#365),#8319,.F.);
#8551=ADVANCED_FACE('',(#366),#148,.T.);
#8552=ADVANCED_FACE('',(#367),#8320,.F.);
#8553=ADVANCED_FACE('',(#368),#149,.T.);
#8554=ADVANCED_FACE('',(#369),#8321,.F.);
#8555=ADVANCED_FACE('',(#370),#150,.T.);
#8556=ADVANCED_FACE('',(#371),#8322,.F.);
#8557=ADVANCED_FACE('',(#372),#151,.T.);
#8558=ADVANCED_FACE('',(#373),#8323,.F.);
#8559=ADVANCED_FACE('',(#374),#152,.T.);
#8560=ADVANCED_FACE('',(#375),#8324,.F.);
#8561=ADVANCED_FACE('',(#376),#153,.T.);
#8562=ADVANCED_FACE('',(#377),#8325,.F.);
#8563=ADVANCED_FACE('',(#378),#154,.T.);
#8564=ADVANCED_FACE('',(#379),#8326,.F.);
#8565=ADVANCED_FACE('',(#380),#155,.T.);
#8566=ADVANCED_FACE('',(#381),#8327,.F.);
#8567=ADVANCED_FACE('',(#382),#156,.T.);
#8568=ADVANCED_FACE('',(#383),#8328,.F.);
#8569=ADVANCED_FACE('',(#384),#157,.T.);
#8570=ADVANCED_FACE('',(#385),#8329,.F.);
#8571=ADVANCED_FACE('',(#386),#158,.T.);
#8572=ADVANCED_FACE('',(#387),#8330,.F.);
#8573=ADVANCED_FACE('',(#388),#159,.T.);
#8574=ADVANCED_FACE('',(#389),#8331,.F.);
#8575=ADVANCED_FACE('',(#390),#160,.T.);
#8576=ADVANCED_FACE('',(#391),#8332,.F.);
#8577=ADVANCED_FACE('',(#392),#161,.T.);
#8578=ADVANCED_FACE('',(#393),#8333,.F.);
#8579=ADVANCED_FACE('',(#394),#162,.T.);
#8580=ADVANCED_FACE('',(#395),#8334,.F.);
#8581=ADVANCED_FACE('',(#396),#163,.T.);
#8582=ADVANCED_FACE('',(#397),#8335,.F.);
#8583=ADVANCED_FACE('',(#398),#164,.T.);
#8584=ADVANCED_FACE('',(#399),#8336,.F.);
#8585=ADVANCED_FACE('',(#400),#165,.T.);
#8586=ADVANCED_FACE('',(#401),#8337,.F.);
#8587=ADVANCED_FACE('',(#402),#166,.T.);
#8588=ADVANCED_FACE('',(#403),#8338,.F.);
#8589=ADVANCED_FACE('',(#404),#167,.T.);
#8590=ADVANCED_FACE('',(#405),#8339,.F.);
#8591=ADVANCED_FACE('',(#406),#168,.T.);
#8592=ADVANCED_FACE('',(#407),#8340,.F.);
#8593=ADVANCED_FACE('',(#408),#169,.T.);
#8594=ADVANCED_FACE('',(#409),#8341,.F.);
#8595=ADVANCED_FACE('',(#410),#170,.T.);
#8596=ADVANCED_FACE('',(#411),#8342,.F.);
#8597=ADVANCED_FACE('',(#412),#171,.T.);
#8598=ADVANCED_FACE('',(#413),#8343,.F.);
#8599=ADVANCED_FACE('',(#414),#172,.T.);
#8600=ADVANCED_FACE('',(#415),#8344,.F.);
#8601=ADVANCED_FACE('',(#416),#173,.T.);
#8602=ADVANCED_FACE('',(#417),#8345,.F.);
#8603=ADVANCED_FACE('',(#418),#174,.T.);
#8604=ADVANCED_FACE('',(#419),#8346,.F.);
#8605=ADVANCED_FACE('',(#420),#175,.T.);
#8606=ADVANCED_FACE('',(#421),#8347,.F.);
#8607=ADVANCED_FACE('',(#422),#176,.T.);
#8608=ADVANCED_FACE('',(#423),#8348,.F.);
#8609=ADVANCED_FACE('',(#424),#177,.T.);
#8610=ADVANCED_FACE('',(#425),#8349,.F.);
#8611=ADVANCED_FACE('',(#426),#178,.T.);
#8612=ADVANCED_FACE('',(#427),#8350,.F.);
#8613=ADVANCED_FACE('',(#428),#179,.T.);
#8614=ADVANCED_FACE('',(#429),#8351,.F.);
#8615=ADVANCED_FACE('',(#430),#180,.T.);
#8616=ADVANCED_FACE('',(#431),#8352,.F.);
#8617=ADVANCED_FACE('',(#432),#181,.T.);
#8618=ADVANCED_FACE('',(#433),#8353,.F.);
#8619=ADVANCED_FACE('',(#434),#182,.T.);
#8620=ADVANCED_FACE('',(#435),#8354,.F.);
#8621=ADVANCED_FACE('',(#436),#183,.T.);
#8622=ADVANCED_FACE('',(#437),#8355,.F.);
#8623=ADVANCED_FACE('',(#438),#184,.T.);
#8624=ADVANCED_FACE('',(#439),#8356,.F.);
#8625=ADVANCED_FACE('',(#440),#185,.T.);
#8626=ADVANCED_FACE('',(#441),#8357,.F.);
#8627=ADVANCED_FACE('',(#442),#186,.T.);
#8628=ADVANCED_FACE('',(#443),#8358,.F.);
#8629=ADVANCED_FACE('',(#444),#187,.T.);
#8630=ADVANCED_FACE('',(#445),#8359,.F.);
#8631=ADVANCED_FACE('',(#446),#188,.T.);
#8632=ADVANCED_FACE('',(#447),#8360,.F.);
#8633=ADVANCED_FACE('',(#448),#189,.T.);
#8634=ADVANCED_FACE('',(#449),#8361,.F.);
#8635=ADVANCED_FACE('',(#450),#190,.T.);
#8636=ADVANCED_FACE('',(#451),#8362,.F.);
#8637=ADVANCED_FACE('',(#452),#191,.T.);
#8638=ADVANCED_FACE('',(#453),#8363,.F.);
#8639=ADVANCED_FACE('',(#454),#192,.T.);
#8640=ADVANCED_FACE('',(#455),#8364,.F.);
#8641=ADVANCED_FACE('',(#456),#193,.T.);
#8642=ADVANCED_FACE('',(#457),#8365,.F.);
#8643=ADVANCED_FACE('',(#458),#194,.T.);
#8644=ADVANCED_FACE('',(#459),#8366,.F.);
#8645=ADVANCED_FACE('',(#460),#195,.T.);
#8646=ADVANCED_FACE('',(#461),#8367,.F.);
#8647=ADVANCED_FACE('',(#462),#196,.T.);
#8648=ADVANCED_FACE('',(#463),#8368,.F.);
#8649=ADVANCED_FACE('',(#464),#197,.T.);
#8650=ADVANCED_FACE('',(#465),#8369,.F.);
#8651=ADVANCED_FACE('',(#466),#198,.T.);
#8652=ADVANCED_FACE('',(#467),#8370,.F.);
#8653=ADVANCED_FACE('',(#468),#199,.T.);
#8654=ADVANCED_FACE('',(#469),#8371,.F.);
#8655=ADVANCED_FACE('',(#470),#200,.T.);
#8656=ADVANCED_FACE('',(#471),#8372,.F.);
#8657=ADVANCED_FACE('',(#472),#201,.T.);
#8658=ADVANCED_FACE('',(#473),#8373,.F.);
#8659=ADVANCED_FACE('',(#474),#202,.T.);
#8660=ADVANCED_FACE('',(#475),#8374,.F.);
#8661=ADVANCED_FACE('',(#476),#203,.T.);
#8662=ADVANCED_FACE('',(#477),#8375,.F.);
#8663=ADVANCED_FACE('',(#478),#204,.T.);
#8664=ADVANCED_FACE('',(#479),#8376,.F.);
#8665=ADVANCED_FACE('',(#480),#205,.T.);
#8666=ADVANCED_FACE('',(#481),#8377,.F.);
#8667=ADVANCED_FACE('',(#482),#206,.T.);
#8668=ADVANCED_FACE('',(#483),#8378,.F.);
#8669=ADVANCED_FACE('',(#484),#207,.T.);
#8670=ADVANCED_FACE('',(#485),#8379,.F.);
#8671=ADVANCED_FACE('',(#486),#208,.T.);
#8672=ADVANCED_FACE('',(#487),#8380,.F.);
#8673=ADVANCED_FACE('',(#488),#209,.T.);
#8674=ADVANCED_FACE('',(#489),#8381,.F.);
#8675=ADVANCED_FACE('',(#490),#210,.T.);
#8676=ADVANCED_FACE('',(#491),#8382,.F.);
#8677=ADVANCED_FACE('',(#492),#211,.T.);
#8678=ADVANCED_FACE('',(#493),#8383,.F.);
#8679=ADVANCED_FACE('',(#494),#212,.T.);
#8680=ADVANCED_FACE('',(#495),#8384,.F.);
#8681=ADVANCED_FACE('',(#496),#213,.T.);
#8682=ADVANCED_FACE('',(#497),#8385,.F.);
#8683=ADVANCED_FACE('',(#498),#214,.T.);
#8684=ADVANCED_FACE('',(#499),#8386,.F.);
#8685=ADVANCED_FACE('',(#500),#215,.T.);
#8686=ADVANCED_FACE('',(#501),#8387,.F.);
#8687=ADVANCED_FACE('',(#502),#216,.T.);
#8688=ADVANCED_FACE('',(#503),#8388,.F.);
#8689=ADVANCED_FACE('',(#504),#217,.T.);
#8690=ADVANCED_FACE('',(#505),#8389,.F.);
#8691=ADVANCED_FACE('',(#506),#218,.T.);
#8692=ADVANCED_FACE('',(#507),#8390,.F.);
#8693=ADVANCED_FACE('',(#508),#8391,.F.);
#8694=ADVANCED_FACE('',(#509),#219,.T.);
#8695=ADVANCED_FACE('',(#510),#8392,.F.);
#8696=ADVANCED_FACE('',(#511),#220,.T.);
#8697=ADVANCED_FACE('',(#512),#8393,.F.);
#8698=ADVANCED_FACE('',(#513),#221,.T.);
#8699=ADVANCED_FACE('',(#514),#8394,.F.);
#8700=ADVANCED_FACE('',(#515),#222,.T.);
#8701=ADVANCED_FACE('',(#516),#8395,.F.);
#8702=ADVANCED_FACE('',(#517),#223,.T.);
#8703=ADVANCED_FACE('',(#518),#8396,.F.);
#8704=ADVANCED_FACE('',(#519),#224,.T.);
#8705=ADVANCED_FACE('',(#520),#8397,.F.);
#8706=ADVANCED_FACE('',(#521),#225,.T.);
#8707=ADVANCED_FACE('',(#522),#8398,.F.);
#8708=ADVANCED_FACE('',(#523),#226,.T.);
#8709=ADVANCED_FACE('',(#524),#8399,.F.);
#8710=ADVANCED_FACE('',(#525),#227,.T.);
#8711=ADVANCED_FACE('',(#526),#8400,.F.);
#8712=ADVANCED_FACE('',(#527),#228,.T.);
#8713=ADVANCED_FACE('',(#528),#8401,.F.);
#8714=ADVANCED_FACE('',(#529),#229,.T.);
#8715=ADVANCED_FACE('',(#530),#8402,.F.);
#8716=ADVANCED_FACE('',(#531),#230,.T.);
#8717=ADVANCED_FACE('',(#532),#8403,.F.);
#8718=ADVANCED_FACE('',(#533),#231,.T.);
#8719=ADVANCED_FACE('',(#534),#8404,.F.);
#8720=ADVANCED_FACE('',(#535),#232,.T.);
#8721=ADVANCED_FACE('',(#536),#8405,.F.);
#8722=ADVANCED_FACE('',(#537),#233,.T.);
#8723=ADVANCED_FACE('',(#538),#8406,.F.);
#8724=ADVANCED_FACE('',(#539),#234,.T.);
#8725=ADVANCED_FACE('',(#540),#8407,.F.);
#8726=ADVANCED_FACE('',(#541),#235,.T.);
#8727=ADVANCED_FACE('',(#542),#8408,.F.);
#8728=ADVANCED_FACE('',(#543),#236,.T.);
#8729=ADVANCED_FACE('',(#544),#8409,.F.);
#8730=ADVANCED_FACE('',(#545),#237,.T.);
#8731=ADVANCED_FACE('',(#546),#8410,.F.);
#8732=ADVANCED_FACE('',(#547),#238,.T.);
#8733=ADVANCED_FACE('',(#548),#8411,.F.);
#8734=ADVANCED_FACE('',(#549),#239,.T.);
#8735=ADVANCED_FACE('',(#550),#8412,.F.);
#8736=ADVANCED_FACE('',(#551),#240,.T.);
#8737=ADVANCED_FACE('',(#552),#8413,.F.);
#8738=ADVANCED_FACE('',(#553),#241,.T.);
#8739=ADVANCED_FACE('',(#554),#8414,.F.);
#8740=ADVANCED_FACE('',(#555),#242,.T.);
#8741=ADVANCED_FACE('',(#556),#8415,.F.);
#8742=ADVANCED_FACE('',(#557),#243,.T.);
#8743=ADVANCED_FACE('',(#558),#8416,.F.);
#8744=ADVANCED_FACE('',(#559),#244,.T.);
#8745=ADVANCED_FACE('',(#560),#8417,.F.);
#8746=ADVANCED_FACE('',(#561),#245,.T.);
#8747=ADVANCED_FACE('',(#562),#8418,.F.);
#8748=ADVANCED_FACE('',(#563),#246,.T.);
#8749=ADVANCED_FACE('',(#564),#8419,.F.);
#8750=ADVANCED_FACE('',(#565),#8420,.F.);
#8751=ADVANCED_FACE('',(#566),#247,.T.);
#8752=ADVANCED_FACE('',(#567),#8421,.F.);
#8753=ADVANCED_FACE('',(#568),#248,.T.);
#8754=ADVANCED_FACE('',(#569),#8422,.F.);
#8755=ADVANCED_FACE('',(#570),#249,.T.);
#8756=ADVANCED_FACE('',(#571),#8423,.F.);
#8757=ADVANCED_FACE('',(#572),#250,.T.);
#8758=ADVANCED_FACE('',(#573),#8424,.F.);
#8759=ADVANCED_FACE('',(#574),#251,.T.);
#8760=ADVANCED_FACE('',(#575),#8425,.F.);
#8761=ADVANCED_FACE('',(#576),#252,.T.);
#8762=ADVANCED_FACE('',(#577),#8426,.F.);
#8763=ADVANCED_FACE('',(#578),#253,.T.);
#8764=ADVANCED_FACE('',(#579),#8427,.F.);
#8765=ADVANCED_FACE('',(#580),#8428,.F.);
#8766=ADVANCED_FACE('',(#581),#254,.T.);
#8767=ADVANCED_FACE('',(#582),#8429,.F.);
#8768=ADVANCED_FACE('',(#583),#255,.T.);
#8769=ADVANCED_FACE('',(#584),#8430,.F.);
#8770=ADVANCED_FACE('',(#585),#256,.T.);
#8771=ADVANCED_FACE('',(#586),#8431,.F.);
#8772=ADVANCED_FACE('',(#587),#257,.T.);
#8773=ADVANCED_FACE('',(#588),#8432,.F.);
#8774=ADVANCED_FACE('',(#589),#258,.T.);
#8775=ADVANCED_FACE('',(#590),#8433,.F.);
#8776=ADVANCED_FACE('',(#591),#259,.T.);
#8777=ADVANCED_FACE('',(#592),#8434,.F.);
#8778=ADVANCED_FACE('',(#593),#260,.T.);
#8779=ADVANCED_FACE('',(#594),#8435,.F.);
#8780=ADVANCED_FACE('',(#595),#261,.T.);
#8781=ADVANCED_FACE('',(#596),#8436,.F.);
#8782=ADVANCED_FACE('',(#597),#262,.T.);
#8783=ADVANCED_FACE('',(#598),#8437,.F.);
#8784=ADVANCED_FACE('',(#599),#263,.T.);
#8785=ADVANCED_FACE('',(#600),#8438,.F.);
#8786=ADVANCED_FACE('',(#601),#264,.T.);
#8787=ADVANCED_FACE('',(#602),#8439,.F.);
#8788=ADVANCED_FACE('',(#603),#265,.T.);
#8789=ADVANCED_FACE('',(#604),#8440,.F.);
#8790=ADVANCED_FACE('',(#605),#266,.T.);
#8791=ADVANCED_FACE('',(#606),#8441,.F.);
#8792=ADVANCED_FACE('',(#607),#267,.T.);
#8793=ADVANCED_FACE('',(#608),#8442,.F.);
#8794=ADVANCED_FACE('',(#609),#268,.T.);
#8795=ADVANCED_FACE('',(#610),#8443,.F.);
#8796=ADVANCED_FACE('',(#611),#269,.T.);
#8797=ADVANCED_FACE('',(#612),#8444,.F.);
#8798=ADVANCED_FACE('',(#613),#8445,.F.);
#8799=ADVANCED_FACE('',(#614),#270,.T.);
#8800=ADVANCED_FACE('',(#615),#8446,.F.);
#8801=ADVANCED_FACE('',(#616),#271,.T.);
#8802=ADVANCED_FACE('',(#617),#8447,.F.);
#8803=ADVANCED_FACE('',(#618),#272,.T.);
#8804=ADVANCED_FACE('',(#619),#8448,.F.);
#8805=ADVANCED_FACE('',(#620),#273,.T.);
#8806=ADVANCED_FACE('',(#621),#8449,.F.);
#8807=ADVANCED_FACE('',(#622),#8450,.F.);
#8808=ADVANCED_FACE('',(#623),#274,.T.);
#8809=ADVANCED_FACE('',(#624),#8451,.F.);
#8810=ADVANCED_FACE('',(#625),#8452,.F.);
#8811=ADVANCED_FACE('',(#626),#275,.T.);
#8812=ADVANCED_FACE('',(#627),#8453,.F.);
#8813=ADVANCED_FACE('',(#628),#276,.T.);
#8814=ADVANCED_FACE('',(#629),#8454,.F.);
#8815=ADVANCED_FACE('',(#630),#277,.T.);
#8816=ADVANCED_FACE('',(#631),#8455,.F.);
#8817=ADVANCED_FACE('',(#632),#8456,.F.);
#8818=ADVANCED_FACE('',(#633),#278,.T.);
#8819=ADVANCED_FACE('',(#634),#8457,.F.);
#8820=ADVANCED_FACE('',(#635),#279,.T.);
#8821=ADVANCED_FACE('',(#636),#8458,.F.);
#8822=ADVANCED_FACE('',(#637),#280,.T.);
#8823=ADVANCED_FACE('',(#638),#8459,.F.);
#8824=ADVANCED_FACE('',(#639),#8460,.F.);
#8825=ADVANCED_FACE('',(#640),#281,.T.);
#8826=ADVANCED_FACE('',(#641),#8461,.F.);
#8827=ADVANCED_FACE('',(#642),#282,.T.);
#8828=ADVANCED_FACE('',(#643),#8462,.F.);
#8829=ADVANCED_FACE('',(#644),#283,.T.);
#8830=ADVANCED_FACE('',(#645),#8463,.F.);
#8831=ADVANCED_FACE('',(#646),#8464,.F.);
#8832=ADVANCED_FACE('',(#647),#284,.T.);
#8833=ADVANCED_FACE('',(#648),#8465,.F.);
#8834=ADVANCED_FACE('',(#649),#285,.T.);
#8835=ADVANCED_FACE('',(#650),#8466,.F.);
#8836=ADVANCED_FACE('',(#651),#286,.T.);
#8837=ADVANCED_FACE('',(#652),#8467,.F.);
#8838=ADVANCED_FACE('',(#653),#287,.T.);
#8839=ADVANCED_FACE('',(#654),#8468,.F.);
#8840=ADVANCED_FACE('',(#655),#288,.T.);
#8841=ADVANCED_FACE('',(#656),#8469,.F.);
#8842=ADVANCED_FACE('',(#657),#289,.T.);
#8843=ADVANCED_FACE('',(#658),#8470,.F.);
#8844=ADVANCED_FACE('',(#659),#290,.T.);
#8845=ADVANCED_FACE('',(#660),#8471,.F.);
#8846=ADVANCED_FACE('',(#661),#8472,.F.);
#8847=ADVANCED_FACE('',(#662),#291,.T.);
#8848=ADVANCED_FACE('',(#663),#8473,.F.);
#8849=ADVANCED_FACE('',(#664),#292,.T.);
#8850=ADVANCED_FACE('',(#665),#8474,.F.);
#8851=ADVANCED_FACE('',(#666),#293,.T.);
#8852=ADVANCED_FACE('',(#667),#8475,.F.);
#8853=ADVANCED_FACE('',(#668),#8476,.F.);
#8854=ADVANCED_FACE('',(#669),#294,.T.);
#8855=ADVANCED_FACE('',(#670),#8477,.F.);
#8856=ADVANCED_FACE('',(#671),#295,.T.);
#8857=ADVANCED_FACE('',(#672),#8478,.F.);
#8858=ADVANCED_FACE('',(#673),#296,.T.);
#8859=ADVANCED_FACE('',(#674),#8479,.F.);
#8860=ADVANCED_FACE('',(#675),#8480,.F.);
#8861=ADVANCED_FACE('',(#676),#297,.T.);
#8862=ADVANCED_FACE('',(#677),#8481,.F.);
#8863=ADVANCED_FACE('',(#678),#298,.T.);
#8864=ADVANCED_FACE('',(#679),#8482,.F.);
#8865=ADVANCED_FACE('',(#680),#299,.T.);
#8866=ADVANCED_FACE('',(#681),#8483,.F.);
#8867=ADVANCED_FACE('',(#682),#8484,.F.);
#8868=ADVANCED_FACE('',(#683),#300,.T.);
#8869=ADVANCED_FACE('',(#684),#8485,.F.);
#8870=ADVANCED_FACE('',(#685),#301,.T.);
#8871=ADVANCED_FACE('',(#686),#8486,.T.);
#8872=ADVANCED_FACE('',(#687),#302,.T.);
#8873=ADVANCED_FACE('',(#688),#8487,.F.);
#8874=ADVANCED_FACE('',(#689),#303,.T.);
#8875=ADVANCED_FACE('',(#690),#8488,.F.);
#8876=ADVANCED_FACE('',(#691),#304,.T.);
#8877=ADVANCED_FACE('',(#692),#8489,.T.);
#8878=ADVANCED_FACE('',(#693),#305,.T.);
#8879=ADVANCED_FACE('',(#694),#8490,.F.);
#8880=ADVANCED_FACE('',(#695),#306,.T.);
#8881=ADVANCED_FACE('',(#696),#8491,.F.);
#8882=ADVANCED_FACE('',(#697),#8492,.F.);
#8883=ADVANCED_FACE('',(#698),#307,.T.);
#8884=ADVANCED_FACE('',(#699),#8493,.F.);
#8885=ADVANCED_FACE('',(#700),#308,.T.);
#8886=ADVANCED_FACE('',(#701),#309,.T.);
#8887=ADVANCED_FACE('',(#702),#310,.T.);
#8888=ADVANCED_FACE('',(#703),#311,.T.);
#8889=ADVANCED_FACE('',(#704),#312,.T.);
#8890=ADVANCED_FACE('',(#705),#313,.T.);
#8891=ADVANCED_FACE('',(#706),#8494,.F.);
#8892=ADVANCED_FACE('',(#707),#35,.F.);
#8893=ADVANCED_FACE('',(#708),#31,.T.);
#8894=ADVANCED_FACE('',(#709),#8495,.T.);
#8895=ADVANCED_FACE('',(#710),#8496,.T.);
#8896=ADVANCED_FACE('',(#711),#314,.F.);
#8897=ADVANCED_FACE('',(#712),#32,.T.);
#8898=ADVANCED_FACE('',(#713),#36,.F.);
#8899=ADVANCED_FACE('',(#714),#8497,.F.);
#8900=ADVANCED_FACE('',(#715),#315,.F.);
#8901=ADVANCED_FACE('',(#716),#8498,.T.);
#8902=ADVANCED_FACE('',(#717),#8499,.F.);
#8903=ADVANCED_FACE('',(#718),#37,.F.);
#8904=ADVANCED_FACE('',(#719),#33,.T.);
#8905=ADVANCED_FACE('',(#720),#34,.T.);
#8906=ADVANCED_FACE('',(#721),#38,.F.);
#8907=ADVANCED_FACE('',(#722),#8500,.F.);
#8908=ADVANCED_FACE('',(#723),#316,.F.);
#8909=ADVANCED_FACE('',(#724),#8501,.T.);
#8910=ADVANCED_FACE('',(#725),#317,.F.);
#8911=ADVANCED_FACE('',(#726),#8502,.F.);
#8912=ADVANCED_FACE('',(#727),#318,.T.);
#8913=ADVANCED_FACE('',(#728),#8503,.T.);
#8914=ADVANCED_FACE('',(#729),#319,.T.);
#8915=ADVANCED_FACE('',(#730),#8504,.T.);
#8916=ADVANCED_FACE('',(#731),#320,.T.);
#8917=ADVANCED_FACE('',(#732),#8505,.F.);
#8918=ADVANCED_FACE('',(#733),#321,.T.);
#8919=ADVANCED_FACE('',(#734),#322,.T.);
#8920=ADVANCED_FACE('',(#735),#39,.T.);
#8921=ADVANCED_FACE('',(#736),#8506,.T.);
#8922=ADVANCED_FACE('',(#737),#40,.T.);
#8923=ADVANCED_FACE('',(#738),#8507,.T.);
#8924=ADVANCED_FACE('',(#739),#41,.T.);
#8925=ADVANCED_FACE('',(#740),#8508,.T.);
#8926=ADVANCED_FACE('',(#741),#42,.T.);
#8927=ADVANCED_FACE('',(#742),#8509,.T.);
#8928=ADVANCED_FACE('',(#743),#8510,.T.);
#8929=ADVANCED_FACE('',(#744),#323,.T.);
#8930=ADVANCED_FACE('',(#745),#8511,.T.);
#8931=ADVANCED_FACE('',(#746),#8512,.F.);
#8932=ADVANCED_FACE('',(#747,#135),#324,.F.);
#8933=ADVANCED_FACE('',(#748),#43,.T.);
#8934=ADVANCED_FACE('',(#749),#8513,.T.);
#8935=ADVANCED_FACE('',(#750),#44,.T.);
#8936=ADVANCED_FACE('',(#751),#8514,.T.);
#8937=ADVANCED_FACE('',(#752),#45,.T.);
#8938=ADVANCED_FACE('',(#753),#8515,.T.);
#8939=ADVANCED_FACE('',(#754),#46,.T.);
#8940=ADVANCED_FACE('',(#755),#8516,.T.);
#8941=ADVANCED_FACE('',(#756),#325,.T.);
#8942=ADVANCED_FACE('',(#757),#8517,.T.);
#8943=ADVANCED_FACE('',(#758,#136),#326,.T.);
#8944=ADVANCED_FACE('',(#759),#327,.F.);
#8945=ADVANCED_FACE('',(#760),#8518,.F.);
#8946=ADVANCED_FACE('',(#761),#328,.F.);
#8947=ADVANCED_FACE('',(#762),#8519,.F.);
#8948=ADVANCED_FACE('',(#763),#329,.F.);
#8949=ADVANCED_FACE('',(#764),#330,.F.);
#8950=ADVANCED_FACE('',(#765),#8520,.F.);
#8951=ADVANCED_FACE('',(#766,#137),#331,.T.);
#8952=ADVANCED_FACE('',(#767),#332,.F.);
#8953=ADVANCED_FACE('',(#768),#333,.F.);
#8954=ADVANCED_FACE('',(#769),#334,.F.);
#8955=ADVANCED_FACE('',(#770),#335,.F.);
#8956=ADVANCED_FACE('',(#771),#336,.T.);
#8957=ADVANCED_FACE('',(#772),#337,.T.);
#8958=ADVANCED_FACE('',(#773),#8521,.F.);
#8959=ADVANCED_FACE('',(#774),#338,.T.);
#8960=ADVANCED_FACE('',(#775),#339,.T.);
#8961=ADVANCED_FACE('',(#776),#340,.T.);
#8962=ADVANCED_FACE('',(#777),#341,.T.);
#8963=ADVANCED_FACE('',(#778),#8522,.F.);
#8964=ADVANCED_FACE('',(#779),#8523,.F.);
#8965=ADVANCED_FACE('',(#780),#8524,.F.);
#8966=ADVANCED_FACE('',(#781),#8525,.F.);
#8967=ADVANCED_FACE('',(#782),#342,.T.);
#8968=ADVANCED_FACE('',(#783),#8526,.F.);
#8969=ADVANCED_FACE('',(#784),#8527,.F.);
#8970=ADVANCED_FACE('',(#785),#8528,.F.);
#8971=ADVANCED_FACE('',(#786),#343,.T.);
#8972=ADVANCED_FACE('',(#787),#8529,.T.);
#8973=ADVANCED_FACE('',(#788),#344,.T.);
#8974=ADVANCED_FACE('',(#789),#345,.T.);
#8975=ADVANCED_FACE('',(#790),#8530,.T.);
#8976=ADVANCED_FACE('',(#791),#346,.T.);
#8977=ADVANCED_FACE('',(#792),#8531,.T.);
#8978=CLOSED_SHELL('',(#8532,#8533,#8534,#8535,#8536,#8537,#8538,#8539,
#8540,#8541,#8542,#8543,#8544,#8545,#8546,#8547,#8548,#8549,#8550,#8551,
#8552,#8553,#8554,#8555,#8556,#8557,#8558,#8559,#8560,#8561,#8562,#8563,
#8564,#8565,#8566,#8567,#8568,#8569,#8570,#8571,#8572,#8573,#8574,#8575,
#8576,#8577,#8578,#8579,#8580,#8581,#8582,#8583,#8584,#8585,#8586,#8587,
#8588,#8589,#8590,#8591,#8592,#8593,#8594,#8595,#8596,#8597,#8598,#8599,
#8600,#8601,#8602,#8603,#8604,#8605,#8606,#8607,#8608,#8609,#8610,#8611,
#8612,#8613,#8614,#8615,#8616,#8617,#8618,#8619,#8620,#8621,#8622,#8623,
#8624,#8625,#8626,#8627,#8628,#8629,#8630,#8631,#8632,#8633,#8634,#8635,
#8636,#8637,#8638,#8639,#8640,#8641,#8642,#8643,#8644,#8645,#8646,#8647,
#8648,#8649,#8650,#8651,#8652,#8653,#8654,#8655,#8656,#8657,#8658,#8659,
#8660,#8661,#8662,#8663,#8664,#8665,#8666,#8667,#8668,#8669,#8670,#8671,
#8672,#8673,#8674,#8675,#8676,#8677,#8678,#8679,#8680,#8681,#8682,#8683,
#8684,#8685,#8686,#8687,#8688,#8689,#8690,#8691,#8692,#8693,#8694,#8695,
#8696,#8697,#8698,#8699,#8700,#8701,#8702,#8703,#8704,#8705,#8706,#8707,
#8708,#8709,#8710,#8711,#8712,#8713,#8714,#8715,#8716,#8717,#8718,#8719,
#8720,#8721,#8722,#8723,#8724,#8725,#8726,#8727,#8728,#8729,#8730,#8731,
#8732,#8733,#8734,#8735,#8736,#8737,#8738,#8739,#8740,#8741,#8742,#8743,
#8744,#8745,#8746,#8747,#8748,#8749,#8750,#8751,#8752,#8753,#8754,#8755,
#8756,#8757,#8758,#8759,#8760,#8761,#8762,#8763,#8764,#8765,#8766,#8767,
#8768,#8769,#8770,#8771,#8772,#8773,#8774,#8775,#8776,#8777,#8778,#8779,
#8780,#8781,#8782,#8783,#8784,#8785,#8786,#8787,#8788,#8789,#8790,#8791,
#8792,#8793,#8794,#8795,#8796,#8797,#8798,#8799,#8800,#8801,#8802,#8803,
#8804,#8805,#8806,#8807,#8808,#8809,#8810,#8811,#8812,#8813,#8814,#8815,
#8816,#8817,#8818,#8819,#8820,#8821,#8822,#8823,#8824,#8825,#8826,#8827,
#8828,#8829,#8830,#8831,#8832,#8833,#8834,#8835,#8836,#8837,#8838,#8839,
#8840,#8841,#8842,#8843,#8844,#8845,#8846,#8847,#8848,#8849,#8850,#8851,
#8852,#8853,#8854,#8855,#8856,#8857,#8858,#8859,#8860,#8861,#8862,#8863,
#8864,#8865,#8866,#8867,#8868,#8869,#8870,#8871,#8872,#8873,#8874,#8875,
#8876,#8877,#8878,#8879,#8880,#8881,#8882,#8883,#8884,#8885,#8886,#8887,
#8888,#8889,#8890,#8891,#8892,#8893,#8894,#8895,#8896,#8897,#8898,#8899,
#8900,#8901,#8902,#8903,#8904,#8905,#8906,#8907,#8908,#8909,#8910,#8911,
#8912,#8913,#8914,#8915,#8916,#8917,#8918,#8919,#8920,#8921,#8922,#8923,
#8924,#8925,#8926,#8927,#8928,#8929,#8930,#8931,#8932,#8933,#8934,#8935,
#8936,#8937,#8938,#8939,#8940,#8941,#8942,#8943,#8944,#8945,#8946,#8947,
#8948,#8949,#8950,#8951,#8952,#8953,#8954,#8955,#8956,#8957,#8958,#8959,
#8960,#8961,#8962,#8963,#8964,#8965,#8966,#8967,#8968,#8969,#8970,#8971,
#8972,#8973,#8974,#8975,#8976,#8977));
#8979=DERIVED_UNIT_ELEMENT(#8981,1.);
#8980=DERIVED_UNIT_ELEMENT(#15613,-3.);
#8981=(
MASS_UNIT()
NAMED_UNIT(*)
SI_UNIT(.KILO.,.GRAM.)
);
#8982=DERIVED_UNIT((#8979,#8980));
#8983=MEASURE_REPRESENTATION_ITEM('density measure',
POSITIVE_RATIO_MEASURE(7850.),#8982);
#8984=PROPERTY_DEFINITION_REPRESENTATION(#8989,#8986);
#8985=PROPERTY_DEFINITION_REPRESENTATION(#8990,#8987);
#8986=REPRESENTATION('material name',(#8988),#15610);
#8987=REPRESENTATION('density',(#8983),#15610);
#8988=DESCRIPTIVE_REPRESENTATION_ITEM('\X2\92FC\X0\','\X2\92FC\X0\');
#8989=PROPERTY_DEFINITION('material property','material name',#15620);
#8990=PROPERTY_DEFINITION('material property','density of part',#15620);
#8991=AXIS2_PLACEMENT_3D('',#12527,#9886,#9887);
#8992=AXIS2_PLACEMENT_3D('',#12528,#9888,#9889);
#8993=AXIS2_PLACEMENT_3D('',#12531,#9890,#9891);
#8994=AXIS2_PLACEMENT_3D('',#12535,#9893,#9894);
#8995=AXIS2_PLACEMENT_3D('',#12537,#9896,#9897);
#8996=AXIS2_PLACEMENT_3D('',#12539,#9898,#9899);
#8997=AXIS2_PLACEMENT_3D('',#12542,#9901,#9902);
#8998=AXIS2_PLACEMENT_3D('',#12543,#9903,#9904);
#8999=AXIS2_PLACEMENT_3D('',#12545,#9905,#9906);
#9000=AXIS2_PLACEMENT_3D('',#12547,#9907,#9908);
#9001=AXIS2_PLACEMENT_3D('',#12549,#9910,#9911);
#9002=AXIS2_PLACEMENT_3D('',#12555,#9915,#9916);
#9003=AXIS2_PLACEMENT_3D('',#12558,#9917,#9918);
#9004=AXIS2_PLACEMENT_3D('',#12562,#9920,#9921);
#9005=AXIS2_PLACEMENT_3D('',#12564,#9923,#9924);
#9006=AXIS2_PLACEMENT_3D('',#12566,#9925,#9926);
#9007=AXIS2_PLACEMENT_3D('',#12569,#9928,#9929);
#9008=AXIS2_PLACEMENT_3D('',#12570,#9930,#9931);
#9009=AXIS2_PLACEMENT_3D('',#12572,#9932,#9933);
#9010=AXIS2_PLACEMENT_3D('',#12575,#9935,#9936);
#9011=AXIS2_PLACEMENT_3D('',#12576,#9937,#9938);
#9012=AXIS2_PLACEMENT_3D('',#12581,#9940,#9941);
#9013=AXIS2_PLACEMENT_3D('',#12589,#9945,#9946);
#9014=AXIS2_PLACEMENT_3D('',#12593,#9948,#9949);
#9015=AXIS2_PLACEMENT_3D('',#12605,#9955,#9956);
#9016=AXIS2_PLACEMENT_3D('',#12609,#9958,#9959);
#9017=AXIS2_PLACEMENT_3D('',#12613,#9961,#9962);
#9018=AXIS2_PLACEMENT_3D('',#12617,#9964,#9965);
#9019=AXIS2_PLACEMENT_3D('',#12621,#9967,#9968);
#9020=AXIS2_PLACEMENT_3D('',#12625,#9970,#9971);
#9021=AXIS2_PLACEMENT_3D('',#12633,#9975,#9976);
#9022=AXIS2_PLACEMENT_3D('',#12637,#9978,#9979);
#9023=AXIS2_PLACEMENT_3D('',#12641,#9981,#9982);
#9024=AXIS2_PLACEMENT_3D('',#12645,#9984,#9985);
#9025=AXIS2_PLACEMENT_3D('',#12649,#9987,#9988);
#9026=AXIS2_PLACEMENT_3D('',#12653,#9990,#9991);
#9027=AXIS2_PLACEMENT_3D('',#12657,#9993,#9994);
#9028=AXIS2_PLACEMENT_3D('',#12661,#9996,#9997);
#9029=AXIS2_PLACEMENT_3D('',#12665,#9999,#10000);
#9030=AXIS2_PLACEMENT_3D('',#12669,#10002,#10003);
#9031=AXIS2_PLACEMENT_3D('',#12672,#10005,#10006);
#9032=AXIS2_PLACEMENT_3D('',#12675,#10007,#10008);
#9033=AXIS2_PLACEMENT_3D('',#12679,#10010,#10011);
#9034=AXIS2_PLACEMENT_3D('',#12683,#10013,#10014);
#9035=AXIS2_PLACEMENT_3D('',#12687,#10016,#10017);
#9036=AXIS2_PLACEMENT_3D('',#12693,#10020,#10021);
#9037=AXIS2_PLACEMENT_3D('',#12697,#10023,#10024);
#9038=AXIS2_PLACEMENT_3D('',#12701,#10026,#10027);
#9039=AXIS2_PLACEMENT_3D('',#12704,#10029,#10030);
#9040=AXIS2_PLACEMENT_3D('',#12709,#10032,#10033);
#9041=AXIS2_PLACEMENT_3D('',#12713,#10035,#10036);
#9042=AXIS2_PLACEMENT_3D('',#12717,#10038,#10039);
#9043=AXIS2_PLACEMENT_3D('',#12720,#10041,#10042);
#9044=AXIS2_PLACEMENT_3D('',#12725,#10044,#10045);
#9045=AXIS2_PLACEMENT_3D('',#12729,#10047,#10048);
#9046=AXIS2_PLACEMENT_3D('',#12733,#10050,#10051);
#9047=AXIS2_PLACEMENT_3D('',#12736,#10053,#10054);
#9048=AXIS2_PLACEMENT_3D('',#12741,#10056,#10057);
#9049=AXIS2_PLACEMENT_3D('',#12745,#10059,#10060);
#9050=AXIS2_PLACEMENT_3D('',#12749,#10062,#10063);
#9051=AXIS2_PLACEMENT_3D('',#12752,#10065,#10066);
#9052=AXIS2_PLACEMENT_3D('',#12757,#10068,#10069);
#9053=AXIS2_PLACEMENT_3D('',#12761,#10071,#10072);
#9054=AXIS2_PLACEMENT_3D('',#12765,#10074,#10075);
#9055=AXIS2_PLACEMENT_3D('',#12768,#10077,#10078);
#9056=AXIS2_PLACEMENT_3D('',#12773,#10080,#10081);
#9057=AXIS2_PLACEMENT_3D('',#12777,#10083,#10084);
#9058=AXIS2_PLACEMENT_3D('',#12781,#10086,#10087);
#9059=AXIS2_PLACEMENT_3D('',#12784,#10089,#10090);
#9060=AXIS2_PLACEMENT_3D('',#12787,#10091,#10092);
#9061=AXIS2_PLACEMENT_3D('',#12791,#10094,#10095);
#9062=AXIS2_PLACEMENT_3D('',#12795,#10097,#10098);
#9063=AXIS2_PLACEMENT_3D('',#12799,#10100,#10101);
#9064=AXIS2_PLACEMENT_3D('',#12803,#10103,#10104);
#9065=AXIS2_PLACEMENT_3D('',#12807,#10106,#10107);
#9066=AXIS2_PLACEMENT_3D('',#12811,#10109,#10110);
#9067=AXIS2_PLACEMENT_3D('',#12815,#10112,#10113);
#9068=AXIS2_PLACEMENT_3D('',#12818,#10115,#10116);
#9069=AXIS2_PLACEMENT_3D('',#12821,#10117,#10118);
#9070=AXIS2_PLACEMENT_3D('',#12825,#10120,#10121);
#9071=AXIS2_PLACEMENT_3D('',#12829,#10123,#10124);
#9072=AXIS2_PLACEMENT_3D('',#12833,#10126,#10127);
#9073=AXIS2_PLACEMENT_3D('',#12837,#10129,#10130);
#9074=AXIS2_PLACEMENT_3D('',#12841,#10132,#10133);
#9075=AXIS2_PLACEMENT_3D('',#12845,#10135,#10136);
#9076=AXIS2_PLACEMENT_3D('',#12849,#10138,#10139);
#9077=AXIS2_PLACEMENT_3D('',#12853,#10141,#10142);
#9078=AXIS2_PLACEMENT_3D('',#12857,#10144,#10145);
#9079=AXIS2_PLACEMENT_3D('',#12861,#10147,#10148);
#9080=AXIS2_PLACEMENT_3D('',#12865,#10150,#10151);
#9081=AXIS2_PLACEMENT_3D('',#12869,#10153,#10154);
#9082=AXIS2_PLACEMENT_3D('',#12873,#10156,#10157);
#9083=AXIS2_PLACEMENT_3D('',#12877,#10159,#10160);
#9084=AXIS2_PLACEMENT_3D('',#12881,#10162,#10163);
#9085=AXIS2_PLACEMENT_3D('',#12884,#10165,#10166);
#9086=AXIS2_PLACEMENT_3D('',#12887,#10167,#10168);
#9087=AXIS2_PLACEMENT_3D('',#12891,#10170,#10171);
#9088=AXIS2_PLACEMENT_3D('',#12895,#10173,#10174);
#9089=AXIS2_PLACEMENT_3D('',#12899,#10176,#10177);
#9090=AXIS2_PLACEMENT_3D('',#12902,#10179,#10180);
#9091=AXIS2_PLACEMENT_3D('',#12906,#10182,#10183);
#9092=AXIS2_PLACEMENT_3D('',#12910,#10185,#10186);
#9093=AXIS2_PLACEMENT_3D('',#12913,#10188,#10189);
#9094=AXIS2_PLACEMENT_3D('',#12915,#10190,#10191);
#9095=AXIS2_PLACEMENT_3D('',#12919,#10193,#10194);
#9096=AXIS2_PLACEMENT_3D('',#12923,#10196,#10197);
#9097=AXIS2_PLACEMENT_3D('',#12927,#10199,#10200);
#9098=AXIS2_PLACEMENT_3D('',#12931,#10202,#10203);
#9099=AXIS2_PLACEMENT_3D('',#12935,#10205,#10206);
#9100=AXIS2_PLACEMENT_3D('',#12939,#10208,#10209);
#9101=AXIS2_PLACEMENT_3D('',#12943,#10211,#10212);
#9102=AXIS2_PLACEMENT_3D('',#12947,#10214,#10215);
#9103=AXIS2_PLACEMENT_3D('',#12951,#10217,#10218);
#9104=AXIS2_PLACEMENT_3D('',#12955,#10220,#10221);
#9105=AXIS2_PLACEMENT_3D('',#12959,#10223,#10224);
#9106=AXIS2_PLACEMENT_3D('',#12963,#10226,#10227);
#9107=AXIS2_PLACEMENT_3D('',#12967,#10229,#10230);
#9108=AXIS2_PLACEMENT_3D('',#12971,#10232,#10233);
#9109=AXIS2_PLACEMENT_3D('',#12975,#10235,#10236);
#9110=AXIS2_PLACEMENT_3D('',#12979,#10238,#10239);
#9111=AXIS2_PLACEMENT_3D('',#12983,#10241,#10242);
#9112=AXIS2_PLACEMENT_3D('',#12987,#10244,#10245);
#9113=AXIS2_PLACEMENT_3D('',#12991,#10247,#10248);
#9114=AXIS2_PLACEMENT_3D('',#12995,#10250,#10251);
#9115=AXIS2_PLACEMENT_3D('',#12999,#10253,#10254);
#9116=AXIS2_PLACEMENT_3D('',#13003,#10256,#10257);
#9117=AXIS2_PLACEMENT_3D('',#13007,#10259,#10260);
#9118=AXIS2_PLACEMENT_3D('',#13011,#10262,#10263);
#9119=AXIS2_PLACEMENT_3D('',#13015,#10265,#10266);
#9120=AXIS2_PLACEMENT_3D('',#13019,#10268,#10269);
#9121=AXIS2_PLACEMENT_3D('',#13023,#10271,#10272);
#9122=AXIS2_PLACEMENT_3D('',#13026,#10274,#10275);
#9123=AXIS2_PLACEMENT_3D('',#13029,#10276,#10277);
#9124=AXIS2_PLACEMENT_3D('',#13033,#10279,#10280);
#9125=AXIS2_PLACEMENT_3D('',#13037,#10282,#10283);
#9126=AXIS2_PLACEMENT_3D('',#13041,#10285,#10286);
#9127=AXIS2_PLACEMENT_3D('',#13045,#10288,#10289);
#9128=AXIS2_PLACEMENT_3D('',#13049,#10291,#10292);
#9129=AXIS2_PLACEMENT_3D('',#13053,#10294,#10295);
#9130=AXIS2_PLACEMENT_3D('',#13057,#10297,#10298);
#9131=AXIS2_PLACEMENT_3D('',#13061,#10300,#10301);
#9132=AXIS2_PLACEMENT_3D('',#13065,#10303,#10304);
#9133=AXIS2_PLACEMENT_3D('',#13069,#10306,#10307);
#9134=AXIS2_PLACEMENT_3D('',#13073,#10309,#10310);
#9135=AXIS2_PLACEMENT_3D('',#13077,#10312,#10313);
#9136=AXIS2_PLACEMENT_3D('',#13081,#10315,#10316);
#9137=AXIS2_PLACEMENT_3D('',#13085,#10318,#10319);
#9138=AXIS2_PLACEMENT_3D('',#13089,#10321,#10322);
#9139=AXIS2_PLACEMENT_3D('',#13093,#10324,#10325);
#9140=AXIS2_PLACEMENT_3D('',#13097,#10327,#10328);
#9141=AXIS2_PLACEMENT_3D('',#13101,#10330,#10331);
#9142=AXIS2_PLACEMENT_3D('',#13105,#10333,#10334);
#9143=AXIS2_PLACEMENT_3D('',#13109,#10336,#10337);
#9144=AXIS2_PLACEMENT_3D('',#13113,#10339,#10340);
#9145=AXIS2_PLACEMENT_3D('',#13117,#10342,#10343);
#9146=AXIS2_PLACEMENT_3D('',#13121,#10345,#10346);
#9147=AXIS2_PLACEMENT_3D('',#13125,#10348,#10349);
#9148=AXIS2_PLACEMENT_3D('',#13129,#10351,#10352);
#9149=AXIS2_PLACEMENT_3D('',#13133,#10354,#10355);
#9150=AXIS2_PLACEMENT_3D('',#13137,#10357,#10358);
#9151=AXIS2_PLACEMENT_3D('',#13141,#10360,#10361);
#9152=AXIS2_PLACEMENT_3D('',#13145,#10363,#10364);
#9153=AXIS2_PLACEMENT_3D('',#13149,#10366,#10367);
#9154=AXIS2_PLACEMENT_3D('',#13153,#10369,#10370);
#9155=AXIS2_PLACEMENT_3D('',#13157,#10372,#10373);
#9156=AXIS2_PLACEMENT_3D('',#13161,#10375,#10376);
#9157=AXIS2_PLACEMENT_3D('',#13165,#10378,#10379);
#9158=AXIS2_PLACEMENT_3D('',#13169,#10381,#10382);
#9159=AXIS2_PLACEMENT_3D('',#13173,#10384,#10385);
#9160=AXIS2_PLACEMENT_3D('',#13177,#10387,#10388);
#9161=AXIS2_PLACEMENT_3D('',#13181,#10390,#10391);
#9162=AXIS2_PLACEMENT_3D('',#13185,#10393,#10394);
#9163=AXIS2_PLACEMENT_3D('',#13189,#10396,#10397);
#9164=AXIS2_PLACEMENT_3D('',#13193,#10399,#10400);
#9165=AXIS2_PLACEMENT_3D('',#13197,#10402,#10403);
#9166=AXIS2_PLACEMENT_3D('',#13201,#10405,#10406);
#9167=AXIS2_PLACEMENT_3D('',#13205,#10408,#10409);
#9168=AXIS2_PLACEMENT_3D('',#13209,#10411,#10412);
#9169=AXIS2_PLACEMENT_3D('',#13213,#10414,#10415);
#9170=AXIS2_PLACEMENT_3D('',#13217,#10417,#10418);
#9171=AXIS2_PLACEMENT_3D('',#13221,#10420,#10421);
#9172=AXIS2_PLACEMENT_3D('',#13225,#10423,#10424);
#9173=AXIS2_PLACEMENT_3D('',#13229,#10426,#10427);
#9174=AXIS2_PLACEMENT_3D('',#13233,#10429,#10430);
#9175=AXIS2_PLACEMENT_3D('',#13237,#10432,#10433);
#9176=AXIS2_PLACEMENT_3D('',#13241,#10435,#10436);
#9177=AXIS2_PLACEMENT_3D('',#13245,#10438,#10439);
#9178=AXIS2_PLACEMENT_3D('',#13249,#10441,#10442);
#9179=AXIS2_PLACEMENT_3D('',#13253,#10444,#10445);
#9180=AXIS2_PLACEMENT_3D('',#13257,#10447,#10448);
#9181=AXIS2_PLACEMENT_3D('',#13261,#10450,#10451);
#9182=AXIS2_PLACEMENT_3D('',#13265,#10453,#10454);
#9183=AXIS2_PLACEMENT_3D('',#13269,#10456,#10457);
#9184=AXIS2_PLACEMENT_3D('',#13273,#10459,#10460);
#9185=AXIS2_PLACEMENT_3D('',#13277,#10462,#10463);
#9186=AXIS2_PLACEMENT_3D('',#13281,#10465,#10466);
#9187=AXIS2_PLACEMENT_3D('',#13285,#10468,#10469);
#9188=AXIS2_PLACEMENT_3D('',#13289,#10471,#10472);
#9189=AXIS2_PLACEMENT_3D('',#13293,#10474,#10475);
#9190=AXIS2_PLACEMENT_3D('',#13297,#10477,#10478);
#9191=AXIS2_PLACEMENT_3D('',#13301,#10480,#10481);
#9192=AXIS2_PLACEMENT_3D('',#13305,#10483,#10484);
#9193=AXIS2_PLACEMENT_3D('',#13309,#10486,#10487);
#9194=AXIS2_PLACEMENT_3D('',#13313,#10489,#10490);
#9195=AXIS2_PLACEMENT_3D('',#13315,#10492,#10493);
#9196=AXIS2_PLACEMENT_3D('',#13321,#10497,#10498);
#9197=AXIS2_PLACEMENT_3D('',#13323,#10499,#10500);
#9198=AXIS2_PLACEMENT_3D('',#13327,#10502,#10503);
#9199=AXIS2_PLACEMENT_3D('',#13331,#10505,#10506);
#9200=AXIS2_PLACEMENT_3D('',#13335,#10508,#10509);
#9201=AXIS2_PLACEMENT_3D('',#13339,#10511,#10512);
#9202=AXIS2_PLACEMENT_3D('',#13343,#10514,#10515);
#9203=AXIS2_PLACEMENT_3D('',#13347,#10517,#10518);
#9204=AXIS2_PLACEMENT_3D('',#13351,#10520,#10521);
#9205=AXIS2_PLACEMENT_3D('',#13355,#10523,#10524);
#9206=AXIS2_PLACEMENT_3D('',#13359,#10526,#10527);
#9207=AXIS2_PLACEMENT_3D('',#13363,#10529,#10530);
#9208=AXIS2_PLACEMENT_3D('',#13371,#10534,#10535);
#9209=AXIS2_PLACEMENT_3D('',#13375,#10537,#10538);
#9210=AXIS2_PLACEMENT_3D('',#13379,#10540,#10541);
#9211=AXIS2_PLACEMENT_3D('',#13383,#10543,#10544);
#9212=AXIS2_PLACEMENT_3D('',#13387,#10546,#10547);
#9213=AXIS2_PLACEMENT_3D('',#13391,#10549,#10550);
#9214=AXIS2_PLACEMENT_3D('',#13395,#10552,#10553);
#9215=AXIS2_PLACEMENT_3D('',#13399,#10555,#10556);
#9216=AXIS2_PLACEMENT_3D('',#13403,#10558,#10559);
#9217=AXIS2_PLACEMENT_3D('',#13407,#10561,#10562);
#9218=AXIS2_PLACEMENT_3D('',#13411,#10564,#10565);
#9219=AXIS2_PLACEMENT_3D('',#13415,#10567,#10568);
#9220=AXIS2_PLACEMENT_3D('',#13422,#10572,#10573);
#9221=AXIS2_PLACEMENT_3D('',#13426,#10575,#10576);
#9222=AXIS2_PLACEMENT_3D('',#13430,#10578,#10579);
#9223=AXIS2_PLACEMENT_3D('',#13434,#10581,#10582);
#9224=AXIS2_PLACEMENT_3D('',#13437,#10584,#10585);
#9225=AXIS2_PLACEMENT_3D('',#13440,#10586,#10587);
#9226=AXIS2_PLACEMENT_3D('',#13444,#10589,#10590);
#9227=AXIS2_PLACEMENT_3D('',#13448,#10592,#10593);
#9228=AXIS2_PLACEMENT_3D('',#13452,#10595,#10596);
#9229=AXIS2_PLACEMENT_3D('',#13456,#10598,#10599);
#9230=AXIS2_PLACEMENT_3D('',#13460,#10601,#10602);
#9231=AXIS2_PLACEMENT_3D('',#13464,#10604,#10605);
#9232=AXIS2_PLACEMENT_3D('',#13468,#10607,#10608);
#9233=AXIS2_PLACEMENT_3D('',#13472,#10610,#10611);
#9234=AXIS2_PLACEMENT_3D('',#13476,#10613,#10614);
#9235=AXIS2_PLACEMENT_3D('',#13480,#10616,#10617);
#9236=AXIS2_PLACEMENT_3D('',#13484,#10619,#10620);
#9237=AXIS2_PLACEMENT_3D('',#13488,#10622,#10623);
#9238=AXIS2_PLACEMENT_3D('',#13492,#10625,#10626);
#9239=AXIS2_PLACEMENT_3D('',#13496,#10628,#10629);
#9240=AXIS2_PLACEMENT_3D('',#13500,#10631,#10632);
#9241=AXIS2_PLACEMENT_3D('',#13504,#10634,#10635);
#9242=AXIS2_PLACEMENT_3D('',#13508,#10637,#10638);
#9243=AXIS2_PLACEMENT_3D('',#13512,#10640,#10641);
#9244=AXIS2_PLACEMENT_3D('',#13516,#10643,#10644);
#9245=AXIS2_PLACEMENT_3D('',#13520,#10646,#10647);
#9246=AXIS2_PLACEMENT_3D('',#13524,#10649,#10650);
#9247=AXIS2_PLACEMENT_3D('',#13528,#10652,#10653);
#9248=AXIS2_PLACEMENT_3D('',#13532,#10655,#10656);
#9249=AXIS2_PLACEMENT_3D('',#13536,#10658,#10659);
#9250=AXIS2_PLACEMENT_3D('',#13540,#10661,#10662);
#9251=AXIS2_PLACEMENT_3D('',#13544,#10664,#10665);
#9252=AXIS2_PLACEMENT_3D('',#13548,#10667,#10668);
#9253=AXIS2_PLACEMENT_3D('',#13552,#10670,#10671);
#9254=AXIS2_PLACEMENT_3D('',#13556,#10673,#10674);
#9255=AXIS2_PLACEMENT_3D('',#13560,#10676,#10677);
#9256=AXIS2_PLACEMENT_3D('',#13564,#10679,#10680);
#9257=AXIS2_PLACEMENT_3D('',#13568,#10682,#10683);
#9258=AXIS2_PLACEMENT_3D('',#13572,#10685,#10686);
#9259=AXIS2_PLACEMENT_3D('',#13576,#10688,#10689);
#9260=AXIS2_PLACEMENT_3D('',#13580,#10691,#10692);
#9261=AXIS2_PLACEMENT_3D('',#13584,#10694,#10695);
#9262=AXIS2_PLACEMENT_3D('',#13588,#10697,#10698);
#9263=AXIS2_PLACEMENT_3D('',#13592,#10700,#10701);
#9264=AXIS2_PLACEMENT_3D('',#13596,#10703,#10704);
#9265=AXIS2_PLACEMENT_3D('',#13600,#10706,#10707);
#9266=AXIS2_PLACEMENT_3D('',#13604,#10709,#10710);
#9267=AXIS2_PLACEMENT_3D('',#13608,#10712,#10713);
#9268=AXIS2_PLACEMENT_3D('',#13612,#10715,#10716);
#9269=AXIS2_PLACEMENT_3D('',#13616,#10718,#10719);
#9270=AXIS2_PLACEMENT_3D('',#13620,#10721,#10722);
#9271=AXIS2_PLACEMENT_3D('',#13624,#10724,#10725);
#9272=AXIS2_PLACEMENT_3D('',#13628,#10727,#10728);
#9273=AXIS2_PLACEMENT_3D('',#13632,#10730,#10731);
#9274=AXIS2_PLACEMENT_3D('',#13636,#10733,#10734);
#9275=AXIS2_PLACEMENT_3D('',#13640,#10736,#10737);
#9276=AXIS2_PLACEMENT_3D('',#13644,#10739,#10740);
#9277=AXIS2_PLACEMENT_3D('',#13648,#10742,#10743);
#9278=AXIS2_PLACEMENT_3D('',#13652,#10745,#10746);
#9279=AXIS2_PLACEMENT_3D('',#13656,#10748,#10749);
#9280=AXIS2_PLACEMENT_3D('',#13660,#10751,#10752);
#9281=AXIS2_PLACEMENT_3D('',#13664,#10754,#10755);
#9282=AXIS2_PLACEMENT_3D('',#13668,#10757,#10758);
#9283=AXIS2_PLACEMENT_3D('',#13672,#10760,#10761);
#9284=AXIS2_PLACEMENT_3D('',#13676,#10763,#10764);
#9285=AXIS2_PLACEMENT_3D('',#13680,#10766,#10767);
#9286=AXIS2_PLACEMENT_3D('',#13684,#10769,#10770);
#9287=AXIS2_PLACEMENT_3D('',#13688,#10772,#10773);
#9288=AXIS2_PLACEMENT_3D('',#13692,#10775,#10776);
#9289=AXIS2_PLACEMENT_3D('',#13696,#10778,#10779);
#9290=AXIS2_PLACEMENT_3D('',#13700,#10781,#10782);
#9291=AXIS2_PLACEMENT_3D('',#13704,#10784,#10785);
#9292=AXIS2_PLACEMENT_3D('',#13708,#10787,#10788);
#9293=AXIS2_PLACEMENT_3D('',#13712,#10790,#10791);
#9294=AXIS2_PLACEMENT_3D('',#13716,#10793,#10794);
#9295=AXIS2_PLACEMENT_3D('',#13720,#10796,#10797);
#9296=AXIS2_PLACEMENT_3D('',#13724,#10799,#10800);
#9297=AXIS2_PLACEMENT_3D('',#13728,#10802,#10803);
#9298=AXIS2_PLACEMENT_3D('',#13732,#10805,#10806);
#9299=AXIS2_PLACEMENT_3D('',#13736,#10808,#10809);
#9300=AXIS2_PLACEMENT_3D('',#13740,#10811,#10812);
#9301=AXIS2_PLACEMENT_3D('',#13744,#10814,#10815);
#9302=AXIS2_PLACEMENT_3D('',#13748,#10817,#10818);
#9303=AXIS2_PLACEMENT_3D('',#13752,#10820,#10821);
#9304=AXIS2_PLACEMENT_3D('',#13756,#10823,#10824);
#9305=AXIS2_PLACEMENT_3D('',#13760,#10826,#10827);
#9306=AXIS2_PLACEMENT_3D('',#13764,#10829,#10830);
#9307=AXIS2_PLACEMENT_3D('',#13768,#10832,#10833);
#9308=AXIS2_PLACEMENT_3D('',#13772,#10835,#10836);
#9309=AXIS2_PLACEMENT_3D('',#13776,#10838,#10839);
#9310=AXIS2_PLACEMENT_3D('',#13780,#10841,#10842);
#9311=AXIS2_PLACEMENT_3D('',#13784,#10844,#10845);
#9312=AXIS2_PLACEMENT_3D('',#13788,#10847,#10848);
#9313=AXIS2_PLACEMENT_3D('',#13792,#10850,#10851);
#9314=AXIS2_PLACEMENT_3D('',#13796,#10853,#10854);
#9315=AXIS2_PLACEMENT_3D('',#13800,#10856,#10857);
#9316=AXIS2_PLACEMENT_3D('',#13804,#10859,#10860);
#9317=AXIS2_PLACEMENT_3D('',#13808,#10862,#10863);
#9318=AXIS2_PLACEMENT_3D('',#13812,#10865,#10866);
#9319=AXIS2_PLACEMENT_3D('',#13816,#10868,#10869);
#9320=AXIS2_PLACEMENT_3D('',#13820,#10871,#10872);
#9321=AXIS2_PLACEMENT_3D('',#13824,#10874,#10875);
#9322=AXIS2_PLACEMENT_3D('',#13828,#10877,#10878);
#9323=AXIS2_PLACEMENT_3D('',#13832,#10880,#10881);
#9324=AXIS2_PLACEMENT_3D('',#13836,#10883,#10884);
#9325=AXIS2_PLACEMENT_3D('',#13840,#10886,#10887);
#9326=AXIS2_PLACEMENT_3D('',#13844,#10889,#10890);
#9327=AXIS2_PLACEMENT_3D('',#13848,#10892,#10893);
#9328=AXIS2_PLACEMENT_3D('',#13852,#10895,#10896);
#9329=AXIS2_PLACEMENT_3D('',#13855,#10898,#10899);
#9330=AXIS2_PLACEMENT_3D('',#13858,#10900,#10901);
#9331=AXIS2_PLACEMENT_3D('',#13862,#10903,#10904);
#9332=AXIS2_PLACEMENT_3D('',#13866,#10906,#10907);
#9333=AXIS2_PLACEMENT_3D('',#13870,#10909,#10910);
#9334=AXIS2_PLACEMENT_3D('',#13874,#10912,#10913);
#9335=AXIS2_PLACEMENT_3D('',#13878,#10915,#10916);
#9336=AXIS2_PLACEMENT_3D('',#13882,#10918,#10919);
#9337=AXIS2_PLACEMENT_3D('',#13886,#10921,#10922);
#9338=AXIS2_PLACEMENT_3D('',#13890,#10924,#10925);
#9339=AXIS2_PLACEMENT_3D('',#13894,#10927,#10928);
#9340=AXIS2_PLACEMENT_3D('',#13898,#10930,#10931);
#9341=AXIS2_PLACEMENT_3D('',#13902,#10933,#10934);
#9342=AXIS2_PLACEMENT_3D('',#13906,#10936,#10937);
#9343=AXIS2_PLACEMENT_3D('',#13910,#10939,#10940);
#9344=AXIS2_PLACEMENT_3D('',#13914,#10942,#10943);
#9345=AXIS2_PLACEMENT_3D('',#13918,#10945,#10946);
#9346=AXIS2_PLACEMENT_3D('',#13922,#10948,#10949);
#9347=AXIS2_PLACEMENT_3D('',#13926,#10951,#10952);
#9348=AXIS2_PLACEMENT_3D('',#13930,#10954,#10955);
#9349=AXIS2_PLACEMENT_3D('',#13934,#10957,#10958);
#9350=AXIS2_PLACEMENT_3D('',#13938,#10960,#10961);
#9351=AXIS2_PLACEMENT_3D('',#13942,#10963,#10964);
#9352=AXIS2_PLACEMENT_3D('',#13946,#10966,#10967);
#9353=AXIS2_PLACEMENT_3D('',#13950,#10969,#10970);
#9354=AXIS2_PLACEMENT_3D('',#13953,#10972,#10973);
#9355=AXIS2_PLACEMENT_3D('',#13955,#10974,#10975);
#9356=AXIS2_PLACEMENT_3D('',#13959,#10977,#10978);
#9357=AXIS2_PLACEMENT_3D('',#13963,#10980,#10981);
#9358=AXIS2_PLACEMENT_3D('',#13967,#10983,#10984);
#9359=AXIS2_PLACEMENT_3D('',#13971,#10986,#10987);
#9360=AXIS2_PLACEMENT_3D('',#13975,#10989,#10990);
#9361=AXIS2_PLACEMENT_3D('',#13979,#10992,#10993);
#9362=AXIS2_PLACEMENT_3D('',#13982,#10995,#10996);
#9363=AXIS2_PLACEMENT_3D('',#13985,#10997,#10998);
#9364=AXIS2_PLACEMENT_3D('',#13989,#11000,#11001);
#9365=AXIS2_PLACEMENT_3D('',#13993,#11003,#11004);
#9366=AXIS2_PLACEMENT_3D('',#13997,#11006,#11007);
#9367=AXIS2_PLACEMENT_3D('',#14001,#11009,#11010);
#9368=AXIS2_PLACEMENT_3D('',#14005,#11012,#11013);
#9369=AXIS2_PLACEMENT_3D('',#14009,#11015,#11016);
#9370=AXIS2_PLACEMENT_3D('',#14013,#11018,#11019);
#9371=AXIS2_PLACEMENT_3D('',#14017,#11021,#11022);
#9372=AXIS2_PLACEMENT_3D('',#14021,#11024,#11025);
#9373=AXIS2_PLACEMENT_3D('',#14025,#11027,#11028);
#9374=AXIS2_PLACEMENT_3D('',#14029,#11030,#11031);
#9375=AXIS2_PLACEMENT_3D('',#14033,#11033,#11034);
#9376=AXIS2_PLACEMENT_3D('',#14037,#11036,#11037);
#9377=AXIS2_PLACEMENT_3D('',#14041,#11039,#11040);
#9378=AXIS2_PLACEMENT_3D('',#14045,#11042,#11043);
#9379=AXIS2_PLACEMENT_3D('',#14048,#11045,#11046);
#9380=AXIS2_PLACEMENT_3D('',#14051,#11047,#11048);
#9381=AXIS2_PLACEMENT_3D('',#14055,#11050,#11051);
#9382=AXIS2_PLACEMENT_3D('',#14059,#11053,#11054);
#9383=AXIS2_PLACEMENT_3D('',#14063,#11056,#11057);
#9384=AXIS2_PLACEMENT_3D('',#14065,#11059,#11060);
#9385=AXIS2_PLACEMENT_3D('',#14068,#11063,#11064);
#9386=AXIS2_PLACEMENT_3D('',#14070,#11066,#11067);
#9387=AXIS2_PLACEMENT_3D('',#14072,#11069,#11070);
#9388=AXIS2_PLACEMENT_3D('',#14074,#11072,#11073);
#9389=AXIS2_PLACEMENT_3D('',#14077,#11076,#11077);
#9390=AXIS2_PLACEMENT_3D('',#14080,#11080,#11081);
#9391=AXIS2_PLACEMENT_3D('',#14082,#11083,#11084);
#9392=AXIS2_PLACEMENT_3D('',#14085,#11087,#11088);
#9393=AXIS2_PLACEMENT_3D('',#14087,#11090,#11091);
#9394=AXIS2_PLACEMENT_3D('',#14089,#11093,#11094);
#9395=AXIS2_PLACEMENT_3D('',#14091,#11096,#11097);
#9396=AXIS2_PLACEMENT_3D('',#14093,#11099,#11100);
#9397=AXIS2_PLACEMENT_3D('',#14095,#11102,#11103);
#9398=AXIS2_PLACEMENT_3D('',#14097,#11105,#11106);
#9399=AXIS2_PLACEMENT_3D('',#14098,#11107,#11108);
#9400=AXIS2_PLACEMENT_3D('',#14101,#11111,#11112);
#9401=AXIS2_PLACEMENT_3D('',#14103,#11114,#11115);
#9402=AXIS2_PLACEMENT_3D('',#14105,#11117,#11118);
#9403=AXIS2_PLACEMENT_3D('',#14107,#11120,#11121);
#9404=AXIS2_PLACEMENT_3D('',#14109,#11123,#11124);
#9405=AXIS2_PLACEMENT_3D('',#14111,#11126,#11127);
#9406=AXIS2_PLACEMENT_3D('',#14113,#11129,#11130);
#9407=AXIS2_PLACEMENT_3D('',#14114,#11131,#11132);
#9408=AXIS2_PLACEMENT_3D('',#14117,#11135,#11136);
#9409=AXIS2_PLACEMENT_3D('',#14119,#11138,#11139);
#9410=AXIS2_PLACEMENT_3D('',#14121,#11141,#11142);
#9411=AXIS2_PLACEMENT_3D('',#14123,#11144,#11145);
#9412=AXIS2_PLACEMENT_3D('',#14125,#11147,#11148);
#9413=AXIS2_PLACEMENT_3D('',#14127,#11150,#11151);
#9414=AXIS2_PLACEMENT_3D('',#14129,#11153,#11154);
#9415=AXIS2_PLACEMENT_3D('',#14130,#11155,#11156);
#9416=AXIS2_PLACEMENT_3D('',#14133,#11159,#11160);
#9417=AXIS2_PLACEMENT_3D('',#14135,#11162,#11163);
#9418=AXIS2_PLACEMENT_3D('',#14137,#11165,#11166);
#9419=AXIS2_PLACEMENT_3D('',#14139,#11168,#11169);
#9420=AXIS2_PLACEMENT_3D('',#14141,#11171,#11172);
#9421=AXIS2_PLACEMENT_3D('',#14143,#11174,#11175);
#9422=AXIS2_PLACEMENT_3D('',#14145,#11177,#11178);
#9423=AXIS2_PLACEMENT_3D('',#14146,#11179,#11180);
#9424=AXIS2_PLACEMENT_3D('',#14149,#11183,#11184);
#9425=AXIS2_PLACEMENT_3D('',#14151,#11186,#11187);
#9426=AXIS2_PLACEMENT_3D('',#14153,#11189,#11190);
#9427=AXIS2_PLACEMENT_3D('',#14155,#11192,#11193);
#9428=AXIS2_PLACEMENT_3D('',#14157,#11195,#11196);
#9429=AXIS2_PLACEMENT_3D('',#14159,#11198,#11199);
#9430=AXIS2_PLACEMENT_3D('',#14161,#11201,#11202);
#9431=AXIS2_PLACEMENT_3D('',#14162,#11203,#11204);
#9432=AXIS2_PLACEMENT_3D('',#14165,#11207,#11208);
#9433=AXIS2_PLACEMENT_3D('',#14167,#11210,#11211);
#9434=AXIS2_PLACEMENT_3D('',#14169,#11213,#11214);
#9435=AXIS2_PLACEMENT_3D('',#14171,#11216,#11217);
#9436=AXIS2_PLACEMENT_3D('',#14173,#11219,#11220);
#9437=AXIS2_PLACEMENT_3D('',#14175,#11222,#11223);
#9438=AXIS2_PLACEMENT_3D('',#14177,#11225,#11226);
#9439=AXIS2_PLACEMENT_3D('',#14178,#11227,#11228);
#9440=AXIS2_PLACEMENT_3D('',#14181,#11231,#11232);
#9441=AXIS2_PLACEMENT_3D('',#14183,#11234,#11235);
#9442=AXIS2_PLACEMENT_3D('',#14185,#11237,#11238);
#9443=AXIS2_PLACEMENT_3D('',#14187,#11240,#11241);
#9444=AXIS2_PLACEMENT_3D('',#14189,#11243,#11244);
#9445=AXIS2_PLACEMENT_3D('',#14191,#11246,#11247);
#9446=AXIS2_PLACEMENT_3D('',#14193,#11249,#11250);
#9447=AXIS2_PLACEMENT_3D('',#14194,#11251,#11252);
#9448=AXIS2_PLACEMENT_3D('',#14197,#11255,#11256);
#9449=AXIS2_PLACEMENT_3D('',#14199,#11258,#11259);
#9450=AXIS2_PLACEMENT_3D('',#14201,#11261,#11262);
#9451=AXIS2_PLACEMENT_3D('',#14203,#11264,#11265);
#9452=AXIS2_PLACEMENT_3D('',#14205,#11267,#11268);
#9453=AXIS2_PLACEMENT_3D('',#14207,#11270,#11271);
#9454=AXIS2_PLACEMENT_3D('',#14209,#11273,#11274);
#9455=AXIS2_PLACEMENT_3D('',#14210,#11275,#11276);
#9456=AXIS2_PLACEMENT_3D('',#14213,#11279,#11280);
#9457=AXIS2_PLACEMENT_3D('',#14215,#11282,#11283);
#9458=AXIS2_PLACEMENT_3D('',#14217,#11285,#11286);
#9459=AXIS2_PLACEMENT_3D('',#14219,#11288,#11289);
#9460=AXIS2_PLACEMENT_3D('',#14221,#11291,#11292);
#9461=AXIS2_PLACEMENT_3D('',#14223,#11294,#11295);
#9462=AXIS2_PLACEMENT_3D('',#14225,#11297,#11298);
#9463=AXIS2_PLACEMENT_3D('',#14226,#11299,#11300);
#9464=AXIS2_PLACEMENT_3D('',#14229,#11303,#11304);
#9465=AXIS2_PLACEMENT_3D('',#14231,#11306,#11307);
#9466=AXIS2_PLACEMENT_3D('',#14233,#11309,#11310);
#9467=AXIS2_PLACEMENT_3D('',#14235,#11312,#11313);
#9468=AXIS2_PLACEMENT_3D('',#14237,#11315,#11316);
#9469=AXIS2_PLACEMENT_3D('',#14239,#11318,#11319);
#9470=AXIS2_PLACEMENT_3D('',#14241,#11321,#11322);
#9471=AXIS2_PLACEMENT_3D('',#14242,#11323,#11324);
#9472=AXIS2_PLACEMENT_3D('',#14245,#11327,#11328);
#9473=AXIS2_PLACEMENT_3D('',#14247,#11330,#11331);
#9474=AXIS2_PLACEMENT_3D('',#14249,#11333,#11334);
#9475=AXIS2_PLACEMENT_3D('',#14251,#11336,#11337);
#9476=AXIS2_PLACEMENT_3D('',#14253,#11339,#11340);
#9477=AXIS2_PLACEMENT_3D('',#14255,#11342,#11343);
#9478=AXIS2_PLACEMENT_3D('',#14257,#11345,#11346);
#9479=AXIS2_PLACEMENT_3D('',#14258,#11347,#11348);
#9480=AXIS2_PLACEMENT_3D('',#14261,#11351,#11352);
#9481=AXIS2_PLACEMENT_3D('',#14263,#11354,#11355);
#9482=AXIS2_PLACEMENT_3D('',#14265,#11357,#11358);
#9483=AXIS2_PLACEMENT_3D('',#14267,#11360,#11361);
#9484=AXIS2_PLACEMENT_3D('',#14269,#11363,#11364);
#9485=AXIS2_PLACEMENT_3D('',#14271,#11366,#11367);
#9486=AXIS2_PLACEMENT_3D('',#14273,#11369,#11370);
#9487=AXIS2_PLACEMENT_3D('',#14274,#11371,#11372);
#9488=AXIS2_PLACEMENT_3D('',#14277,#11375,#11376);
#9489=AXIS2_PLACEMENT_3D('',#14279,#11378,#11379);
#9490=AXIS2_PLACEMENT_3D('',#14281,#11381,#11382);
#9491=AXIS2_PLACEMENT_3D('',#14283,#11384,#11385);
#9492=AXIS2_PLACEMENT_3D('',#14285,#11387,#11388);
#9493=AXIS2_PLACEMENT_3D('',#14287,#11390,#11391);
#9494=AXIS2_PLACEMENT_3D('',#14289,#11393,#11394);
#9495=AXIS2_PLACEMENT_3D('',#14290,#11395,#11396);
#9496=AXIS2_PLACEMENT_3D('',#14293,#11399,#11400);
#9497=AXIS2_PLACEMENT_3D('',#14295,#11402,#11403);
#9498=AXIS2_PLACEMENT_3D('',#14297,#11405,#11406);
#9499=AXIS2_PLACEMENT_3D('',#14299,#11408,#11409);
#9500=AXIS2_PLACEMENT_3D('',#14301,#11411,#11412);
#9501=AXIS2_PLACEMENT_3D('',#14303,#11414,#11415);
#9502=AXIS2_PLACEMENT_3D('',#14305,#11417,#11418);
#9503=AXIS2_PLACEMENT_3D('',#14306,#11419,#11420);
#9504=AXIS2_PLACEMENT_3D('',#14309,#11423,#11424);
#9505=AXIS2_PLACEMENT_3D('',#14311,#11426,#11427);
#9506=AXIS2_PLACEMENT_3D('',#14313,#11429,#11430);
#9507=AXIS2_PLACEMENT_3D('',#14315,#11432,#11433);
#9508=AXIS2_PLACEMENT_3D('',#14317,#11435,#11436);
#9509=AXIS2_PLACEMENT_3D('',#14319,#11438,#11439);
#9510=AXIS2_PLACEMENT_3D('',#14321,#11441,#11442);
#9511=AXIS2_PLACEMENT_3D('',#14322,#11443,#11444);
#9512=AXIS2_PLACEMENT_3D('',#14325,#11447,#11448);
#9513=AXIS2_PLACEMENT_3D('',#14327,#11450,#11451);
#9514=AXIS2_PLACEMENT_3D('',#14329,#11453,#11454);
#9515=AXIS2_PLACEMENT_3D('',#14331,#11456,#11457);
#9516=AXIS2_PLACEMENT_3D('',#14333,#11459,#11460);
#9517=AXIS2_PLACEMENT_3D('',#14335,#11462,#11463);
#9518=AXIS2_PLACEMENT_3D('',#14337,#11465,#11466);
#9519=AXIS2_PLACEMENT_3D('',#14338,#11467,#11468);
#9520=AXIS2_PLACEMENT_3D('',#14341,#11471,#11472);
#9521=AXIS2_PLACEMENT_3D('',#14343,#11474,#11475);
#9522=AXIS2_PLACEMENT_3D('',#14345,#11477,#11478);
#9523=AXIS2_PLACEMENT_3D('',#14347,#11480,#11481);
#9524=AXIS2_PLACEMENT_3D('',#14349,#11483,#11484);
#9525=AXIS2_PLACEMENT_3D('',#14351,#11486,#11487);
#9526=AXIS2_PLACEMENT_3D('',#14353,#11489,#11490);
#9527=AXIS2_PLACEMENT_3D('',#14354,#11491,#11492);
#9528=AXIS2_PLACEMENT_3D('',#14357,#11495,#11496);
#9529=AXIS2_PLACEMENT_3D('',#14359,#11498,#11499);
#9530=AXIS2_PLACEMENT_3D('',#14361,#11501,#11502);
#9531=AXIS2_PLACEMENT_3D('',#14363,#11504,#11505);
#9532=AXIS2_PLACEMENT_3D('',#14365,#11507,#11508);
#9533=AXIS2_PLACEMENT_3D('',#14367,#11510,#11511);
#9534=AXIS2_PLACEMENT_3D('',#14369,#11513,#11514);
#9535=AXIS2_PLACEMENT_3D('',#14370,#11515,#11516);
#9536=AXIS2_PLACEMENT_3D('',#14372,#11518,#11519);
#9537=AXIS2_PLACEMENT_3D('',#14375,#11522,#11523);
#9538=AXIS2_PLACEMENT_3D('',#14377,#11525,#11526);
#9539=AXIS2_PLACEMENT_3D('',#14379,#11528,#11529);
#9540=AXIS2_PLACEMENT_3D('',#14381,#11531,#11532);
#9541=AXIS2_PLACEMENT_3D('',#14383,#11534,#11535);
#9542=AXIS2_PLACEMENT_3D('',#14385,#11537,#11538);
#9543=AXIS2_PLACEMENT_3D('',#14387,#11540,#11541);
#9544=AXIS2_PLACEMENT_3D('',#14388,#11542,#11543);
#9545=AXIS2_PLACEMENT_3D('',#14391,#11546,#11547);
#9546=AXIS2_PLACEMENT_3D('',#14393,#11549,#11550);
#9547=AXIS2_PLACEMENT_3D('',#14395,#11552,#11553);
#9548=AXIS2_PLACEMENT_3D('',#14397,#11555,#11556);
#9549=AXIS2_PLACEMENT_3D('',#14399,#11558,#11559);
#9550=AXIS2_PLACEMENT_3D('',#14401,#11561,#11562);
#9551=AXIS2_PLACEMENT_3D('',#14403,#11564,#11565);
#9552=AXIS2_PLACEMENT_3D('',#14404,#11566,#11567);
#9553=AXIS2_PLACEMENT_3D('',#14407,#11570,#11571);
#9554=AXIS2_PLACEMENT_3D('',#14409,#11573,#11574);
#9555=AXIS2_PLACEMENT_3D('',#14411,#11576,#11577);
#9556=AXIS2_PLACEMENT_3D('',#14413,#11579,#11580);
#9557=AXIS2_PLACEMENT_3D('',#14415,#11582,#11583);
#9558=AXIS2_PLACEMENT_3D('',#14417,#11585,#11586);
#9559=AXIS2_PLACEMENT_3D('',#14419,#11588,#11589);
#9560=AXIS2_PLACEMENT_3D('',#14420,#11590,#11591);
#9561=AXIS2_PLACEMENT_3D('',#14423,#11594,#11595);
#9562=AXIS2_PLACEMENT_3D('',#14425,#11597,#11598);
#9563=AXIS2_PLACEMENT_3D('',#14427,#11600,#11601);
#9564=AXIS2_PLACEMENT_3D('',#14429,#11603,#11604);
#9565=AXIS2_PLACEMENT_3D('',#14431,#11606,#11607);
#9566=AXIS2_PLACEMENT_3D('',#14433,#11609,#11610);
#9567=AXIS2_PLACEMENT_3D('',#14435,#11612,#11613);
#9568=AXIS2_PLACEMENT_3D('',#14436,#11614,#11615);
#9569=AXIS2_PLACEMENT_3D('',#14439,#11618,#11619);
#9570=AXIS2_PLACEMENT_3D('',#14441,#11621,#11622);
#9571=AXIS2_PLACEMENT_3D('',#14443,#11624,#11625);
#9572=AXIS2_PLACEMENT_3D('',#14445,#11627,#11628);
#9573=AXIS2_PLACEMENT_3D('',#14447,#11630,#11631);
#9574=AXIS2_PLACEMENT_3D('',#14449,#11633,#11634);
#9575=AXIS2_PLACEMENT_3D('',#14451,#11636,#11637);
#9576=AXIS2_PLACEMENT_3D('',#14452,#11638,#11639);
#9577=AXIS2_PLACEMENT_3D('',#14455,#11642,#11643);
#9578=AXIS2_PLACEMENT_3D('',#14457,#11645,#11646);
#9579=AXIS2_PLACEMENT_3D('',#14459,#11648,#11649);
#9580=AXIS2_PLACEMENT_3D('',#14461,#11651,#11652);
#9581=AXIS2_PLACEMENT_3D('',#14463,#11654,#11655);
#9582=AXIS2_PLACEMENT_3D('',#14465,#11657,#11658);
#9583=AXIS2_PLACEMENT_3D('',#14467,#11660,#11661);
#9584=AXIS2_PLACEMENT_3D('',#14468,#11662,#11663);
#9585=AXIS2_PLACEMENT_3D('',#14470,#11665,#11666);
#9586=AXIS2_PLACEMENT_3D('',#14472,#11668,#11669);
#9587=AXIS2_PLACEMENT_3D('',#14474,#11671,#11672);
#9588=AXIS2_PLACEMENT_3D('',#14476,#11674,#11675);
#9589=AXIS2_PLACEMENT_3D('',#14478,#11677,#11678);
#9590=AXIS2_PLACEMENT_3D('',#14480,#11680,#11681);
#9591=AXIS2_PLACEMENT_3D('',#14482,#11683,#11684);
#9592=AXIS2_PLACEMENT_3D('',#14483,#11685,#11686);
#9593=AXIS2_PLACEMENT_3D('',#14485,#11688,#11689);
#9594=AXIS2_PLACEMENT_3D('',#14487,#11691,#11692);
#9595=AXIS2_PLACEMENT_3D('',#14489,#11694,#11695);
#9596=AXIS2_PLACEMENT_3D('',#14491,#11697,#11698);
#9597=AXIS2_PLACEMENT_3D('',#14493,#11700,#11701);
#9598=AXIS2_PLACEMENT_3D('',#14495,#11703,#11704);
#9599=AXIS2_PLACEMENT_3D('',#14496,#11705,#11706);
#9600=AXIS2_PLACEMENT_3D('',#14499,#11709,#11710);
#9601=AXIS2_PLACEMENT_3D('',#14501,#11712,#11713);
#9602=AXIS2_PLACEMENT_3D('',#14503,#11715,#11716);
#9603=AXIS2_PLACEMENT_3D('',#14505,#11718,#11719);
#9604=AXIS2_PLACEMENT_3D('',#14507,#11721,#11722);
#9605=AXIS2_PLACEMENT_3D('',#14509,#11724,#11725);
#9606=AXIS2_PLACEMENT_3D('',#14511,#11727,#11728);
#9607=AXIS2_PLACEMENT_3D('',#14512,#11729,#11730);
#9608=AXIS2_PLACEMENT_3D('',#14514,#11732,#11733);
#9609=AXIS2_PLACEMENT_3D('',#14517,#11736,#11737);
#9610=AXIS2_PLACEMENT_3D('',#14519,#11739,#11740);
#9611=AXIS2_PLACEMENT_3D('',#14521,#11742,#11743);
#9612=AXIS2_PLACEMENT_3D('',#14523,#11745,#11746);
#9613=AXIS2_PLACEMENT_3D('',#14525,#11748,#11749);
#9614=AXIS2_PLACEMENT_3D('',#14527,#11751,#11752);
#9615=AXIS2_PLACEMENT_3D('',#14529,#11754,#11755);
#9616=AXIS2_PLACEMENT_3D('',#14530,#11756,#11757);
#9617=AXIS2_PLACEMENT_3D('',#14533,#11760,#11761);
#9618=AXIS2_PLACEMENT_3D('',#14535,#11763,#11764);
#9619=AXIS2_PLACEMENT_3D('',#14537,#11766,#11767);
#9620=AXIS2_PLACEMENT_3D('',#14539,#11769,#11770);
#9621=AXIS2_PLACEMENT_3D('',#14541,#11772,#11773);
#9622=AXIS2_PLACEMENT_3D('',#14543,#11775,#11776);
#9623=AXIS2_PLACEMENT_3D('',#14545,#11778,#11779);
#9624=AXIS2_PLACEMENT_3D('',#14546,#11780,#11781);
#9625=AXIS2_PLACEMENT_3D('',#14549,#11784,#11785);
#9626=AXIS2_PLACEMENT_3D('',#14551,#11787,#11788);
#9627=AXIS2_PLACEMENT_3D('',#14553,#11790,#11791);
#9628=AXIS2_PLACEMENT_3D('',#14555,#11793,#11794);
#9629=AXIS2_PLACEMENT_3D('',#14557,#11796,#11797);
#9630=AXIS2_PLACEMENT_3D('',#14559,#11799,#11800);
#9631=AXIS2_PLACEMENT_3D('',#14561,#11802,#11803);
#9632=AXIS2_PLACEMENT_3D('',#14562,#11804,#11805);
#9633=AXIS2_PLACEMENT_3D('',#14565,#11808,#11809);
#9634=AXIS2_PLACEMENT_3D('',#14567,#11811,#11812);
#9635=AXIS2_PLACEMENT_3D('',#14569,#11814,#11815);
#9636=AXIS2_PLACEMENT_3D('',#14571,#11817,#11818);
#9637=AXIS2_PLACEMENT_3D('',#14573,#11820,#11821);
#9638=AXIS2_PLACEMENT_3D('',#14575,#11823,#11824);
#9639=AXIS2_PLACEMENT_3D('',#14577,#11826,#11827);
#9640=AXIS2_PLACEMENT_3D('',#14578,#11828,#11829);
#9641=AXIS2_PLACEMENT_3D('',#14580,#11831,#11832);
#9642=AXIS2_PLACEMENT_3D('',#14583,#11835,#11836);
#9643=AXIS2_PLACEMENT_3D('',#14585,#11838,#11839);
#9644=AXIS2_PLACEMENT_3D('',#14587,#11841,#11842);
#9645=AXIS2_PLACEMENT_3D('',#14589,#11844,#11845);
#9646=AXIS2_PLACEMENT_3D('',#14591,#11847,#11848);
#9647=AXIS2_PLACEMENT_3D('',#14593,#11850,#11851);
#9648=AXIS2_PLACEMENT_3D('',#14595,#11853,#11854);
#9649=AXIS2_PLACEMENT_3D('',#14596,#11855,#11856);
#9650=AXIS2_PLACEMENT_3D('',#14599,#11859,#11860);
#9651=AXIS2_PLACEMENT_3D('',#14601,#11862,#11863);
#9652=AXIS2_PLACEMENT_3D('',#14602,#11864,#11865);
#9653=AXIS2_PLACEMENT_3D('',#14605,#11868,#11869);
#9654=AXIS2_PLACEMENT_3D('',#14607,#11871,#11872);
#9655=AXIS2_PLACEMENT_3D('',#14609,#11874,#11875);
#9656=AXIS2_PLACEMENT_3D('',#14611,#11877,#11878);
#9657=AXIS2_PLACEMENT_3D('',#14613,#11880,#11881);
#9658=AXIS2_PLACEMENT_3D('',#14615,#11883,#11884);
#9659=AXIS2_PLACEMENT_3D('',#14617,#11886,#11887);
#9660=AXIS2_PLACEMENT_3D('',#14620,#11890,#11891);
#9661=AXIS2_PLACEMENT_3D('',#14622,#11893,#11894);
#9662=AXIS2_PLACEMENT_3D('',#14624,#11896,#11897);
#9663=AXIS2_PLACEMENT_3D('',#14626,#11899,#11900);
#9664=AXIS2_PLACEMENT_3D('',#14628,#11902,#11903);
#9665=AXIS2_PLACEMENT_3D('',#14630,#11905,#11906);
#9666=AXIS2_PLACEMENT_3D('',#14632,#11908,#11909);
#9667=AXIS2_PLACEMENT_3D('',#14635,#11912,#11913);
#9668=AXIS2_PLACEMENT_3D('',#14637,#11915,#11916);
#9669=AXIS2_PLACEMENT_3D('',#14639,#11918,#11919);
#9670=AXIS2_PLACEMENT_3D('',#14641,#11921,#11922);
#9671=AXIS2_PLACEMENT_3D('',#14643,#11924,#11925);
#9672=AXIS2_PLACEMENT_3D('',#14645,#11927,#11928);
#9673=AXIS2_PLACEMENT_3D('',#14647,#11930,#11931);
#9674=AXIS2_PLACEMENT_3D('',#14650,#11934,#11935);
#9675=AXIS2_PLACEMENT_3D('',#14652,#11937,#11938);
#9676=AXIS2_PLACEMENT_3D('',#14654,#11940,#11941);
#9677=AXIS2_PLACEMENT_3D('',#14656,#11943,#11944);
#9678=AXIS2_PLACEMENT_3D('',#14658,#11946,#11947);
#9679=AXIS2_PLACEMENT_3D('',#14660,#11949,#11950);
#9680=AXIS2_PLACEMENT_3D('',#14662,#11952,#11953);
#9681=AXIS2_PLACEMENT_3D('',#14668,#11957,#11958);
#9682=AXIS2_PLACEMENT_3D('',#14671,#11961,#11962);
#9683=AXIS2_PLACEMENT_3D('',#14673,#11964,#11965);
#9684=AXIS2_PLACEMENT_3D('',#14675,#11967,#11968);
#9685=AXIS2_PLACEMENT_3D('',#14677,#11970,#11971);
#9686=AXIS2_PLACEMENT_3D('',#14679,#11973,#11974);
#9687=AXIS2_PLACEMENT_3D('',#14681,#11976,#11977);
#9688=AXIS2_PLACEMENT_3D('',#14683,#11979,#11980);
#9689=AXIS2_PLACEMENT_3D('',#14686,#11983,#11984);
#9690=AXIS2_PLACEMENT_3D('',#14688,#11986,#11987);
#9691=AXIS2_PLACEMENT_3D('',#14690,#11989,#11990);
#9692=AXIS2_PLACEMENT_3D('',#14692,#11992,#11993);
#9693=AXIS2_PLACEMENT_3D('',#14694,#11995,#11996);
#9694=AXIS2_PLACEMENT_3D('',#14696,#11998,#11999);
#9695=AXIS2_PLACEMENT_3D('',#14698,#12001,#12002);
#9696=AXIS2_PLACEMENT_3D('',#14701,#12005,#12006);
#9697=AXIS2_PLACEMENT_3D('',#14703,#12008,#12009);
#9698=AXIS2_PLACEMENT_3D('',#14705,#12011,#12012);
#9699=AXIS2_PLACEMENT_3D('',#14707,#12014,#12015);
#9700=AXIS2_PLACEMENT_3D('',#14709,#12017,#12018);
#9701=AXIS2_PLACEMENT_3D('',#14711,#12020,#12021);
#9702=AXIS2_PLACEMENT_3D('',#14713,#12023,#12024);
#9703=AXIS2_PLACEMENT_3D('',#14715,#12026,#12027);
#9704=AXIS2_PLACEMENT_3D('',#14717,#12029,#12030);
#9705=AXIS2_PLACEMENT_3D('',#14719,#12032,#12033);
#9706=AXIS2_PLACEMENT_3D('',#14721,#12035,#12036);
#9707=AXIS2_PLACEMENT_3D('',#14723,#12038,#12039);
#9708=AXIS2_PLACEMENT_3D('',#14725,#12041,#12042);
#9709=AXIS2_PLACEMENT_3D('',#14726,#12043,#12044);
#9710=AXIS2_PLACEMENT_3D('',#14728,#12046,#12047);
#9711=AXIS2_PLACEMENT_3D('',#14730,#12049,#12050);
#9712=AXIS2_PLACEMENT_3D('',#14732,#12052,#12053);
#9713=AXIS2_PLACEMENT_3D('',#14734,#12055,#12056);
#9714=AXIS2_PLACEMENT_3D('',#14736,#12058,#12059);
#9715=AXIS2_PLACEMENT_3D('',#14738,#12061,#12062);
#9716=AXIS2_PLACEMENT_3D('',#14740,#12064,#12065);
#9717=AXIS2_PLACEMENT_3D('',#14742,#12067,#12068);
#9718=AXIS2_PLACEMENT_3D('',#14744,#12070,#12071);
#9719=AXIS2_PLACEMENT_3D('',#14746,#12073,#12074);
#9720=AXIS2_PLACEMENT_3D('',#14748,#12076,#12077);
#9721=AXIS2_PLACEMENT_3D('',#14750,#12079,#12080);
#9722=AXIS2_PLACEMENT_3D('',#14752,#12082,#12083);
#9723=AXIS2_PLACEMENT_3D('',#14754,#12085,#12086);
#9724=AXIS2_PLACEMENT_3D('',#14755,#12087,#12088);
#9725=AXIS2_PLACEMENT_3D('',#14757,#12090,#12091);
#9726=AXIS2_PLACEMENT_3D('',#14759,#12093,#12094);
#9727=AXIS2_PLACEMENT_3D('',#14761,#12096,#12097);
#9728=AXIS2_PLACEMENT_3D('',#14762,#12098,#12099);
#9729=AXIS2_PLACEMENT_3D('',#14763,#12100,#12101);
#9730=AXIS2_PLACEMENT_3D('',#14764,#12102,#12103);
#9731=AXIS2_PLACEMENT_3D('',#14765,#12104,#12105);
#9732=AXIS2_PLACEMENT_3D('',#14766,#12106,#12107);
#9733=AXIS2_PLACEMENT_3D('',#14767,#12108,#12109);
#9734=AXIS2_PLACEMENT_3D('',#14770,#12110,#12111);
#9735=AXIS2_PLACEMENT_3D('',#14774,#12113,#12114);
#9736=AXIS2_PLACEMENT_3D('',#14776,#12116,#12117);
#9737=AXIS2_PLACEMENT_3D('',#14779,#12118,#12119);
#9738=AXIS2_PLACEMENT_3D('',#14780,#12120,#12121);
#9739=AXIS2_PLACEMENT_3D('',#14781,#12122,#12123);
#9740=AXIS2_PLACEMENT_3D('',#14839,#12124,#12125);
#9741=AXIS2_PLACEMENT_3D('',#14852,#12128,#12129);
#9742=AXIS2_PLACEMENT_3D('',#14856,#12131,#12132);
#9743=AXIS2_PLACEMENT_3D('',#14880,#12134,#12135);
#9744=AXIS2_PLACEMENT_3D('',#14919,#12140,#12141);
#9745=AXIS2_PLACEMENT_3D('',#14928,#12142,#12143);
#9746=AXIS2_PLACEMENT_3D('',#14931,#12144,#12145);
#9747=AXIS2_PLACEMENT_3D('',#14932,#12146,#12147);
#9748=AXIS2_PLACEMENT_3D('',#14933,#12148,#12149);
#9749=AXIS2_PLACEMENT_3D('',#14934,#12150,#12151);
#9750=AXIS2_PLACEMENT_3D('',#14937,#12152,#12153);
#9751=AXIS2_PLACEMENT_3D('',#14940,#12156,#12157);
#9752=AXIS2_PLACEMENT_3D('',#14948,#12163,#12164);
#9753=AXIS2_PLACEMENT_3D('',#14975,#12166,#12167);
#9754=AXIS2_PLACEMENT_3D('',#14976,#12168,#12169);
#9755=AXIS2_PLACEMENT_3D('',#14978,#12170,#12171);
#9756=AXIS2_PLACEMENT_3D('',#14980,#12172,#12173);
#9757=AXIS2_PLACEMENT_3D('',#14982,#12175,#12176);
#9758=AXIS2_PLACEMENT_3D('',#14984,#12177,#12178);
#9759=AXIS2_PLACEMENT_3D('',#14985,#12179,#12180);
#9760=AXIS2_PLACEMENT_3D('',#15211,#12181,#12182);
#9761=AXIS2_PLACEMENT_3D('',#15291,#12183,#12184);
#9762=AXIS2_PLACEMENT_3D('',#15293,#12185,#12186);
#9763=AXIS2_PLACEMENT_3D('',#15294,#12187,#12188);
#9764=AXIS2_PLACEMENT_3D('',#15295,#12189,#12190);
#9765=AXIS2_PLACEMENT_3D('',#15297,#12191,#12192);
#9766=AXIS2_PLACEMENT_3D('',#15299,#12194,#12195);
#9767=AXIS2_PLACEMENT_3D('',#15301,#12197,#12198);
#9768=AXIS2_PLACEMENT_3D('',#15304,#12201,#12202);
#9769=AXIS2_PLACEMENT_3D('',#15306,#12204,#12205);
#9770=AXIS2_PLACEMENT_3D('',#15310,#12207,#12208);
#9771=AXIS2_PLACEMENT_3D('',#15312,#12210,#12211);
#9772=AXIS2_PLACEMENT_3D('',#15316,#12214,#12215);
#9773=AXIS2_PLACEMENT_3D('',#15318,#12216,#12217);
#9774=AXIS2_PLACEMENT_3D('',#15320,#12219,#12220);
#9775=AXIS2_PLACEMENT_3D('',#15324,#12223,#12224);
#9776=AXIS2_PLACEMENT_3D('',#15326,#12225,#12226);
#9777=AXIS2_PLACEMENT_3D('',#15328,#12228,#12229);
#9778=AXIS2_PLACEMENT_3D('',#15332,#12232,#12233);
#9779=AXIS2_PLACEMENT_3D('',#15334,#12234,#12235);
#9780=AXIS2_PLACEMENT_3D('',#15336,#12237,#12238);
#9781=AXIS2_PLACEMENT_3D('',#15340,#12241,#12242);
#9782=AXIS2_PLACEMENT_3D('',#15344,#12245,#12246);
#9783=AXIS2_PLACEMENT_3D('',#15347,#12247,#12248);
#9784=AXIS2_PLACEMENT_3D('',#15349,#12249,#12250);
#9785=AXIS2_PLACEMENT_3D('',#15351,#12251,#12252);
#9786=AXIS2_PLACEMENT_3D('',#15352,#12253,#12254);
#9787=AXIS2_PLACEMENT_3D('',#15353,#12255,#12256);
#9788=AXIS2_PLACEMENT_3D('',#15356,#12257,#12258);
#9789=AXIS2_PLACEMENT_3D('',#15359,#12261,#12262);
#9790=AXIS2_PLACEMENT_3D('',#15362,#12263,#12264);
#9791=AXIS2_PLACEMENT_3D('',#15363,#12265,#12266);
#9792=AXIS2_PLACEMENT_3D('',#15364,#12267,#12268);
#9793=AXIS2_PLACEMENT_3D('',#15365,#12269,#12270);
#9794=AXIS2_PLACEMENT_3D('',#15369,#12272,#12273);
#9795=AXIS2_PLACEMENT_3D('',#15372,#12276,#12277);
#9796=AXIS2_PLACEMENT_3D('',#15375,#12278,#12279);
#9797=AXIS2_PLACEMENT_3D('',#15376,#12280,#12281);
#9798=AXIS2_PLACEMENT_3D('',#15377,#12282,#12283);
#9799=AXIS2_PLACEMENT_3D('',#15378,#12284,#12285);
#9800=AXIS2_PLACEMENT_3D('',#15381,#12286,#12287);
#9801=AXIS2_PLACEMENT_3D('',#15384,#12290,#12291);
#9802=AXIS2_PLACEMENT_3D('',#15387,#12292,#12293);
#9803=AXIS2_PLACEMENT_3D('',#15388,#12294,#12295);
#9804=AXIS2_PLACEMENT_3D('',#15389,#12296,#12297);
#9805=AXIS2_PLACEMENT_3D('',#15390,#12298,#12299);
#9806=AXIS2_PLACEMENT_3D('',#15419,#12304,#12305);
#9807=AXIS2_PLACEMENT_3D('',#15423,#12307,#12308);
#9808=AXIS2_PLACEMENT_3D('',#15425,#12310,#12311);
#9809=AXIS2_PLACEMENT_3D('',#15429,#12314,#12315);
#9810=AXIS2_PLACEMENT_3D('',#15432,#12317,#12318);
#9811=AXIS2_PLACEMENT_3D('',#15433,#12319,#12320);
#9812=AXIS2_PLACEMENT_3D('',#15437,#12322,#12323);
#9813=AXIS2_PLACEMENT_3D('',#15439,#12325,#12326);
#9814=AXIS2_PLACEMENT_3D('',#15441,#12327,#12328);
#9815=AXIS2_PLACEMENT_3D('',#15445,#12330,#12331);
#9816=AXIS2_PLACEMENT_3D('',#15449,#12333,#12334);
#9817=AXIS2_PLACEMENT_3D('',#15452,#12336,#12337);
#9818=AXIS2_PLACEMENT_3D('',#15453,#12338,#12339);
#9819=AXIS2_PLACEMENT_3D('',#15456,#12340,#12341);
#9820=AXIS2_PLACEMENT_3D('',#15458,#12342,#12343);
#9821=AXIS2_PLACEMENT_3D('',#15460,#12344,#12345);
#9822=AXIS2_PLACEMENT_3D('',#15461,#12346,#12347);
#9823=AXIS2_PLACEMENT_3D('',#15462,#12348,#12349);
#9824=AXIS2_PLACEMENT_3D('',#15464,#12350,#12351);
#9825=AXIS2_PLACEMENT_3D('',#15467,#12354,#12355);
#9826=AXIS2_PLACEMENT_3D('',#15469,#12356,#12357);
#9827=AXIS2_PLACEMENT_3D('',#15470,#12358,#12359);
#9828=AXIS2_PLACEMENT_3D('',#15471,#12360,#12361);
#9829=AXIS2_PLACEMENT_3D('',#15473,#12362,#12363);
#9830=AXIS2_PLACEMENT_3D('',#15475,#12365,#12366);
#9831=AXIS2_PLACEMENT_3D('',#15477,#12367,#12368);
#9832=AXIS2_PLACEMENT_3D('',#15478,#12369,#12370);
#9833=AXIS2_PLACEMENT_3D('',#15479,#12371,#12372);
#9834=AXIS2_PLACEMENT_3D('',#15482,#12373,#12374);
#9835=AXIS2_PLACEMENT_3D('',#15485,#12377,#12378);
#9836=AXIS2_PLACEMENT_3D('',#15488,#12379,#12380);
#9837=AXIS2_PLACEMENT_3D('',#15489,#12381,#12382);
#9838=AXIS2_PLACEMENT_3D('',#15490,#12383,#12384);
#9839=AXIS2_PLACEMENT_3D('',#15491,#12385,#12386);
#9840=AXIS2_PLACEMENT_3D('',#15494,#12389,#12390);
#9841=AXIS2_PLACEMENT_3D('',#15496,#12392,#12393);
#9842=AXIS2_PLACEMENT_3D('',#15498,#12395,#12396);
#9843=AXIS2_PLACEMENT_3D('',#15503,#12398,#12399);
#9844=AXIS2_PLACEMENT_3D('',#15507,#12401,#12402);
#9845=AXIS2_PLACEMENT_3D('',#15511,#12404,#12405);
#9846=AXIS2_PLACEMENT_3D('',#15514,#12407,#12408);
#9847=AXIS2_PLACEMENT_3D('',#15515,#12409,#12410);
#9848=AXIS2_PLACEMENT_3D('',#15523,#12415,#12416);
#9849=AXIS2_PLACEMENT_3D('',#15525,#12417,#12418);
#9850=AXIS2_PLACEMENT_3D('',#15528,#12420,#12421);
#9851=AXIS2_PLACEMENT_3D('',#15529,#12422,#12423);
#9852=AXIS2_PLACEMENT_3D('',#15535,#12427,#12428);
#9853=AXIS2_PLACEMENT_3D('',#15537,#12429,#12430);
#9854=AXIS2_PLACEMENT_3D('',#15540,#12432,#12433);
#9855=AXIS2_PLACEMENT_3D('',#15541,#12434,#12435);
#9856=AXIS2_PLACEMENT_3D('',#15544,#12438,#12439);
#9857=AXIS2_PLACEMENT_3D('',#15548,#12442,#12443);
#9858=AXIS2_PLACEMENT_3D('',#15549,#12444,#12445);
#9859=AXIS2_PLACEMENT_3D('',#15550,#12446,#12447);
#9860=AXIS2_PLACEMENT_3D('',#15559,#12452,#12453);
#9861=AXIS2_PLACEMENT_3D('',#15562,#12456,#12457);
#9862=AXIS2_PLACEMENT_3D('',#15564,#12459,#12460);
#9863=AXIS2_PLACEMENT_3D('',#15566,#12462,#12463);
#9864=AXIS2_PLACEMENT_3D('',#15568,#12465,#12466);
#9865=AXIS2_PLACEMENT_3D('',#15571,#12469,#12470);
#9866=AXIS2_PLACEMENT_3D('',#15573,#12472,#12473);
#9867=AXIS2_PLACEMENT_3D('',#15576,#12476,#12477);
#9868=AXIS2_PLACEMENT_3D('',#15578,#12479,#12480);
#9869=AXIS2_PLACEMENT_3D('',#15581,#12483,#12484);
#9870=AXIS2_PLACEMENT_3D('',#15584,#12487,#12488);
#9871=AXIS2_PLACEMENT_3D('',#15586,#12490,#12491);
#9872=AXIS2_PLACEMENT_3D('',#15588,#12493,#12494);
#9873=AXIS2_PLACEMENT_3D('',#15590,#12496,#12497);
#9874=AXIS2_PLACEMENT_3D('',#15591,#12498,#12499);
#9875=AXIS2_PLACEMENT_3D('',#15592,#12500,#12501);
#9876=AXIS2_PLACEMENT_3D('',#15595,#12504,#12505);
#9877=AXIS2_PLACEMENT_3D('',#15596,#12506,#12507);
#9878=AXIS2_PLACEMENT_3D('',#15597,#12508,#12509);
#9879=AXIS2_PLACEMENT_3D('',#15598,#12510,#12511);
#9880=AXIS2_PLACEMENT_3D('',#15600,#12513,#12514);
#9881=AXIS2_PLACEMENT_3D('',#15602,#12516,#12517);
#9882=AXIS2_PLACEMENT_3D('',#15603,#12518,#12519);
#9883=AXIS2_PLACEMENT_3D('',#15604,#12520,#12521);
#9884=AXIS2_PLACEMENT_3D('',#15605,#12522,#12523);
#9885=AXIS2_PLACEMENT_3D('',#15607,#12525,#12526);
#9886=DIRECTION('axis',(0.,0.,1.));
#9887=DIRECTION('refdir',(1.,0.,0.));
#9888=DIRECTION('center_axis',(0.,1.,0.));
#9889=DIRECTION('ref_axis',(-0.826125824025167,0.,-0.563485690039011));
#9890=DIRECTION('center_axis',(7.91407946744081E-61,-1.,2.22044604925031E-16));
#9891=DIRECTION('ref_axis',(-0.826125824025167,0.,-0.563485690039011));
#9892=DIRECTION('',(0.,1.,0.));
#9893=DIRECTION('center_axis',(-7.91407946744081E-61,1.,-2.22044604925031E-16));
#9894=DIRECTION('ref_axis',(-0.826125824025167,0.,-0.563485690039011));
#9895=DIRECTION('',(0.,-1.,0.));
#9896=DIRECTION('center_axis',(0.,1.,0.));
#9897=DIRECTION('ref_axis',(1.,0.,0.));
#9898=DIRECTION('center_axis',(0.,-1.,0.));
#9899=DIRECTION('ref_axis',(1.,0.,0.));
#9900=DIRECTION('',(0.,-1.,0.));
#9901=DIRECTION('center_axis',(0.,1.,0.));
#9902=DIRECTION('ref_axis',(1.,0.,0.));
#9903=DIRECTION('center_axis',(0.,1.,0.));
#9904=DIRECTION('ref_axis',(0.,0.,1.));
#9905=DIRECTION('center_axis',(-7.91407946744081E-61,1.,-2.22044604925031E-16));
#9906=DIRECTION('ref_axis',(0.,0.,1.));
#9907=DIRECTION('center_axis',(7.91407946744081E-61,-1.,2.22044604925031E-16));
#9908=DIRECTION('ref_axis',(0.,0.,1.));
#9909=DIRECTION('',(0.,1.,0.));
#9910=DIRECTION('center_axis',(0.,0.,1.));
#9911=DIRECTION('ref_axis',(1.,0.,0.));
#9912=DIRECTION('',(-1.,0.,0.));
#9913=DIRECTION('',(0.,1.,0.));
#9914=DIRECTION('',(1.,0.,0.));
#9915=DIRECTION('center_axis',(0.,1.,0.));
#9916=DIRECTION('ref_axis',(-0.978001040192991,0.,-0.208600012898915));
#9917=DIRECTION('center_axis',(7.91407946744081E-61,-1.,2.22044604925031E-16));
#9918=DIRECTION('ref_axis',(-0.978001040192991,0.,-0.208600012898915));
#9919=DIRECTION('',(0.,1.,0.));
#9920=DIRECTION('center_axis',(-7.91407946744081E-61,1.,-2.22044604925031E-16));
#9921=DIRECTION('ref_axis',(-0.978001040192991,0.,-0.208600012898915));
#9922=DIRECTION('',(0.,-1.,0.));
#9923=DIRECTION('center_axis',(0.,1.,0.));
#9924=DIRECTION('ref_axis',(1.,0.,0.));
#9925=DIRECTION('center_axis',(0.,-1.,0.));
#9926=DIRECTION('ref_axis',(1.,0.,0.));
#9927=DIRECTION('',(0.,-1.,0.));
#9928=DIRECTION('center_axis',(0.,1.,0.));
#9929=DIRECTION('ref_axis',(1.,0.,0.));
#9930=DIRECTION('center_axis',(0.,-1.,0.));
#9931=DIRECTION('ref_axis',(0.913119273848997,0.,-0.407692521056592));
#9932=DIRECTION('center_axis',(7.91407946744081E-61,-1.,2.22044604925031E-16));
#9933=DIRECTION('ref_axis',(0.913119273848997,0.,-0.407692521056592));
#9934=DIRECTION('',(0.,1.,0.));
#9935=DIRECTION('center_axis',(-7.91407946744081E-61,1.,-2.22044604925031E-16));
#9936=DIRECTION('ref_axis',(0.913119273848997,0.,-0.407692521056592));
#9937=DIRECTION('center_axis',(-7.91407946744081E-61,1.,-2.22044604925031E-16));
#9938=DIRECTION('ref_axis',(-1.,-7.91407946744081E-61,1.75727864869319E-76));
#9939=DIRECTION('',(-0.707107288637754,-1.57009133191494E-16,-0.707106273734977));
#9940=DIRECTION('center_axis',(1.74316463847965E-32,1.,-2.22044604925031E-16));
#9941=DIRECTION('ref_axis',(0.707111584084915,-1.57008179403463E-16,-0.707101978255557));
#9942=DIRECTION('',(-1.,8.39000996324577E-27,3.77852457441085E-11));
#9943=DIRECTION('',(0.,2.22044604925031E-16,1.));
#9944=DIRECTION('',(1.,-1.24049489382534E-28,-5.58669234158682E-13));
#9945=DIRECTION('center_axis',(7.84826098098608E-61,1.,-2.22044604925031E-16));
#9946=DIRECTION('ref_axis',(2.89062490518315E-8,2.22044604925031E-16,1.));
#9947=DIRECTION('',(-4.10854734882494E-13,-2.22044604925031E-16,-1.));
#9948=DIRECTION('center_axis',(1.30496313896938E-39,1.,-2.22044604925031E-16));
#9949=DIRECTION('ref_axis',(1.,-6.4097881479604E-24,-2.88671195146783E-8));
#9950=DIRECTION('',(-1.,6.8925813924856E-29,3.1041426990819E-13));
#9951=DIRECTION('',(0.,2.22044604925031E-16,1.));
#9952=DIRECTION('',(-1.,-9.42933754912903E-58,3.10414269953009E-13));
#9953=DIRECTION('',(0.,-2.22044604925031E-16,-1.));
#9954=DIRECTION('',(-1.,6.8925813924856E-29,3.1041426990819E-13));
#9955=DIRECTION('center_axis',(-7.91407943454312E-61,1.,-2.22044604925031E-16));
#9956=DIRECTION('ref_axis',(-2.89057621080914E-8,-2.22044604925031E-16,
-1.));
#9957=DIRECTION('',(-9.4479561295671E-13,2.22044604925031E-16,1.));
#9958=DIRECTION('center_axis',(0.,-1.,0.));
#9959=DIRECTION('ref_axis',(-1.,0.,-3.07901852157736E-13));
#9960=DIRECTION('',(1.,0.,-2.19106022047651E-12));
#9961=DIRECTION('center_axis',(0.,-1.,0.));
#9962=DIRECTION('ref_axis',(-2.2026824809318E-12,0.,-1.));
#9963=DIRECTION('',(9.89684524810105E-13,0.,1.));
#9964=DIRECTION('center_axis',(0.,-1.,0.));
#9965=DIRECTION('ref_axis',(1.,0.,-9.88838640553801E-13));
#9966=DIRECTION('',(-1.,0.,9.88222308600071E-13));
#9967=DIRECTION('center_axis',(7.91407946744081E-61,-1.,2.22044604925031E-16));
#9968=DIRECTION('ref_axis',(9.71075072277599E-13,0.,1.));
#9969=DIRECTION('',(-9.4479561295671E-13,2.22044604925031E-16,1.));
#9970=DIRECTION('center_axis',(0.,1.,-2.22044604925031E-16));
#9971=DIRECTION('ref_axis',(-1.,6.42221629259321E-24,2.89230909022155E-8));
#9972=DIRECTION('',(1.,-1.24049489382534E-28,-5.58669234158682E-13));
#9973=DIRECTION('',(0.,-2.22044604925031E-16,-1.));
#9974=DIRECTION('',(-1.,8.39000996324577E-27,3.77852457441085E-11));
#9975=DIRECTION('center_axis',(8.08473113735411E-45,1.,-2.22044604925031E-16));
#9976=DIRECTION('ref_axis',(8.18196450622E-5,-2.22044604181797E-16,-0.999999996652773));
#9977=DIRECTION('',(-0.707106781199305,1.57009245865545E-16,0.70710678117379));
#9978=DIRECTION('center_axis',(-7.91407946744081E-61,1.,-2.22044604925031E-16));
#9979=DIRECTION('ref_axis',(0.382683432241436,0.,0.923879532562506));
#9980=DIRECTION('',(-1.,-7.91407946744081E-61,0.));
#9981=DIRECTION('center_axis',(0.,-1.,0.));
#9982=DIRECTION('ref_axis',(-2.96059473233376E-15,0.,1.));
#9983=DIRECTION('',(3.00143052174529E-13,0.,-1.));
#9984=DIRECTION('center_axis',(0.,-1.,0.));
#9985=DIRECTION('ref_axis',(-1.,0.,-2.99020067965709E-13));
#9986=DIRECTION('',(1.,0.,-5.50046906311336E-15));
#9987=DIRECTION('center_axis',(0.,1.,0.));
#9988=DIRECTION('ref_axis',(1.,0.,0.));
#9989=DIRECTION('',(3.01266947896498E-13,0.,-1.));
#9990=DIRECTION('center_axis',(0.,-1.,0.));
#9991=DIRECTION('ref_axis',(-1.,0.,-1.03620815631682E-14));
#9992=DIRECTION('',(1.,0.,-4.51930933815958E-15));
#9993=DIRECTION('center_axis',(0.,-1.,0.));
#9994=DIRECTION('ref_axis',(-2.2204460492503E-15,0.,-1.));
#9995=DIRECTION('',(1.95389858590824E-14,0.,1.));
#9996=DIRECTION('center_axis',(0.,1.,0.));
#9997=DIRECTION('ref_axis',(0.,0.,1.));
#9998=DIRECTION('',(1.,0.,0.));
#9999=DIRECTION('center_axis',(0.,-1.,0.));
#10000=DIRECTION('ref_axis',(0.,0.,-1.));
#10001=DIRECTION('',(3.0626842058625E-16,0.,1.));
#10002=DIRECTION('center_axis',(7.91407946744081E-61,-1.,2.22044604925031E-16));
#10003=DIRECTION('ref_axis',(1.,0.,5.92118946466754E-15));
#10004=DIRECTION('',(-1.,-7.91407946744081E-61,0.));
#10005=DIRECTION('center_axis',(-7.91407946744081E-61,1.,-2.22044604925031E-16));
#10006=DIRECTION('ref_axis',(-0.382683432488741,0.,0.923879532460069));
#10007=DIRECTION('center_axis',(0.,-1.,0.));
#10008=DIRECTION('ref_axis',(0.,0.,1.));
#10009=DIRECTION('',(0.,0.,-1.));
#10010=DIRECTION('center_axis',(0.,-1.,0.));
#10011=DIRECTION('ref_axis',(-1.,0.,8.88178419700134E-15));
#10012=DIRECTION('',(1.,0.,3.08933350482181E-14));
#10013=DIRECTION('center_axis',(0.,-1.,0.));
#10014=DIRECTION('ref_axis',(0.,0.,-1.));
#10015=DIRECTION('',(6.12536841172509E-16,0.,1.));
#10016=DIRECTION('center_axis',(7.91407946744081E-61,-1.,2.22044604925031E-16));
#10017=DIRECTION('ref_axis',(1.,0.,0.));
#10018=DIRECTION('',(-1.,1.42910382824963E-31,6.43611146837878E-16));
#10019=DIRECTION('',(-1.,-6.67539033628263E-29,-3.00632854310351E-13));
#10020=DIRECTION('center_axis',(0.,-1.,0.));
#10021=DIRECTION('ref_axis',(-5.92118946466773E-15,0.,1.));
#10022=DIRECTION('',(0.,0.,-1.));
#10023=DIRECTION('center_axis',(0.,-1.,0.));
#10024=DIRECTION('ref_axis',(-1.,0.,2.96059473233369E-15));
#10025=DIRECTION('',(1.,0.,3.30177851189637E-16));
#10026=DIRECTION('center_axis',(0.,-1.,0.));
#10027=DIRECTION('ref_axis',(0.,0.,-1.));
#10028=DIRECTION('',(0.,0.,1.));
#10029=DIRECTION('center_axis',(0.,-1.,0.));
#10030=DIRECTION('ref_axis',(1.,0.,0.));
#10031=DIRECTION('',(-1.,-6.67539033628263E-29,-3.00632854310351E-13));
#10032=DIRECTION('center_axis',(0.,-1.,0.));
#10033=DIRECTION('ref_axis',(0.,0.,1.));
#10034=DIRECTION('',(2.53765262771464E-15,0.,-1.));
#10035=DIRECTION('center_axis',(0.,-1.,0.));
#10036=DIRECTION('ref_axis',(-1.,0.,2.96059473233374E-15));
#10037=DIRECTION('',(1.,0.,3.30177851189638E-16));
#10038=DIRECTION('center_axis',(0.,-1.,0.));
#10039=DIRECTION('ref_axis',(0.,0.,-1.));
#10040=DIRECTION('',(0.,0.,1.));
#10041=DIRECTION('center_axis',(0.,-1.,0.));
#10042=DIRECTION('ref_axis',(1.,0.,0.));
#10043=DIRECTION('',(-1.,-6.67539033628263E-29,-3.00632854310351E-13));
#10044=DIRECTION('center_axis',(0.,-1.,0.));
#10045=DIRECTION('ref_axis',(0.,0.,1.));
#10046=DIRECTION('',(0.,0.,-1.));
#10047=DIRECTION('center_axis',(0.,-1.,0.));
#10048=DIRECTION('ref_axis',(-1.,0.,2.96059473233371E-15));
#10049=DIRECTION('',(1.,0.,3.30177851189637E-16));
#10050=DIRECTION('center_axis',(0.,-1.,0.));
#10051=DIRECTION('ref_axis',(0.,0.,-1.));
#10052=DIRECTION('',(0.,0.,1.));
#10053=DIRECTION('center_axis',(0.,-1.,0.));
#10054=DIRECTION('ref_axis',(1.,0.,0.));
#10055=DIRECTION('',(-1.,-5.98318776312142E-29,-2.69458783644522E-13));
#10056=DIRECTION('center_axis',(0.,-1.,0.));
#10057=DIRECTION('ref_axis',(0.,0.,1.));
#10058=DIRECTION('',(0.,0.,-1.));
#10059=DIRECTION('center_axis',(0.,-1.,0.));
#10060=DIRECTION('ref_axis',(-1.,0.,0.));
#10061=DIRECTION('',(1.,0.,0.));
#10062=DIRECTION('center_axis',(0.,-1.,0.));
#10063=DIRECTION('ref_axis',(0.,0.,-1.));
#10064=DIRECTION('',(-1.26882631385732E-15,0.,1.));
#10065=DIRECTION('center_axis',(0.,-1.,0.));
#10066=DIRECTION('ref_axis',(1.,0.,0.));
#10067=DIRECTION('',(-1.,-5.98318776312142E-29,-2.69458783644522E-13));
#10068=DIRECTION('center_axis',(0.,-1.,0.));
#10069=DIRECTION('ref_axis',(0.,0.,1.));
#10070=DIRECTION('',(6.34413156928661E-16,0.,-1.));
#10071=DIRECTION('center_axis',(0.,-1.,0.));
#10072=DIRECTION('ref_axis',(-1.,0.,0.));
#10073=DIRECTION('',(1.,0.,0.));
#10074=DIRECTION('center_axis',(0.,-1.,0.));
#10075=DIRECTION('ref_axis',(1.1842378929335E-14,0.,-1.));
#10076=DIRECTION('',(-2.53765262771465E-15,0.,1.));
#10077=DIRECTION('center_axis',(0.,-1.,0.));
#10078=DIRECTION('ref_axis',(1.,0.,0.));
#10079=DIRECTION('',(-1.,-5.98318776312142E-29,-2.69458783644522E-13));
#10080=DIRECTION('center_axis',(0.,-1.,0.));
#10081=DIRECTION('ref_axis',(0.,0.,1.));
#10082=DIRECTION('',(6.34413156928661E-16,0.,-1.));
#10083=DIRECTION('center_axis',(0.,-1.,0.));
#10084=DIRECTION('ref_axis',(-1.,0.,0.));
#10085=DIRECTION('',(1.,0.,0.));
#10086=DIRECTION('center_axis',(0.,-1.,0.));
#10087=DIRECTION('ref_axis',(0.,0.,-1.));
#10088=DIRECTION('',(-1.90323947078598E-15,0.,1.));
#10089=DIRECTION('center_axis',(0.,-1.,0.));
#10090=DIRECTION('ref_axis',(1.,0.,0.));
#10091=DIRECTION('center_axis',(7.91407946744081E-61,-1.,2.22044604925031E-16));
#10092=DIRECTION('ref_axis',(1.,0.,0.));
#10093=DIRECTION('',(-1.,6.72370437828216E-31,3.02808725325809E-15));
#10094=DIRECTION('center_axis',(0.,-1.,0.));
#10095=DIRECTION('ref_axis',(0.,0.,1.));
#10096=DIRECTION('',(-3.06268420586249E-16,0.,-1.));
#10097=DIRECTION('center_axis',(0.,-1.,0.));
#10098=DIRECTION('ref_axis',(-1.,0.,0.));
#10099=DIRECTION('',(1.,0.,-2.42246980260647E-15));
#10100=DIRECTION('center_axis',(0.,-1.,0.));
#10101=DIRECTION('ref_axis',(0.,0.,-1.));
#10102=DIRECTION('',(-6.12536841172501E-16,0.,1.));
#10103=DIRECTION('center_axis',(0.,-1.,0.));
#10104=DIRECTION('ref_axis',(-2.69229083471601E-14,0.,-1.));
#10105=DIRECTION('',(-1.18952466924124E-16,0.,1.));
#10106=DIRECTION('center_axis',(0.,-1.,0.));
#10107=DIRECTION('ref_axis',(1.,0.,0.));
#10108=DIRECTION('',(-1.,0.,-4.12722313987046E-17));
#10109=DIRECTION('center_axis',(0.,-1.,0.));
#10110=DIRECTION('ref_axis',(2.22044604925031E-14,0.,1.));
#10111=DIRECTION('',(-1.58603289232165E-16,0.,-1.));
#10112=DIRECTION('center_axis',(0.,-1.,0.));
#10113=DIRECTION('ref_axis',(-1.,0.,2.96059473233376E-15));
#10114=DIRECTION('',(1.,0.,0.));
#10115=DIRECTION('center_axis',(3.90194243292273E-92,-1.,2.46519032881566E-32));
#10116=DIRECTION('ref_axis',(1.,0.,0.));
#10117=DIRECTION('center_axis',(0.,-1.,0.));
#10118=DIRECTION('ref_axis',(-2.96059473233375E-14,0.,-1.));
#10119=DIRECTION('',(0.,0.,1.));
#10120=DIRECTION('center_axis',(0.,-1.,0.));
#10121=DIRECTION('ref_axis',(1.,0.,0.));
#10122=DIRECTION('',(-1.,0.,-4.12722313987046E-17));
#10123=DIRECTION('center_axis',(0.,-1.,0.));
#10124=DIRECTION('ref_axis',(2.368475785867E-14,0.,1.));
#10125=DIRECTION('',(0.,0.,-1.));
#10126=DIRECTION('center_axis',(0.,-1.,0.));
#10127=DIRECTION('ref_axis',(-1.,0.,2.96059473233378E-15));
#10128=DIRECTION('',(1.,0.,0.));
#10129=DIRECTION('center_axis',(0.,-1.,0.));
#10130=DIRECTION('ref_axis',(-2.2026824809318E-12,0.,-1.));
#10131=DIRECTION('',(9.89684524810105E-13,0.,1.));
#10132=DIRECTION('center_axis',(0.,-1.,0.));
#10133=DIRECTION('ref_axis',(1.,0.,-9.88838640553801E-13));
#10134=DIRECTION('',(-1.,0.,9.88222308600071E-13));
#10135=DIRECTION('center_axis',(0.,-1.,0.));
#10136=DIRECTION('ref_axis',(9.71075072277599E-13,0.,1.));
#10137=DIRECTION('',(3.00711836382699E-13,0.,-1.));
#10138=DIRECTION('center_axis',(0.,-1.,0.));
#10139=DIRECTION('ref_axis',(-1.,0.,-3.07901852157736E-13));
#10140=DIRECTION('',(1.,0.,-2.19106022047651E-12));
#10141=DIRECTION('center_axis',(0.,-1.,0.));
#10142=DIRECTION('ref_axis',(-2.66453525910038E-14,0.,-1.));
#10143=DIRECTION('',(0.,0.,1.));
#10144=DIRECTION('center_axis',(0.,-1.,0.));
#10145=DIRECTION('ref_axis',(1.,0.,0.));
#10146=DIRECTION('',(-1.,0.,-4.12722313987046E-17));
#10147=DIRECTION('center_axis',(0.,-1.,0.));
#10148=DIRECTION('ref_axis',(2.22044604925031E-14,0.,1.));
#10149=DIRECTION('',(-1.98254111540206E-16,0.,-1.));
#10150=DIRECTION('center_axis',(0.,-1.,0.));
#10151=DIRECTION('ref_axis',(-1.,0.,2.96059473233376E-15));
#10152=DIRECTION('',(1.,0.,0.));
#10153=DIRECTION('center_axis',(0.,-1.,0.));
#10154=DIRECTION('ref_axis',(0.,0.,-1.));
#10155=DIRECTION('',(-6.3441315692866E-16,0.,1.));
#10156=DIRECTION('center_axis',(0.,-1.,0.));
#10157=DIRECTION('ref_axis',(1.,0.,-8.88178419700113E-15));
#10158=DIRECTION('',(-1.,0.,0.));
#10159=DIRECTION('center_axis',(0.,-1.,0.));
#10160=DIRECTION('ref_axis',(2.96059473233375E-15,0.,1.));
#10161=DIRECTION('',(3.01346249541114E-13,0.,-1.));
#10162=DIRECTION('center_axis',(0.,-1.,0.));
#10163=DIRECTION('ref_axis',(-1.,0.,-1.03620815631682E-14));
#10164=DIRECTION('',(1.,0.,-4.51930933815958E-15));
#10165=DIRECTION('center_axis',(3.90194243292273E-92,-1.,2.46519032881566E-32));
#10166=DIRECTION('ref_axis',(1.,3.90194243292274E-92,0.));
#10167=DIRECTION('center_axis',(0.,-1.,0.));
#10168=DIRECTION('ref_axis',(-2.66453525910038E-14,0.,-1.));
#10169=DIRECTION('',(0.,0.,1.));
#10170=DIRECTION('center_axis',(0.,-1.,0.));
#10171=DIRECTION('ref_axis',(1.,0.,0.));
#10172=DIRECTION('',(-1.,0.,-4.12722313987046E-17));
#10173=DIRECTION('center_axis',(0.,-1.,0.));
#10174=DIRECTION('ref_axis',(2.07241631263362E-14,0.,1.));
#10175=DIRECTION('',(-3.1720657846433E-16,0.,-1.));
#10176=DIRECTION('center_axis',(0.,-1.,0.));
#10177=DIRECTION('ref_axis',(-1.,0.,2.96059473233376E-15));
#10178=DIRECTION('',(1.,0.,0.));
#10179=DIRECTION('center_axis',(0.,-1.,0.));
#10180=DIRECTION('ref_axis',(-2.96059473233375E-14,0.,-1.));
#10181=DIRECTION('',(0.,0.,1.));
#10182=DIRECTION('center_axis',(0.,-1.,0.));
#10183=DIRECTION('ref_axis',(1.,0.,0.));
#10184=DIRECTION('',(-1.,0.,-4.12722313987046E-17));
#10185=DIRECTION('center_axis',(0.,-1.,0.));
#10186=DIRECTION('ref_axis',(2.368475785867E-14,0.,1.));
#10187=DIRECTION('',(0.,0.,-1.));
#10188=DIRECTION('center_axis',(3.90194243292273E-92,-1.,2.46519032881566E-32));
#10189=DIRECTION('ref_axis',(1.,0.,0.));
#10190=DIRECTION('center_axis',(0.,-1.,0.));
#10191=DIRECTION('ref_axis',(-1.,0.,0.));
#10192=DIRECTION('',(1.,0.,0.));
#10193=DIRECTION('center_axis',(0.,-1.,0.));
#10194=DIRECTION('ref_axis',(0.,0.,-1.));
#10195=DIRECTION('',(0.,0.,1.));
#10196=DIRECTION('center_axis',(0.,-1.,0.));
#10197=DIRECTION('ref_axis',(1.,0.,1.85037170770859E-16));
#10198=DIRECTION('',(-1.,0.,5.15902892483809E-18));
#10199=DIRECTION('center_axis',(0.,-1.,0.));
#10200=DIRECTION('ref_axis',(0.,0.,1.));
#10201=DIRECTION('',(0.,0.,-1.));
#10202=DIRECTION('center_axis',(0.,-1.,0.));
#10203=DIRECTION('ref_axis',(-2.2026824809318E-12,0.,-1.));
#10204=DIRECTION('',(9.9000173138857E-13,0.,1.));
#10205=DIRECTION('center_axis',(0.,-1.,0.));
#10206=DIRECTION('ref_axis',(1.,0.,-9.88838640553801E-13));
#10207=DIRECTION('',(-1.,0.,9.8822230860007E-13));
#10208=DIRECTION('center_axis',(0.,-1.,0.));
#10209=DIRECTION('ref_axis',(9.71075072277599E-13,0.,1.));
#10210=DIRECTION('',(3.00077423225774E-13,0.,-1.));
#10211=DIRECTION('center_axis',(0.,-1.,0.));
#10212=DIRECTION('ref_axis',(-1.,0.,-3.07901852157736E-13));
#10213=DIRECTION('',(1.,0.,-2.19106022047651E-12));
#10214=DIRECTION('center_axis',(0.,-1.,0.));
#10215=DIRECTION('ref_axis',(-2.2026824809318E-12,0.,-1.));
#10216=DIRECTION('',(9.89684524810105E-13,0.,1.));
#10217=DIRECTION('center_axis',(0.,-1.,0.));
#10218=DIRECTION('ref_axis',(1.,0.,-9.88838640553801E-13));
#10219=DIRECTION('',(-1.,0.,9.8822230860007E-13));
#10220=DIRECTION('center_axis',(0.,-1.,0.));
#10221=DIRECTION('ref_axis',(9.65153882812492E-13,0.,1.));
#10222=DIRECTION('',(3.00077423225774E-13,0.,-1.));
#10223=DIRECTION('center_axis',(0.,-1.,0.));
#10224=DIRECTION('ref_axis',(-1.,0.,-3.07901852157736E-13));
#10225=DIRECTION('',(1.,0.,-2.19106022047651E-12));
#10226=DIRECTION('center_axis',(0.,-1.,0.));
#10227=DIRECTION('ref_axis',(-2.2026824809318E-12,0.,-1.));
#10228=DIRECTION('',(9.89684524810105E-13,0.,1.));
#10229=DIRECTION('center_axis',(0.,-1.,0.));
#10230=DIRECTION('ref_axis',(1.,0.,-9.88838640553801E-13));
#10231=DIRECTION('',(-1.,0.,9.8822230860007E-13));
#10232=DIRECTION('center_axis',(0.,-1.,0.));
#10233=DIRECTION('ref_axis',(9.65153882812492E-13,0.,1.));
#10234=DIRECTION('',(3.00077423225774E-13,0.,-1.));
#10235=DIRECTION('center_axis',(0.,-1.,0.));
#10236=DIRECTION('ref_axis',(-1.,0.,-3.07901852157736E-13));
#10237=DIRECTION('',(1.,0.,-2.19106022047651E-12));
#10238=DIRECTION('center_axis',(0.,-1.,0.));
#10239=DIRECTION('ref_axis',(-2.66453525910038E-14,0.,-1.));
#10240=DIRECTION('',(-1.58603289232165E-16,0.,1.));
#10241=DIRECTION('center_axis',(0.,-1.,0.));
#10242=DIRECTION('ref_axis',(1.,0.,0.));
#10243=DIRECTION('',(-1.,0.,-4.12722313987046E-17));
#10244=DIRECTION('center_axis',(0.,-1.,0.));
#10245=DIRECTION('ref_axis',(2.07241631263362E-14,0.,1.));
#10246=DIRECTION('',(-3.1720657846433E-16,0.,-1.));
#10247=DIRECTION('center_axis',(0.,-1.,0.));
#10248=DIRECTION('ref_axis',(-1.,0.,2.96059473233376E-15));
#10249=DIRECTION('',(1.,0.,0.));
#10250=DIRECTION('center_axis',(0.,-1.,0.));
#10251=DIRECTION('ref_axis',(-2.2204460492503E-15,0.,-1.));
#10252=DIRECTION('',(-1.58603289232165E-16,0.,1.));
#10253=DIRECTION('center_axis',(0.,-1.,0.));
#10254=DIRECTION('ref_axis',(1.,0.,-8.88178419700113E-15));
#10255=DIRECTION('',(-1.,0.,0.));
#10256=DIRECTION('center_axis',(0.,-1.,0.));
#10257=DIRECTION('ref_axis',(2.96059473233375E-15,0.,1.));
#10258=DIRECTION('',(3.01346249541114E-13,0.,-1.));
#10259=DIRECTION('center_axis',(0.,-1.,0.));
#10260=DIRECTION('ref_axis',(-1.,0.,-1.03620815631682E-14));
#10261=DIRECTION('',(1.,0.,-4.51930933815958E-15));
#10262=DIRECTION('center_axis',(0.,-1.,0.));
#10263=DIRECTION('ref_axis',(0.,0.,-1.));
#10264=DIRECTION('',(-6.3441315692866E-16,0.,1.));
#10265=DIRECTION('center_axis',(0.,-1.,0.));
#10266=DIRECTION('ref_axis',(1.,0.,-8.88178419700113E-15));
#10267=DIRECTION('',(-1.,0.,0.));
#10268=DIRECTION('center_axis',(0.,-1.,0.));
#10269=DIRECTION('ref_axis',(5.9211894646675E-15,0.,1.));
#10270=DIRECTION('',(3.01980662698043E-13,0.,-1.));
#10271=DIRECTION('center_axis',(0.,-1.,0.));
#10272=DIRECTION('ref_axis',(-1.,0.,-1.03620815631683E-14));
#10273=DIRECTION('',(1.,0.,-4.51930933815958E-15));
#10274=DIRECTION('center_axis',(3.90194243292273E-92,-1.,2.46519032881566E-32));
#10275=DIRECTION('ref_axis',(1.,3.90194243292274E-92,0.));
#10276=DIRECTION('center_axis',(0.,-1.,0.));
#10277=DIRECTION('ref_axis',(-2.19084010200205E-12,0.,-1.));
#10278=DIRECTION('',(9.89684524810105E-13,0.,1.));
#10279=DIRECTION('center_axis',(0.,-1.,0.));
#10280=DIRECTION('ref_axis',(1.,0.,-9.88838640553812E-13));
#10281=DIRECTION('',(-1.,0.,9.88222308600071E-13));
#10282=DIRECTION('center_axis',(0.,-1.,0.));
#10283=DIRECTION('ref_axis',(9.65153882812492E-13,0.,1.));
#10284=DIRECTION('',(3.00077423225774E-13,0.,-1.));
#10285=DIRECTION('center_axis',(0.,-1.,0.));
#10286=DIRECTION('ref_axis',(-1.,0.,-3.07901852157736E-13));
#10287=DIRECTION('',(1.,0.,-2.19106022047651E-12));
#10288=DIRECTION('center_axis',(0.,-1.,0.));
#10289=DIRECTION('ref_axis',(-2.2026824809318E-12,0.,-1.));
#10290=DIRECTION('',(9.89962080566262E-13,0.,1.));
#10291=DIRECTION('center_axis',(0.,-1.,0.));
#10292=DIRECTION('ref_axis',(1.,0.,-9.88838640553801E-13));
#10293=DIRECTION('',(-1.,0.,9.8822230860007E-13));
#10294=DIRECTION('center_axis',(0.,-1.,0.));
#10295=DIRECTION('ref_axis',(9.69594774911322E-13,0.,1.));
#10296=DIRECTION('',(3.00236026515005E-13,0.,-1.));
#10297=DIRECTION('center_axis',(0.,-1.,0.));
#10298=DIRECTION('ref_axis',(-1.,0.,-3.07901852157736E-13));
#10299=DIRECTION('',(1.,0.,-2.19106022047651E-12));
#10300=DIRECTION('center_axis',(0.,-1.,0.));
#10301=DIRECTION('ref_axis',(-2.2026824809318E-12,0.,-1.));
#10302=DIRECTION('',(9.9000173138857E-13,0.,1.));
#10303=DIRECTION('center_axis',(0.,-1.,0.));
#10304=DIRECTION('ref_axis',(1.,0.,-9.88838640553801E-13));
#10305=DIRECTION('',(-1.,0.,9.8822230860007E-13));
#10306=DIRECTION('center_axis',(0.,-1.,0.));
#10307=DIRECTION('ref_axis',(9.71075072277599E-13,0.,1.));
#10308=DIRECTION('',(3.00236026515005E-13,0.,-1.));
#10309=DIRECTION('center_axis',(0.,-1.,0.));
#10310=DIRECTION('ref_axis',(-1.,0.,-3.07901852157736E-13));
#10311=DIRECTION('',(1.,0.,-2.19106022047651E-12));
#10312=DIRECTION('center_axis',(0.,-1.,0.));
#10313=DIRECTION('ref_axis',(0.,0.,-1.));
#10314=DIRECTION('',(0.,0.,1.));
#10315=DIRECTION('center_axis',(0.,-1.,0.));
#10316=DIRECTION('ref_axis',(1.,0.,-8.88178419700113E-15));
#10317=DIRECTION('',(-1.,0.,0.));
#10318=DIRECTION('center_axis',(0.,-1.,0.));
#10319=DIRECTION('ref_axis',(5.9211894646675E-15,0.,1.));
#10320=DIRECTION('',(3.01346249541114E-13,0.,-1.));
#10321=DIRECTION('center_axis',(0.,-1.,0.));
#10322=DIRECTION('ref_axis',(-1.,0.,-1.03620815631682E-14));
#10323=DIRECTION('',(1.,0.,-4.51930933815958E-15));
#10324=DIRECTION('center_axis',(0.,-1.,0.));
#10325=DIRECTION('ref_axis',(-2.2026824809318E-12,0.,-1.));
#10326=DIRECTION('',(9.89684524810105E-13,0.,1.));
#10327=DIRECTION('center_axis',(0.,-1.,0.));
#10328=DIRECTION('ref_axis',(1.,0.,-9.88838640553801E-13));
#10329=DIRECTION('',(-1.,0.,9.8822230860007E-13));
#10330=DIRECTION('center_axis',(0.,-1.,0.));
#10331=DIRECTION('ref_axis',(9.65153882812492E-13,0.,1.));
#10332=DIRECTION('',(3.00077423225774E-13,0.,-1.));
#10333=DIRECTION('center_axis',(0.,-1.,0.));
#10334=DIRECTION('ref_axis',(-1.,0.,-3.07901852157736E-13));
#10335=DIRECTION('',(1.,0.,-2.19106022047651E-12));
#10336=DIRECTION('center_axis',(0.,-1.,0.));
#10337=DIRECTION('ref_axis',(-2.20416277829801E-12,0.,-1.));
#10338=DIRECTION('',(9.9000173138857E-13,0.,1.));
#10339=DIRECTION('center_axis',(0.,-1.,0.));
#10340=DIRECTION('ref_axis',(1.,0.,-9.88838640553801E-13));
#10341=DIRECTION('',(-1.,0.,9.8822230860007E-13));
#10342=DIRECTION('center_axis',(0.,-1.,0.));
#10343=DIRECTION('ref_axis',(9.69594774911322E-13,0.,1.));
#10344=DIRECTION('',(3.00253373749765E-13,0.,-1.));
#10345=DIRECTION('center_axis',(0.,-1.,0.));
#10346=DIRECTION('ref_axis',(-1.,0.,-3.07901852157736E-13));
#10347=DIRECTION('',(1.,0.,-2.19106022047651E-12));
#10348=DIRECTION('center_axis',(0.,-1.,0.));
#10349=DIRECTION('ref_axis',(0.,0.,-1.));
#10350=DIRECTION('',(-6.3441315692866E-16,0.,1.));
#10351=DIRECTION('center_axis',(0.,-1.,0.));
#10352=DIRECTION('ref_axis',(1.,0.,-8.88178419700113E-15));
#10353=DIRECTION('',(-1.,0.,0.));
#10354=DIRECTION('center_axis',(0.,-1.,0.));
#10355=DIRECTION('ref_axis',(5.9211894646675E-15,0.,1.));
#10356=DIRECTION('',(3.01346249541114E-13,0.,-1.));
#10357=DIRECTION('center_axis',(0.,-1.,0.));
#10358=DIRECTION('ref_axis',(-1.,0.,-1.03620815631682E-14));
#10359=DIRECTION('',(1.,0.,-4.51930933815958E-15));
#10360=DIRECTION('center_axis',(0.,-1.,0.));
#10361=DIRECTION('ref_axis',(-1.18423789293348E-14,0.,-1.));
#10362=DIRECTION('',(1.26882631385733E-15,0.,1.));
#10363=DIRECTION('center_axis',(0.,-1.,0.));
#10364=DIRECTION('ref_axis',(1.,0.,-1.66533453693769E-15));
#10365=DIRECTION('',(-1.,0.,0.));
#10366=DIRECTION('center_axis',(0.,-1.,0.));
#10367=DIRECTION('ref_axis',(0.,0.,1.));
#10368=DIRECTION('',(0.,0.,-1.));
#10369=DIRECTION('center_axis',(0.,-1.,0.));
#10370=DIRECTION('ref_axis',(-1.,0.,0.));
#10371=DIRECTION('',(1.,0.,-3.30177851189639E-16));
#10372=DIRECTION('center_axis',(0.,-1.,0.));
#10373=DIRECTION('ref_axis',(-2.96059473233375E-14,0.,-1.));
#10374=DIRECTION('',(0.,0.,1.));
#10375=DIRECTION('center_axis',(0.,-1.,0.));
#10376=DIRECTION('ref_axis',(1.,0.,0.));
#10377=DIRECTION('',(-1.,0.,-4.12722313987046E-17));
#10378=DIRECTION('center_axis',(0.,-1.,0.));
#10379=DIRECTION('ref_axis',(2.368475785867E-14,0.,1.));
#10380=DIRECTION('',(0.,0.,-1.));
#10381=DIRECTION('center_axis',(0.,-1.,0.));
#10382=DIRECTION('ref_axis',(-1.,0.,2.96059473233378E-15));
#10383=DIRECTION('',(1.,0.,0.));
#10384=DIRECTION('center_axis',(0.,-1.,0.));
#10385=DIRECTION('ref_axis',(0.,0.,-1.));
#10386=DIRECTION('',(0.,0.,1.));
#10387=DIRECTION('center_axis',(0.,-1.,0.));
#10388=DIRECTION('ref_axis',(1.,0.,-8.88178419700113E-15));
#10389=DIRECTION('',(-1.,0.,0.));
#10390=DIRECTION('center_axis',(0.,-1.,0.));
#10391=DIRECTION('ref_axis',(4.44089209850063E-15,0.,1.));
#10392=DIRECTION('',(3.01187646251882E-13,0.,-1.));
#10393=DIRECTION('center_axis',(0.,-1.,0.));
#10394=DIRECTION('ref_axis',(-1.,0.,-1.03620815631682E-14));
#10395=DIRECTION('',(1.,0.,-4.51930933815958E-15));
#10396=DIRECTION('center_axis',(0.,-1.,0.));
#10397=DIRECTION('ref_axis',(3.55271367880056E-14,0.,-1.));
#10398=DIRECTION('',(1.26882631385799E-15,0.,1.));
#10399=DIRECTION('center_axis',(0.,-1.,0.));
#10400=DIRECTION('ref_axis',(1.,0.,-1.18423789292779E-14));
#10401=DIRECTION('',(-1.,0.,1.65088925594758E-16));
#10402=DIRECTION('center_axis',(0.,-1.,0.));
#10403=DIRECTION('ref_axis',(0.,0.,1.));
#10404=DIRECTION('',(-1.26882631385733E-15,0.,-1.));
#10405=DIRECTION('center_axis',(0.,-1.,0.));
#10406=DIRECTION('ref_axis',(-1.,0.,0.));
#10407=DIRECTION('',(1.,0.,2.12551991703135E-15));
#10408=DIRECTION('center_axis',(0.,-1.,0.));
#10409=DIRECTION('ref_axis',(-2.2026824809318E-12,0.,-1.));
#10410=DIRECTION('',(9.89684524810105E-13,0.,1.));
#10411=DIRECTION('center_axis',(0.,-1.,0.));
#10412=DIRECTION('ref_axis',(1.,0.,-9.88838640553801E-13));
#10413=DIRECTION('',(-1.,0.,9.8822230860007E-13));
#10414=DIRECTION('center_axis',(0.,-1.,0.));
#10415=DIRECTION('ref_axis',(9.71075072277599E-13,0.,1.));
#10416=DIRECTION('',(3.00077423225774E-13,0.,-1.));
#10417=DIRECTION('center_axis',(0.,-1.,0.));
#10418=DIRECTION('ref_axis',(-1.,0.,-3.07901852157736E-13));
#10419=DIRECTION('',(1.,0.,-2.19106022047651E-12));
#10420=DIRECTION('center_axis',(0.,-1.,0.));
#10421=DIRECTION('ref_axis',(0.,0.,-1.));
#10422=DIRECTION('',(0.,0.,1.));
#10423=DIRECTION('center_axis',(0.,-1.,0.));
#10424=DIRECTION('ref_axis',(1.,0.,-8.88178419700113E-15));
#10425=DIRECTION('',(-1.,0.,0.));
#10426=DIRECTION('center_axis',(0.,-1.,0.));
#10427=DIRECTION('ref_axis',(5.9211894646675E-15,0.,1.));
#10428=DIRECTION('',(3.01346249541114E-13,0.,-1.));
#10429=DIRECTION('center_axis',(0.,-1.,0.));
#10430=DIRECTION('ref_axis',(-1.,0.,-1.03620815631682E-14));
#10431=DIRECTION('',(1.,0.,-4.51930933815958E-15));
#10432=DIRECTION('center_axis',(0.,-1.,0.));
#10433=DIRECTION('ref_axis',(-2.96059473233375E-14,0.,-1.));
#10434=DIRECTION('',(0.,0.,1.));
#10435=DIRECTION('center_axis',(0.,-1.,0.));
#10436=DIRECTION('ref_axis',(1.,0.,0.));
#10437=DIRECTION('',(-1.,0.,-4.12722313987046E-17));
#10438=DIRECTION('center_axis',(0.,-1.,0.));
#10439=DIRECTION('ref_axis',(2.368475785867E-14,0.,1.));
#10440=DIRECTION('',(0.,0.,-1.));
#10441=DIRECTION('center_axis',(0.,-1.,0.));
#10442=DIRECTION('ref_axis',(-1.,0.,2.96059473233378E-15));
#10443=DIRECTION('',(1.,0.,0.));
#10444=DIRECTION('center_axis',(0.,-1.,0.));
#10445=DIRECTION('ref_axis',(-1.1842378929335E-14,0.,-1.));
#10446=DIRECTION('',(0.,0.,1.));
#10447=DIRECTION('center_axis',(0.,-1.,0.));
#10448=DIRECTION('ref_axis',(1.,0.,0.));
#10449=DIRECTION('',(-1.,0.,0.));
#10450=DIRECTION('center_axis',(0.,-1.,0.));
#10451=DIRECTION('ref_axis',(0.,0.,1.));
#10452=DIRECTION('',(0.,0.,-1.));
#10453=DIRECTION('center_axis',(0.,-1.,0.));
#10454=DIRECTION('ref_axis',(-1.,0.,0.));
#10455=DIRECTION('',(1.,0.,0.));
#10456=DIRECTION('center_axis',(0.,-1.,0.));
#10457=DIRECTION('ref_axis',(-2.66453525910038E-14,0.,-1.));
#10458=DIRECTION('',(0.,0.,1.));
#10459=DIRECTION('center_axis',(0.,-1.,0.));
#10460=DIRECTION('ref_axis',(1.,0.,0.));
#10461=DIRECTION('',(-1.,0.,-4.12722313987046E-17));
#10462=DIRECTION('center_axis',(0.,-1.,0.));
#10463=DIRECTION('ref_axis',(2.368475785867E-14,0.,1.));
#10464=DIRECTION('',(0.,0.,-1.));
#10465=DIRECTION('center_axis',(0.,-1.,0.));
#10466=DIRECTION('ref_axis',(-1.,0.,2.96059473233378E-15));
#10467=DIRECTION('',(1.,0.,0.));
#10468=DIRECTION('center_axis',(0.,-1.,0.));
#10469=DIRECTION('ref_axis',(0.,0.,-1.));
#10470=DIRECTION('',(-6.3441315692866E-16,0.,1.));
#10471=DIRECTION('center_axis',(0.,-1.,0.));
#10472=DIRECTION('ref_axis',(1.,0.,-8.88178419700113E-15));
#10473=DIRECTION('',(-1.,0.,0.));
#10474=DIRECTION('center_axis',(0.,-1.,0.));
#10475=DIRECTION('ref_axis',(5.9211894646675E-15,0.,1.));
#10476=DIRECTION('',(3.01346249541114E-13,0.,-1.));
#10477=DIRECTION('center_axis',(0.,-1.,0.));
#10478=DIRECTION('ref_axis',(-1.,0.,-1.03620815631682E-14));
#10479=DIRECTION('',(1.,0.,-4.51930933815958E-15));
#10480=DIRECTION('center_axis',(0.,-1.,0.));
#10481=DIRECTION('ref_axis',(-2.2026824809318E-12,0.,-1.));
#10482=DIRECTION('',(9.89684524810105E-13,0.,1.));
#10483=DIRECTION('center_axis',(0.,-1.,0.));
#10484=DIRECTION('ref_axis',(1.,0.,-9.88838640553801E-13));
#10485=DIRECTION('',(-1.,0.,9.88222308600071E-13));
#10486=DIRECTION('center_axis',(0.,-1.,0.));
#10487=DIRECTION('ref_axis',(9.71075072277599E-13,0.,1.));
#10488=DIRECTION('',(3.00711836382699E-13,0.,-1.));
#10489=DIRECTION('center_axis',(0.,-1.,0.));
#10490=DIRECTION('ref_axis',(-1.,0.,-3.07901852157736E-13));
#10491=DIRECTION('',(1.,0.,-2.19106022047651E-12));
#10492=DIRECTION('center_axis',(0.707106273734977,0.,-0.707107288637754));
#10493=DIRECTION('ref_axis',(-0.707107288637754,-1.57009133191494E-16,-0.707106273734977));
#10494=DIRECTION('',(0.,1.,0.));
#10495=DIRECTION('',(-0.707107288637754,-1.57009133191494E-16,-0.707106273734977));
#10496=DIRECTION('',(0.,1.,0.));
#10497=DIRECTION('center_axis',(-7.91407946744081E-61,1.,-2.22044604925031E-16));
#10498=DIRECTION('ref_axis',(-1.,-7.91407946744081E-61,1.75727864869319E-76));
#10499=DIRECTION('center_axis',(7.91407946744081E-61,-1.,2.22044604925031E-16));
#10500=DIRECTION('ref_axis',(-0.382683432488741,0.,0.923879532460069));
#10501=DIRECTION('',(1.,7.91407946744081E-61,0.));
#10502=DIRECTION('center_axis',(-7.91407946744081E-61,1.,-2.22044604925031E-16));
#10503=DIRECTION('ref_axis',(1.,0.,5.92118946466754E-15));
#10504=DIRECTION('',(3.0626842058625E-16,0.,1.));
#10505=DIRECTION('center_axis',(0.,-1.,0.));
#10506=DIRECTION('ref_axis',(0.,0.,-1.));
#10507=DIRECTION('',(-1.,0.,0.));
#10508=DIRECTION('center_axis',(0.,-1.,0.));
#10509=DIRECTION('ref_axis',(0.,0.,1.));
#10510=DIRECTION('',(1.95389858590824E-14,0.,1.));
#10511=DIRECTION('center_axis',(0.,-1.,0.));
#10512=DIRECTION('ref_axis',(-2.2204460492503E-15,0.,-1.));
#10513=DIRECTION('',(-1.,0.,4.51930933815958E-15));
#10514=DIRECTION('center_axis',(0.,-1.,0.));
#10515=DIRECTION('ref_axis',(-1.,0.,-1.03620815631682E-14));
#10516=DIRECTION('',(-3.01266947896498E-13,0.,1.));
#10517=DIRECTION('center_axis',(0.,-1.,0.));
#10518=DIRECTION('ref_axis',(1.,0.,0.));
#10519=DIRECTION('',(-1.,0.,5.50046906311336E-15));
#10520=DIRECTION('center_axis',(0.,-1.,0.));
#10521=DIRECTION('ref_axis',(-1.,0.,-2.99020067965709E-13));
#10522=DIRECTION('',(-3.00143052174529E-13,0.,1.));
#10523=DIRECTION('center_axis',(-7.91407946744081E-61,1.,-2.22044604925031E-16));
#10524=DIRECTION('ref_axis',(-2.96059473233376E-15,0.,1.));
#10525=DIRECTION('',(1.,7.91407946744081E-61,0.));
#10526=DIRECTION('center_axis',(7.91407946744081E-61,-1.,2.22044604925031E-16));
#10527=DIRECTION('ref_axis',(0.382683432241436,0.,0.923879532562506));
#10528=DIRECTION('',(-0.707106781199305,1.57009245865545E-16,0.70710678117379));
#10529=DIRECTION('center_axis',(8.08473113735411E-45,1.,-2.22044604925031E-16));
#10530=DIRECTION('ref_axis',(8.18196450622E-5,-2.22044604181797E-16,-0.999999996652773));
#10531=DIRECTION('',(-1.,8.39000996324577E-27,3.77852457441085E-11));
#10532=DIRECTION('',(0.,2.22044604925031E-16,1.));
#10533=DIRECTION('',(-1.,1.36234477609072E-27,6.13545542595231E-12));
#10534=DIRECTION('center_axis',(-7.91407946744081E-61,1.,-2.22044604925031E-16));
#10535=DIRECTION('ref_axis',(0.000143556796103652,0.,-0.999999989695723));
#10536=DIRECTION('',(-0.707106781065887,1.57009245895169E-16,0.707106781307208));
#10537=DIRECTION('center_axis',(7.91407946744081E-61,-1.,2.22044604925031E-16));
#10538=DIRECTION('ref_axis',(5.16746370985555E-5,0.,0.999999998664866));
#10539=DIRECTION('',(1.,-1.24049489382534E-28,-5.58669234158682E-13));
#10540=DIRECTION('center_axis',(0.,1.,-2.22044604925031E-16));
#10541=DIRECTION('ref_axis',(-1.,6.42221629259321E-24,2.89230909022155E-8));
#10542=DIRECTION('',(-9.4479561295671E-13,2.22044604925031E-16,1.));
#10543=DIRECTION('center_axis',(-7.91407946744081E-61,1.,-2.22044604925031E-16));
#10544=DIRECTION('ref_axis',(9.71075072277599E-13,0.,1.));
#10545=DIRECTION('',(1.,0.,-9.88222308600071E-13));
#10546=DIRECTION('center_axis',(0.,-1.,0.));
#10547=DIRECTION('ref_axis',(1.,0.,-9.88838640553801E-13));
#10548=DIRECTION('',(-9.89684524810105E-13,0.,-1.));
#10549=DIRECTION('center_axis',(0.,-1.,0.));
#10550=DIRECTION('ref_axis',(-2.2026824809318E-12,0.,-1.));
#10551=DIRECTION('',(-1.,0.,2.19106022047651E-12));
#10552=DIRECTION('center_axis',(-7.91407946744081E-61,1.,-2.22044604925031E-16));
#10553=DIRECTION('ref_axis',(-1.,0.,-3.07901852157736E-13));
#10554=DIRECTION('',(-9.4479561295671E-13,2.22044604925031E-16,1.));
#10555=DIRECTION('center_axis',(-7.91407943454312E-61,1.,-2.22044604925031E-16));
#10556=DIRECTION('ref_axis',(-2.89057621080914E-8,-2.22044604925031E-16,
-1.));
#10557=DIRECTION('',(-1.,6.8925813924856E-29,3.1041426990819E-13));
#10558=DIRECTION('center_axis',(1.30496313896938E-39,1.,-2.22044604925031E-16));
#10559=DIRECTION('ref_axis',(1.,-6.4097881479604E-24,-2.88671195146783E-8));
#10560=DIRECTION('',(-4.10854734882494E-13,-2.22044604925031E-16,-1.));
#10561=DIRECTION('center_axis',(7.84826098098608E-61,1.,-2.22044604925031E-16));
#10562=DIRECTION('ref_axis',(2.89062490518315E-8,2.22044604925031E-16,1.));
#10563=DIRECTION('',(1.,-1.24049489382534E-28,-5.58669234158682E-13));
#10564=DIRECTION('center_axis',(7.91407946744081E-61,-1.,2.22044604925031E-16));
#10565=DIRECTION('ref_axis',(-0.707109512108136,0.,0.707104050254412));
#10566=DIRECTION('',(-0.707107288630685,-1.57009133193063E-16,-0.707106273742046));
#10567=DIRECTION('center_axis',(-7.91407946744081E-61,1.,-2.22044604925031E-16));
#10568=DIRECTION('ref_axis',(0.707111584084916,0.,-0.707101978255556));
#10569=DIRECTION('',(-1.,1.36234477609072E-27,6.13545542595231E-12));
#10570=DIRECTION('',(0.,-2.22044604925031E-16,-1.));
#10571=DIRECTION('',(-1.,8.39000996324577E-27,3.77852457441085E-11));
#10572=DIRECTION('center_axis',(1.74316463847965E-32,1.,-2.22044604925031E-16));
#10573=DIRECTION('ref_axis',(0.707111584084915,-1.57008179403463E-16,-0.707101978255557));
#10574=DIRECTION('',(0.,0.,1.));
#10575=DIRECTION('center_axis',(0.,1.,0.));
#10576=DIRECTION('ref_axis',(0.,0.,1.));
#10577=DIRECTION('',(1.,0.,-5.15902892483809E-18));
#10578=DIRECTION('center_axis',(0.,1.,0.));
#10579=DIRECTION('ref_axis',(1.,0.,1.85037170770859E-16));
#10580=DIRECTION('',(0.,0.,-1.));
#10581=DIRECTION('center_axis',(0.,1.,0.));
#10582=DIRECTION('ref_axis',(0.,0.,-1.));
#10583=DIRECTION('',(-1.,0.,0.));
#10584=DIRECTION('center_axis',(0.,1.,0.));
#10585=DIRECTION('ref_axis',(-1.,0.,0.));
#10586=DIRECTION('center_axis',(-7.91407946744081E-61,1.,-2.22044604925031E-16));
#10587=DIRECTION('ref_axis',(1.,0.,0.));
#10588=DIRECTION('',(6.12536841172501E-16,0.,-1.));
#10589=DIRECTION('center_axis',(0.,-1.,0.));
#10590=DIRECTION('ref_axis',(0.,0.,-1.));
#10591=DIRECTION('',(-1.,0.,2.42246980260647E-15));
#10592=DIRECTION('center_axis',(0.,-1.,0.));
#10593=DIRECTION('ref_axis',(-1.,0.,0.));
#10594=DIRECTION('',(3.06268420586249E-16,0.,1.));
#10595=DIRECTION('center_axis',(-7.91407946744081E-61,1.,-2.22044604925031E-16));
#10596=DIRECTION('ref_axis',(0.,0.,1.));
#10597=DIRECTION('',(1.,-6.72370437828216E-31,-3.02808725325809E-15));
#10598=DIRECTION('center_axis',(-7.91407946744081E-61,1.,-2.22044604925031E-16));
#10599=DIRECTION('ref_axis',(0.,0.,1.));
#10600=DIRECTION('',(1.,-1.42910382824963E-31,-6.43611146837878E-16));
#10601=DIRECTION('center_axis',(-7.91407946744081E-61,1.,-2.22044604925031E-16));
#10602=DIRECTION('ref_axis',(1.,0.,0.));
#10603=DIRECTION('',(6.12536841172509E-16,0.,1.));
#10604=DIRECTION('center_axis',(0.,-1.,0.));
#10605=DIRECTION('ref_axis',(0.,0.,-1.));
#10606=DIRECTION('',(-1.,0.,-3.08933350482181E-14));
#10607=DIRECTION('center_axis',(0.,-1.,0.));
#10608=DIRECTION('ref_axis',(-1.,0.,8.88178419700134E-15));
#10609=DIRECTION('',(0.,0.,1.));
#10610=DIRECTION('center_axis',(0.,-1.,0.));
#10611=DIRECTION('ref_axis',(1.,0.,0.));
#10612=DIRECTION('',(0.,0.,-1.));
#10613=DIRECTION('center_axis',(0.,-1.,0.));
#10614=DIRECTION('ref_axis',(0.,0.,-1.));
#10615=DIRECTION('',(-1.,0.,-3.30177851189637E-16));
#10616=DIRECTION('center_axis',(0.,-1.,0.));
#10617=DIRECTION('ref_axis',(-1.,0.,2.96059473233369E-15));
#10618=DIRECTION('',(0.,0.,1.));
#10619=DIRECTION('center_axis',(0.,-1.,0.));
#10620=DIRECTION('ref_axis',(-5.92118946466773E-15,0.,1.));
#10621=DIRECTION('',(-1.,-6.67539033628263E-29,-3.00632854310351E-13));
#10622=DIRECTION('center_axis',(0.,-1.,0.));
#10623=DIRECTION('ref_axis',(1.,0.,0.));
#10624=DIRECTION('',(0.,0.,-1.));
#10625=DIRECTION('center_axis',(0.,-1.,0.));
#10626=DIRECTION('ref_axis',(0.,0.,-1.));
#10627=DIRECTION('',(-1.,0.,-3.30177851189638E-16));
#10628=DIRECTION('center_axis',(0.,-1.,0.));
#10629=DIRECTION('ref_axis',(-1.,0.,2.96059473233374E-15));
#10630=DIRECTION('',(-2.53765262771464E-15,0.,1.));
#10631=DIRECTION('center_axis',(0.,-1.,0.));
#10632=DIRECTION('ref_axis',(0.,0.,1.));
#10633=DIRECTION('',(-1.,-6.67539033628263E-29,-3.00632854310351E-13));
#10634=DIRECTION('center_axis',(0.,-1.,0.));
#10635=DIRECTION('ref_axis',(1.,0.,0.));
#10636=DIRECTION('',(0.,0.,-1.));
#10637=DIRECTION('center_axis',(0.,-1.,0.));
#10638=DIRECTION('ref_axis',(0.,0.,-1.));
#10639=DIRECTION('',(-1.,0.,-3.30177851189637E-16));
#10640=DIRECTION('center_axis',(0.,-1.,0.));
#10641=DIRECTION('ref_axis',(-1.,0.,2.96059473233371E-15));
#10642=DIRECTION('',(0.,0.,1.));
#10643=DIRECTION('center_axis',(0.,-1.,0.));
#10644=DIRECTION('ref_axis',(0.,0.,1.));
#10645=DIRECTION('',(-1.,-6.67539033628263E-29,-3.00632854310351E-13));
#10646=DIRECTION('center_axis',(0.,-1.,0.));
#10647=DIRECTION('ref_axis',(1.,0.,0.));
#10648=DIRECTION('',(1.26882631385732E-15,0.,-1.));
#10649=DIRECTION('center_axis',(0.,-1.,0.));
#10650=DIRECTION('ref_axis',(0.,0.,-1.));
#10651=DIRECTION('',(-1.,0.,0.));
#10652=DIRECTION('center_axis',(0.,-1.,0.));
#10653=DIRECTION('ref_axis',(-1.,0.,0.));
#10654=DIRECTION('',(0.,0.,1.));
#10655=DIRECTION('center_axis',(0.,-1.,0.));
#10656=DIRECTION('ref_axis',(0.,0.,1.));
#10657=DIRECTION('',(-1.,-5.98318776312142E-29,-2.69458783644522E-13));
#10658=DIRECTION('center_axis',(0.,-1.,0.));
#10659=DIRECTION('ref_axis',(1.,0.,0.));
#10660=DIRECTION('',(2.53765262771465E-15,0.,-1.));
#10661=DIRECTION('center_axis',(0.,-1.,0.));
#10662=DIRECTION('ref_axis',(1.1842378929335E-14,0.,-1.));
#10663=DIRECTION('',(-1.,0.,0.));
#10664=DIRECTION('center_axis',(0.,-1.,0.));
#10665=DIRECTION('ref_axis',(-1.,0.,0.));
#10666=DIRECTION('',(-6.34413156928661E-16,0.,1.));
#10667=DIRECTION('center_axis',(0.,-1.,0.));
#10668=DIRECTION('ref_axis',(0.,0.,1.));
#10669=DIRECTION('',(-1.,-5.98318776312142E-29,-2.69458783644522E-13));
#10670=DIRECTION('center_axis',(0.,-1.,0.));
#10671=DIRECTION('ref_axis',(1.,0.,0.));
#10672=DIRECTION('',(1.90323947078598E-15,0.,-1.));
#10673=DIRECTION('center_axis',(0.,-1.,0.));
#10674=DIRECTION('ref_axis',(0.,0.,-1.));
#10675=DIRECTION('',(-1.,0.,0.));
#10676=DIRECTION('center_axis',(0.,-1.,0.));
#10677=DIRECTION('ref_axis',(-1.,0.,0.));
#10678=DIRECTION('',(-6.34413156928661E-16,0.,1.));
#10679=DIRECTION('center_axis',(0.,-1.,0.));
#10680=DIRECTION('ref_axis',(0.,0.,1.));
#10681=DIRECTION('',(-1.,-5.98318776312142E-29,-2.69458783644522E-13));
#10682=DIRECTION('center_axis',(0.,1.,0.));
#10683=DIRECTION('ref_axis',(-2.2026824809318E-12,0.,-1.));
#10684=DIRECTION('',(-1.,0.,2.19106022047651E-12));
#10685=DIRECTION('center_axis',(0.,1.,0.));
#10686=DIRECTION('ref_axis',(-1.,0.,-3.07901852157736E-13));
#10687=DIRECTION('',(-3.00711836382699E-13,0.,1.));
#10688=DIRECTION('center_axis',(0.,1.,0.));
#10689=DIRECTION('ref_axis',(9.71075072277599E-13,0.,1.));
#10690=DIRECTION('',(1.,0.,-9.88222308600071E-13));
#10691=DIRECTION('center_axis',(0.,1.,0.));
#10692=DIRECTION('ref_axis',(1.,0.,-9.88838640553801E-13));
#10693=DIRECTION('',(-9.89684524810105E-13,0.,-1.));
#10694=DIRECTION('center_axis',(0.,1.,0.));
#10695=DIRECTION('ref_axis',(0.,0.,-1.));
#10696=DIRECTION('',(-1.,0.,4.51930933815958E-15));
#10697=DIRECTION('center_axis',(0.,1.,0.));
#10698=DIRECTION('ref_axis',(-1.,0.,-1.03620815631682E-14));
#10699=DIRECTION('',(-3.01346249541114E-13,0.,1.));
#10700=DIRECTION('center_axis',(0.,1.,0.));
#10701=DIRECTION('ref_axis',(5.9211894646675E-15,0.,1.));
#10702=DIRECTION('',(1.,0.,0.));
#10703=DIRECTION('center_axis',(0.,1.,0.));
#10704=DIRECTION('ref_axis',(1.,0.,-8.88178419700113E-15));
#10705=DIRECTION('',(6.3441315692866E-16,0.,-1.));
#10706=DIRECTION('center_axis',(0.,1.,0.));
#10707=DIRECTION('ref_axis',(-2.66453525910038E-14,0.,-1.));
#10708=DIRECTION('',(-1.,0.,0.));
#10709=DIRECTION('center_axis',(0.,1.,0.));
#10710=DIRECTION('ref_axis',(-1.,0.,2.96059473233378E-15));
#10711=DIRECTION('',(0.,0.,1.));
#10712=DIRECTION('center_axis',(0.,1.,0.));
#10713=DIRECTION('ref_axis',(2.368475785867E-14,0.,1.));
#10714=DIRECTION('',(1.,0.,4.12722313987046E-17));
#10715=DIRECTION('center_axis',(0.,1.,0.));
#10716=DIRECTION('ref_axis',(1.,0.,0.));
#10717=DIRECTION('',(0.,0.,-1.));
#10718=DIRECTION('center_axis',(0.,1.,0.));
#10719=DIRECTION('ref_axis',(-1.1842378929335E-14,0.,-1.));
#10720=DIRECTION('',(-1.,0.,0.));
#10721=DIRECTION('center_axis',(0.,1.,0.));
#10722=DIRECTION('ref_axis',(-1.,0.,0.));
#10723=DIRECTION('',(0.,0.,1.));
#10724=DIRECTION('center_axis',(0.,1.,0.));
#10725=DIRECTION('ref_axis',(0.,0.,1.));
#10726=DIRECTION('',(1.,0.,0.));
#10727=DIRECTION('center_axis',(0.,1.,0.));
#10728=DIRECTION('ref_axis',(1.,0.,0.));
#10729=DIRECTION('',(0.,0.,-1.));
#10730=DIRECTION('center_axis',(0.,1.,0.));
#10731=DIRECTION('ref_axis',(-2.96059473233375E-14,0.,-1.));
#10732=DIRECTION('',(-1.,0.,0.));
#10733=DIRECTION('center_axis',(0.,1.,0.));
#10734=DIRECTION('ref_axis',(-1.,0.,2.96059473233378E-15));
#10735=DIRECTION('',(0.,0.,1.));
#10736=DIRECTION('center_axis',(0.,1.,0.));
#10737=DIRECTION('ref_axis',(2.368475785867E-14,0.,1.));
#10738=DIRECTION('',(1.,0.,4.12722313987046E-17));
#10739=DIRECTION('center_axis',(0.,1.,0.));
#10740=DIRECTION('ref_axis',(1.,0.,0.));
#10741=DIRECTION('',(0.,0.,-1.));
#10742=DIRECTION('center_axis',(0.,1.,0.));
#10743=DIRECTION('ref_axis',(0.,0.,-1.));
#10744=DIRECTION('',(-1.,0.,4.51930933815958E-15));
#10745=DIRECTION('center_axis',(0.,1.,0.));
#10746=DIRECTION('ref_axis',(-1.,0.,-1.03620815631682E-14));
#10747=DIRECTION('',(-3.01346249541114E-13,0.,1.));
#10748=DIRECTION('center_axis',(0.,1.,0.));
#10749=DIRECTION('ref_axis',(5.9211894646675E-15,0.,1.));
#10750=DIRECTION('',(1.,0.,0.));
#10751=DIRECTION('center_axis',(0.,1.,0.));
#10752=DIRECTION('ref_axis',(1.,0.,-8.88178419700113E-15));
#10753=DIRECTION('',(0.,0.,-1.));
#10754=DIRECTION('center_axis',(0.,1.,0.));
#10755=DIRECTION('ref_axis',(-2.2026824809318E-12,0.,-1.));
#10756=DIRECTION('',(-1.,0.,2.19106022047651E-12));
#10757=DIRECTION('center_axis',(0.,1.,0.));
#10758=DIRECTION('ref_axis',(-1.,0.,-3.07901852157736E-13));
#10759=DIRECTION('',(-3.00077423225774E-13,0.,1.));
#10760=DIRECTION('center_axis',(0.,1.,0.));
#10761=DIRECTION('ref_axis',(9.71075072277599E-13,0.,1.));
#10762=DIRECTION('',(1.,0.,-9.8822230860007E-13));
#10763=DIRECTION('center_axis',(0.,1.,0.));
#10764=DIRECTION('ref_axis',(1.,0.,-9.88838640553801E-13));
#10765=DIRECTION('',(-9.89684524810105E-13,0.,-1.));
#10766=DIRECTION('center_axis',(0.,1.,0.));
#10767=DIRECTION('ref_axis',(3.55271367880056E-14,0.,-1.));
#10768=DIRECTION('',(-1.,0.,-2.12551991703135E-15));
#10769=DIRECTION('center_axis',(0.,1.,0.));
#10770=DIRECTION('ref_axis',(-1.,0.,0.));
#10771=DIRECTION('',(1.26882631385733E-15,0.,1.));
#10772=DIRECTION('center_axis',(0.,1.,0.));
#10773=DIRECTION('ref_axis',(0.,0.,1.));
#10774=DIRECTION('',(1.,0.,-1.65088925594758E-16));
#10775=DIRECTION('center_axis',(0.,1.,0.));
#10776=DIRECTION('ref_axis',(1.,0.,-1.18423789292779E-14));
#10777=DIRECTION('',(-1.26882631385799E-15,0.,-1.));
#10778=DIRECTION('center_axis',(0.,1.,0.));
#10779=DIRECTION('ref_axis',(0.,0.,-1.));
#10780=DIRECTION('',(-1.,0.,4.51930933815958E-15));
#10781=DIRECTION('center_axis',(0.,1.,0.));
#10782=DIRECTION('ref_axis',(-1.,0.,-1.03620815631682E-14));
#10783=DIRECTION('',(-3.01187646251882E-13,0.,1.));
#10784=DIRECTION('center_axis',(0.,1.,0.));
#10785=DIRECTION('ref_axis',(4.44089209850063E-15,0.,1.));
#10786=DIRECTION('',(1.,0.,0.));
#10787=DIRECTION('center_axis',(0.,1.,0.));
#10788=DIRECTION('ref_axis',(1.,0.,-8.88178419700113E-15));
#10789=DIRECTION('',(0.,0.,-1.));
#10790=DIRECTION('center_axis',(0.,1.,0.));
#10791=DIRECTION('ref_axis',(-2.96059473233375E-14,0.,-1.));
#10792=DIRECTION('',(-1.,0.,0.));
#10793=DIRECTION('center_axis',(0.,1.,0.));
#10794=DIRECTION('ref_axis',(-1.,0.,2.96059473233378E-15));
#10795=DIRECTION('',(0.,0.,1.));
#10796=DIRECTION('center_axis',(0.,1.,0.));
#10797=DIRECTION('ref_axis',(2.368475785867E-14,0.,1.));
#10798=DIRECTION('',(1.,0.,4.12722313987046E-17));
#10799=DIRECTION('center_axis',(0.,1.,0.));
#10800=DIRECTION('ref_axis',(1.,0.,0.));
#10801=DIRECTION('',(0.,0.,-1.));
#10802=DIRECTION('center_axis',(0.,1.,0.));
#10803=DIRECTION('ref_axis',(-1.18423789293348E-14,0.,-1.));
#10804=DIRECTION('',(-1.,0.,3.30177851189639E-16));
#10805=DIRECTION('center_axis',(0.,1.,0.));
#10806=DIRECTION('ref_axis',(-1.,0.,0.));
#10807=DIRECTION('',(0.,0.,1.));
#10808=DIRECTION('center_axis',(0.,1.,0.));
#10809=DIRECTION('ref_axis',(0.,0.,1.));
#10810=DIRECTION('',(1.,0.,0.));
#10811=DIRECTION('center_axis',(0.,1.,0.));
#10812=DIRECTION('ref_axis',(1.,0.,-1.66533453693769E-15));
#10813=DIRECTION('',(-1.26882631385733E-15,0.,-1.));
#10814=DIRECTION('center_axis',(0.,1.,0.));
#10815=DIRECTION('ref_axis',(0.,0.,-1.));
#10816=DIRECTION('',(-1.,0.,4.51930933815958E-15));
#10817=DIRECTION('center_axis',(0.,1.,0.));
#10818=DIRECTION('ref_axis',(-1.,0.,-1.03620815631682E-14));
#10819=DIRECTION('',(-3.01346249541114E-13,0.,1.));
#10820=DIRECTION('center_axis',(0.,1.,0.));
#10821=DIRECTION('ref_axis',(5.9211894646675E-15,0.,1.));
#10822=DIRECTION('',(1.,0.,0.));
#10823=DIRECTION('center_axis',(0.,1.,0.));
#10824=DIRECTION('ref_axis',(1.,0.,-8.88178419700113E-15));
#10825=DIRECTION('',(6.3441315692866E-16,0.,-1.));
#10826=DIRECTION('center_axis',(0.,1.,0.));
#10827=DIRECTION('ref_axis',(-2.20416277829801E-12,0.,-1.));
#10828=DIRECTION('',(-1.,0.,2.19106022047651E-12));
#10829=DIRECTION('center_axis',(0.,1.,0.));
#10830=DIRECTION('ref_axis',(-1.,0.,-3.07901852157736E-13));
#10831=DIRECTION('',(-3.00253373749765E-13,0.,1.));
#10832=DIRECTION('center_axis',(0.,1.,0.));
#10833=DIRECTION('ref_axis',(9.69594774911322E-13,0.,1.));
#10834=DIRECTION('',(1.,0.,-9.8822230860007E-13));
#10835=DIRECTION('center_axis',(0.,1.,0.));
#10836=DIRECTION('ref_axis',(1.,0.,-9.88838640553801E-13));
#10837=DIRECTION('',(-9.9000173138857E-13,0.,-1.));
#10838=DIRECTION('center_axis',(0.,1.,0.));
#10839=DIRECTION('ref_axis',(-2.2026824809318E-12,0.,-1.));
#10840=DIRECTION('',(-1.,0.,2.19106022047651E-12));
#10841=DIRECTION('center_axis',(0.,1.,0.));
#10842=DIRECTION('ref_axis',(-1.,0.,-3.07901852157736E-13));
#10843=DIRECTION('',(-3.00077423225774E-13,0.,1.));
#10844=DIRECTION('center_axis',(0.,1.,0.));
#10845=DIRECTION('ref_axis',(9.65153882812492E-13,0.,1.));
#10846=DIRECTION('',(1.,0.,-9.8822230860007E-13));
#10847=DIRECTION('center_axis',(0.,1.,0.));
#10848=DIRECTION('ref_axis',(1.,0.,-9.88838640553801E-13));
#10849=DIRECTION('',(-9.89684524810105E-13,0.,-1.));
#10850=DIRECTION('center_axis',(0.,1.,0.));
#10851=DIRECTION('ref_axis',(0.,0.,-1.));
#10852=DIRECTION('',(-1.,0.,4.51930933815958E-15));
#10853=DIRECTION('center_axis',(0.,1.,0.));
#10854=DIRECTION('ref_axis',(-1.,0.,-1.03620815631682E-14));
#10855=DIRECTION('',(-3.01346249541114E-13,0.,1.));
#10856=DIRECTION('center_axis',(0.,1.,0.));
#10857=DIRECTION('ref_axis',(5.9211894646675E-15,0.,1.));
#10858=DIRECTION('',(1.,0.,0.));
#10859=DIRECTION('center_axis',(0.,1.,0.));
#10860=DIRECTION('ref_axis',(1.,0.,-8.88178419700113E-15));
#10861=DIRECTION('',(0.,0.,-1.));
#10862=DIRECTION('center_axis',(0.,1.,0.));
#10863=DIRECTION('ref_axis',(-2.2026824809318E-12,0.,-1.));
#10864=DIRECTION('',(-1.,0.,2.19106022047651E-12));
#10865=DIRECTION('center_axis',(0.,1.,0.));
#10866=DIRECTION('ref_axis',(-1.,0.,-3.07901852157736E-13));
#10867=DIRECTION('',(-3.00236026515005E-13,0.,1.));
#10868=DIRECTION('center_axis',(0.,1.,0.));
#10869=DIRECTION('ref_axis',(9.71075072277599E-13,0.,1.));
#10870=DIRECTION('',(1.,0.,-9.8822230860007E-13));
#10871=DIRECTION('center_axis',(0.,1.,0.));
#10872=DIRECTION('ref_axis',(1.,0.,-9.88838640553801E-13));
#10873=DIRECTION('',(-9.9000173138857E-13,0.,-1.));
#10874=DIRECTION('center_axis',(0.,1.,0.));
#10875=DIRECTION('ref_axis',(-2.2026824809318E-12,0.,-1.));
#10876=DIRECTION('',(-1.,0.,2.19106022047651E-12));
#10877=DIRECTION('center_axis',(0.,1.,0.));
#10878=DIRECTION('ref_axis',(-1.,0.,-3.07901852157736E-13));
#10879=DIRECTION('',(-3.00236026515005E-13,0.,1.));
#10880=DIRECTION('center_axis',(0.,1.,0.));
#10881=DIRECTION('ref_axis',(9.69594774911322E-13,0.,1.));
#10882=DIRECTION('',(1.,0.,-9.8822230860007E-13));
#10883=DIRECTION('center_axis',(0.,1.,0.));
#10884=DIRECTION('ref_axis',(1.,0.,-9.88838640553801E-13));
#10885=DIRECTION('',(-9.89962080566262E-13,0.,-1.));
#10886=DIRECTION('center_axis',(0.,1.,0.));
#10887=DIRECTION('ref_axis',(-2.19084010200205E-12,0.,-1.));
#10888=DIRECTION('',(-1.,0.,2.19106022047651E-12));
#10889=DIRECTION('center_axis',(0.,1.,0.));
#10890=DIRECTION('ref_axis',(-1.,0.,-3.07901852157736E-13));
#10891=DIRECTION('',(-3.00077423225774E-13,0.,1.));
#10892=DIRECTION('center_axis',(0.,1.,0.));
#10893=DIRECTION('ref_axis',(9.65153882812492E-13,0.,1.));
#10894=DIRECTION('',(1.,0.,-9.88222308600071E-13));
#10895=DIRECTION('center_axis',(0.,1.,0.));
#10896=DIRECTION('ref_axis',(1.,0.,-9.88838640553812E-13));
#10897=DIRECTION('',(-9.89684524810105E-13,0.,-1.));
#10898=DIRECTION('center_axis',(-3.90194243292273E-92,1.,-2.46519032881566E-32));
#10899=DIRECTION('ref_axis',(1.,3.90194243292274E-92,0.));
#10900=DIRECTION('center_axis',(0.,1.,0.));
#10901=DIRECTION('ref_axis',(0.,0.,-1.));
#10902=DIRECTION('',(-1.,0.,4.51930933815958E-15));
#10903=DIRECTION('center_axis',(0.,1.,0.));
#10904=DIRECTION('ref_axis',(-1.,0.,-1.03620815631683E-14));
#10905=DIRECTION('',(-3.01980662698043E-13,0.,1.));
#10906=DIRECTION('center_axis',(0.,1.,0.));
#10907=DIRECTION('ref_axis',(5.9211894646675E-15,0.,1.));
#10908=DIRECTION('',(1.,0.,0.));
#10909=DIRECTION('center_axis',(0.,1.,0.));
#10910=DIRECTION('ref_axis',(1.,0.,-8.88178419700113E-15));
#10911=DIRECTION('',(6.3441315692866E-16,0.,-1.));
#10912=DIRECTION('center_axis',(0.,1.,0.));
#10913=DIRECTION('ref_axis',(-2.2204460492503E-15,0.,-1.));
#10914=DIRECTION('',(-1.,0.,4.51930933815958E-15));
#10915=DIRECTION('center_axis',(0.,1.,0.));
#10916=DIRECTION('ref_axis',(-1.,0.,-1.03620815631682E-14));
#10917=DIRECTION('',(-3.01346249541114E-13,0.,1.));
#10918=DIRECTION('center_axis',(0.,1.,0.));
#10919=DIRECTION('ref_axis',(2.96059473233375E-15,0.,1.));
#10920=DIRECTION('',(1.,0.,0.));
#10921=DIRECTION('center_axis',(0.,1.,0.));
#10922=DIRECTION('ref_axis',(1.,0.,-8.88178419700113E-15));
#10923=DIRECTION('',(1.58603289232165E-16,0.,-1.));
#10924=DIRECTION('center_axis',(0.,1.,0.));
#10925=DIRECTION('ref_axis',(-2.66453525910038E-14,0.,-1.));
#10926=DIRECTION('',(-1.,0.,0.));
#10927=DIRECTION('center_axis',(0.,1.,0.));
#10928=DIRECTION('ref_axis',(-1.,0.,2.96059473233376E-15));
#10929=DIRECTION('',(3.1720657846433E-16,0.,1.));
#10930=DIRECTION('center_axis',(0.,1.,0.));
#10931=DIRECTION('ref_axis',(2.07241631263362E-14,0.,1.));
#10932=DIRECTION('',(1.,0.,4.12722313987046E-17));
#10933=DIRECTION('center_axis',(0.,1.,0.));
#10934=DIRECTION('ref_axis',(1.,0.,0.));
#10935=DIRECTION('',(1.58603289232165E-16,0.,-1.));
#10936=DIRECTION('center_axis',(0.,1.,0.));
#10937=DIRECTION('ref_axis',(-2.2026824809318E-12,0.,-1.));
#10938=DIRECTION('',(-1.,0.,2.19106022047651E-12));
#10939=DIRECTION('center_axis',(0.,1.,0.));
#10940=DIRECTION('ref_axis',(-1.,0.,-3.07901852157736E-13));
#10941=DIRECTION('',(-3.00077423225774E-13,0.,1.));
#10942=DIRECTION('center_axis',(0.,1.,0.));
#10943=DIRECTION('ref_axis',(9.65153882812492E-13,0.,1.));
#10944=DIRECTION('',(1.,0.,-9.8822230860007E-13));
#10945=DIRECTION('center_axis',(0.,1.,0.));
#10946=DIRECTION('ref_axis',(1.,0.,-9.88838640553801E-13));
#10947=DIRECTION('',(-9.89684524810105E-13,0.,-1.));
#10948=DIRECTION('center_axis',(0.,1.,0.));
#10949=DIRECTION('ref_axis',(-2.2026824809318E-12,0.,-1.));
#10950=DIRECTION('',(-1.,0.,2.19106022047651E-12));
#10951=DIRECTION('center_axis',(0.,1.,0.));
#10952=DIRECTION('ref_axis',(-1.,0.,-3.07901852157736E-13));
#10953=DIRECTION('',(-3.00077423225774E-13,0.,1.));
#10954=DIRECTION('center_axis',(0.,1.,0.));
#10955=DIRECTION('ref_axis',(9.65153882812492E-13,0.,1.));
#10956=DIRECTION('',(1.,0.,-9.8822230860007E-13));
#10957=DIRECTION('center_axis',(0.,1.,0.));
#10958=DIRECTION('ref_axis',(1.,0.,-9.88838640553801E-13));
#10959=DIRECTION('',(-9.89684524810105E-13,0.,-1.));
#10960=DIRECTION('center_axis',(0.,1.,0.));
#10961=DIRECTION('ref_axis',(-2.2026824809318E-12,0.,-1.));
#10962=DIRECTION('',(-1.,0.,2.19106022047651E-12));
#10963=DIRECTION('center_axis',(0.,1.,0.));
#10964=DIRECTION('ref_axis',(-1.,0.,-3.07901852157736E-13));
#10965=DIRECTION('',(-3.00077423225774E-13,0.,1.));
#10966=DIRECTION('center_axis',(0.,1.,0.));
#10967=DIRECTION('ref_axis',(9.71075072277599E-13,0.,1.));
#10968=DIRECTION('',(1.,0.,-9.8822230860007E-13));
#10969=DIRECTION('center_axis',(0.,1.,0.));
#10970=DIRECTION('ref_axis',(1.,0.,-9.88838640553801E-13));
#10971=DIRECTION('',(-9.9000173138857E-13,0.,-1.));
#10972=DIRECTION('center_axis',(-3.90194243292273E-92,1.,-2.46519032881566E-32));
#10973=DIRECTION('ref_axis',(1.,0.,0.));
#10974=DIRECTION('center_axis',(0.,1.,0.));
#10975=DIRECTION('ref_axis',(-2.96059473233375E-14,0.,-1.));
#10976=DIRECTION('',(0.,0.,1.));
#10977=DIRECTION('center_axis',(0.,1.,0.));
#10978=DIRECTION('ref_axis',(2.368475785867E-14,0.,1.));
#10979=DIRECTION('',(1.,0.,4.12722313987046E-17));
#10980=DIRECTION('center_axis',(0.,1.,0.));
#10981=DIRECTION('ref_axis',(1.,0.,0.));
#10982=DIRECTION('',(0.,0.,-1.));
#10983=DIRECTION('center_axis',(0.,1.,0.));
#10984=DIRECTION('ref_axis',(-2.66453525910038E-14,0.,-1.));
#10985=DIRECTION('',(-1.,0.,0.));
#10986=DIRECTION('center_axis',(0.,1.,0.));
#10987=DIRECTION('ref_axis',(-1.,0.,2.96059473233376E-15));
#10988=DIRECTION('',(3.1720657846433E-16,0.,1.));
#10989=DIRECTION('center_axis',(0.,1.,0.));
#10990=DIRECTION('ref_axis',(2.07241631263362E-14,0.,1.));
#10991=DIRECTION('',(1.,0.,4.12722313987046E-17));
#10992=DIRECTION('center_axis',(0.,1.,0.));
#10993=DIRECTION('ref_axis',(1.,0.,0.));
#10994=DIRECTION('',(0.,0.,-1.));
#10995=DIRECTION('center_axis',(-3.90194243292273E-92,1.,-2.46519032881566E-32));
#10996=DIRECTION('ref_axis',(1.,3.90194243292274E-92,0.));
#10997=DIRECTION('center_axis',(0.,1.,0.));
#10998=DIRECTION('ref_axis',(0.,0.,-1.));
#10999=DIRECTION('',(-1.,0.,4.51930933815958E-15));
#11000=DIRECTION('center_axis',(0.,1.,0.));
#11001=DIRECTION('ref_axis',(-1.,0.,-1.03620815631682E-14));
#11002=DIRECTION('',(-3.01346249541114E-13,0.,1.));
#11003=DIRECTION('center_axis',(0.,1.,0.));
#11004=DIRECTION('ref_axis',(2.96059473233375E-15,0.,1.));
#11005=DIRECTION('',(1.,0.,0.));
#11006=DIRECTION('center_axis',(0.,1.,0.));
#11007=DIRECTION('ref_axis',(1.,0.,-8.88178419700113E-15));
#11008=DIRECTION('',(6.3441315692866E-16,0.,-1.));
#11009=DIRECTION('center_axis',(0.,1.,0.));
#11010=DIRECTION('ref_axis',(-2.66453525910038E-14,0.,-1.));
#11011=DIRECTION('',(-1.,0.,0.));
#11012=DIRECTION('center_axis',(0.,1.,0.));
#11013=DIRECTION('ref_axis',(-1.,0.,2.96059473233376E-15));
#11014=DIRECTION('',(1.98254111540206E-16,0.,1.));
#11015=DIRECTION('center_axis',(0.,1.,0.));
#11016=DIRECTION('ref_axis',(2.22044604925031E-14,0.,1.));
#11017=DIRECTION('',(1.,0.,4.12722313987046E-17));
#11018=DIRECTION('center_axis',(0.,1.,0.));
#11019=DIRECTION('ref_axis',(1.,0.,0.));
#11020=DIRECTION('',(0.,0.,-1.));
#11021=DIRECTION('center_axis',(0.,1.,0.));
#11022=DIRECTION('ref_axis',(-2.2026824809318E-12,0.,-1.));
#11023=DIRECTION('',(-1.,0.,2.19106022047651E-12));
#11024=DIRECTION('center_axis',(0.,1.,0.));
#11025=DIRECTION('ref_axis',(-1.,0.,-3.07901852157736E-13));
#11026=DIRECTION('',(-3.00711836382699E-13,0.,1.));
#11027=DIRECTION('center_axis',(0.,1.,0.));
#11028=DIRECTION('ref_axis',(9.71075072277599E-13,0.,1.));
#11029=DIRECTION('',(1.,0.,-9.88222308600071E-13));
#11030=DIRECTION('center_axis',(0.,1.,0.));
#11031=DIRECTION('ref_axis',(1.,0.,-9.88838640553801E-13));
#11032=DIRECTION('',(-9.89684524810105E-13,0.,-1.));
#11033=DIRECTION('center_axis',(0.,1.,0.));
#11034=DIRECTION('ref_axis',(-2.96059473233375E-14,0.,-1.));
#11035=DIRECTION('',(-1.,0.,0.));
#11036=DIRECTION('center_axis',(0.,1.,0.));
#11037=DIRECTION('ref_axis',(-1.,0.,2.96059473233378E-15));
#11038=DIRECTION('',(0.,0.,1.));
#11039=DIRECTION('center_axis',(0.,1.,0.));
#11040=DIRECTION('ref_axis',(2.368475785867E-14,0.,1.));
#11041=DIRECTION('',(1.,0.,4.12722313987046E-17));
#11042=DIRECTION('center_axis',(0.,1.,0.));
#11043=DIRECTION('ref_axis',(1.,0.,0.));
#11044=DIRECTION('',(0.,0.,-1.));
#11045=DIRECTION('center_axis',(-3.90194243292273E-92,1.,-2.46519032881566E-32));
#11046=DIRECTION('ref_axis',(1.,0.,0.));
#11047=DIRECTION('center_axis',(0.,1.,0.));
#11048=DIRECTION('ref_axis',(-2.69229083471601E-14,0.,-1.));
#11049=DIRECTION('',(-1.,0.,0.));
#11050=DIRECTION('center_axis',(0.,1.,0.));
#11051=DIRECTION('ref_axis',(-1.,0.,2.96059473233376E-15));
#11052=DIRECTION('',(1.58603289232165E-16,0.,1.));
#11053=DIRECTION('center_axis',(0.,1.,0.));
#11054=DIRECTION('ref_axis',(2.22044604925031E-14,0.,1.));
#11055=DIRECTION('',(1.,0.,4.12722313987046E-17));
#11056=DIRECTION('center_axis',(0.,1.,0.));
#11057=DIRECTION('ref_axis',(1.,0.,0.));
#11058=DIRECTION('',(1.18952466924124E-16,0.,-1.));
#11059=DIRECTION('center_axis',(-0.70710678117379,0.,-0.707106781199305));
#11060=DIRECTION('ref_axis',(-0.707106781199305,1.57009245865545E-16,0.70710678117379));
#11061=DIRECTION('',(0.,-1.,0.));
#11062=DIRECTION('',(0.,1.,0.));
#11063=DIRECTION('center_axis',(0.,1.,0.));
#11064=DIRECTION('ref_axis',(-0.382683432488741,0.,0.923879532460069));
#11065=DIRECTION('',(0.,-1.,0.));
#11066=DIRECTION('center_axis',(0.,1.,0.));
#11067=DIRECTION('ref_axis',(0.382683432241436,0.,0.923879532562506));
#11068=DIRECTION('',(0.,1.,0.));
#11069=DIRECTION('center_axis',(0.,0.,1.));
#11070=DIRECTION('ref_axis',(1.,0.,0.));
#11071=DIRECTION('',(0.,1.,0.));
#11072=DIRECTION('center_axis',(3.02808725325809E-15,0.,1.));
#11073=DIRECTION('ref_axis',(1.,0.,-3.02808725325809E-15));
#11074=DIRECTION('',(0.,1.,0.));
#11075=DIRECTION('',(0.,1.,0.));
#11076=DIRECTION('center_axis',(6.43611146837878E-16,0.,1.));
#11077=DIRECTION('ref_axis',(1.,0.,-6.43611146837878E-16));
#11078=DIRECTION('',(0.,1.,0.));
#11079=DIRECTION('',(0.,1.,0.));
#11080=DIRECTION('center_axis',(0.,0.,1.));
#11081=DIRECTION('ref_axis',(1.,0.,0.));
#11082=DIRECTION('',(0.,1.,0.));
#11083=DIRECTION('center_axis',(2.19106022047651E-12,0.,1.));
#11084=DIRECTION('ref_axis',(1.,0.,-2.19106022047651E-12));
#11085=DIRECTION('',(0.,1.,0.));
#11086=DIRECTION('',(0.,1.,0.));
#11087=DIRECTION('center_axis',(0.,1.,0.));
#11088=DIRECTION('ref_axis',(-1.,0.,-3.07901852157736E-13));
#11089=DIRECTION('',(0.,1.,0.));
#11090=DIRECTION('center_axis',(1.,0.,3.00711836382699E-13));
#11091=DIRECTION('ref_axis',(3.00711836382699E-13,0.,-1.));
#11092=DIRECTION('',(0.,1.,0.));
#11093=DIRECTION('center_axis',(0.,1.,0.));
#11094=DIRECTION('ref_axis',(9.71075072277599E-13,0.,1.));
#11095=DIRECTION('',(0.,1.,0.));
#11096=DIRECTION('center_axis',(-9.88222308600071E-13,0.,-1.));
#11097=DIRECTION('ref_axis',(-1.,0.,9.88222308600071E-13));
#11098=DIRECTION('',(0.,1.,0.));
#11099=DIRECTION('center_axis',(0.,1.,0.));
#11100=DIRECTION('ref_axis',(1.,0.,-9.88838640553801E-13));
#11101=DIRECTION('',(0.,1.,0.));
#11102=DIRECTION('center_axis',(-1.,0.,9.89684524810105E-13));
#11103=DIRECTION('ref_axis',(9.89684524810105E-13,0.,1.));
#11104=DIRECTION('',(0.,1.,0.));
#11105=DIRECTION('center_axis',(0.,1.,0.));
#11106=DIRECTION('ref_axis',(-2.2026824809318E-12,0.,-1.));
#11107=DIRECTION('center_axis',(4.51930933815958E-15,0.,1.));
#11108=DIRECTION('ref_axis',(1.,0.,-4.51930933815958E-15));
#11109=DIRECTION('',(0.,1.,0.));
#11110=DIRECTION('',(0.,1.,0.));
#11111=DIRECTION('center_axis',(0.,1.,0.));
#11112=DIRECTION('ref_axis',(-1.,0.,-1.03620815631682E-14));
#11113=DIRECTION('',(0.,1.,0.));
#11114=DIRECTION('center_axis',(1.,0.,3.01346249541114E-13));
#11115=DIRECTION('ref_axis',(3.01346249541114E-13,0.,-1.));
#11116=DIRECTION('',(0.,1.,0.));
#11117=DIRECTION('center_axis',(0.,1.,0.));
#11118=DIRECTION('ref_axis',(5.9211894646675E-15,0.,1.));
#11119=DIRECTION('',(0.,1.,0.));
#11120=DIRECTION('center_axis',(0.,0.,-1.));
#11121=DIRECTION('ref_axis',(-1.,0.,0.));
#11122=DIRECTION('',(0.,1.,0.));
#11123=DIRECTION('center_axis',(0.,1.,0.));
#11124=DIRECTION('ref_axis',(1.,0.,-8.88178419700113E-15));
#11125=DIRECTION('',(0.,1.,0.));
#11126=DIRECTION('center_axis',(-1.,0.,-6.3441315692866E-16));
#11127=DIRECTION('ref_axis',(-6.3441315692866E-16,0.,1.));
#11128=DIRECTION('',(0.,1.,0.));
#11129=DIRECTION('center_axis',(0.,1.,0.));
#11130=DIRECTION('ref_axis',(0.,0.,-1.));
#11131=DIRECTION('center_axis',(0.,0.,1.));
#11132=DIRECTION('ref_axis',(1.,0.,0.));
#11133=DIRECTION('',(0.,1.,0.));
#11134=DIRECTION('',(0.,1.,0.));
#11135=DIRECTION('center_axis',(0.,1.,0.));
#11136=DIRECTION('ref_axis',(-1.,0.,2.96059473233378E-15));
#11137=DIRECTION('',(0.,1.,0.));
#11138=DIRECTION('center_axis',(1.,0.,0.));
#11139=DIRECTION('ref_axis',(0.,0.,-1.));
#11140=DIRECTION('',(0.,1.,0.));
#11141=DIRECTION('center_axis',(0.,1.,0.));
#11142=DIRECTION('ref_axis',(2.368475785867E-14,0.,1.));
#11143=DIRECTION('',(0.,1.,0.));
#11144=DIRECTION('center_axis',(4.12722313987046E-17,0.,-1.));
#11145=DIRECTION('ref_axis',(-1.,0.,-4.12722313987046E-17));
#11146=DIRECTION('',(0.,1.,0.));
#11147=DIRECTION('center_axis',(0.,1.,0.));
#11148=DIRECTION('ref_axis',(1.,0.,0.));
#11149=DIRECTION('',(0.,1.,0.));
#11150=DIRECTION('center_axis',(-1.,0.,0.));
#11151=DIRECTION('ref_axis',(0.,0.,1.));
#11152=DIRECTION('',(0.,1.,0.));
#11153=DIRECTION('center_axis',(0.,1.,0.));
#11154=DIRECTION('ref_axis',(-2.66453525910038E-14,0.,-1.));
#11155=DIRECTION('center_axis',(0.,0.,1.));
#11156=DIRECTION('ref_axis',(1.,0.,0.));
#11157=DIRECTION('',(0.,1.,0.));
#11158=DIRECTION('',(0.,1.,0.));
#11159=DIRECTION('center_axis',(0.,1.,0.));
#11160=DIRECTION('ref_axis',(-1.,0.,0.));
#11161=DIRECTION('',(0.,1.,0.));
#11162=DIRECTION('center_axis',(1.,0.,0.));
#11163=DIRECTION('ref_axis',(0.,0.,-1.));
#11164=DIRECTION('',(0.,1.,0.));
#11165=DIRECTION('center_axis',(0.,1.,0.));
#11166=DIRECTION('ref_axis',(0.,0.,1.));
#11167=DIRECTION('',(0.,1.,0.));
#11168=DIRECTION('center_axis',(0.,0.,-1.));
#11169=DIRECTION('ref_axis',(-1.,0.,0.));
#11170=DIRECTION('',(0.,1.,0.));
#11171=DIRECTION('center_axis',(0.,1.,0.));
#11172=DIRECTION('ref_axis',(1.,0.,0.));
#11173=DIRECTION('',(0.,1.,0.));
#11174=DIRECTION('center_axis',(-1.,0.,0.));
#11175=DIRECTION('ref_axis',(0.,0.,1.));
#11176=DIRECTION('',(0.,1.,0.));
#11177=DIRECTION('center_axis',(0.,1.,0.));
#11178=DIRECTION('ref_axis',(-1.1842378929335E-14,0.,-1.));
#11179=DIRECTION('center_axis',(0.,0.,1.));
#11180=DIRECTION('ref_axis',(1.,0.,0.));
#11181=DIRECTION('',(0.,1.,0.));
#11182=DIRECTION('',(0.,1.,0.));
#11183=DIRECTION('center_axis',(0.,1.,0.));
#11184=DIRECTION('ref_axis',(-1.,0.,2.96059473233378E-15));
#11185=DIRECTION('',(0.,1.,0.));
#11186=DIRECTION('center_axis',(1.,0.,0.));
#11187=DIRECTION('ref_axis',(0.,0.,-1.));
#11188=DIRECTION('',(0.,1.,0.));
#11189=DIRECTION('center_axis',(0.,1.,0.));
#11190=DIRECTION('ref_axis',(2.368475785867E-14,0.,1.));
#11191=DIRECTION('',(0.,1.,0.));
#11192=DIRECTION('center_axis',(4.12722313987046E-17,0.,-1.));
#11193=DIRECTION('ref_axis',(-1.,0.,-4.12722313987046E-17));
#11194=DIRECTION('',(0.,1.,0.));
#11195=DIRECTION('center_axis',(0.,1.,0.));
#11196=DIRECTION('ref_axis',(1.,0.,0.));
#11197=DIRECTION('',(0.,1.,0.));
#11198=DIRECTION('center_axis',(-1.,0.,0.));
#11199=DIRECTION('ref_axis',(0.,0.,1.));
#11200=DIRECTION('',(0.,1.,0.));
#11201=DIRECTION('center_axis',(0.,1.,0.));
#11202=DIRECTION('ref_axis',(-2.96059473233375E-14,0.,-1.));
#11203=DIRECTION('center_axis',(4.51930933815958E-15,0.,1.));
#11204=DIRECTION('ref_axis',(1.,0.,-4.51930933815958E-15));
#11205=DIRECTION('',(0.,1.,0.));
#11206=DIRECTION('',(0.,1.,0.));
#11207=DIRECTION('center_axis',(0.,1.,0.));
#11208=DIRECTION('ref_axis',(-1.,0.,-1.03620815631682E-14));
#11209=DIRECTION('',(0.,1.,0.));
#11210=DIRECTION('center_axis',(1.,0.,3.01346249541114E-13));
#11211=DIRECTION('ref_axis',(3.01346249541114E-13,0.,-1.));
#11212=DIRECTION('',(0.,1.,0.));
#11213=DIRECTION('center_axis',(0.,1.,0.));
#11214=DIRECTION('ref_axis',(5.9211894646675E-15,0.,1.));
#11215=DIRECTION('',(0.,1.,0.));
#11216=DIRECTION('center_axis',(0.,0.,-1.));
#11217=DIRECTION('ref_axis',(-1.,0.,0.));
#11218=DIRECTION('',(0.,1.,0.));
#11219=DIRECTION('center_axis',(0.,1.,0.));
#11220=DIRECTION('ref_axis',(1.,0.,-8.88178419700113E-15));
#11221=DIRECTION('',(0.,1.,0.));
#11222=DIRECTION('center_axis',(-1.,0.,0.));
#11223=DIRECTION('ref_axis',(0.,0.,1.));
#11224=DIRECTION('',(0.,1.,0.));
#11225=DIRECTION('center_axis',(0.,1.,0.));
#11226=DIRECTION('ref_axis',(0.,0.,-1.));
#11227=DIRECTION('center_axis',(2.19106022047651E-12,0.,1.));
#11228=DIRECTION('ref_axis',(1.,0.,-2.19106022047651E-12));
#11229=DIRECTION('',(0.,1.,0.));
#11230=DIRECTION('',(0.,1.,0.));
#11231=DIRECTION('center_axis',(0.,1.,0.));
#11232=DIRECTION('ref_axis',(-1.,0.,-3.07901852157736E-13));
#11233=DIRECTION('',(0.,1.,0.));
#11234=DIRECTION('center_axis',(1.,0.,3.00077423225774E-13));
#11235=DIRECTION('ref_axis',(3.00077423225774E-13,0.,-1.));
#11236=DIRECTION('',(0.,1.,0.));
#11237=DIRECTION('center_axis',(0.,1.,0.));
#11238=DIRECTION('ref_axis',(9.71075072277599E-13,0.,1.));
#11239=DIRECTION('',(0.,1.,0.));
#11240=DIRECTION('center_axis',(-9.8822230860007E-13,0.,-1.));
#11241=DIRECTION('ref_axis',(-1.,0.,9.8822230860007E-13));
#11242=DIRECTION('',(0.,1.,0.));
#11243=DIRECTION('center_axis',(0.,1.,0.));
#11244=DIRECTION('ref_axis',(1.,0.,-9.88838640553801E-13));
#11245=DIRECTION('',(0.,1.,0.));
#11246=DIRECTION('center_axis',(-1.,0.,9.89684524810105E-13));
#11247=DIRECTION('ref_axis',(9.89684524810105E-13,0.,1.));
#11248=DIRECTION('',(0.,1.,0.));
#11249=DIRECTION('center_axis',(0.,1.,0.));
#11250=DIRECTION('ref_axis',(-2.2026824809318E-12,0.,-1.));
#11251=DIRECTION('center_axis',(-2.12551991703135E-15,0.,1.));
#11252=DIRECTION('ref_axis',(1.,0.,2.12551991703135E-15));
#11253=DIRECTION('',(0.,1.,0.));
#11254=DIRECTION('',(0.,1.,0.));
#11255=DIRECTION('center_axis',(0.,1.,0.));
#11256=DIRECTION('ref_axis',(-1.,0.,0.));
#11257=DIRECTION('',(0.,1.,0.));
#11258=DIRECTION('center_axis',(1.,0.,-1.26882631385733E-15));
#11259=DIRECTION('ref_axis',(-1.26882631385733E-15,0.,-1.));
#11260=DIRECTION('',(0.,1.,0.));
#11261=DIRECTION('center_axis',(0.,1.,0.));
#11262=DIRECTION('ref_axis',(0.,0.,1.));
#11263=DIRECTION('',(0.,1.,0.));
#11264=DIRECTION('center_axis',(-1.65088925594758E-16,0.,-1.));
#11265=DIRECTION('ref_axis',(-1.,0.,1.65088925594758E-16));
#11266=DIRECTION('',(0.,1.,0.));
#11267=DIRECTION('center_axis',(0.,1.,0.));
#11268=DIRECTION('ref_axis',(1.,0.,-1.18423789292779E-14));
#11269=DIRECTION('',(0.,1.,0.));
#11270=DIRECTION('center_axis',(-1.,0.,1.26882631385799E-15));
#11271=DIRECTION('ref_axis',(1.26882631385799E-15,0.,1.));
#11272=DIRECTION('',(0.,1.,0.));
#11273=DIRECTION('center_axis',(0.,1.,0.));
#11274=DIRECTION('ref_axis',(3.55271367880056E-14,0.,-1.));
#11275=DIRECTION('center_axis',(4.51930933815958E-15,0.,1.));
#11276=DIRECTION('ref_axis',(1.,0.,-4.51930933815958E-15));
#11277=DIRECTION('',(0.,1.,0.));
#11278=DIRECTION('',(0.,1.,0.));
#11279=DIRECTION('center_axis',(0.,1.,0.));
#11280=DIRECTION('ref_axis',(-1.,0.,-1.03620815631682E-14));
#11281=DIRECTION('',(0.,1.,0.));
#11282=DIRECTION('center_axis',(1.,0.,3.01187646251882E-13));
#11283=DIRECTION('ref_axis',(3.01187646251882E-13,0.,-1.));
#11284=DIRECTION('',(0.,1.,0.));
#11285=DIRECTION('center_axis',(0.,1.,0.));
#11286=DIRECTION('ref_axis',(4.44089209850063E-15,0.,1.));
#11287=DIRECTION('',(0.,1.,0.));
#11288=DIRECTION('center_axis',(0.,0.,-1.));
#11289=DIRECTION('ref_axis',(-1.,0.,0.));
#11290=DIRECTION('',(0.,1.,0.));
#11291=DIRECTION('center_axis',(0.,1.,0.));
#11292=DIRECTION('ref_axis',(1.,0.,-8.88178419700113E-15));
#11293=DIRECTION('',(0.,1.,0.));
#11294=DIRECTION('center_axis',(-1.,0.,0.));
#11295=DIRECTION('ref_axis',(0.,0.,1.));
#11296=DIRECTION('',(0.,1.,0.));
#11297=DIRECTION('center_axis',(0.,1.,0.));
#11298=DIRECTION('ref_axis',(0.,0.,-1.));
#11299=DIRECTION('center_axis',(0.,0.,1.));
#11300=DIRECTION('ref_axis',(1.,0.,0.));
#11301=DIRECTION('',(0.,1.,0.));
#11302=DIRECTION('',(0.,1.,0.));
#11303=DIRECTION('center_axis',(0.,1.,0.));
#11304=DIRECTION('ref_axis',(-1.,0.,2.96059473233378E-15));
#11305=DIRECTION('',(0.,1.,0.));
#11306=DIRECTION('center_axis',(1.,0.,0.));
#11307=DIRECTION('ref_axis',(0.,0.,-1.));
#11308=DIRECTION('',(0.,1.,0.));
#11309=DIRECTION('center_axis',(0.,1.,0.));
#11310=DIRECTION('ref_axis',(2.368475785867E-14,0.,1.));
#11311=DIRECTION('',(0.,1.,0.));
#11312=DIRECTION('center_axis',(4.12722313987046E-17,0.,-1.));
#11313=DIRECTION('ref_axis',(-1.,0.,-4.12722313987046E-17));
#11314=DIRECTION('',(0.,1.,0.));
#11315=DIRECTION('center_axis',(0.,1.,0.));
#11316=DIRECTION('ref_axis',(1.,0.,0.));
#11317=DIRECTION('',(0.,1.,0.));
#11318=DIRECTION('center_axis',(-1.,0.,0.));
#11319=DIRECTION('ref_axis',(0.,0.,1.));
#11320=DIRECTION('',(0.,1.,0.));
#11321=DIRECTION('center_axis',(0.,1.,0.));
#11322=DIRECTION('ref_axis',(-2.96059473233375E-14,0.,-1.));
#11323=DIRECTION('center_axis',(3.30177851189639E-16,0.,1.));
#11324=DIRECTION('ref_axis',(1.,0.,-3.30177851189639E-16));
#11325=DIRECTION('',(0.,1.,0.));
#11326=DIRECTION('',(0.,1.,0.));
#11327=DIRECTION('center_axis',(0.,1.,0.));
#11328=DIRECTION('ref_axis',(-1.,0.,0.));
#11329=DIRECTION('',(0.,1.,0.));
#11330=DIRECTION('center_axis',(1.,0.,0.));
#11331=DIRECTION('ref_axis',(0.,0.,-1.));
#11332=DIRECTION('',(0.,1.,0.));
#11333=DIRECTION('center_axis',(0.,1.,0.));
#11334=DIRECTION('ref_axis',(0.,0.,1.));
#11335=DIRECTION('',(0.,1.,0.));
#11336=DIRECTION('center_axis',(0.,0.,-1.));
#11337=DIRECTION('ref_axis',(-1.,0.,0.));
#11338=DIRECTION('',(0.,1.,0.));
#11339=DIRECTION('center_axis',(0.,1.,0.));
#11340=DIRECTION('ref_axis',(1.,0.,-1.66533453693769E-15));
#11341=DIRECTION('',(0.,1.,0.));
#11342=DIRECTION('center_axis',(-1.,0.,1.26882631385733E-15));
#11343=DIRECTION('ref_axis',(1.26882631385733E-15,0.,1.));
#11344=DIRECTION('',(0.,1.,0.));
#11345=DIRECTION('center_axis',(0.,1.,0.));
#11346=DIRECTION('ref_axis',(-1.18423789293348E-14,0.,-1.));
#11347=DIRECTION('center_axis',(4.51930933815958E-15,0.,1.));
#11348=DIRECTION('ref_axis',(1.,0.,-4.51930933815958E-15));
#11349=DIRECTION('',(0.,1.,0.));
#11350=DIRECTION('',(0.,1.,0.));
#11351=DIRECTION('center_axis',(0.,1.,0.));
#11352=DIRECTION('ref_axis',(-1.,0.,-1.03620815631682E-14));
#11353=DIRECTION('',(0.,1.,0.));
#11354=DIRECTION('center_axis',(1.,0.,3.01346249541114E-13));
#11355=DIRECTION('ref_axis',(3.01346249541114E-13,0.,-1.));
#11356=DIRECTION('',(0.,1.,0.));
#11357=DIRECTION('center_axis',(0.,1.,0.));
#11358=DIRECTION('ref_axis',(5.9211894646675E-15,0.,1.));
#11359=DIRECTION('',(0.,1.,0.));
#11360=DIRECTION('center_axis',(0.,0.,-1.));
#11361=DIRECTION('ref_axis',(-1.,0.,0.));
#11362=DIRECTION('',(0.,1.,0.));
#11363=DIRECTION('center_axis',(0.,1.,0.));
#11364=DIRECTION('ref_axis',(1.,0.,-8.88178419700113E-15));
#11365=DIRECTION('',(0.,1.,0.));
#11366=DIRECTION('center_axis',(-1.,0.,-6.3441315692866E-16));
#11367=DIRECTION('ref_axis',(-6.3441315692866E-16,0.,1.));
#11368=DIRECTION('',(0.,1.,0.));
#11369=DIRECTION('center_axis',(0.,1.,0.));
#11370=DIRECTION('ref_axis',(0.,0.,-1.));
#11371=DIRECTION('center_axis',(2.19106022047651E-12,0.,1.));
#11372=DIRECTION('ref_axis',(1.,0.,-2.19106022047651E-12));
#11373=DIRECTION('',(0.,1.,0.));
#11374=DIRECTION('',(0.,1.,0.));
#11375=DIRECTION('center_axis',(0.,1.,0.));
#11376=DIRECTION('ref_axis',(-1.,0.,-3.07901852157736E-13));
#11377=DIRECTION('',(0.,1.,0.));
#11378=DIRECTION('center_axis',(1.,0.,3.00253373749765E-13));
#11379=DIRECTION('ref_axis',(3.00253373749765E-13,0.,-1.));
#11380=DIRECTION('',(0.,1.,0.));
#11381=DIRECTION('center_axis',(0.,1.,0.));
#11382=DIRECTION('ref_axis',(9.69594774911322E-13,0.,1.));
#11383=DIRECTION('',(0.,1.,0.));
#11384=DIRECTION('center_axis',(-9.8822230860007E-13,0.,-1.));
#11385=DIRECTION('ref_axis',(-1.,0.,9.8822230860007E-13));
#11386=DIRECTION('',(0.,1.,0.));
#11387=DIRECTION('center_axis',(0.,1.,0.));
#11388=DIRECTION('ref_axis',(1.,0.,-9.88838640553801E-13));
#11389=DIRECTION('',(0.,1.,0.));
#11390=DIRECTION('center_axis',(-1.,0.,9.9000173138857E-13));
#11391=DIRECTION('ref_axis',(9.9000173138857E-13,0.,1.));
#11392=DIRECTION('',(0.,1.,0.));
#11393=DIRECTION('center_axis',(0.,1.,0.));
#11394=DIRECTION('ref_axis',(-2.20416277829801E-12,0.,-1.));
#11395=DIRECTION('center_axis',(2.19106022047651E-12,0.,1.));
#11396=DIRECTION('ref_axis',(1.,0.,-2.19106022047651E-12));
#11397=DIRECTION('',(0.,1.,0.));
#11398=DIRECTION('',(0.,1.,0.));
#11399=DIRECTION('center_axis',(0.,1.,0.));
#11400=DIRECTION('ref_axis',(-1.,0.,-3.07901852157736E-13));
#11401=DIRECTION('',(0.,1.,0.));
#11402=DIRECTION('center_axis',(1.,0.,3.00077423225774E-13));
#11403=DIRECTION('ref_axis',(3.00077423225774E-13,0.,-1.));
#11404=DIRECTION('',(0.,1.,0.));
#11405=DIRECTION('center_axis',(0.,1.,0.));
#11406=DIRECTION('ref_axis',(9.65153882812492E-13,0.,1.));
#11407=DIRECTION('',(0.,1.,0.));
#11408=DIRECTION('center_axis',(-9.8822230860007E-13,0.,-1.));
#11409=DIRECTION('ref_axis',(-1.,0.,9.8822230860007E-13));
#11410=DIRECTION('',(0.,1.,0.));
#11411=DIRECTION('center_axis',(0.,1.,0.));
#11412=DIRECTION('ref_axis',(1.,0.,-9.88838640553801E-13));
#11413=DIRECTION('',(0.,1.,0.));
#11414=DIRECTION('center_axis',(-1.,0.,9.89684524810105E-13));
#11415=DIRECTION('ref_axis',(9.89684524810105E-13,0.,1.));
#11416=DIRECTION('',(0.,1.,0.));
#11417=DIRECTION('center_axis',(0.,1.,0.));
#11418=DIRECTION('ref_axis',(-2.2026824809318E-12,0.,-1.));
#11419=DIRECTION('center_axis',(4.51930933815958E-15,0.,1.));
#11420=DIRECTION('ref_axis',(1.,0.,-4.51930933815958E-15));
#11421=DIRECTION('',(0.,1.,0.));
#11422=DIRECTION('',(0.,1.,0.));
#11423=DIRECTION('center_axis',(0.,1.,0.));
#11424=DIRECTION('ref_axis',(-1.,0.,-1.03620815631682E-14));
#11425=DIRECTION('',(0.,1.,0.));
#11426=DIRECTION('center_axis',(1.,0.,3.01346249541114E-13));
#11427=DIRECTION('ref_axis',(3.01346249541114E-13,0.,-1.));
#11428=DIRECTION('',(0.,1.,0.));
#11429=DIRECTION('center_axis',(0.,1.,0.));
#11430=DIRECTION('ref_axis',(5.9211894646675E-15,0.,1.));
#11431=DIRECTION('',(0.,1.,0.));
#11432=DIRECTION('center_axis',(0.,0.,-1.));
#11433=DIRECTION('ref_axis',(-1.,0.,0.));
#11434=DIRECTION('',(0.,1.,0.));
#11435=DIRECTION('center_axis',(0.,1.,0.));
#11436=DIRECTION('ref_axis',(1.,0.,-8.88178419700113E-15));
#11437=DIRECTION('',(0.,1.,0.));
#11438=DIRECTION('center_axis',(-1.,0.,0.));
#11439=DIRECTION('ref_axis',(0.,0.,1.));
#11440=DIRECTION('',(0.,1.,0.));
#11441=DIRECTION('center_axis',(0.,1.,0.));
#11442=DIRECTION('ref_axis',(0.,0.,-1.));
#11443=DIRECTION('center_axis',(2.19106022047651E-12,0.,1.));
#11444=DIRECTION('ref_axis',(1.,0.,-2.19106022047651E-12));
#11445=DIRECTION('',(0.,1.,0.));
#11446=DIRECTION('',(0.,1.,0.));
#11447=DIRECTION('center_axis',(0.,1.,0.));
#11448=DIRECTION('ref_axis',(-1.,0.,-3.07901852157736E-13));
#11449=DIRECTION('',(0.,1.,0.));
#11450=DIRECTION('center_axis',(1.,0.,3.00236026515005E-13));
#11451=DIRECTION('ref_axis',(3.00236026515005E-13,0.,-1.));
#11452=DIRECTION('',(0.,1.,0.));
#11453=DIRECTION('center_axis',(0.,1.,0.));
#11454=DIRECTION('ref_axis',(9.71075072277599E-13,0.,1.));
#11455=DIRECTION('',(0.,1.,0.));
#11456=DIRECTION('center_axis',(-9.8822230860007E-13,0.,-1.));
#11457=DIRECTION('ref_axis',(-1.,0.,9.8822230860007E-13));
#11458=DIRECTION('',(0.,1.,0.));
#11459=DIRECTION('center_axis',(0.,1.,0.));
#11460=DIRECTION('ref_axis',(1.,0.,-9.88838640553801E-13));
#11461=DIRECTION('',(0.,1.,0.));
#11462=DIRECTION('center_axis',(-1.,0.,9.9000173138857E-13));
#11463=DIRECTION('ref_axis',(9.9000173138857E-13,0.,1.));
#11464=DIRECTION('',(0.,1.,0.));
#11465=DIRECTION('center_axis',(0.,1.,0.));
#11466=DIRECTION('ref_axis',(-2.2026824809318E-12,0.,-1.));
#11467=DIRECTION('center_axis',(2.19106022047651E-12,0.,1.));
#11468=DIRECTION('ref_axis',(1.,0.,-2.19106022047651E-12));
#11469=DIRECTION('',(0.,1.,0.));
#11470=DIRECTION('',(0.,1.,0.));
#11471=DIRECTION('center_axis',(0.,1.,0.));
#11472=DIRECTION('ref_axis',(-1.,0.,-3.07901852157736E-13));
#11473=DIRECTION('',(0.,1.,0.));
#11474=DIRECTION('center_axis',(1.,0.,3.00236026515005E-13));
#11475=DIRECTION('ref_axis',(3.00236026515005E-13,0.,-1.));
#11476=DIRECTION('',(0.,1.,0.));
#11477=DIRECTION('center_axis',(0.,1.,0.));
#11478=DIRECTION('ref_axis',(9.69594774911322E-13,0.,1.));
#11479=DIRECTION('',(0.,1.,0.));
#11480=DIRECTION('center_axis',(-9.8822230860007E-13,0.,-1.));
#11481=DIRECTION('ref_axis',(-1.,0.,9.8822230860007E-13));
#11482=DIRECTION('',(0.,1.,0.));
#11483=DIRECTION('center_axis',(0.,1.,0.));
#11484=DIRECTION('ref_axis',(1.,0.,-9.88838640553801E-13));
#11485=DIRECTION('',(0.,1.,0.));
#11486=DIRECTION('center_axis',(-1.,0.,9.89962080566262E-13));
#11487=DIRECTION('ref_axis',(9.89962080566262E-13,0.,1.));
#11488=DIRECTION('',(0.,1.,0.));
#11489=DIRECTION('center_axis',(0.,1.,0.));
#11490=DIRECTION('ref_axis',(-2.2026824809318E-12,0.,-1.));
#11491=DIRECTION('center_axis',(2.19106022047651E-12,0.,1.));
#11492=DIRECTION('ref_axis',(1.,0.,-2.19106022047651E-12));
#11493=DIRECTION('',(0.,1.,0.));
#11494=DIRECTION('',(0.,1.,0.));
#11495=DIRECTION('center_axis',(0.,1.,0.));
#11496=DIRECTION('ref_axis',(-1.,0.,-3.07901852157736E-13));
#11497=DIRECTION('',(0.,1.,0.));
#11498=DIRECTION('center_axis',(1.,0.,3.00077423225774E-13));
#11499=DIRECTION('ref_axis',(3.00077423225774E-13,0.,-1.));
#11500=DIRECTION('',(0.,1.,0.));
#11501=DIRECTION('center_axis',(0.,1.,0.));
#11502=DIRECTION('ref_axis',(9.65153882812492E-13,0.,1.));
#11503=DIRECTION('',(0.,1.,0.));
#11504=DIRECTION('center_axis',(-9.88222308600071E-13,0.,-1.));
#11505=DIRECTION('ref_axis',(-1.,0.,9.88222308600071E-13));
#11506=DIRECTION('',(0.,1.,0.));
#11507=DIRECTION('center_axis',(0.,1.,0.));
#11508=DIRECTION('ref_axis',(1.,0.,-9.88838640553812E-13));
#11509=DIRECTION('',(0.,1.,0.));
#11510=DIRECTION('center_axis',(-1.,0.,9.89684524810105E-13));
#11511=DIRECTION('ref_axis',(9.89684524810105E-13,0.,1.));
#11512=DIRECTION('',(0.,1.,0.));
#11513=DIRECTION('center_axis',(0.,1.,0.));
#11514=DIRECTION('ref_axis',(-2.19084010200205E-12,0.,-1.));
#11515=DIRECTION('center_axis',(0.,1.,0.));
#11516=DIRECTION('ref_axis',(1.,0.,0.));
#11517=DIRECTION('',(0.,-1.,0.));
#11518=DIRECTION('center_axis',(4.51930933815958E-15,0.,1.));
#11519=DIRECTION('ref_axis',(1.,0.,-4.51930933815958E-15));
#11520=DIRECTION('',(0.,1.,0.));
#11521=DIRECTION('',(0.,1.,0.));
#11522=DIRECTION('center_axis',(0.,1.,0.));
#11523=DIRECTION('ref_axis',(-1.,0.,-1.03620815631683E-14));
#11524=DIRECTION('',(0.,1.,0.));
#11525=DIRECTION('center_axis',(1.,0.,3.01980662698043E-13));
#11526=DIRECTION('ref_axis',(3.01980662698043E-13,0.,-1.));
#11527=DIRECTION('',(0.,1.,0.));
#11528=DIRECTION('center_axis',(0.,1.,0.));
#11529=DIRECTION('ref_axis',(5.9211894646675E-15,0.,1.));
#11530=DIRECTION('',(0.,1.,0.));
#11531=DIRECTION('center_axis',(0.,0.,-1.));
#11532=DIRECTION('ref_axis',(-1.,0.,0.));
#11533=DIRECTION('',(0.,1.,0.));
#11534=DIRECTION('center_axis',(0.,1.,0.));
#11535=DIRECTION('ref_axis',(1.,0.,-8.88178419700113E-15));
#11536=DIRECTION('',(0.,1.,0.));
#11537=DIRECTION('center_axis',(-1.,0.,-6.3441315692866E-16));
#11538=DIRECTION('ref_axis',(-6.3441315692866E-16,0.,1.));
#11539=DIRECTION('',(0.,1.,0.));
#11540=DIRECTION('center_axis',(0.,1.,0.));
#11541=DIRECTION('ref_axis',(0.,0.,-1.));
#11542=DIRECTION('center_axis',(4.51930933815958E-15,0.,1.));
#11543=DIRECTION('ref_axis',(1.,0.,-4.51930933815958E-15));
#11544=DIRECTION('',(0.,1.,0.));
#11545=DIRECTION('',(0.,1.,0.));
#11546=DIRECTION('center_axis',(0.,1.,0.));
#11547=DIRECTION('ref_axis',(-1.,0.,-1.03620815631682E-14));
#11548=DIRECTION('',(0.,1.,0.));
#11549=DIRECTION('center_axis',(1.,0.,3.01346249541114E-13));
#11550=DIRECTION('ref_axis',(3.01346249541114E-13,0.,-1.));
#11551=DIRECTION('',(0.,1.,0.));
#11552=DIRECTION('center_axis',(0.,1.,0.));
#11553=DIRECTION('ref_axis',(2.96059473233375E-15,0.,1.));
#11554=DIRECTION('',(0.,1.,0.));
#11555=DIRECTION('center_axis',(0.,0.,-1.));
#11556=DIRECTION('ref_axis',(-1.,0.,0.));
#11557=DIRECTION('',(0.,1.,0.));
#11558=DIRECTION('center_axis',(0.,1.,0.));
#11559=DIRECTION('ref_axis',(1.,0.,-8.88178419700113E-15));
#11560=DIRECTION('',(0.,1.,0.));
#11561=DIRECTION('center_axis',(-1.,0.,-1.58603289232165E-16));
#11562=DIRECTION('ref_axis',(-1.58603289232165E-16,0.,1.));
#11563=DIRECTION('',(0.,1.,0.));
#11564=DIRECTION('center_axis',(0.,1.,0.));
#11565=DIRECTION('ref_axis',(-2.2204460492503E-15,0.,-1.));
#11566=DIRECTION('center_axis',(0.,0.,1.));
#11567=DIRECTION('ref_axis',(1.,0.,0.));
#11568=DIRECTION('',(0.,1.,0.));
#11569=DIRECTION('',(0.,1.,0.));
#11570=DIRECTION('center_axis',(0.,1.,0.));
#11571=DIRECTION('ref_axis',(-1.,0.,2.96059473233376E-15));
#11572=DIRECTION('',(0.,1.,0.));
#11573=DIRECTION('center_axis',(1.,0.,-3.1720657846433E-16));
#11574=DIRECTION('ref_axis',(-3.1720657846433E-16,0.,-1.));
#11575=DIRECTION('',(0.,1.,0.));
#11576=DIRECTION('center_axis',(0.,1.,0.));
#11577=DIRECTION('ref_axis',(2.07241631263362E-14,0.,1.));
#11578=DIRECTION('',(0.,1.,0.));
#11579=DIRECTION('center_axis',(4.12722313987046E-17,0.,-1.));
#11580=DIRECTION('ref_axis',(-1.,0.,-4.12722313987046E-17));
#11581=DIRECTION('',(0.,1.,0.));
#11582=DIRECTION('center_axis',(0.,1.,0.));
#11583=DIRECTION('ref_axis',(1.,0.,0.));
#11584=DIRECTION('',(0.,1.,0.));
#11585=DIRECTION('center_axis',(-1.,0.,-1.58603289232165E-16));
#11586=DIRECTION('ref_axis',(-1.58603289232165E-16,0.,1.));
#11587=DIRECTION('',(0.,1.,0.));
#11588=DIRECTION('center_axis',(0.,1.,0.));
#11589=DIRECTION('ref_axis',(-2.66453525910038E-14,0.,-1.));
#11590=DIRECTION('center_axis',(2.19106022047651E-12,0.,1.));
#11591=DIRECTION('ref_axis',(1.,0.,-2.19106022047651E-12));
#11592=DIRECTION('',(0.,1.,0.));
#11593=DIRECTION('',(0.,1.,0.));
#11594=DIRECTION('center_axis',(0.,1.,0.));
#11595=DIRECTION('ref_axis',(-1.,0.,-3.07901852157736E-13));
#11596=DIRECTION('',(0.,1.,0.));
#11597=DIRECTION('center_axis',(1.,0.,3.00077423225774E-13));
#11598=DIRECTION('ref_axis',(3.00077423225774E-13,0.,-1.));
#11599=DIRECTION('',(0.,1.,0.));
#11600=DIRECTION('center_axis',(0.,1.,0.));
#11601=DIRECTION('ref_axis',(9.65153882812492E-13,0.,1.));
#11602=DIRECTION('',(0.,1.,0.));
#11603=DIRECTION('center_axis',(-9.8822230860007E-13,0.,-1.));
#11604=DIRECTION('ref_axis',(-1.,0.,9.8822230860007E-13));
#11605=DIRECTION('',(0.,1.,0.));
#11606=DIRECTION('center_axis',(0.,1.,0.));
#11607=DIRECTION('ref_axis',(1.,0.,-9.88838640553801E-13));
#11608=DIRECTION('',(0.,1.,0.));
#11609=DIRECTION('center_axis',(-1.,0.,9.89684524810105E-13));
#11610=DIRECTION('ref_axis',(9.89684524810105E-13,0.,1.));
#11611=DIRECTION('',(0.,1.,0.));
#11612=DIRECTION('center_axis',(0.,1.,0.));
#11613=DIRECTION('ref_axis',(-2.2026824809318E-12,0.,-1.));
#11614=DIRECTION('center_axis',(2.19106022047651E-12,0.,1.));
#11615=DIRECTION('ref_axis',(1.,0.,-2.19106022047651E-12));
#11616=DIRECTION('',(0.,1.,0.));
#11617=DIRECTION('',(0.,1.,0.));
#11618=DIRECTION('center_axis',(0.,1.,0.));
#11619=DIRECTION('ref_axis',(-1.,0.,-3.07901852157736E-13));
#11620=DIRECTION('',(0.,1.,0.));
#11621=DIRECTION('center_axis',(1.,0.,3.00077423225774E-13));
#11622=DIRECTION('ref_axis',(3.00077423225774E-13,0.,-1.));
#11623=DIRECTION('',(0.,1.,0.));
#11624=DIRECTION('center_axis',(0.,1.,0.));
#11625=DIRECTION('ref_axis',(9.65153882812492E-13,0.,1.));
#11626=DIRECTION('',(0.,1.,0.));
#11627=DIRECTION('center_axis',(-9.8822230860007E-13,0.,-1.));
#11628=DIRECTION('ref_axis',(-1.,0.,9.8822230860007E-13));
#11629=DIRECTION('',(0.,1.,0.));
#11630=DIRECTION('center_axis',(0.,1.,0.));
#11631=DIRECTION('ref_axis',(1.,0.,-9.88838640553801E-13));
#11632=DIRECTION('',(0.,1.,0.));
#11633=DIRECTION('center_axis',(-1.,0.,9.89684524810105E-13));
#11634=DIRECTION('ref_axis',(9.89684524810105E-13,0.,1.));
#11635=DIRECTION('',(0.,1.,0.));
#11636=DIRECTION('center_axis',(0.,1.,0.));
#11637=DIRECTION('ref_axis',(-2.2026824809318E-12,0.,-1.));
#11638=DIRECTION('center_axis',(2.19106022047651E-12,0.,1.));
#11639=DIRECTION('ref_axis',(1.,0.,-2.19106022047651E-12));
#11640=DIRECTION('',(0.,1.,0.));
#11641=DIRECTION('',(0.,1.,0.));
#11642=DIRECTION('center_axis',(0.,1.,0.));
#11643=DIRECTION('ref_axis',(-1.,0.,-3.07901852157736E-13));
#11644=DIRECTION('',(0.,1.,0.));
#11645=DIRECTION('center_axis',(1.,0.,3.00077423225774E-13));
#11646=DIRECTION('ref_axis',(3.00077423225774E-13,0.,-1.));
#11647=DIRECTION('',(0.,1.,0.));
#11648=DIRECTION('center_axis',(0.,1.,0.));
#11649=DIRECTION('ref_axis',(9.71075072277599E-13,0.,1.));
#11650=DIRECTION('',(0.,1.,0.));
#11651=DIRECTION('center_axis',(-9.8822230860007E-13,0.,-1.));
#11652=DIRECTION('ref_axis',(-1.,0.,9.8822230860007E-13));
#11653=DIRECTION('',(0.,1.,0.));
#11654=DIRECTION('center_axis',(0.,1.,0.));
#11655=DIRECTION('ref_axis',(1.,0.,-9.88838640553801E-13));
#11656=DIRECTION('',(0.,1.,0.));
#11657=DIRECTION('center_axis',(-1.,0.,9.9000173138857E-13));
#11658=DIRECTION('ref_axis',(9.9000173138857E-13,0.,1.));
#11659=DIRECTION('',(0.,1.,0.));
#11660=DIRECTION('center_axis',(0.,1.,0.));
#11661=DIRECTION('ref_axis',(-2.2026824809318E-12,0.,-1.));
#11662=DIRECTION('center_axis',(1.,0.,0.));
#11663=DIRECTION('ref_axis',(0.,0.,-1.));
#11664=DIRECTION('',(0.,1.,0.));
#11665=DIRECTION('center_axis',(0.,1.,0.));
#11666=DIRECTION('ref_axis',(0.,0.,1.));
#11667=DIRECTION('',(0.,1.,0.));
#11668=DIRECTION('center_axis',(-5.15902892483809E-18,0.,-1.));
#11669=DIRECTION('ref_axis',(-1.,0.,5.15902892483809E-18));
#11670=DIRECTION('',(0.,1.,0.));
#11671=DIRECTION('center_axis',(0.,1.,0.));
#11672=DIRECTION('ref_axis',(1.,0.,1.85037170770859E-16));
#11673=DIRECTION('',(0.,1.,0.));
#11674=DIRECTION('center_axis',(-1.,0.,0.));
#11675=DIRECTION('ref_axis',(0.,0.,1.));
#11676=DIRECTION('',(0.,1.,0.));
#11677=DIRECTION('center_axis',(0.,1.,0.));
#11678=DIRECTION('ref_axis',(0.,0.,-1.));
#11679=DIRECTION('',(0.,1.,0.));
#11680=DIRECTION('center_axis',(0.,0.,1.));
#11681=DIRECTION('ref_axis',(1.,0.,0.));
#11682=DIRECTION('',(0.,1.,0.));
#11683=DIRECTION('center_axis',(0.,1.,0.));
#11684=DIRECTION('ref_axis',(-1.,0.,0.));
#11685=DIRECTION('center_axis',(0.,1.,0.));
#11686=DIRECTION('ref_axis',(1.,0.,0.));
#11687=DIRECTION('',(0.,-1.,0.));
#11688=DIRECTION('center_axis',(1.,0.,0.));
#11689=DIRECTION('ref_axis',(0.,0.,-1.));
#11690=DIRECTION('',(0.,1.,0.));
#11691=DIRECTION('center_axis',(0.,1.,0.));
#11692=DIRECTION('ref_axis',(2.368475785867E-14,0.,1.));
#11693=DIRECTION('',(0.,1.,0.));
#11694=DIRECTION('center_axis',(4.12722313987046E-17,0.,-1.));
#11695=DIRECTION('ref_axis',(-1.,0.,-4.12722313987046E-17));
#11696=DIRECTION('',(0.,1.,0.));
#11697=DIRECTION('center_axis',(0.,1.,0.));
#11698=DIRECTION('ref_axis',(1.,0.,0.));
#11699=DIRECTION('',(0.,1.,0.));
#11700=DIRECTION('center_axis',(-1.,0.,0.));
#11701=DIRECTION('ref_axis',(0.,0.,1.));
#11702=DIRECTION('',(0.,1.,0.));
#11703=DIRECTION('center_axis',(0.,1.,0.));
#11704=DIRECTION('ref_axis',(-2.96059473233375E-14,0.,-1.));
#11705=DIRECTION('center_axis',(0.,0.,1.));
#11706=DIRECTION('ref_axis',(1.,0.,0.));
#11707=DIRECTION('',(0.,1.,0.));
#11708=DIRECTION('',(0.,1.,0.));
#11709=DIRECTION('center_axis',(0.,1.,0.));
#11710=DIRECTION('ref_axis',(-1.,0.,2.96059473233376E-15));
#11711=DIRECTION('',(0.,1.,0.));
#11712=DIRECTION('center_axis',(1.,0.,-3.1720657846433E-16));
#11713=DIRECTION('ref_axis',(-3.1720657846433E-16,0.,-1.));
#11714=DIRECTION('',(0.,1.,0.));
#11715=DIRECTION('center_axis',(0.,1.,0.));
#11716=DIRECTION('ref_axis',(2.07241631263362E-14,0.,1.));
#11717=DIRECTION('',(0.,1.,0.));
#11718=DIRECTION('center_axis',(4.12722313987046E-17,0.,-1.));
#11719=DIRECTION('ref_axis',(-1.,0.,-4.12722313987046E-17));
#11720=DIRECTION('',(0.,1.,0.));
#11721=DIRECTION('center_axis',(0.,1.,0.));
#11722=DIRECTION('ref_axis',(1.,0.,0.));
#11723=DIRECTION('',(0.,1.,0.));
#11724=DIRECTION('center_axis',(-1.,0.,0.));
#11725=DIRECTION('ref_axis',(0.,0.,1.));
#11726=DIRECTION('',(0.,1.,0.));
#11727=DIRECTION('center_axis',(0.,1.,0.));
#11728=DIRECTION('ref_axis',(-2.66453525910038E-14,0.,-1.));
#11729=DIRECTION('center_axis',(0.,1.,0.));
#11730=DIRECTION('ref_axis',(1.,0.,0.));
#11731=DIRECTION('',(0.,-1.,0.));
#11732=DIRECTION('center_axis',(4.51930933815958E-15,0.,1.));
#11733=DIRECTION('ref_axis',(1.,0.,-4.51930933815958E-15));
#11734=DIRECTION('',(0.,1.,0.));
#11735=DIRECTION('',(0.,1.,0.));
#11736=DIRECTION('center_axis',(0.,1.,0.));
#11737=DIRECTION('ref_axis',(-1.,0.,-1.03620815631682E-14));
#11738=DIRECTION('',(0.,1.,0.));
#11739=DIRECTION('center_axis',(1.,0.,3.01346249541114E-13));
#11740=DIRECTION('ref_axis',(3.01346249541114E-13,0.,-1.));
#11741=DIRECTION('',(0.,1.,0.));
#11742=DIRECTION('center_axis',(0.,1.,0.));
#11743=DIRECTION('ref_axis',(2.96059473233375E-15,0.,1.));
#11744=DIRECTION('',(0.,1.,0.));
#11745=DIRECTION('center_axis',(0.,0.,-1.));
#11746=DIRECTION('ref_axis',(-1.,0.,0.));
#11747=DIRECTION('',(0.,1.,0.));
#11748=DIRECTION('center_axis',(0.,1.,0.));
#11749=DIRECTION('ref_axis',(1.,0.,-8.88178419700113E-15));
#11750=DIRECTION('',(0.,1.,0.));
#11751=DIRECTION('center_axis',(-1.,0.,-6.3441315692866E-16));
#11752=DIRECTION('ref_axis',(-6.3441315692866E-16,0.,1.));
#11753=DIRECTION('',(0.,1.,0.));
#11754=DIRECTION('center_axis',(0.,1.,0.));
#11755=DIRECTION('ref_axis',(0.,0.,-1.));
#11756=DIRECTION('center_axis',(0.,0.,1.));
#11757=DIRECTION('ref_axis',(1.,0.,0.));
#11758=DIRECTION('',(0.,1.,0.));
#11759=DIRECTION('',(0.,1.,0.));
#11760=DIRECTION('center_axis',(0.,1.,0.));
#11761=DIRECTION('ref_axis',(-1.,0.,2.96059473233376E-15));
#11762=DIRECTION('',(0.,1.,0.));
#11763=DIRECTION('center_axis',(1.,0.,-1.98254111540206E-16));
#11764=DIRECTION('ref_axis',(-1.98254111540206E-16,0.,-1.));
#11765=DIRECTION('',(0.,1.,0.));
#11766=DIRECTION('center_axis',(0.,1.,0.));
#11767=DIRECTION('ref_axis',(2.22044604925031E-14,0.,1.));
#11768=DIRECTION('',(0.,1.,0.));
#11769=DIRECTION('center_axis',(4.12722313987046E-17,0.,-1.));
#11770=DIRECTION('ref_axis',(-1.,0.,-4.12722313987046E-17));
#11771=DIRECTION('',(0.,1.,0.));
#11772=DIRECTION('center_axis',(0.,1.,0.));
#11773=DIRECTION('ref_axis',(1.,0.,0.));
#11774=DIRECTION('',(0.,1.,0.));
#11775=DIRECTION('center_axis',(-1.,0.,0.));
#11776=DIRECTION('ref_axis',(0.,0.,1.));
#11777=DIRECTION('',(0.,1.,0.));
#11778=DIRECTION('center_axis',(0.,1.,0.));
#11779=DIRECTION('ref_axis',(-2.66453525910038E-14,0.,-1.));
#11780=DIRECTION('center_axis',(2.19106022047651E-12,0.,1.));
#11781=DIRECTION('ref_axis',(1.,0.,-2.19106022047651E-12));
#11782=DIRECTION('',(0.,1.,0.));
#11783=DIRECTION('',(0.,1.,0.));
#11784=DIRECTION('center_axis',(0.,1.,0.));
#11785=DIRECTION('ref_axis',(-1.,0.,-3.07901852157736E-13));
#11786=DIRECTION('',(0.,1.,0.));
#11787=DIRECTION('center_axis',(1.,0.,3.00711836382699E-13));
#11788=DIRECTION('ref_axis',(3.00711836382699E-13,0.,-1.));
#11789=DIRECTION('',(0.,1.,0.));
#11790=DIRECTION('center_axis',(0.,1.,0.));
#11791=DIRECTION('ref_axis',(9.71075072277599E-13,0.,1.));
#11792=DIRECTION('',(0.,1.,0.));
#11793=DIRECTION('center_axis',(-9.88222308600071E-13,0.,-1.));
#11794=DIRECTION('ref_axis',(-1.,0.,9.88222308600071E-13));
#11795=DIRECTION('',(0.,1.,0.));
#11796=DIRECTION('center_axis',(0.,1.,0.));
#11797=DIRECTION('ref_axis',(1.,0.,-9.88838640553801E-13));
#11798=DIRECTION('',(0.,1.,0.));
#11799=DIRECTION('center_axis',(-1.,0.,9.89684524810105E-13));
#11800=DIRECTION('ref_axis',(9.89684524810105E-13,0.,1.));
#11801=DIRECTION('',(0.,1.,0.));
#11802=DIRECTION('center_axis',(0.,1.,0.));
#11803=DIRECTION('ref_axis',(-2.2026824809318E-12,0.,-1.));
#11804=DIRECTION('center_axis',(0.,0.,1.));
#11805=DIRECTION('ref_axis',(1.,0.,0.));
#11806=DIRECTION('',(0.,1.,0.));
#11807=DIRECTION('',(0.,1.,0.));
#11808=DIRECTION('center_axis',(0.,1.,0.));
#11809=DIRECTION('ref_axis',(-1.,0.,2.96059473233378E-15));
#11810=DIRECTION('',(0.,1.,0.));
#11811=DIRECTION('center_axis',(1.,0.,0.));
#11812=DIRECTION('ref_axis',(0.,0.,-1.));
#11813=DIRECTION('',(0.,1.,0.));
#11814=DIRECTION('center_axis',(0.,1.,0.));
#11815=DIRECTION('ref_axis',(2.368475785867E-14,0.,1.));
#11816=DIRECTION('',(0.,1.,0.));
#11817=DIRECTION('center_axis',(4.12722313987046E-17,0.,-1.));
#11818=DIRECTION('ref_axis',(-1.,0.,-4.12722313987046E-17));
#11819=DIRECTION('',(0.,1.,0.));
#11820=DIRECTION('center_axis',(0.,1.,0.));
#11821=DIRECTION('ref_axis',(1.,0.,0.));
#11822=DIRECTION('',(0.,1.,0.));
#11823=DIRECTION('center_axis',(-1.,0.,0.));
#11824=DIRECTION('ref_axis',(0.,0.,1.));
#11825=DIRECTION('',(0.,1.,0.));
#11826=DIRECTION('center_axis',(0.,1.,0.));
#11827=DIRECTION('ref_axis',(-2.96059473233375E-14,0.,-1.));
#11828=DIRECTION('center_axis',(0.,1.,0.));
#11829=DIRECTION('ref_axis',(1.,0.,0.));
#11830=DIRECTION('',(0.,-1.,0.));
#11831=DIRECTION('center_axis',(0.,0.,1.));
#11832=DIRECTION('ref_axis',(1.,0.,0.));
#11833=DIRECTION('',(0.,1.,0.));
#11834=DIRECTION('',(0.,1.,0.));
#11835=DIRECTION('center_axis',(0.,1.,0.));
#11836=DIRECTION('ref_axis',(-1.,0.,2.96059473233376E-15));
#11837=DIRECTION('',(0.,1.,0.));
#11838=DIRECTION('center_axis',(1.,0.,-1.58603289232165E-16));
#11839=DIRECTION('ref_axis',(-1.58603289232165E-16,0.,-1.));
#11840=DIRECTION('',(0.,1.,0.));
#11841=DIRECTION('center_axis',(0.,1.,0.));
#11842=DIRECTION('ref_axis',(2.22044604925031E-14,0.,1.));
#11843=DIRECTION('',(0.,1.,0.));
#11844=DIRECTION('center_axis',(4.12722313987046E-17,0.,-1.));
#11845=DIRECTION('ref_axis',(-1.,0.,-4.12722313987046E-17));
#11846=DIRECTION('',(0.,1.,0.));
#11847=DIRECTION('center_axis',(0.,1.,0.));
#11848=DIRECTION('ref_axis',(1.,0.,0.));
#11849=DIRECTION('',(0.,1.,0.));
#11850=DIRECTION('center_axis',(-1.,0.,-1.18952466924124E-16));
#11851=DIRECTION('ref_axis',(-1.18952466924124E-16,0.,1.));
#11852=DIRECTION('',(0.,1.,0.));
#11853=DIRECTION('center_axis',(0.,1.,0.));
#11854=DIRECTION('ref_axis',(-2.69229083471601E-14,0.,-1.));
#11855=DIRECTION('center_axis',(0.,1.,0.));
#11856=DIRECTION('ref_axis',(-1.,0.,8.88178419700134E-15));
#11857=DIRECTION('',(0.,1.,0.));
#11858=DIRECTION('',(0.,1.,0.));
#11859=DIRECTION('center_axis',(1.,0.,0.));
#11860=DIRECTION('ref_axis',(0.,0.,-1.));
#11861=DIRECTION('',(0.,1.,0.));
#11862=DIRECTION('center_axis',(0.,1.,0.));
#11863=DIRECTION('ref_axis',(0.,0.,1.));
#11864=DIRECTION('center_axis',(0.,1.,0.));
#11865=DIRECTION('ref_axis',(1.,0.,0.));
#11866=DIRECTION('',(0.,-1.,0.));
#11867=DIRECTION('',(0.,1.,0.));
#11868=DIRECTION('center_axis',(-1.,0.,0.));
#11869=DIRECTION('ref_axis',(0.,0.,1.));
#11870=DIRECTION('',(0.,1.,0.));
#11871=DIRECTION('center_axis',(0.,1.,0.));
#11872=DIRECTION('ref_axis',(0.,0.,-1.));
#11873=DIRECTION('',(0.,1.,0.));
#11874=DIRECTION('center_axis',(-3.30177851189637E-16,0.,1.));
#11875=DIRECTION('ref_axis',(1.,0.,3.30177851189637E-16));
#11876=DIRECTION('',(0.,1.,0.));
#11877=DIRECTION('center_axis',(0.,1.,0.));
#11878=DIRECTION('ref_axis',(-1.,0.,2.96059473233369E-15));
#11879=DIRECTION('',(0.,1.,0.));
#11880=DIRECTION('center_axis',(1.,0.,0.));
#11881=DIRECTION('ref_axis',(0.,0.,-1.));
#11882=DIRECTION('',(0.,1.,0.));
#11883=DIRECTION('center_axis',(0.,1.,0.));
#11884=DIRECTION('ref_axis',(-5.92118946466773E-15,0.,1.));
#11885=DIRECTION('',(0.,1.,0.));
#11886=DIRECTION('center_axis',(0.,1.,0.));
#11887=DIRECTION('ref_axis',(1.,0.,0.));
#11888=DIRECTION('',(0.,-1.,0.));
#11889=DIRECTION('',(0.,1.,0.));
#11890=DIRECTION('center_axis',(-1.,0.,0.));
#11891=DIRECTION('ref_axis',(0.,0.,1.));
#11892=DIRECTION('',(0.,1.,0.));
#11893=DIRECTION('center_axis',(0.,1.,0.));
#11894=DIRECTION('ref_axis',(0.,0.,-1.));
#11895=DIRECTION('',(0.,1.,0.));
#11896=DIRECTION('center_axis',(-3.30177851189638E-16,0.,1.));
#11897=DIRECTION('ref_axis',(1.,0.,3.30177851189638E-16));
#11898=DIRECTION('',(0.,1.,0.));
#11899=DIRECTION('center_axis',(0.,1.,0.));
#11900=DIRECTION('ref_axis',(-1.,0.,2.96059473233374E-15));
#11901=DIRECTION('',(0.,1.,0.));
#11902=DIRECTION('center_axis',(1.,0.,2.53765262771464E-15));
#11903=DIRECTION('ref_axis',(2.53765262771464E-15,0.,-1.));
#11904=DIRECTION('',(0.,1.,0.));
#11905=DIRECTION('center_axis',(0.,1.,0.));
#11906=DIRECTION('ref_axis',(0.,0.,1.));
#11907=DIRECTION('',(0.,1.,0.));
#11908=DIRECTION('center_axis',(0.,1.,0.));
#11909=DIRECTION('ref_axis',(1.,0.,0.));
#11910=DIRECTION('',(0.,-1.,0.));
#11911=DIRECTION('',(0.,1.,0.));
#11912=DIRECTION('center_axis',(-1.,0.,0.));
#11913=DIRECTION('ref_axis',(0.,0.,1.));
#11914=DIRECTION('',(0.,1.,0.));
#11915=DIRECTION('center_axis',(0.,1.,0.));
#11916=DIRECTION('ref_axis',(0.,0.,-1.));
#11917=DIRECTION('',(0.,1.,0.));
#11918=DIRECTION('center_axis',(-3.30177851189637E-16,0.,1.));
#11919=DIRECTION('ref_axis',(1.,0.,3.30177851189637E-16));
#11920=DIRECTION('',(0.,1.,0.));
#11921=DIRECTION('center_axis',(0.,1.,0.));
#11922=DIRECTION('ref_axis',(-1.,0.,2.96059473233371E-15));
#11923=DIRECTION('',(0.,1.,0.));
#11924=DIRECTION('center_axis',(1.,0.,0.));
#11925=DIRECTION('ref_axis',(0.,0.,-1.));
#11926=DIRECTION('',(0.,1.,0.));
#11927=DIRECTION('center_axis',(0.,1.,0.));
#11928=DIRECTION('ref_axis',(0.,0.,1.));
#11929=DIRECTION('',(0.,1.,0.));
#11930=DIRECTION('center_axis',(0.,1.,0.));
#11931=DIRECTION('ref_axis',(9.71075072277599E-13,0.,1.));
#11932=DIRECTION('',(0.,1.,0.));
#11933=DIRECTION('',(0.,1.,0.));
#11934=DIRECTION('center_axis',(-9.88222308600071E-13,0.,-1.));
#11935=DIRECTION('ref_axis',(-1.,0.,9.88222308600071E-13));
#11936=DIRECTION('',(0.,1.,0.));
#11937=DIRECTION('center_axis',(0.,1.,0.));
#11938=DIRECTION('ref_axis',(1.,0.,-9.88838640553801E-13));
#11939=DIRECTION('',(0.,1.,0.));
#11940=DIRECTION('center_axis',(-1.,0.,9.89684524810105E-13));
#11941=DIRECTION('ref_axis',(9.89684524810105E-13,0.,1.));
#11942=DIRECTION('',(0.,1.,0.));
#11943=DIRECTION('center_axis',(0.,1.,0.));
#11944=DIRECTION('ref_axis',(-2.2026824809318E-12,0.,-1.));
#11945=DIRECTION('',(0.,1.,0.));
#11946=DIRECTION('center_axis',(2.19106022047651E-12,0.,1.));
#11947=DIRECTION('ref_axis',(1.,0.,-2.19106022047651E-12));
#11948=DIRECTION('',(0.,1.,0.));
#11949=DIRECTION('center_axis',(0.,1.,0.));
#11950=DIRECTION('ref_axis',(-1.,0.,-3.07901852157736E-13));
#11951=DIRECTION('',(0.,1.,0.));
#11952=DIRECTION('center_axis',(-3.10414269953009E-13,0.,-1.));
#11953=DIRECTION('ref_axis',(-1.,-9.42933754912903E-58,3.10414269953009E-13));
#11954=DIRECTION('',(0.,1.,0.));
#11955=DIRECTION('',(0.,-1.,0.));
#11956=DIRECTION('',(-1.,0.,3.10414269953009E-13));
#11957=DIRECTION('center_axis',(0.,1.,0.));
#11958=DIRECTION('ref_axis',(1.,0.,0.));
#11959=DIRECTION('',(0.,-1.,0.));
#11960=DIRECTION('',(0.,1.,0.));
#11961=DIRECTION('center_axis',(-1.,0.,-1.26882631385732E-15));
#11962=DIRECTION('ref_axis',(-1.26882631385732E-15,0.,1.));
#11963=DIRECTION('',(0.,1.,0.));
#11964=DIRECTION('center_axis',(0.,1.,0.));
#11965=DIRECTION('ref_axis',(0.,0.,-1.));
#11966=DIRECTION('',(0.,1.,0.));
#11967=DIRECTION('center_axis',(0.,0.,1.));
#11968=DIRECTION('ref_axis',(1.,0.,0.));
#11969=DIRECTION('',(0.,1.,0.));
#11970=DIRECTION('center_axis',(0.,1.,0.));
#11971=DIRECTION('ref_axis',(-1.,0.,0.));
#11972=DIRECTION('',(0.,1.,0.));
#11973=DIRECTION('center_axis',(1.,0.,0.));
#11974=DIRECTION('ref_axis',(0.,0.,-1.));
#11975=DIRECTION('',(0.,1.,0.));
#11976=DIRECTION('center_axis',(0.,1.,0.));
#11977=DIRECTION('ref_axis',(0.,0.,1.));
#11978=DIRECTION('',(0.,1.,0.));
#11979=DIRECTION('center_axis',(0.,1.,0.));
#11980=DIRECTION('ref_axis',(1.,0.,0.));
#11981=DIRECTION('',(0.,-1.,0.));
#11982=DIRECTION('',(0.,1.,0.));
#11983=DIRECTION('center_axis',(-1.,0.,-2.53765262771465E-15));
#11984=DIRECTION('ref_axis',(-2.53765262771465E-15,0.,1.));
#11985=DIRECTION('',(0.,1.,0.));
#11986=DIRECTION('center_axis',(0.,1.,0.));
#11987=DIRECTION('ref_axis',(1.1842378929335E-14,0.,-1.));
#11988=DIRECTION('',(0.,1.,0.));
#11989=DIRECTION('center_axis',(0.,0.,1.));
#11990=DIRECTION('ref_axis',(1.,0.,0.));
#11991=DIRECTION('',(0.,1.,0.));
#11992=DIRECTION('center_axis',(0.,1.,0.));
#11993=DIRECTION('ref_axis',(-1.,0.,0.));
#11994=DIRECTION('',(0.,1.,0.));
#11995=DIRECTION('center_axis',(1.,0.,6.34413156928661E-16));
#11996=DIRECTION('ref_axis',(6.34413156928661E-16,0.,-1.));
#11997=DIRECTION('',(0.,1.,0.));
#11998=DIRECTION('center_axis',(0.,1.,0.));
#11999=DIRECTION('ref_axis',(0.,0.,1.));
#12000=DIRECTION('',(0.,1.,0.));
#12001=DIRECTION('center_axis',(0.,1.,0.));
#12002=DIRECTION('ref_axis',(1.,0.,0.));
#12003=DIRECTION('',(0.,-1.,0.));
#12004=DIRECTION('',(0.,1.,0.));
#12005=DIRECTION('center_axis',(-1.,0.,-1.90323947078598E-15));
#12006=DIRECTION('ref_axis',(-1.90323947078598E-15,0.,1.));
#12007=DIRECTION('',(0.,1.,0.));
#12008=DIRECTION('center_axis',(0.,1.,0.));
#12009=DIRECTION('ref_axis',(0.,0.,-1.));
#12010=DIRECTION('',(0.,1.,0.));
#12011=DIRECTION('center_axis',(0.,0.,1.));
#12012=DIRECTION('ref_axis',(1.,0.,0.));
#12013=DIRECTION('',(0.,1.,0.));
#12014=DIRECTION('center_axis',(0.,1.,0.));
#12015=DIRECTION('ref_axis',(-1.,0.,0.));
#12016=DIRECTION('',(0.,1.,0.));
#12017=DIRECTION('center_axis',(1.,0.,6.34413156928661E-16));
#12018=DIRECTION('ref_axis',(6.34413156928661E-16,0.,-1.));
#12019=DIRECTION('',(0.,1.,0.));
#12020=DIRECTION('center_axis',(0.,1.,0.));
#12021=DIRECTION('ref_axis',(0.,0.,1.));
#12022=DIRECTION('',(0.,1.,0.));
#12023=DIRECTION('center_axis',(0.,1.,0.));
#12024=DIRECTION('ref_axis',(1.,0.,0.));
#12025=DIRECTION('',(0.,1.,0.));
#12026=DIRECTION('center_axis',(-1.,0.,-6.12536841172501E-16));
#12027=DIRECTION('ref_axis',(-6.12536841172501E-16,0.,1.));
#12028=DIRECTION('',(0.,1.,0.));
#12029=DIRECTION('center_axis',(0.,1.,0.));
#12030=DIRECTION('ref_axis',(0.,0.,-1.));
#12031=DIRECTION('',(0.,1.,0.));
#12032=DIRECTION('center_axis',(2.42246980260647E-15,0.,1.));
#12033=DIRECTION('ref_axis',(1.,0.,-2.42246980260647E-15));
#12034=DIRECTION('',(0.,1.,0.));
#12035=DIRECTION('center_axis',(0.,1.,0.));
#12036=DIRECTION('ref_axis',(-1.,0.,0.));
#12037=DIRECTION('',(0.,1.,0.));
#12038=DIRECTION('center_axis',(1.,0.,-3.06268420586249E-16));
#12039=DIRECTION('ref_axis',(-3.06268420586249E-16,0.,-1.));
#12040=DIRECTION('',(0.,1.,0.));
#12041=DIRECTION('center_axis',(0.,1.,0.));
#12042=DIRECTION('ref_axis',(0.,0.,1.));
#12043=DIRECTION('center_axis',(0.,1.,0.));
#12044=DIRECTION('ref_axis',(1.,0.,5.92118946466754E-15));
#12045=DIRECTION('',(0.,1.,0.));
#12046=DIRECTION('center_axis',(-1.,0.,3.0626842058625E-16));
#12047=DIRECTION('ref_axis',(3.0626842058625E-16,0.,1.));
#12048=DIRECTION('',(0.,1.,0.));
#12049=DIRECTION('center_axis',(0.,1.,0.));
#12050=DIRECTION('ref_axis',(0.,0.,-1.));
#12051=DIRECTION('',(0.,1.,0.));
#12052=DIRECTION('center_axis',(0.,0.,1.));
#12053=DIRECTION('ref_axis',(1.,0.,0.));
#12054=DIRECTION('',(0.,1.,0.));
#12055=DIRECTION('center_axis',(0.,1.,0.));
#12056=DIRECTION('ref_axis',(0.,0.,1.));
#12057=DIRECTION('',(0.,1.,0.));
#12058=DIRECTION('center_axis',(-1.,0.,1.95389858590824E-14));
#12059=DIRECTION('ref_axis',(1.95389858590824E-14,0.,1.));
#12060=DIRECTION('',(0.,1.,0.));
#12061=DIRECTION('center_axis',(0.,1.,0.));
#12062=DIRECTION('ref_axis',(-2.2204460492503E-15,0.,-1.));
#12063=DIRECTION('',(0.,1.,0.));
#12064=DIRECTION('center_axis',(4.51930933815958E-15,0.,1.));
#12065=DIRECTION('ref_axis',(1.,0.,-4.51930933815958E-15));
#12066=DIRECTION('',(0.,1.,0.));
#12067=DIRECTION('center_axis',(0.,1.,0.));
#12068=DIRECTION('ref_axis',(-1.,0.,-1.03620815631682E-14));
#12069=DIRECTION('',(0.,1.,0.));
#12070=DIRECTION('center_axis',(1.,0.,3.01266947896498E-13));
#12071=DIRECTION('ref_axis',(3.01266947896498E-13,0.,-1.));
#12072=DIRECTION('',(0.,1.,0.));
#12073=DIRECTION('center_axis',(0.,1.,0.));
#12074=DIRECTION('ref_axis',(1.,0.,0.));
#12075=DIRECTION('',(0.,1.,0.));
#12076=DIRECTION('center_axis',(5.50046906311336E-15,0.,1.));
#12077=DIRECTION('ref_axis',(1.,0.,-5.50046906311336E-15));
#12078=DIRECTION('',(0.,1.,0.));
#12079=DIRECTION('center_axis',(0.,1.,0.));
#12080=DIRECTION('ref_axis',(-1.,0.,-2.99020067965709E-13));
#12081=DIRECTION('',(0.,1.,0.));
#12082=DIRECTION('center_axis',(1.,0.,3.00143052174529E-13));
#12083=DIRECTION('ref_axis',(3.00143052174529E-13,0.,-1.));
#12084=DIRECTION('',(0.,1.,0.));
#12085=DIRECTION('center_axis',(0.,1.,0.));
#12086=DIRECTION('ref_axis',(-2.96059473233376E-15,0.,1.));
#12087=DIRECTION('center_axis',(0.,1.,0.));
#12088=DIRECTION('ref_axis',(1.,0.,0.));
#12089=DIRECTION('',(0.,1.,0.));
#12090=DIRECTION('center_axis',(-1.,0.,6.12536841172509E-16));
#12091=DIRECTION('ref_axis',(6.12536841172509E-16,0.,1.));
#12092=DIRECTION('',(0.,1.,0.));
#12093=DIRECTION('center_axis',(0.,1.,0.));
#12094=DIRECTION('ref_axis',(0.,0.,-1.));
#12095=DIRECTION('',(0.,1.,0.));
#12096=DIRECTION('center_axis',(-3.08933350482181E-14,0.,1.));
#12097=DIRECTION('ref_axis',(1.,0.,3.08933350482181E-14));
#12098=DIRECTION('center_axis',(2.69458783644522E-13,0.,-1.));
#12099=DIRECTION('ref_axis',(-1.,-5.98318776312142E-29,-2.69458783644522E-13));
#12100=DIRECTION('center_axis',(2.69458783644522E-13,0.,-1.));
#12101=DIRECTION('ref_axis',(-1.,-5.98318776312142E-29,-2.69458783644522E-13));
#12102=DIRECTION('center_axis',(3.00632854310351E-13,0.,-1.));
#12103=DIRECTION('ref_axis',(-1.,-6.67539033628263E-29,-3.00632854310351E-13));
#12104=DIRECTION('center_axis',(3.00632854310351E-13,0.,-1.));
#12105=DIRECTION('ref_axis',(-1.,-6.67539033628263E-29,-3.00632854310351E-13));
#12106=DIRECTION('center_axis',(3.00632854310351E-13,0.,-1.));
#12107=DIRECTION('ref_axis',(-1.,-6.67539033628263E-29,-3.00632854310351E-13));
#12108=DIRECTION('center_axis',(0.,0.,-1.));
#12109=DIRECTION('ref_axis',(0.707106781186551,0.707106781186545,0.));
#12110=DIRECTION('center_axis',(0.,0.,1.));
#12111=DIRECTION('ref_axis',(1.,0.,0.));
#12112=DIRECTION('',(0.,0.,-1.));
#12113=DIRECTION('center_axis',(-5.58669234158682E-13,0.,-1.));
#12114=DIRECTION('ref_axis',(0.707106781186551,0.707106781186545,0.));
#12115=DIRECTION('',(0.,0.,1.));
#12116=DIRECTION('center_axis',(0.,-1.,0.));
#12117=DIRECTION('ref_axis',(0.,0.,-1.));
#12118=DIRECTION('center_axis',(0.500000000018958,2.79741234561827E-15,
0.866025403773493));
#12119=DIRECTION('ref_axis',(0.866025403773493,0.,-0.500000000018958));
#12120=DIRECTION('center_axis',(0.,-1.,0.));
#12121=DIRECTION('ref_axis',(-0.93417235895881,0.,0.356822089783316));
#12122=DIRECTION('center_axis',(0.,1.,0.));
#12123=DIRECTION('ref_axis',(-0.93417235895881,0.,0.356822089783316));
#12124=DIRECTION('center_axis',(1.,0.,-2.18839403411794E-11));
#12125=DIRECTION('ref_axis',(1.54764137281788E-11,-0.707106781186554,0.707106781186542));
#12126=DIRECTION('',(-1.,0.,2.18839403411794E-11));
#12127=DIRECTION('',(1.,0.,-2.18839403411794E-11));
#12128=DIRECTION('center_axis',(0.,-1.,0.));
#12129=DIRECTION('ref_axis',(-0.707106781178812,0.,0.707106781194283));
#12130=DIRECTION('',(0.,-1.,0.));
#12131=DIRECTION('center_axis',(0.,-1.,0.));
#12132=DIRECTION('ref_axis',(-0.971791445240891,0.,0.235841868540384));
#12133=DIRECTION('',(0.,1.,0.));
#12134=DIRECTION('center_axis',(1.,0.,0.));
#12135=DIRECTION('ref_axis',(0.,-1.,0.));
#12136=DIRECTION('',(0.,1.,0.));
#12137=DIRECTION('',(0.,1.,0.));
#12138=DIRECTION('',(0.,1.,0.));
#12139=DIRECTION('',(0.,0.,-1.));
#12140=DIRECTION('center_axis',(0.499999999978552,6.58545832868126E-12,
-0.866025403796821));
#12141=DIRECTION('ref_axis',(-0.866025403796821,0.,-0.499999999978552));
#12142=DIRECTION('center_axis',(0.,-1.,0.));
#12143=DIRECTION('ref_axis',(0.,0.,-1.));
#12144=DIRECTION('center_axis',(0.,0.,-1.));
#12145=DIRECTION('ref_axis',(-1.,0.,0.));
#12146=DIRECTION('center_axis',(0.,-1.,0.));
#12147=DIRECTION('ref_axis',(0.934172358966619,0.,0.356822089762872));
#12148=DIRECTION('center_axis',(0.,1.,0.));
#12149=DIRECTION('ref_axis',(0.934172358966619,0.,0.356822089762872));
#12150=DIRECTION('center_axis',(0.,0.,-1.));
#12151=DIRECTION('ref_axis',(-0.70710678118655,0.707106781186546,0.));
#12152=DIRECTION('center_axis',(-5.58669234158682E-13,0.,-1.));
#12153=DIRECTION('ref_axis',(-0.70710678118655,0.707106781186546,0.));
#12154=DIRECTION('',(0.,0.,1.));
#12155=DIRECTION('',(0.,0.,-1.));
#12156=DIRECTION('center_axis',(-1.,0.,0.));
#12157=DIRECTION('ref_axis',(0.,1.,0.));
#12158=DIRECTION('',(0.,1.,0.));
#12159=DIRECTION('',(0.,0.,1.));
#12160=DIRECTION('',(0.,-1.,0.));
#12161=DIRECTION('',(0.,-1.,0.));
#12162=DIRECTION('',(0.,-1.,0.));
#12163=DIRECTION('center_axis',(0.,1.,0.));
#12164=DIRECTION('ref_axis',(0.707106781194283,0.,0.707106781178812));
#12165=DIRECTION('',(0.,-1.,0.));
#12166=DIRECTION('center_axis',(0.,-1.,0.));
#12167=DIRECTION('ref_axis',(0.971791445246053,0.,0.235841868519116));
#12168=DIRECTION('center_axis',(0.,0.,-1.));
#12169=DIRECTION('ref_axis',(-0.707106781186546,-0.707106781186549,0.));
#12170=DIRECTION('center_axis',(-6.13545542595231E-12,0.,-1.));
#12171=DIRECTION('ref_axis',(-0.707106781186546,-0.707106781186549,0.));
#12172=DIRECTION('center_axis',(0.,0.,1.));
#12173=DIRECTION('ref_axis',(-1.,0.,0.));
#12174=DIRECTION('',(0.,0.,-1.));
#12175=DIRECTION('center_axis',(0.,1.,0.));
#12176=DIRECTION('ref_axis',(0.,0.,1.));
#12177=DIRECTION('center_axis',(-0.343828787268713,9.6233605753278E-16,
0.939032355696718));
#12178=DIRECTION('ref_axis',(-0.939032355696717,0.,-0.343828787268713));
#12179=DIRECTION('center_axis',(0.,1.,0.));
#12180=DIRECTION('ref_axis',(0.971791445246053,0.,0.235841868519116));
#12181=DIRECTION('center_axis',(-0.343828787309811,9.5651724158997E-14,
-0.939032355681669));
#12182=DIRECTION('ref_axis',(0.939032355681669,0.,-0.343828787309811));
#12183=DIRECTION('center_axis',(0.,1.,0.));
#12184=DIRECTION('ref_axis',(0.,0.,1.));
#12185=DIRECTION('center_axis',(0.,0.,-1.));
#12186=DIRECTION('ref_axis',(1.,0.,0.));
#12187=DIRECTION('center_axis',(0.,1.,0.));
#12188=DIRECTION('ref_axis',(-0.971791445240891,0.,0.235841868540384));
#12189=DIRECTION('center_axis',(0.,0.,-1.));
#12190=DIRECTION('ref_axis',(0.707106781186548,-0.707106781186547,0.));
#12191=DIRECTION('center_axis',(-6.13545542595231E-12,0.,-1.));
#12192=DIRECTION('ref_axis',(0.707106781186548,-0.707106781186547,0.));
#12193=DIRECTION('',(0.,0.,1.));
#12194=DIRECTION('center_axis',(0.,1.,0.));
#12195=DIRECTION('ref_axis',(1.,0.,0.));
#12196=DIRECTION('',(-1.,0.,5.58669234158682E-13));
#12197=DIRECTION('center_axis',(-1.,0.,2.18839403411794E-11));
#12198=DIRECTION('ref_axis',(1.9765889289121E-11,0.429110681919137,0.90325191539398));
#12199=DIRECTION('',(1.,-4.85921088726014E-27,-2.18839403411794E-11));
#12200=DIRECTION('',(-1.,0.,2.18839403411794E-11));
#12201=DIRECTION('center_axis',(0.,-1.,0.));
#12202=DIRECTION('ref_axis',(-1.,0.,0.));
#12203=DIRECTION('',(1.,-1.36234477609072E-27,-6.13545542595231E-12));
#12204=DIRECTION('center_axis',(0.,-1.,0.));
#12205=DIRECTION('ref_axis',(-0.707109512108136,0.,0.707104050254412));
#12206=DIRECTION('',(0.,1.,0.));
#12207=DIRECTION('center_axis',(-2.02650782502276E-48,1.,-2.22044604925031E-16));
#12208=DIRECTION('ref_axis',(-0.707109512108136,1.5700863947963E-16,0.707104050254412));
#12209=DIRECTION('',(0.,-1.,0.));
#12210=DIRECTION('center_axis',(0.707106273742046,0.,-0.707107288630685));
#12211=DIRECTION('ref_axis',(0.707107288630685,1.57009133193063E-16,0.707106273742046));
#12212=DIRECTION('',(0.707107288630685,1.57009133193063E-16,0.707106273742046));
#12213=DIRECTION('',(0.,-1.,0.));
#12214=DIRECTION('center_axis',(0.,-1.,0.));
#12215=DIRECTION('ref_axis',(0.707111584084916,0.,-0.707101978255556));
#12216=DIRECTION('center_axis',(-1.74316463847966E-32,-1.,2.22044604925031E-16));
#12217=DIRECTION('ref_axis',(0.707111584084916,-1.57008179403463E-16,-0.707101978255556));
#12218=DIRECTION('',(0.,-1.,0.));
#12219=DIRECTION('center_axis',(-6.13545542595231E-12,0.,-1.));
#12220=DIRECTION('ref_axis',(1.,-1.36234477609072E-27,-6.13545542595231E-12));
#12221=DIRECTION('',(1.,-1.36234477609072E-27,-6.13545542595231E-12));
#12222=DIRECTION('',(0.,-1.,0.));
#12223=DIRECTION('center_axis',(0.,-1.,0.));
#12224=DIRECTION('ref_axis',(0.000143556796103652,0.,-0.999999989695723));
#12225=DIRECTION('center_axis',(1.2485402838594E-44,-1.,2.22044604925031E-16));
#12226=DIRECTION('ref_axis',(0.000143556796103652,-2.22044602637022E-16,
-0.999999989695723));
#12227=DIRECTION('',(0.,-1.,0.));
#12228=DIRECTION('center_axis',(-0.707106781307208,0.,-0.707106781065887));
#12229=DIRECTION('ref_axis',(0.707106781065887,-1.57009245895169E-16,-0.707106781307208));
#12230=DIRECTION('',(0.707106781065887,-1.57009245895169E-16,-0.707106781307208));
#12231=DIRECTION('',(0.,-1.,0.));
#12232=DIRECTION('center_axis',(0.,-1.,0.));
#12233=DIRECTION('ref_axis',(5.16746370985555E-5,0.,0.999999998664866));
#12234=DIRECTION('center_axis',(0.,1.,-2.22044604925031E-16));
#12235=DIRECTION('ref_axis',(5.16746370985555E-5,2.22044604628572E-16,0.999999998664866));
#12236=DIRECTION('',(0.,-1.,0.));
#12237=DIRECTION('center_axis',(-5.58669234158682E-13,0.,-1.));
#12238=DIRECTION('ref_axis',(-1.,1.24049489382534E-28,5.58669234158682E-13));
#12239=DIRECTION('',(1.,-1.24049489382534E-28,-5.58669234158682E-13));
#12240=DIRECTION('',(0.,1.,0.));
#12241=DIRECTION('center_axis',(-5.58669234158682E-13,0.,-1.));
#12242=DIRECTION('ref_axis',(-1.,1.24049489382534E-28,5.58669234158682E-13));
#12243=DIRECTION('',(0.,-1.,0.));
#12244=DIRECTION('',(1.,-1.24049489382534E-28,-5.58669234158682E-13));
#12245=DIRECTION('center_axis',(1.7627564736179E-61,-1.,2.22044604925031E-16));
#12246=DIRECTION('ref_axis',(0.,-1.75876912392749E-16,-1.));
#12247=DIRECTION('center_axis',(0.999999999999999,0.,3.25479850478891E-8));
#12248=DIRECTION('ref_axis',(0.,-1.,0.));
#12249=DIRECTION('center_axis',(1.7627564736179E-61,-1.,2.22044604925031E-16));
#12250=DIRECTION('ref_axis',(0.707106787877277,-1.46564093660625E-16,-0.707106774495818));
#12251=DIRECTION('center_axis',(-1.36237480556171E-8,0.,-1.));
#12252=DIRECTION('ref_axis',(1.,0.,-1.36237480556171E-8));
#12253=DIRECTION('center_axis',(-1.7627564736179E-61,1.,-2.22044604925031E-16));
#12254=DIRECTION('ref_axis',(0.707106787877277,-1.57009244382737E-16,-0.707106774495818));
#12255=DIRECTION('center_axis',(4.1061148126884E-13,2.22044604925031E-16,
1.));
#12256=DIRECTION('ref_axis',(0.707106781186553,-0.707106781186543,-2.90990469009391E-13));
#12257=DIRECTION('center_axis',(-4.1152266779439E-13,0.,-1.));
#12258=DIRECTION('ref_axis',(1.,0.,-4.1152266779439E-13));
#12259=DIRECTION('',(-4.1061148126884E-13,-2.22044604925031E-16,-1.));
#12260=DIRECTION('',(4.1061148126884E-13,2.22044604925031E-16,1.));
#12261=DIRECTION('center_axis',(1.7627564736179E-61,-1.,2.22044604925031E-16));
#12262=DIRECTION('ref_axis',(0.,-1.75876912391355E-16,-1.));
#12263=DIRECTION('center_axis',(1.,0.,-1.36420889399839E-8));
#12264=DIRECTION('ref_axis',(1.36420889399839E-8,1.8503717077086E-16,1.));
#12265=DIRECTION('center_axis',(-1.7627564736179E-61,1.,-2.22044604925031E-16));
#12266=DIRECTION('ref_axis',(0.7071067744956,1.57009247354066E-16,0.707106787877495));
#12267=DIRECTION('center_axis',(1.7627564736179E-61,-1.,2.22044604925031E-16));
#12268=DIRECTION('ref_axis',(0.7071067744956,1.46564093659463E-16,0.707106787877495));
#12269=DIRECTION('center_axis',(-1.,4.85921088726014E-27,2.18839403411794E-11));
#12270=DIRECTION('ref_axis',(1.54748312727873E-11,-0.707106781186549,0.707106781186546));
#12271=DIRECTION('',(-1.,4.85921088726014E-27,2.18839403411794E-11));
#12272=DIRECTION('center_axis',(1.,0.,-2.18847163021945E-11));
#12273=DIRECTION('ref_axis',(2.18847163021945E-11,0.,1.));
#12274=DIRECTION('',(1.,-4.85921088726014E-27,-2.18839403411794E-11));
#12275=DIRECTION('',(-1.,4.85921088726014E-27,2.18839403411794E-11));
#12276=DIRECTION('center_axis',(1.7627564736179E-61,-1.,2.22044604925031E-16));
#12277=DIRECTION('ref_axis',(0.,-1.75876912392794E-16,-1.));
#12278=DIRECTION('center_axis',(1.36501713636031E-8,0.,1.));
#12279=DIRECTION('ref_axis',(-1.,0.,1.36501713636031E-8));
#12280=DIRECTION('center_axis',(-1.7627564736179E-61,1.,-2.22044604925031E-16));
#12281=DIRECTION('ref_axis',(-0.70710678786773,1.57009244384857E-16,0.707106774505365));
#12282=DIRECTION('center_axis',(1.7627564736179E-61,-1.,2.22044604925031E-16));
#12283=DIRECTION('ref_axis',(-0.70710678786773,1.46564093660662E-16,0.707106774505365));
#12284=DIRECTION('center_axis',(9.45038865362838E-13,-2.22044604925031E-16,
-1.));
#12285=DIRECTION('ref_axis',(-0.707106781186544,-0.707106781186551,-6.67812659093502E-13));
#12286=DIRECTION('center_axis',(-9.44429719614464E-13,0.,1.));
#12287=DIRECTION('ref_axis',(-1.,0.,-9.44429719614464E-13));
#12288=DIRECTION('',(-9.45038865362838E-13,2.22044604925031E-16,1.));
#12289=DIRECTION('',(9.45038865362838E-13,-2.22044604925031E-16,-1.));
#12290=DIRECTION('center_axis',(1.7627564736179E-61,-1.,2.22044604925031E-16));
#12291=DIRECTION('ref_axis',(0.,-1.75876912395999E-16,-1.));
#12292=DIRECTION('center_axis',(-1.,0.,1.36421599942575E-8));
#12293=DIRECTION('ref_axis',(-1.36421599942575E-8,-1.8503717077086E-16,
-1.));
#12294=DIRECTION('center_axis',(-1.7627564736179E-61,1.,-2.22044604925031E-16));
#12295=DIRECTION('ref_axis',(-0.707106774517903,-1.57009247349114E-16,-0.707106787855192));
#12296=DIRECTION('center_axis',(1.7627564736179E-61,-1.,2.22044604925031E-16));
#12297=DIRECTION('ref_axis',(-0.707106774517903,-1.46564093663332E-16,-0.707106787855192));
#12298=DIRECTION('center_axis',(1.,-6.89301882029723E-29,-3.10433969905485E-13));
#12299=DIRECTION('ref_axis',(-2.17719487604151E-13,-0.707106781186549,-0.707106781186546));
#12300=DIRECTION('',(1.,-6.89301882029723E-29,-3.10433969905485E-13));
#12301=DIRECTION('',(-1.,6.89301882029723E-29,3.10433969905485E-13));
#12302=DIRECTION('',(1.,-6.89301882029723E-29,-3.10433969905485E-13));
#12303=DIRECTION('',(1.,-6.89301882029723E-29,-3.10433969905485E-13));
#12304=DIRECTION('center_axis',(0.,1.,0.));
#12305=DIRECTION('ref_axis',(1.36420826567009E-8,0.,1.));
#12306=DIRECTION('',(0.,1.,0.));
#12307=DIRECTION('center_axis',(-1.7627564736179E-61,1.,-2.22044604925031E-16));
#12308=DIRECTION('ref_axis',(0.7071067744956,1.46564093659463E-16,0.707106787877495));
#12309=DIRECTION('',(0.,1.,0.));
#12310=DIRECTION('center_axis',(1.,0.,-4.1061148126884E-13));
#12311=DIRECTION('ref_axis',(-4.1061148126884E-13,-2.22044604925031E-16,
-1.));
#12312=DIRECTION('',(0.,1.,0.));
#12313=DIRECTION('',(-4.1061148126884E-13,-2.22044604925031E-16,-1.));
#12314=DIRECTION('center_axis',(0.,1.,0.));
#12315=DIRECTION('ref_axis',(1.,0.,-1.36237492474612E-8));
#12316=DIRECTION('',(0.,1.,0.));
#12317=DIRECTION('center_axis',(-1.7627564736179E-61,1.,-2.22044604925031E-16));
#12318=DIRECTION('ref_axis',(0.707106787877278,-1.46564093660625E-16,-0.707106774495817));
#12319=DIRECTION('center_axis',(0.,0.,1.));
#12320=DIRECTION('ref_axis',(1.,0.,0.));
#12321=DIRECTION('',(0.,0.,1.));
#12322=DIRECTION('center_axis',(0.,0.,1.));
#12323=DIRECTION('ref_axis',(1.,0.,0.));
#12324=DIRECTION('',(0.,0.,1.));
#12325=DIRECTION('center_axis',(-1.7627564736179E-61,1.,-2.22044604925031E-16));
#12326=DIRECTION('ref_axis',(-1.,-1.7627564736179E-61,3.91410564763528E-77));
#12327=DIRECTION('center_axis',(7.84826098098608E-61,1.,-2.22044604925031E-16));
#12328=DIRECTION('ref_axis',(2.89062490518315E-8,2.22044604925031E-16,1.));
#12329=DIRECTION('',(-4.10854734882494E-13,-2.22044604925031E-16,-1.));
#12330=DIRECTION('center_axis',(1.30496313896938E-39,1.,-2.22044604925031E-16));
#12331=DIRECTION('ref_axis',(1.,-6.4097881479604E-24,-2.88671195146783E-8));
#12332=DIRECTION('',(-1.,6.8925813924856E-29,3.1041426990819E-13));
#12333=DIRECTION('center_axis',(-7.91407943454312E-61,1.,-2.22044604925031E-16));
#12334=DIRECTION('ref_axis',(-2.89057621080914E-8,-2.22044604925031E-16,
-1.));
#12335=DIRECTION('',(-9.4479561295671E-13,2.22044604925031E-16,1.));
#12336=DIRECTION('center_axis',(0.,1.,-2.22044604925031E-16));
#12337=DIRECTION('ref_axis',(-1.,6.42221629259321E-24,2.89230909022155E-8));
#12338=DIRECTION('center_axis',(-1.7627564736179E-61,1.,-2.22044604925031E-16));
#12339=DIRECTION('ref_axis',(0.,2.34502549857058E-16,1.));
#12340=DIRECTION('center_axis',(1.36501713636031E-8,0.,1.));
#12341=DIRECTION('ref_axis',(0.,1.,0.));
#12342=DIRECTION('center_axis',(-1.7627564736179E-61,1.,-2.22044604925031E-16));
#12343=DIRECTION('ref_axis',(-0.70710678786773,1.46564093660662E-16,0.707106774505365));
#12344=DIRECTION('center_axis',(-0.999999999999999,0.,-3.25474047713217E-8));
#12345=DIRECTION('ref_axis',(-3.25474047713217E-8,7.40148683083442E-16,
1.));
#12346=DIRECTION('center_axis',(1.7627564736179E-61,-1.,2.22044604925031E-16));
#12347=DIRECTION('ref_axis',(-0.70710678786773,1.57009244384857E-16,0.707106774505365));
#12348=DIRECTION('center_axis',(1.,-4.85921088726014E-27,-2.18839403411794E-11));
#12349=DIRECTION('ref_axis',(1.54748312727873E-11,0.707106781186548,0.707106781186547));
#12350=DIRECTION('center_axis',(-1.,0.,2.18728738508562E-11));
#12351=DIRECTION('ref_axis',(2.18728738508562E-11,0.,1.));
#12352=DIRECTION('',(-1.,4.85921088726014E-27,2.18839403411794E-11));
#12353=DIRECTION('',(1.,-4.85921088726014E-27,-2.18839403411794E-11));
#12354=DIRECTION('center_axis',(-1.7627564736179E-61,1.,-2.22044604925031E-16));
#12355=DIRECTION('ref_axis',(0.,2.3450254985514E-16,1.));
#12356=DIRECTION('center_axis',(-3.25669387753653E-8,0.,0.999999999999999));
#12357=DIRECTION('ref_axis',(1.,0.,3.25669387753653E-8));
#12358=DIRECTION('center_axis',(1.7627564736179E-61,-1.,2.22044604925031E-16));
#12359=DIRECTION('ref_axis',(0.7071067744956,1.57009247354066E-16,0.707106787877495));
#12360=DIRECTION('center_axis',(-4.1061148126884E-13,-2.22044604925031E-16,
-1.));
#12361=DIRECTION('ref_axis',(0.707106781186553,0.707106781186542,-2.90990469009391E-13));
#12362=DIRECTION('center_axis',(4.05601478329723E-13,0.,1.));
#12363=DIRECTION('ref_axis',(1.,0.,-4.05601478329723E-13));
#12364=DIRECTION('',(4.1061148126884E-13,2.22044604925031E-16,1.));
#12365=DIRECTION('center_axis',(-1.7627564736179E-61,1.,-2.22044604925031E-16));
#12366=DIRECTION('ref_axis',(0.,2.34502549856999E-16,1.));
#12367=DIRECTION('center_axis',(0.999999999999999,0.,3.25479850478891E-8));
#12368=DIRECTION('ref_axis',(3.25479850478891E-8,-7.4014868308344E-16,-1.));
#12369=DIRECTION('center_axis',(1.7627564736179E-61,-1.,2.22044604925031E-16));
#12370=DIRECTION('ref_axis',(0.707106787877278,-1.57009244382737E-16,-0.707106774495817));
#12371=DIRECTION('center_axis',(-1.,6.89301882029723E-29,3.10433969905485E-13));
#12372=DIRECTION('ref_axis',(-2.17719487604151E-13,0.707106781186548,-0.707106781186547));
#12373=DIRECTION('center_axis',(1.,0.,-2.96059473233376E-13));
#12374=DIRECTION('ref_axis',(-2.96059473233376E-13,0.,-1.));
#12375=DIRECTION('',(1.,-6.89301882029723E-29,-3.10433969905485E-13));
#12376=DIRECTION('',(-1.,6.89301882029723E-29,3.10433969905485E-13));
#12377=DIRECTION('center_axis',(-1.7627564736179E-61,1.,-2.22044604925031E-16));
#12378=DIRECTION('ref_axis',(0.,2.34502549861332E-16,1.));
#12379=DIRECTION('center_axis',(3.2503928437677E-8,0.,-1.));
#12380=DIRECTION('ref_axis',(-1.,0.,-3.2503928437677E-8));
#12381=DIRECTION('center_axis',(1.7627564736179E-61,-1.,2.22044604925031E-16));
#12382=DIRECTION('ref_axis',(-0.707106774517904,-1.57009247349114E-16,-0.707106787855191));
#12383=DIRECTION('center_axis',(-1.7627564736179E-61,1.,-2.22044604925031E-16));
#12384=DIRECTION('ref_axis',(-0.707106774517904,-1.46564093663332E-16,-0.707106787855191));
#12385=DIRECTION('center_axis',(-9.45038865362838E-13,2.22044604925031E-16,
1.));
#12386=DIRECTION('ref_axis',(-0.707106781186544,0.707106781186551,-6.67812659093502E-13));
#12387=DIRECTION('',(9.45038865362838E-13,-2.22044604925031E-16,-1.));
#12388=DIRECTION('',(-9.45038865362838E-13,2.22044604925031E-16,1.));
#12389=DIRECTION('center_axis',(2.18839403411794E-11,0.,1.));
#12390=DIRECTION('ref_axis',(1.,-4.85921088726014E-27,-2.18839403411794E-11));
#12391=DIRECTION('',(0.,1.,0.));
#12392=DIRECTION('center_axis',(0.,1.,0.));
#12393=DIRECTION('ref_axis',(-1.,0.,1.3650170649757E-8));
#12394=DIRECTION('',(0.,1.,0.));
#12395=DIRECTION('center_axis',(-1.7627564736179E-61,1.,-2.22044604925031E-16));
#12396=DIRECTION('ref_axis',(-1.,-1.7627564736179E-61,3.91410564763528E-77));
#12397=DIRECTION('',(-1.,1.24049489382534E-28,5.58669234158682E-13));
#12398=DIRECTION('center_axis',(0.,-1.,2.22044604925031E-16));
#12399=DIRECTION('ref_axis',(-1.,6.42221629259321E-24,2.89230909022155E-8));
#12400=DIRECTION('',(9.4479561295671E-13,-2.22044604925031E-16,-1.));
#12401=DIRECTION('center_axis',(7.91407943454312E-61,-1.,2.22044604925031E-16));
#12402=DIRECTION('ref_axis',(-2.89057621080914E-8,-2.22044604925031E-16,
-1.));
#12403=DIRECTION('',(1.,-6.8925813924856E-29,-3.1041426990819E-13));
#12404=DIRECTION('center_axis',(-1.30496313896938E-39,-1.,2.22044604925031E-16));
#12405=DIRECTION('ref_axis',(1.,-6.4097881479604E-24,-2.88671195146783E-8));
#12406=DIRECTION('',(4.10854734882494E-13,2.22044604925031E-16,1.));
#12407=DIRECTION('center_axis',(-7.84826098098608E-61,-1.,2.22044604925031E-16));
#12408=DIRECTION('ref_axis',(2.89062490518315E-8,2.22044604925031E-16,1.));
#12409=DIRECTION('center_axis',(-1.,0.,0.));
#12410=DIRECTION('ref_axis',(0.,-1.,0.));
#12411=DIRECTION('',(0.,-1.,0.));
#12412=DIRECTION('',(0.,0.,1.));
#12413=DIRECTION('',(0.,-1.,0.));
#12414=DIRECTION('',(0.,0.,1.));
#12415=DIRECTION('center_axis',(0.,0.,1.));
#12416=DIRECTION('ref_axis',(-1.,0.,0.));
#12417=DIRECTION('center_axis',(3.10433969905485E-13,0.,1.));
#12418=DIRECTION('ref_axis',(-1.,0.,0.));
#12419=DIRECTION('',(0.,0.,1.));
#12420=DIRECTION('center_axis',(0.,0.,1.));
#12421=DIRECTION('ref_axis',(-1.,0.,0.));
#12422=DIRECTION('center_axis',(0.,1.,0.));
#12423=DIRECTION('ref_axis',(-1.,0.,0.));
#12424=DIRECTION('',(-1.,0.,3.10433969905485E-13));
#12425=DIRECTION('',(0.,0.,1.));
#12426=DIRECTION('',(-1.,0.,0.));
#12427=DIRECTION('center_axis',(0.,0.,1.));
#12428=DIRECTION('ref_axis',(0.,1.,0.));
#12429=DIRECTION('center_axis',(3.10433969905485E-13,0.,1.));
#12430=DIRECTION('ref_axis',(0.,1.,0.));
#12431=DIRECTION('',(0.,0.,1.));
#12432=DIRECTION('center_axis',(0.,0.,1.));
#12433=DIRECTION('ref_axis',(0.,1.,0.));
#12434=DIRECTION('center_axis',(1.,0.,0.));
#12435=DIRECTION('ref_axis',(0.,1.,0.));
#12436=DIRECTION('',(0.,1.,0.));
#12437=DIRECTION('',(0.,1.,0.));
#12438=DIRECTION('center_axis',(0.,-1.,0.));
#12439=DIRECTION('ref_axis',(1.,0.,0.));
#12440=DIRECTION('',(0.,0.,1.));
#12441=DIRECTION('',(1.,0.,0.));
#12442=DIRECTION('center_axis',(0.,0.,1.));
#12443=DIRECTION('ref_axis',(0.,-1.,0.));
#12444=DIRECTION('center_axis',(0.,0.,1.));
#12445=DIRECTION('ref_axis',(0.,-1.,0.));
#12446=DIRECTION('center_axis',(0.,0.,-1.));
#12447=DIRECTION('ref_axis',(-1.,0.,0.));
#12448=DIRECTION('',(-1.,0.,0.));
#12449=DIRECTION('',(0.,-1.,0.));
#12450=DIRECTION('',(1.,0.,0.));
#12451=DIRECTION('',(0.,1.,0.));
#12452=DIRECTION('center_axis',(1.,0.,0.));
#12453=DIRECTION('ref_axis',(0.,1.,0.));
#12454=DIRECTION('',(0.,0.,1.));
#12455=DIRECTION('',(0.,0.,1.));
#12456=DIRECTION('center_axis',(0.,-1.,0.));
#12457=DIRECTION('ref_axis',(1.,0.,0.));
#12458=DIRECTION('',(0.,0.,1.));
#12459=DIRECTION('center_axis',(-1.,0.,0.));
#12460=DIRECTION('ref_axis',(0.,-1.,0.));
#12461=DIRECTION('',(0.,0.,1.));
#12462=DIRECTION('center_axis',(0.,1.,0.));
#12463=DIRECTION('ref_axis',(-1.,0.,0.));
#12464=DIRECTION('',(-1.,6.8925813924856E-29,3.1041426990819E-13));
#12465=DIRECTION('center_axis',(-5.58669234158682E-13,0.,-1.));
#12466=DIRECTION('ref_axis',(-1.,1.24049489382534E-28,5.58669234158682E-13));
#12467=DIRECTION('',(0.,1.,0.));
#12468=DIRECTION('',(0.,-1.,0.));
#12469=DIRECTION('center_axis',(-3.77852457441085E-11,0.,-1.));
#12470=DIRECTION('ref_axis',(-1.,8.39000996324577E-27,3.77852457441085E-11));
#12471=DIRECTION('',(0.,1.,0.));
#12472=DIRECTION('center_axis',(0.,1.,0.));
#12473=DIRECTION('ref_axis',(1.,0.,-2.88671195146783E-8));
#12474=DIRECTION('',(0.,1.,0.));
#12475=DIRECTION('',(0.,1.,0.));
#12476=DIRECTION('center_axis',(3.1041426990819E-13,0.,1.));
#12477=DIRECTION('ref_axis',(1.,-6.8925813924856E-29,-3.1041426990819E-13));
#12478=DIRECTION('',(0.,1.,0.));
#12479=DIRECTION('center_axis',(3.1041426990819E-13,0.,1.));
#12480=DIRECTION('ref_axis',(1.,-6.8925813924856E-29,-3.1041426990819E-13));
#12481=DIRECTION('',(0.,1.,0.));
#12482=DIRECTION('',(0.,1.,0.));
#12483=DIRECTION('center_axis',(-1.,0.,4.10854734882494E-13));
#12484=DIRECTION('ref_axis',(4.10854734882494E-13,2.22044604925031E-16,
1.));
#12485=DIRECTION('',(0.,1.,0.));
#12486=DIRECTION('',(0.,1.,0.));
#12487=DIRECTION('center_axis',(-1.,0.,4.10854734882494E-13));
#12488=DIRECTION('ref_axis',(4.10854734882494E-13,2.22044604925031E-16,
1.));
#12489=DIRECTION('',(0.,1.,0.));
#12490=DIRECTION('center_axis',(0.,1.,0.));
#12491=DIRECTION('ref_axis',(-2.89057621080914E-8,0.,-1.));
#12492=DIRECTION('',(0.,1.,0.));
#12493=DIRECTION('center_axis',(0.,1.,0.));
#12494=DIRECTION('ref_axis',(-2.89057621080914E-8,0.,-1.));
#12495=DIRECTION('',(0.,1.,0.));
#12496=DIRECTION('center_axis',(0.,1.,0.));
#12497=DIRECTION('ref_axis',(2.89062490518315E-8,0.,1.));
#12498=DIRECTION('center_axis',(0.,1.,0.));
#12499=DIRECTION('ref_axis',(2.89062490518315E-8,0.,1.));
#12500=DIRECTION('center_axis',(1.,0.,9.4479561295671E-13));
#12501=DIRECTION('ref_axis',(9.4479561295671E-13,-2.22044604925031E-16,
-1.));
#12502=DIRECTION('',(0.,1.,0.));
#12503=DIRECTION('',(0.,1.,0.));
#12504=DIRECTION('center_axis',(0.,1.,0.));
#12505=DIRECTION('ref_axis',(-1.,0.,2.89230909022155E-8));
#12506=DIRECTION('center_axis',(0.,1.,0.));
#12507=DIRECTION('ref_axis',(-1.,0.,2.89230909022155E-8));
#12508=DIRECTION('center_axis',(0.,1.,0.));
#12509=DIRECTION('ref_axis',(1.,0.,-2.88671195146783E-8));
#12510=DIRECTION('center_axis',(-1.,0.,-9.45038865362838E-13));
#12511=DIRECTION('ref_axis',(-9.45038865362838E-13,2.22044604925031E-16,
1.));
#12512=DIRECTION('',(0.,1.,0.));
#12513=DIRECTION('center_axis',(0.,1.,0.));
#12514=DIRECTION('ref_axis',(-1.3642153007826E-8,0.,-1.));
#12515=DIRECTION('',(0.,1.,0.));
#12516=DIRECTION('center_axis',(-3.10433969905485E-13,0.,-1.));
#12517=DIRECTION('ref_axis',(-1.,6.89301882029723E-29,3.10433969905485E-13));
#12518=DIRECTION('center_axis',(2.69458783644522E-13,0.,-1.));
#12519=DIRECTION('ref_axis',(-1.,-5.98318776312142E-29,-2.69458783644522E-13));
#12520=DIRECTION('center_axis',(0.,1.,0.));
#12521=DIRECTION('ref_axis',(8.18196450622E-5,0.,-0.999999996652773));
#12522=DIRECTION('center_axis',(-3.77852457441085E-11,0.,-1.));
#12523=DIRECTION('ref_axis',(-1.,8.39000996324577E-27,3.77852457441085E-11));
#12524=DIRECTION('',(0.,1.,0.));
#12525=DIRECTION('center_axis',(0.,1.,0.));
#12526=DIRECTION('ref_axis',(0.707111584084915,0.,-0.707101978255557));
#12527=CARTESIAN_POINT('',(0.,0.,0.));
#12528=CARTESIAN_POINT('Origin',(-90.0921875,1.11000000000001,-10.2418891330189));
#12529=CARTESIAN_POINT('',(-90.6875,1.11000000000001,-10.2418891330189));
#12530=CARTESIAN_POINT('',(-90.3094573661975,1.11000000000001,-10.7961370720307));
#12531=CARTESIAN_POINT('Origin',(-90.0921875,1.11,-10.2418891330189));
#12532=CARTESIAN_POINT('',(-90.3094573661975,3.41000000000001,-10.7961370720307));
#12533=CARTESIAN_POINT('',(-90.3094573661975,1.11000000000001,-10.7961370720307));
#12534=CARTESIAN_POINT('',(-90.6875,3.41000000000001,-10.2418891330189));
#12535=CARTESIAN_POINT('Origin',(-90.0921875,3.41,-10.2418891330189));
#12536=CARTESIAN_POINT('',(-90.6875,1.11000000000001,-10.2418891330189));
#12537=CARTESIAN_POINT('Origin',(-91.678086444607,1.11000000000001,-14.2874626721047));
#12538=CARTESIAN_POINT('',(-88.7010042454766,1.11000000000001,-16.5676998482819));
#12539=CARTESIAN_POINT('Origin',(-91.678086444607,1.11000000000001,-14.2874626721047));
#12540=CARTESIAN_POINT('',(-88.7010042454766,3.41000000000001,-16.5676998482819));
#12541=CARTESIAN_POINT('',(-88.7010042454766,1.11000000000001,-16.5676998482819));
#12542=CARTESIAN_POINT('Origin',(-91.678086444607,3.41000000000001,-14.2874626721047));
#12543=CARTESIAN_POINT('Origin',(-88.2283924463646,1.11000000000001,-16.9296875));
#12544=CARTESIAN_POINT('',(-88.2283924463646,3.41000000000001,-17.525));
#12545=CARTESIAN_POINT('Origin',(-88.2283924463646,3.41,-16.9296875));
#12546=CARTESIAN_POINT('',(-88.2283924463646,1.11000000000001,-17.525));
#12547=CARTESIAN_POINT('Origin',(-88.2283924463646,1.11,-16.9296875));
#12548=CARTESIAN_POINT('',(-88.2283924463646,1.11000000000001,-17.525));
#12549=CARTESIAN_POINT('Origin',(-89.1875,1.11000000000001,-17.525));
#12550=CARTESIAN_POINT('',(-75.7375000000001,1.11000000000001,-17.525));
#12551=CARTESIAN_POINT('',(-75.7375000000001,1.11000000000001,-17.525));
#12552=CARTESIAN_POINT('',(-75.7375000000001,3.41000000000001,-17.525));
#12553=CARTESIAN_POINT('',(-75.7375000000001,1.11000000000001,-17.525));
#12554=CARTESIAN_POINT('',(-75.7375000000001,3.41000000000001,-17.525));
#12555=CARTESIAN_POINT('Origin',(88.5015625,1.11000000000001,-12.5144793179923));
#12556=CARTESIAN_POINT('',(87.90625,1.11000000000001,-12.5144793179923));
#12557=CARTESIAN_POINT('',(87.9580588150323,1.11000000000001,-12.7573799501091));
#12558=CARTESIAN_POINT('Origin',(88.5015625,1.11,-12.5144793179923));
#12559=CARTESIAN_POINT('',(87.9580588150323,3.41000000000001,-12.7573799501091));
#12560=CARTESIAN_POINT('',(87.9580588150323,1.11000000000001,-12.7573799501091));
#12561=CARTESIAN_POINT('',(87.90625,3.41000000000001,-12.5144793179923));
#12562=CARTESIAN_POINT('Origin',(88.5015625,3.41,-12.5144793179923));
#12563=CARTESIAN_POINT('',(87.90625,1.11000000000001,-12.5144793179923));
#12564=CARTESIAN_POINT('Origin',(84.534413555393,1.11000000000001,-14.2874626721047));
#12565=CARTESIAN_POINT('',(87.9586108323267,1.11000000000001,-15.8163096260669));
#12566=CARTESIAN_POINT('Origin',(84.534413555393,1.11000000000001,-14.2874626721047));
#12567=CARTESIAN_POINT('',(87.9586108323267,3.41000000000001,-15.8163096260669));
#12568=CARTESIAN_POINT('',(87.9586108323267,1.11000000000001,-15.8163096260669));
#12569=CARTESIAN_POINT('Origin',(84.534413555393,3.41000000000001,-14.2874626721047));
#12570=CARTESIAN_POINT('Origin',(88.5022021500399,1.11000000000001,-16.0590140800084));
#12571=CARTESIAN_POINT('',(87.9073105596517,1.11000000000001,-16.0813964020864));
#12572=CARTESIAN_POINT('Origin',(88.5022021500399,1.11,-16.0590140800084));
#12573=CARTESIAN_POINT('',(87.9073105596517,3.41000000000001,-16.0813964020864));
#12574=CARTESIAN_POINT('',(87.9073105596517,1.11000000000001,-16.0813964020864));
#12575=CARTESIAN_POINT('Origin',(88.5022021500399,3.41,-16.0590140800084));
#12576=CARTESIAN_POINT('Origin',(1.50279788613261E-11,3.41,-2.27539747044148E-7));
#12577=CARTESIAN_POINT('',(15.2195089131779,3.41000000000001,37.9006370055624));
#12578=CARTESIAN_POINT('',(12.646759267273,3.41000000000001,35.3278901898857));
#12579=CARTESIAN_POINT('',(12.646759267273,3.41000000000001,35.3278901898857));
#12580=CARTESIAN_POINT('',(11.6590170000023,3.41000000000001,34.9187497724844));
#12581=CARTESIAN_POINT('Origin',(11.65901641077,3.41000000000001,36.3156196282953));
#12582=CARTESIAN_POINT('',(10.715675,3.41000000000001,34.9187497725309));
#12583=CARTESIAN_POINT('',(-6.89646913782445,3.41000000000001,34.9187497731964));
#12584=CARTESIAN_POINT('',(10.715675,3.41000000000001,38.2999997724839));
#12585=CARTESIAN_POINT('',(10.715675,3.41000000000001,20.1499997726266));
#12586=CARTESIAN_POINT('',(112.7125,3.41000000000001,38.2999997724953));
#12587=CARTESIAN_POINT('',(-9.68938479266804,3.41000000000001,38.2999997724953));
#12588=CARTESIAN_POINT('',(114.50000000003,3.41000000000001,36.5124997790087));
#12589=CARTESIAN_POINT('Origin',(112.71249994833,3.41000000000001,36.5124997207953));
#12590=CARTESIAN_POINT('',(114.5,3.40999999999999,-36.5125002275048));
#12591=CARTESIAN_POINT('',(114.50000000003,3.41000000000001,36.5124997790087));
#12592=CARTESIAN_POINT('',(112.71250000651,3.40999999999999,-38.3000002275747));
#12593=CARTESIAN_POINT('Origin',(112.71249994833,3.40999999999999,-36.5125001759048));
#12594=CARTESIAN_POINT('',(-12.4375,3.40999999999999,-38.3000002275359));
#12595=CARTESIAN_POINT('',(112.71250000651,3.40999999999999,-38.3000002275747));
#12596=CARTESIAN_POINT('',(-12.4375,3.40999999999999,-37.3000002275398));
#12597=CARTESIAN_POINT('',(-12.4375,3.41,-20.1500002275398));
#12598=CARTESIAN_POINT('',(-16.1375,3.40999999999999,-37.3000002275398));
#12599=CARTESIAN_POINT('',(112.712499973962,3.41000000000001,-37.3000002275747));
#12600=CARTESIAN_POINT('',(-16.1375,3.40999999999999,-38.3000002275348));
#12601=CARTESIAN_POINT('',(-16.1375,3.41,-20.1500002275398));
#12602=CARTESIAN_POINT('',(-112.7125,3.40999999999999,-38.3000002275048));
#12603=CARTESIAN_POINT('',(112.71250000651,3.40999999999999,-38.3000002275747));
#12604=CARTESIAN_POINT('',(-114.499999999931,3.40999999999999,-36.5125002340056));
#12605=CARTESIAN_POINT('Origin',(-112.712499948331,3.40999999999999,-36.5125001759048));
#12606=CARTESIAN_POINT('',(-114.500000000021,3.41000000000001,-35.0749999999279));
#12607=CARTESIAN_POINT('',(-114.499999999931,3.40999999999999,-36.5125002340056));
#12608=CARTESIAN_POINT('',(-113.,3.41000000000001,-36.5749999999517));
#12609=CARTESIAN_POINT('Origin',(-112.999999999997,3.41000000000001,-35.0749999999275));
#12610=CARTESIAN_POINT('',(-99.5499999998898,3.41000000000001,-36.5749999999812));
#12611=CARTESIAN_POINT('',(-99.5499999998898,3.41000000000001,-36.5749999999812));
#12612=CARTESIAN_POINT('',(-98.0499999999379,3.41000000000001,-35.0750000000341));
#12613=CARTESIAN_POINT('Origin',(-99.5499999998865,3.41000000000001,-35.0750000000326));
#12614=CARTESIAN_POINT('',(-98.0499999999241,3.41000000000001,-21.0750000000538));
#12615=CARTESIAN_POINT('',(-98.0499999999241,3.41000000000001,-21.0750000000538));
#12616=CARTESIAN_POINT('',(-99.5499999999919,3.41000000000001,-19.574999999983));
#12617=CARTESIAN_POINT('Origin',(-99.5499999999933,3.41000000000001,-21.0750000000523));
#12618=CARTESIAN_POINT('',(-113.000000000135,3.41000000000001,-19.5749999999697));
#12619=CARTESIAN_POINT('',(-113.000000000135,3.41000000000001,-19.5749999999697));
#12620=CARTESIAN_POINT('',(-114.500000000025,3.41000000000001,-21.0749999998587));
#12621=CARTESIAN_POINT('Origin',(-113.000000000136,3.41,-21.0749999998583));
#12622=CARTESIAN_POINT('',(-114.5,3.41000000000001,36.5124997724953));
#12623=CARTESIAN_POINT('',(-114.499999999931,3.40999999999999,-36.5125002340056));
#12624=CARTESIAN_POINT('',(-112.712500006509,3.41000000000001,38.2999997724643));
#12625=CARTESIAN_POINT('Origin',(-112.712499948331,3.41000000000001,36.5124997207953));
#12626=CARTESIAN_POINT('',(-5.953075,3.41000000000001,38.2999997724932));
#12627=CARTESIAN_POINT('',(-9.68938479266804,3.41000000000001,38.2999997724953));
#12628=CARTESIAN_POINT('',(-5.953075,3.41000000000001,34.9187497731607));
#12629=CARTESIAN_POINT('',(-5.953075,3.41000000000001,20.1499997726266));
#12630=CARTESIAN_POINT('',(-6.89646913782445,3.41000000000001,34.9187497731964));
#12631=CARTESIAN_POINT('',(-6.89646913782445,3.41000000000001,34.9187497731964));
#12632=CARTESIAN_POINT('',(-7.8842884886543,3.41000000000001,35.3279174122357));
#12633=CARTESIAN_POINT('Origin',(-6.89658341637998,3.41000000000001,36.3154626904953));
#12634=CARTESIAN_POINT('',(-10.4570080835837,3.41000000000001,37.9006370057878));
#12635=CARTESIAN_POINT('',(-9.85637084996956,3.41000000000001,37.2999997724952));
#12636=CARTESIAN_POINT('',(-10.8779575891461,3.41000000000001,38.075));
#12637=CARTESIAN_POINT('Origin',(-10.8779575891461,3.41,37.4796875));
#12638=CARTESIAN_POINT('',(-22.5125000000059,3.41000000000001,38.075));
#12639=CARTESIAN_POINT('',(-11.2562499999954,3.41000000000001,38.075));
#12640=CARTESIAN_POINT('',(-24.0125000000059,3.41000000000001,36.5749999999995));
#12641=CARTESIAN_POINT('Origin',(-22.5125000000059,3.41000000000001,36.575));
#12642=CARTESIAN_POINT('',(-24.0125000000015,3.41000000000001,22.0749999999998));
#12643=CARTESIAN_POINT('',(-24.0125000000015,3.41000000000001,22.0749999999998));
#12644=CARTESIAN_POINT('',(-22.5125000000015,3.41000000000001,20.5750000000002));
#12645=CARTESIAN_POINT('Origin',(-22.5125000000015,3.41000000000001,22.0750000000002));
#12646=CARTESIAN_POINT('',(-5.55781249999999,3.41000000000001,20.5750000000001));
#12647=CARTESIAN_POINT('',(-5.55781249999999,3.41000000000001,20.5750000000001));
#12648=CARTESIAN_POINT('',(-4.96249999999999,3.41000000000001,19.9796875000001));
#12649=CARTESIAN_POINT('Origin',(-5.55781249999999,3.41000000000001,19.9796875000001));
#12650=CARTESIAN_POINT('',(-4.96249999999577,3.41000000000001,3.02500000000002));
#12651=CARTESIAN_POINT('',(-4.96249999999577,3.41000000000001,3.02500000000002));
#12652=CARTESIAN_POINT('',(-3.46249999999583,3.41000000000001,1.52500000000005));
#12653=CARTESIAN_POINT('Origin',(-3.46249999999578,3.41000000000001,3.02500000000003));
#12654=CARTESIAN_POINT('',(9.98749999999996,3.41000000000001,1.52499999999998));
#12655=CARTESIAN_POINT('',(9.98749999999996,3.41000000000001,1.52499999999998));
#12656=CARTESIAN_POINT('',(11.4875,3.41000000000001,3.02499999999998));
#12657=CARTESIAN_POINT('Origin',(9.98749999999996,3.41000000000001,3.02499999999999));
#12658=CARTESIAN_POINT('',(11.4875,3.41000000000001,19.9796875));
#12659=CARTESIAN_POINT('',(11.4875,3.41000000000001,17.025));
#12660=CARTESIAN_POINT('',(12.0828125,3.41000000000001,20.575));
#12661=CARTESIAN_POINT('Origin',(12.0828125,3.41000000000001,19.9796875));
#12662=CARTESIAN_POINT('',(19.5125,3.41000000000001,20.575));
#12663=CARTESIAN_POINT('',(19.5125,3.41000000000001,20.575));
#12664=CARTESIAN_POINT('',(21.0125,3.41000000000001,22.075));
#12665=CARTESIAN_POINT('Origin',(19.5125,3.41000000000001,22.075));
#12666=CARTESIAN_POINT('',(21.0125,3.41000000000001,36.575));
#12667=CARTESIAN_POINT('',(21.0125,3.41000000000001,22.075));
#12668=CARTESIAN_POINT('',(19.5125,3.41000000000001,38.075));
#12669=CARTESIAN_POINT('Origin',(19.5125,3.41,36.575));
#12670=CARTESIAN_POINT('',(15.6404584189657,3.41000000000001,38.075));
#12671=CARTESIAN_POINT('',(7.69693595376857,3.41000000000001,38.075));
#12672=CARTESIAN_POINT('Origin',(15.6404584189657,3.41,37.4796875));
#12673=CARTESIAN_POINT('',(-35.012461444607,3.41000000000001,38.075));
#12674=CARTESIAN_POINT('',(-36.512461444607,3.41000000000001,36.575));
#12675=CARTESIAN_POINT('Origin',(-35.012461444607,3.41000000000001,36.575));
#12676=CARTESIAN_POINT('',(-36.512461444607,3.41000000000001,22.075));
#12677=CARTESIAN_POINT('',(-36.512461444607,3.41000000000001,22.075));
#12678=CARTESIAN_POINT('',(-35.012461444607,3.41000000000001,20.575));
#12679=CARTESIAN_POINT('Origin',(-35.012461444607,3.41000000000001,22.075));
#12680=CARTESIAN_POINT('',(-28.1125,3.41000000000001,20.5750000000002));
#12681=CARTESIAN_POINT('',(-28.1125,3.41000000000001,20.5750000000002));
#12682=CARTESIAN_POINT('',(-26.6125,3.41000000000001,22.0750000000002));
#12683=CARTESIAN_POINT('Origin',(-28.1125,3.41000000000001,22.0750000000002));
#12684=CARTESIAN_POINT('',(-26.6125,3.41000000000001,36.575));
#12685=CARTESIAN_POINT('',(-26.6125,3.41000000000001,22.0750000000002));
#12686=CARTESIAN_POINT('',(-28.1125,3.41000000000001,38.075));
#12687=CARTESIAN_POINT('Origin',(-28.1125,3.41,36.575));
#12688=CARTESIAN_POINT('',(-17.506230722296,3.41000000000001,38.075));
#12689=CARTESIAN_POINT('',(-53.4405851935671,3.41000000000001,37.2999997724821));
#12690=CARTESIAN_POINT('',(-68.6219148068115,3.41000000000001,37.2999997724775));
#12691=CARTESIAN_POINT('',(-112.712499973962,3.41000000000001,37.2999997724643));
#12692=CARTESIAN_POINT('',(-69.2562500001861,3.41000000000001,36.075));
#12693=CARTESIAN_POINT('Origin',(-67.7562500001861,3.41000000000001,36.075));
#12694=CARTESIAN_POINT('',(-69.2562500001861,3.41000000000001,22.075));
#12695=CARTESIAN_POINT('',(-69.2562500001861,3.41000000000001,22.075));
#12696=CARTESIAN_POINT('',(-67.7562500001861,3.41000000000001,20.5749999999999));
#12697=CARTESIAN_POINT('Origin',(-67.7562500001861,3.41000000000001,22.075));
#12698=CARTESIAN_POINT('',(-54.306250000186,3.41000000000001,20.5749999999999));
#12699=CARTESIAN_POINT('',(-54.306250000186,3.41000000000001,20.5749999999999));
#12700=CARTESIAN_POINT('',(-52.8062500001861,3.41000000000001,22.0749999999999));
#12701=CARTESIAN_POINT('Origin',(-54.306250000186,3.41000000000001,22.0749999999999));
#12702=CARTESIAN_POINT('',(-52.8062500001861,3.41000000000001,36.0749999999999));
#12703=CARTESIAN_POINT('',(-52.8062500001861,3.41000000000001,36.0749999999999));
#12704=CARTESIAN_POINT('Origin',(-54.3062500001861,3.41000000000001,36.0749999999999));
#12705=CARTESIAN_POINT('',(-74.871835193558,3.41000000000001,37.2999997724757));
#12706=CARTESIAN_POINT('',(-90.0531648068206,3.41000000000001,37.2999997724711));
#12707=CARTESIAN_POINT('',(-112.712499973962,3.41000000000001,37.2999997724643));
#12708=CARTESIAN_POINT('',(-90.6875000001861,3.41000000000001,36.075));
#12709=CARTESIAN_POINT('Origin',(-89.1875000001861,3.41000000000001,36.075));
#12710=CARTESIAN_POINT('',(-90.6875000001861,3.41000000000001,22.075));
#12711=CARTESIAN_POINT('',(-90.6875000001861,3.41000000000001,22.075));
#12712=CARTESIAN_POINT('',(-89.187500000186,3.41000000000001,20.575));
#12713=CARTESIAN_POINT('Origin',(-89.1875000001861,3.41000000000001,22.075));
#12714=CARTESIAN_POINT('',(-75.737500000186,3.41000000000001,20.5749999999999));
#12715=CARTESIAN_POINT('',(-75.737500000186,3.41000000000001,20.5749999999999));
#12716=CARTESIAN_POINT('',(-74.2375000001861,3.41000000000001,22.0749999999999));
#12717=CARTESIAN_POINT('Origin',(-75.737500000186,3.41000000000001,22.0749999999999));
#12718=CARTESIAN_POINT('',(-74.2375000001861,3.41000000000001,36.0749999999999));
#12719=CARTESIAN_POINT('',(-74.2375000001861,3.41000000000001,36.0749999999999));
#12720=CARTESIAN_POINT('Origin',(-75.7375000001861,3.41000000000001,36.0749999999999));
#12721=CARTESIAN_POINT('',(-96.3030851935489,3.41000000000001,37.2999997724692));
#12722=CARTESIAN_POINT('',(-111.48441480683,3.41000000000001,37.2999997724646));
#12723=CARTESIAN_POINT('',(-112.712499973962,3.41000000000001,37.2999997724643));
#12724=CARTESIAN_POINT('',(-112.118750000186,3.41000000000001,36.075));
#12725=CARTESIAN_POINT('Origin',(-110.618750000186,3.41000000000001,36.075));
#12726=CARTESIAN_POINT('',(-112.118750000186,3.41000000000001,22.075));
#12727=CARTESIAN_POINT('',(-112.118750000186,3.41000000000001,22.075));
#12728=CARTESIAN_POINT('',(-110.618750000186,3.41000000000001,20.5749999999999));
#12729=CARTESIAN_POINT('Origin',(-110.618750000186,3.41000000000001,22.075));
#12730=CARTESIAN_POINT('',(-97.1687500001861,3.41000000000001,20.5749999999999));
#12731=CARTESIAN_POINT('',(-97.1687500001861,3.41000000000001,20.5749999999999));
#12732=CARTESIAN_POINT('',(-95.6687500001861,3.41000000000001,22.0749999999999));
#12733=CARTESIAN_POINT('Origin',(-97.1687500001861,3.41000000000001,22.0749999999999));
#12734=CARTESIAN_POINT('',(-95.6687500001861,3.41000000000001,36.0749999999999));
#12735=CARTESIAN_POINT('',(-95.6687500001861,3.41000000000001,36.0749999999999));
#12736=CARTESIAN_POINT('Origin',(-97.1687500001861,3.41000000000001,36.0749999999999));
#12737=CARTESIAN_POINT('',(108.484414806602,3.41000000000001,37.2999997724941));
#12738=CARTESIAN_POINT('',(93.3030851933924,3.41000000000001,37.29999977249));
#12739=CARTESIAN_POINT('',(14.6188716804058,3.41000000000001,37.2999997724688));
#12740=CARTESIAN_POINT('',(92.6687500000001,3.41000000000001,36.0749999999999));
#12741=CARTESIAN_POINT('Origin',(94.1687500000001,3.41000000000001,36.0749999999999));
#12742=CARTESIAN_POINT('',(92.6687500000001,3.41000000000001,22.0749999999999));
#12743=CARTESIAN_POINT('',(92.6687500000001,3.41000000000001,22.0749999999999));
#12744=CARTESIAN_POINT('',(94.1687500000001,3.41000000000001,20.5749999999999));
#12745=CARTESIAN_POINT('Origin',(94.1687500000001,3.41000000000001,22.0749999999999));
#12746=CARTESIAN_POINT('',(107.61875,3.41000000000001,20.5749999999999));
#12747=CARTESIAN_POINT('',(107.61875,3.41000000000001,20.5749999999999));
#12748=CARTESIAN_POINT('',(109.11875,3.41000000000001,22.0749999999999));
#12749=CARTESIAN_POINT('Origin',(107.61875,3.41000000000001,22.0749999999999));
#12750=CARTESIAN_POINT('',(109.11875,3.41000000000001,36.0749999999999));
#12751=CARTESIAN_POINT('',(109.11875,3.41000000000001,36.0749999999999));
#12752=CARTESIAN_POINT('Origin',(107.61875,3.41000000000001,36.0749999999999));
#12753=CARTESIAN_POINT('',(87.0531648066101,3.41000000000001,37.2999997724883));
#12754=CARTESIAN_POINT('',(71.8718351933842,3.41000000000001,37.2999997724842));
#12755=CARTESIAN_POINT('',(14.6188716804058,3.41000000000001,37.2999997724688));
#12756=CARTESIAN_POINT('',(71.2375000000001,3.41000000000001,36.0749999999999));
#12757=CARTESIAN_POINT('Origin',(72.7375000000001,3.41000000000001,36.0749999999999));
#12758=CARTESIAN_POINT('',(71.2375000000001,3.41000000000001,22.0749999999999));
#12759=CARTESIAN_POINT('',(71.2375000000001,3.41000000000001,22.0749999999999));
#12760=CARTESIAN_POINT('',(72.7375000000001,3.41000000000001,20.5749999999999));
#12761=CARTESIAN_POINT('Origin',(72.7375000000001,3.41000000000001,22.0749999999999));
#12762=CARTESIAN_POINT('',(86.1875000000001,3.41000000000001,20.5749999999999));
#12763=CARTESIAN_POINT('',(86.1875000000001,3.41000000000001,20.5749999999999));
#12764=CARTESIAN_POINT('',(87.6875000000001,3.41000000000001,22.0749999999999));
#12765=CARTESIAN_POINT('Origin',(86.1875000000001,3.41000000000001,22.0749999999999));
#12766=CARTESIAN_POINT('',(87.6875000000001,3.41000000000001,36.0749999999999));
#12767=CARTESIAN_POINT('',(87.6875000000001,3.41000000000001,36.0749999999999));
#12768=CARTESIAN_POINT('Origin',(86.1875000000001,3.41000000000001,36.0749999999999));
#12769=CARTESIAN_POINT('',(65.6219148066183,3.41000000000001,37.2999997724826));
#12770=CARTESIAN_POINT('',(50.440585193376,3.41000000000001,37.2999997724785));
#12771=CARTESIAN_POINT('',(14.6188716804058,3.41000000000001,37.2999997724688));
#12772=CARTESIAN_POINT('',(49.8062500000001,3.41000000000001,36.0749999999999));
#12773=CARTESIAN_POINT('Origin',(51.3062500000001,3.41000000000001,36.0749999999999));
#12774=CARTESIAN_POINT('',(49.8062500000001,3.41000000000001,22.0749999999999));
#12775=CARTESIAN_POINT('',(49.8062500000001,3.41000000000001,22.0749999999999));
#12776=CARTESIAN_POINT('',(51.3062500000001,3.41000000000001,20.5749999999999));
#12777=CARTESIAN_POINT('Origin',(51.3062500000001,3.41000000000001,22.0749999999999));
#12778=CARTESIAN_POINT('',(64.7562500000001,3.41000000000001,20.5749999999999));
#12779=CARTESIAN_POINT('',(64.7562500000001,3.41000000000001,20.5749999999999));
#12780=CARTESIAN_POINT('',(66.2562500000001,3.41000000000001,22.0749999999999));
#12781=CARTESIAN_POINT('Origin',(64.7562500000001,3.41000000000001,22.0749999999999));
#12782=CARTESIAN_POINT('',(66.2562500000001,3.41000000000001,36.0749999999999));
#12783=CARTESIAN_POINT('',(66.2562500000001,3.41000000000001,36.0749999999999));
#12784=CARTESIAN_POINT('Origin',(64.7562500000001,3.41000000000001,36.0749999999999));
#12785=CARTESIAN_POINT('',(41.278167555393,3.41000000000001,36.575));
#12786=CARTESIAN_POINT('',(39.778167555393,3.41000000000001,38.075));
#12787=CARTESIAN_POINT('Origin',(39.778167555393,3.41,36.575));
#12788=CARTESIAN_POINT('',(25.1125,3.41000000000001,38.075));
#12789=CARTESIAN_POINT('',(12.5562500000076,3.41000000000001,38.0750000000001));
#12790=CARTESIAN_POINT('',(23.6125,3.41000000000001,36.5750000000001));
#12791=CARTESIAN_POINT('Origin',(25.1125,3.41000000000001,36.5750000000001));
#12792=CARTESIAN_POINT('',(23.6125,3.41000000000001,22.075));
#12793=CARTESIAN_POINT('',(23.6125,3.41000000000001,22.075));
#12794=CARTESIAN_POINT('',(25.1125,3.41000000000001,20.575));
#12795=CARTESIAN_POINT('Origin',(25.1125,3.41000000000001,22.075));
#12796=CARTESIAN_POINT('',(39.778167555393,3.41000000000001,20.575));
#12797=CARTESIAN_POINT('',(39.778167555393,3.41000000000001,20.575));
#12798=CARTESIAN_POINT('',(41.278167555393,3.41000000000001,22.075));
#12799=CARTESIAN_POINT('Origin',(39.778167555393,3.41000000000001,22.075));
#12800=CARTESIAN_POINT('',(41.278167555393,3.41000000000001,36.575));
#12801=CARTESIAN_POINT('',(0.462499999999946,3.41000000000001,-17.525));
#12802=CARTESIAN_POINT('',(1.96249999999999,3.41000000000001,-16.025));
#12803=CARTESIAN_POINT('Origin',(0.462499999999986,3.41000000000001,-16.025));
#12804=CARTESIAN_POINT('',(1.96249999999998,3.41000000000001,-2.02500000000001));
#12805=CARTESIAN_POINT('',(1.96249999999998,3.41000000000001,-2.02500000000001));
#12806=CARTESIAN_POINT('',(0.46250000000006,3.41000000000001,-0.525));
#12807=CARTESIAN_POINT('Origin',(0.462499999999972,3.41000000000001,-2.02500000000001));
#12808=CARTESIAN_POINT('',(-12.9875,3.41000000000001,-0.525));
#12809=CARTESIAN_POINT('',(-12.9875,3.41000000000001,-0.524999999999999));
#12810=CARTESIAN_POINT('',(-14.4875,3.41000000000001,-2.025));
#12811=CARTESIAN_POINT('Origin',(-12.9875,3.41000000000001,-2.025));
#12812=CARTESIAN_POINT('',(-14.4875,3.41000000000001,-16.025));
#12813=CARTESIAN_POINT('',(-14.4875,3.41000000000001,-16.025));
#12814=CARTESIAN_POINT('',(-12.9875,3.41000000000001,-17.525));
#12815=CARTESIAN_POINT('Origin',(-12.9875,3.41000000000001,-16.025));
#12816=CARTESIAN_POINT('',(0.462499999999946,3.41000000000001,-17.525));
#12817=CARTESIAN_POINT('',(82.284413555393,3.41000000000001,-14.2874626721047));
#12818=CARTESIAN_POINT('Origin',(84.534413555393,3.41000000000001,-14.2874626721047));
#12819=CARTESIAN_POINT('',(57.6125,3.41000000000001,-17.525));
#12820=CARTESIAN_POINT('',(59.1125,3.41000000000001,-16.025));
#12821=CARTESIAN_POINT('Origin',(57.6125,3.41000000000001,-16.025));
#12822=CARTESIAN_POINT('',(59.1125,3.41000000000001,-2.02500000000001));
#12823=CARTESIAN_POINT('',(59.1125,3.41000000000001,-2.02500000000001));
#12824=CARTESIAN_POINT('',(57.6125000000001,3.41000000000001,-0.525));
#12825=CARTESIAN_POINT('Origin',(57.6125,3.41000000000001,-2.02500000000001));
#12826=CARTESIAN_POINT('',(44.1625,3.41000000000001,-0.525));
#12827=CARTESIAN_POINT('',(44.1625,3.41000000000001,-0.524999999999999));
#12828=CARTESIAN_POINT('',(42.6625,3.41000000000001,-2.025));
#12829=CARTESIAN_POINT('Origin',(44.1625,3.41000000000001,-2.025));
#12830=CARTESIAN_POINT('',(42.6625,3.41000000000001,-16.025));
#12831=CARTESIAN_POINT('',(42.6625,3.41000000000001,-16.025));
#12832=CARTESIAN_POINT('',(44.1625,3.41000000000001,-17.525));
#12833=CARTESIAN_POINT('Origin',(44.1625,3.41000000000001,-16.025));
#12834=CARTESIAN_POINT('',(57.6125,3.41000000000001,-17.525));
#12835=CARTESIAN_POINT('',(110.00000000011,3.41000000000001,-36.5749999999812));
#12836=CARTESIAN_POINT('',(111.500000000062,3.41000000000001,-35.0750000000341));
#12837=CARTESIAN_POINT('Origin',(110.000000000114,3.41000000000001,-35.0750000000326));
#12838=CARTESIAN_POINT('',(111.500000000076,3.41000000000001,-21.0750000000538));
#12839=CARTESIAN_POINT('',(111.500000000076,3.41000000000001,-21.0750000000538));
#12840=CARTESIAN_POINT('',(110.000000000008,3.41000000000001,-19.574999999983));
#12841=CARTESIAN_POINT('Origin',(110.000000000007,3.41000000000001,-21.0750000000523));
#12842=CARTESIAN_POINT('',(96.549999999865,3.41000000000001,-19.5749999999697));
#12843=CARTESIAN_POINT('',(96.549999999865,3.41000000000001,-19.5749999999697));
#12844=CARTESIAN_POINT('',(95.049999999975,3.41000000000001,-21.0749999998587));
#12845=CARTESIAN_POINT('Origin',(96.5499999998636,3.41000000000001,-21.0749999998583));
#12846=CARTESIAN_POINT('',(95.0499999999792,3.41000000000001,-35.0749999999279));
#12847=CARTESIAN_POINT('',(95.0499999999792,3.41000000000001,-35.0749999999279));
#12848=CARTESIAN_POINT('',(96.5500000000002,3.41000000000001,-36.5749999999517));
#12849=CARTESIAN_POINT('Origin',(96.5500000000034,3.41000000000001,-35.0749999999275));
#12850=CARTESIAN_POINT('',(110.00000000011,3.41000000000001,-36.5749999999812));
#12851=CARTESIAN_POINT('',(19.5124999999999,3.41000000000001,-17.525));
#12852=CARTESIAN_POINT('',(21.0125,3.41000000000001,-16.025));
#12853=CARTESIAN_POINT('Origin',(19.5125,3.41000000000001,-16.025));
#12854=CARTESIAN_POINT('',(21.0125,3.41000000000001,-2.02500000000001));
#12855=CARTESIAN_POINT('',(21.0125,3.41000000000001,-2.02500000000001));
#12856=CARTESIAN_POINT('',(19.5125000000001,3.41000000000001,-0.525000000000002));
#12857=CARTESIAN_POINT('Origin',(19.5125,3.41000000000001,-2.02500000000001));
#12858=CARTESIAN_POINT('',(6.06250000000003,3.41000000000001,-0.525));
#12859=CARTESIAN_POINT('',(6.06250000000003,3.41000000000001,-0.524999999999999));
#12860=CARTESIAN_POINT('',(4.5625,3.41000000000001,-2.025));
#12861=CARTESIAN_POINT('Origin',(6.0625,3.41000000000001,-2.025));
#12862=CARTESIAN_POINT('',(4.56249999999999,3.41000000000001,-16.025));
#12863=CARTESIAN_POINT('',(4.56249999999999,3.41000000000001,-16.025));
#12864=CARTESIAN_POINT('',(6.06249999999999,3.41000000000001,-17.525));
#12865=CARTESIAN_POINT('Origin',(6.06249999999999,3.41000000000001,-16.025));
#12866=CARTESIAN_POINT('',(19.5124999999999,3.41000000000001,-17.525));
#12867=CARTESIAN_POINT('',(48.0875,3.41000000000001,1.52499999999998));
#12868=CARTESIAN_POINT('',(49.5875,3.41000000000001,3.02499999999998));
#12869=CARTESIAN_POINT('Origin',(48.0875,3.41000000000001,3.02499999999999));
#12870=CARTESIAN_POINT('',(49.5875,3.41000000000001,17.025));
#12871=CARTESIAN_POINT('',(49.5875,3.41000000000001,17.025));
#12872=CARTESIAN_POINT('',(48.0874999999999,3.41000000000001,18.525));
#12873=CARTESIAN_POINT('Origin',(48.0874999999999,3.41000000000001,17.025));
#12874=CARTESIAN_POINT('',(34.6375,3.41000000000001,18.525));
#12875=CARTESIAN_POINT('',(34.6375,3.41000000000001,18.525));
#12876=CARTESIAN_POINT('',(33.1375,3.41000000000001,17.025));
#12877=CARTESIAN_POINT('Origin',(34.6375,3.41000000000001,17.025));
#12878=CARTESIAN_POINT('',(33.1375000000042,3.41000000000001,3.02500000000002));
#12879=CARTESIAN_POINT('',(33.1375000000042,3.41000000000001,3.02500000000002));
#12880=CARTESIAN_POINT('',(34.6375000000042,3.41000000000001,1.52500000000005));
#12881=CARTESIAN_POINT('Origin',(34.6375000000042,3.41000000000001,3.02500000000003));
#12882=CARTESIAN_POINT('',(48.0875,3.41000000000001,1.52499999999998));
#12883=CARTESIAN_POINT('',(-47.493711444607,3.41000000000001,28.5630993278953));
#12884=CARTESIAN_POINT('Origin',(-45.243711444607,3.41000000000001,28.5630993278953));
#12885=CARTESIAN_POINT('',(38.5625,3.41000000000001,-17.525));
#12886=CARTESIAN_POINT('',(40.0625,3.41000000000001,-16.025));
#12887=CARTESIAN_POINT('Origin',(38.5625,3.41000000000001,-16.025));
#12888=CARTESIAN_POINT('',(40.0625,3.41000000000001,-2.02500000000001));
#12889=CARTESIAN_POINT('',(40.0625,3.41000000000001,-2.02500000000001));
#12890=CARTESIAN_POINT('',(38.5625000000001,3.41000000000001,-0.525));
#12891=CARTESIAN_POINT('Origin',(38.5625,3.41000000000001,-2.02500000000001));
#12892=CARTESIAN_POINT('',(25.1125,3.41000000000001,-0.525));
#12893=CARTESIAN_POINT('',(25.1125,3.41000000000001,-0.524999999999999));
#12894=CARTESIAN_POINT('',(23.6125,3.41000000000001,-2.025));
#12895=CARTESIAN_POINT('Origin',(25.1125,3.41000000000001,-2.025));
#12896=CARTESIAN_POINT('',(23.6125,3.41000000000001,-16.025));
#12897=CARTESIAN_POINT('',(23.6125,3.41000000000001,-16.025));
#12898=CARTESIAN_POINT('',(25.1125,3.41000000000001,-17.525));
#12899=CARTESIAN_POINT('Origin',(25.1125,3.41000000000001,-16.025));
#12900=CARTESIAN_POINT('',(38.5625,3.41000000000001,-17.525));
#12901=CARTESIAN_POINT('',(-74.2375,3.41000000000001,-16.025));
#12902=CARTESIAN_POINT('Origin',(-75.7375,3.41000000000001,-16.025));
#12903=CARTESIAN_POINT('',(-74.2375,3.41000000000001,-2.02500000000001));
#12904=CARTESIAN_POINT('',(-74.2375,3.41000000000001,-2.02500000000001));
#12905=CARTESIAN_POINT('',(-75.7375,3.41000000000001,-0.525));
#12906=CARTESIAN_POINT('Origin',(-75.7375,3.41000000000001,-2.02500000000001));
#12907=CARTESIAN_POINT('',(-89.1875,3.41000000000001,-0.525));
#12908=CARTESIAN_POINT('',(-89.1875,3.41000000000001,-0.524999999999999));
#12909=CARTESIAN_POINT('',(-90.6875,3.41000000000001,-2.025));
#12910=CARTESIAN_POINT('Origin',(-89.1875,3.41000000000001,-2.025));
#12911=CARTESIAN_POINT('',(-90.6875,3.41000000000001,-16.025));
#12912=CARTESIAN_POINT('',(-93.928086444607,3.41000000000001,-14.2874626721047));
#12913=CARTESIAN_POINT('Origin',(-91.678086444607,3.41000000000001,-14.2874626721047));
#12914=CARTESIAN_POINT('',(89.40625,3.41000000000001,-17.525));
#12915=CARTESIAN_POINT('Origin',(89.40625,3.41000000000001,-16.025));
#12916=CARTESIAN_POINT('',(102.85625,3.41000000000001,-17.525));
#12917=CARTESIAN_POINT('',(102.85625,3.41000000000001,-17.525));
#12918=CARTESIAN_POINT('',(104.35625,3.41000000000001,-16.025));
#12919=CARTESIAN_POINT('Origin',(102.85625,3.41000000000001,-16.025));
#12920=CARTESIAN_POINT('',(104.35625,3.41000000000001,-2.025));
#12921=CARTESIAN_POINT('',(104.35625,3.41000000000001,-2.025));
#12922=CARTESIAN_POINT('',(102.85625,3.41000000000001,-0.524999999999998));
#12923=CARTESIAN_POINT('Origin',(102.85625,3.41000000000001,-2.025));
#12924=CARTESIAN_POINT('',(89.40625,3.41000000000001,-0.524999999999998));
#12925=CARTESIAN_POINT('',(89.40625,3.41000000000001,-0.524999999999998));
#12926=CARTESIAN_POINT('',(87.90625,3.41000000000001,-2.025));
#12927=CARTESIAN_POINT('Origin',(89.40625,3.41000000000001,-2.025));
#12928=CARTESIAN_POINT('',(87.90625,3.41000000000001,-16.025));
#12929=CARTESIAN_POINT('',(-23.3499999998898,3.41000000000001,-36.5749999999812));
#12930=CARTESIAN_POINT('',(-21.8499999999379,3.41000000000001,-35.0750000000341));
#12931=CARTESIAN_POINT('Origin',(-23.3499999998865,3.41000000000001,-35.0750000000326));
#12932=CARTESIAN_POINT('',(-21.849999999924,3.41000000000001,-21.0750000000538));
#12933=CARTESIAN_POINT('',(-21.849999999924,3.41000000000001,-21.0750000000538));
#12934=CARTESIAN_POINT('',(-23.3499999999919,3.41000000000001,-19.574999999983));
#12935=CARTESIAN_POINT('Origin',(-23.3499999999933,3.41000000000001,-21.0750000000523));
#12936=CARTESIAN_POINT('',(-36.800000000135,3.41000000000001,-19.5749999999697));
#12937=CARTESIAN_POINT('',(-36.800000000135,3.41000000000001,-19.5749999999697));
#12938=CARTESIAN_POINT('',(-38.300000000025,3.41000000000001,-21.0749999998587));
#12939=CARTESIAN_POINT('Origin',(-36.8000000001364,3.41000000000001,-21.0749999998583));
#12940=CARTESIAN_POINT('',(-38.3000000000208,3.41000000000001,-35.0749999999279));
#12941=CARTESIAN_POINT('',(-38.3000000000208,3.41000000000001,-35.0749999999279));
#12942=CARTESIAN_POINT('',(-36.7999999999998,3.41000000000001,-36.5749999999517));
#12943=CARTESIAN_POINT('Origin',(-36.7999999999966,3.41000000000001,-35.0749999999275));
#12944=CARTESIAN_POINT('',(-23.3499999998898,3.41000000000001,-36.5749999999812));
#12945=CARTESIAN_POINT('',(71.9000000001102,3.41000000000001,-36.5749999999812));
#12946=CARTESIAN_POINT('',(73.4000000000621,3.41000000000001,-35.0750000000341));
#12947=CARTESIAN_POINT('Origin',(71.9000000001135,3.41000000000001,-35.0750000000326));
#12948=CARTESIAN_POINT('',(73.4000000000759,3.41000000000001,-21.0750000000538));
#12949=CARTESIAN_POINT('',(73.4000000000759,3.41000000000001,-21.0750000000538));
#12950=CARTESIAN_POINT('',(71.9000000000081,3.41000000000001,-19.574999999983));
#12951=CARTESIAN_POINT('Origin',(71.9000000000067,3.41000000000001,-21.0750000000523));
#12952=CARTESIAN_POINT('',(58.449999999865,3.41000000000001,-19.5749999999697));
#12953=CARTESIAN_POINT('',(58.449999999865,3.41000000000001,-19.5749999999697));
#12954=CARTESIAN_POINT('',(56.949999999975,3.41000000000001,-21.0749999998587));
#12955=CARTESIAN_POINT('Origin',(58.4499999998636,3.41000000000001,-21.0749999998583));
#12956=CARTESIAN_POINT('',(56.9499999999792,3.41000000000001,-35.0749999999279));
#12957=CARTESIAN_POINT('',(56.9499999999792,3.41000000000001,-35.0749999999279));
#12958=CARTESIAN_POINT('',(58.4500000000002,3.41000000000001,-36.5749999999517));
#12959=CARTESIAN_POINT('Origin',(58.4500000000034,3.41000000000001,-35.0749999999275));
#12960=CARTESIAN_POINT('',(71.9000000001102,3.41000000000001,-36.5749999999812));
#12961=CARTESIAN_POINT('',(-61.4499999998898,3.41000000000001,-36.5749999999812));
#12962=CARTESIAN_POINT('',(-59.9499999999379,3.41000000000001,-35.0750000000341));
#12963=CARTESIAN_POINT('Origin',(-61.4499999998865,3.41000000000001,-35.0750000000326));
#12964=CARTESIAN_POINT('',(-59.9499999999241,3.41000000000001,-21.0750000000538));
#12965=CARTESIAN_POINT('',(-59.9499999999241,3.41000000000001,-21.0750000000538));
#12966=CARTESIAN_POINT('',(-61.4499999999919,3.41000000000001,-19.574999999983));
#12967=CARTESIAN_POINT('Origin',(-61.4499999999934,3.41000000000001,-21.0750000000523));
#12968=CARTESIAN_POINT('',(-74.900000000135,3.41000000000001,-19.5749999999697));
#12969=CARTESIAN_POINT('',(-74.900000000135,3.41000000000001,-19.5749999999697));
#12970=CARTESIAN_POINT('',(-76.400000000025,3.41000000000001,-21.0749999998587));
#12971=CARTESIAN_POINT('Origin',(-74.9000000001364,3.41000000000001,-21.0749999998583));
#12972=CARTESIAN_POINT('',(-76.4000000000208,3.41000000000001,-35.0749999999279));
#12973=CARTESIAN_POINT('',(-76.4000000000208,3.41000000000001,-35.0749999999279));
#12974=CARTESIAN_POINT('',(-74.8999999999999,3.41000000000001,-36.5749999999517));
#12975=CARTESIAN_POINT('Origin',(-74.8999999999966,3.41000000000001,-35.0749999999275));
#12976=CARTESIAN_POINT('',(-61.4499999998898,3.41000000000001,-36.5749999999812));
#12977=CARTESIAN_POINT('',(-18.5875000000001,3.41000000000001,-17.525));
#12978=CARTESIAN_POINT('',(-17.0875,3.41000000000001,-16.025));
#12979=CARTESIAN_POINT('Origin',(-18.5875,3.41000000000001,-16.025));
#12980=CARTESIAN_POINT('',(-17.0875,3.41000000000001,-2.02500000000001));
#12981=CARTESIAN_POINT('',(-17.0875,3.41000000000001,-2.02500000000001));
#12982=CARTESIAN_POINT('',(-18.5875,3.41000000000001,-0.525000000000002));
#12983=CARTESIAN_POINT('Origin',(-18.5875,3.41000000000001,-2.02500000000001));
#12984=CARTESIAN_POINT('',(-32.0375,3.41000000000001,-0.525));
#12985=CARTESIAN_POINT('',(-32.0375,3.41000000000001,-0.524999999999999));
#12986=CARTESIAN_POINT('',(-33.5375,3.41000000000001,-2.025));
#12987=CARTESIAN_POINT('Origin',(-32.0375,3.41000000000001,-2.025));
#12988=CARTESIAN_POINT('',(-33.5375,3.41000000000001,-16.025));
#12989=CARTESIAN_POINT('',(-33.5375,3.41000000000001,-16.025));
#12990=CARTESIAN_POINT('',(-32.0375,3.41000000000001,-17.525));
#12991=CARTESIAN_POINT('Origin',(-32.0375,3.41000000000001,-16.025));
#12992=CARTESIAN_POINT('',(-18.5875000000001,3.41000000000001,-17.525));
#12993=CARTESIAN_POINT('',(-9.06250000000006,3.41000000000001,1.52499999999998));
#12994=CARTESIAN_POINT('',(-7.56250000000004,3.41000000000001,3.02499999999998));
#12995=CARTESIAN_POINT('Origin',(-9.06250000000005,3.41000000000001,3.02499999999999));
#12996=CARTESIAN_POINT('',(-7.56250000000005,3.41000000000001,17.025));
#12997=CARTESIAN_POINT('',(-7.56250000000005,3.41000000000001,17.025));
#12998=CARTESIAN_POINT('',(-9.06250000000009,3.41000000000001,18.525));
#12999=CARTESIAN_POINT('Origin',(-9.06250000000007,3.41000000000001,17.025));
#13000=CARTESIAN_POINT('',(-22.5125,3.41000000000001,18.525));
#13001=CARTESIAN_POINT('',(-22.5125,3.41000000000001,18.525));
#13002=CARTESIAN_POINT('',(-24.0125,3.41000000000001,17.025));
#13003=CARTESIAN_POINT('Origin',(-22.5125,3.41000000000001,17.025));
#13004=CARTESIAN_POINT('',(-24.0124999999958,3.41000000000001,3.02500000000002));
#13005=CARTESIAN_POINT('',(-24.0124999999958,3.41000000000001,3.02500000000002));
#13006=CARTESIAN_POINT('',(-22.5124999999958,3.41000000000001,1.52500000000005));
#13007=CARTESIAN_POINT('Origin',(-22.5124999999958,3.41000000000001,3.02500000000003));
#13008=CARTESIAN_POINT('',(-9.06250000000006,3.41000000000001,1.52499999999998));
#13009=CARTESIAN_POINT('',(-66.2125,3.41000000000001,1.52499999999998));
#13010=CARTESIAN_POINT('',(-64.7125,3.41000000000001,3.02499999999998));
#13011=CARTESIAN_POINT('Origin',(-66.2125,3.41000000000001,3.02499999999999));
#13012=CARTESIAN_POINT('',(-64.7125000000001,3.41000000000001,17.025));
#13013=CARTESIAN_POINT('',(-64.7125000000001,3.41000000000001,17.025));
#13014=CARTESIAN_POINT('',(-66.2125000000001,3.41000000000001,18.525));
#13015=CARTESIAN_POINT('Origin',(-66.2125000000001,3.41000000000001,17.025));
#13016=CARTESIAN_POINT('',(-79.6625,3.41000000000001,18.525));
#13017=CARTESIAN_POINT('',(-79.6625,3.41000000000001,18.525));
#13018=CARTESIAN_POINT('',(-81.1625,3.41000000000001,17.025));
#13019=CARTESIAN_POINT('Origin',(-79.6625,3.41000000000001,17.025));
#13020=CARTESIAN_POINT('',(-81.1624999999958,3.41000000000001,3.02500000000002));
#13021=CARTESIAN_POINT('',(-81.1624999999958,3.41000000000001,3.02500000000002));
#13022=CARTESIAN_POINT('',(-79.6624999999958,3.41000000000001,1.52500000000006));
#13023=CARTESIAN_POINT('Origin',(-79.6624999999958,3.41000000000001,3.02500000000003));
#13024=CARTESIAN_POINT('',(-66.2125,3.41000000000001,1.52499999999998));
#13025=CARTESIAN_POINT('',(42.993788555393,3.41000000000001,28.5613113278953));
#13026=CARTESIAN_POINT('Origin',(45.243788555393,3.41000000000001,28.5613113278953));
#13027=CARTESIAN_POINT('',(90.9500000001102,3.41000000000001,-36.5749999999812));
#13028=CARTESIAN_POINT('',(92.4500000000621,3.41000000000001,-35.0750000000341));
#13029=CARTESIAN_POINT('Origin',(90.9500000001135,3.41000000000001,-35.0750000000326));
#13030=CARTESIAN_POINT('',(92.4500000000759,3.41000000000001,-21.0750000000538));
#13031=CARTESIAN_POINT('',(92.4500000000759,3.41000000000001,-21.0750000000538));
#13032=CARTESIAN_POINT('',(90.9500000000082,3.41000000000001,-19.574999999983));
#13033=CARTESIAN_POINT('Origin',(90.9500000000067,3.41000000000001,-21.0750000000523));
#13034=CARTESIAN_POINT('',(77.499999999865,3.41000000000001,-19.5749999999697));
#13035=CARTESIAN_POINT('',(77.499999999865,3.41000000000001,-19.5749999999697));
#13036=CARTESIAN_POINT('',(75.999999999975,3.41000000000001,-21.0749999998587));
#13037=CARTESIAN_POINT('Origin',(77.4999999998636,3.41000000000001,-21.0749999998583));
#13038=CARTESIAN_POINT('',(75.9999999999792,3.41000000000001,-35.0749999999279));
#13039=CARTESIAN_POINT('',(75.9999999999792,3.41000000000001,-35.0749999999279));
#13040=CARTESIAN_POINT('',(77.5000000000002,3.41000000000001,-36.5749999999517));
#13041=CARTESIAN_POINT('Origin',(77.5000000000034,3.41000000000001,-35.0749999999275));
#13042=CARTESIAN_POINT('',(90.9500000001102,3.41000000000001,-36.5749999999812));
#13043=CARTESIAN_POINT('',(-4.29999999988981,3.41000000000001,-36.5749999999812));
#13044=CARTESIAN_POINT('',(-2.79999999993791,3.41000000000001,-35.0750000000341));
#13045=CARTESIAN_POINT('Origin',(-4.29999999988651,3.41000000000001,-35.0750000000326));
#13046=CARTESIAN_POINT('',(-2.79999999992405,3.41000000000001,-21.0750000000538));
#13047=CARTESIAN_POINT('',(-2.79999999992405,3.41000000000001,-21.0750000000538));
#13048=CARTESIAN_POINT('',(-4.29999999999186,3.41000000000001,-19.574999999983));
#13049=CARTESIAN_POINT('Origin',(-4.29999999999334,3.41000000000001,-21.0750000000523));
#13050=CARTESIAN_POINT('',(-17.750000000135,3.41000000000001,-19.5749999999697));
#13051=CARTESIAN_POINT('',(-17.750000000135,3.41000000000001,-19.5749999999697));
#13052=CARTESIAN_POINT('',(-19.250000000025,3.41000000000001,-21.0749999998587));
#13053=CARTESIAN_POINT('Origin',(-17.7500000001364,3.41000000000001,-21.0749999998583));
#13054=CARTESIAN_POINT('',(-19.2500000000208,3.41000000000001,-35.0749999999279));
#13055=CARTESIAN_POINT('',(-19.2500000000208,3.41000000000001,-35.0749999999279));
#13056=CARTESIAN_POINT('',(-17.7499999999998,3.41000000000001,-36.5749999999517));
#13057=CARTESIAN_POINT('Origin',(-17.7499999999966,3.41000000000001,-35.0749999999275));
#13058=CARTESIAN_POINT('',(-4.29999999988981,3.41000000000001,-36.5749999999812));
#13059=CARTESIAN_POINT('',(33.8000000001102,3.41000000000001,-36.5749999999812));
#13060=CARTESIAN_POINT('',(35.3000000000621,3.41000000000001,-35.0750000000341));
#13061=CARTESIAN_POINT('Origin',(33.8000000001135,3.41000000000001,-35.0750000000326));
#13062=CARTESIAN_POINT('',(35.300000000076,3.41000000000001,-21.0750000000538));
#13063=CARTESIAN_POINT('',(35.300000000076,3.41000000000001,-21.0750000000538));
#13064=CARTESIAN_POINT('',(33.8000000000081,3.41000000000001,-19.574999999983));
#13065=CARTESIAN_POINT('Origin',(33.8000000000067,3.41000000000001,-21.0750000000523));
#13066=CARTESIAN_POINT('',(20.349999999865,3.41000000000001,-19.5749999999697));
#13067=CARTESIAN_POINT('',(20.349999999865,3.41000000000001,-19.5749999999697));
#13068=CARTESIAN_POINT('',(18.849999999975,3.41000000000001,-21.0749999998587));
#13069=CARTESIAN_POINT('Origin',(20.3499999998636,3.41000000000001,-21.0749999998583));
#13070=CARTESIAN_POINT('',(18.8499999999792,3.41000000000001,-35.0749999999279));
#13071=CARTESIAN_POINT('',(18.8499999999792,3.41000000000001,-35.0749999999279));
#13072=CARTESIAN_POINT('',(20.3500000000002,3.41000000000001,-36.5749999999517));
#13073=CARTESIAN_POINT('Origin',(20.3500000000034,3.41000000000001,-35.0749999999275));
#13074=CARTESIAN_POINT('',(33.8000000001102,3.41000000000001,-36.5749999999812));
#13075=CARTESIAN_POINT('',(-28.1125,3.41000000000001,1.52499999999998));
#13076=CARTESIAN_POINT('',(-26.6125,3.41000000000001,3.02499999999998));
#13077=CARTESIAN_POINT('Origin',(-28.1125,3.41000000000001,3.02499999999999));
#13078=CARTESIAN_POINT('',(-26.6125,3.41000000000001,17.025));
#13079=CARTESIAN_POINT('',(-26.6125,3.41000000000001,17.025));
#13080=CARTESIAN_POINT('',(-28.1125000000001,3.41000000000001,18.525));
#13081=CARTESIAN_POINT('Origin',(-28.1125000000001,3.41000000000001,17.025));
#13082=CARTESIAN_POINT('',(-41.5625,3.41000000000001,18.525));
#13083=CARTESIAN_POINT('',(-41.5625,3.41000000000001,18.525));
#13084=CARTESIAN_POINT('',(-43.0625,3.41000000000001,17.025));
#13085=CARTESIAN_POINT('Origin',(-41.5625,3.41000000000001,17.025));
#13086=CARTESIAN_POINT('',(-43.0624999999958,3.41000000000001,3.02500000000002));
#13087=CARTESIAN_POINT('',(-43.0624999999958,3.41000000000001,3.02500000000002));
#13088=CARTESIAN_POINT('',(-41.5624999999958,3.41000000000001,1.52500000000004));
#13089=CARTESIAN_POINT('Origin',(-41.5624999999958,3.41000000000001,3.02500000000003));
#13090=CARTESIAN_POINT('',(-28.1125,3.41000000000001,1.52499999999998));
#13091=CARTESIAN_POINT('',(-42.3999999998898,3.41000000000001,-36.5749999999812));
#13092=CARTESIAN_POINT('',(-40.8999999999379,3.41000000000001,-35.0750000000341));
#13093=CARTESIAN_POINT('Origin',(-42.3999999998865,3.41000000000001,-35.0750000000326));
#13094=CARTESIAN_POINT('',(-40.8999999999241,3.41000000000001,-21.0750000000538));
#13095=CARTESIAN_POINT('',(-40.8999999999241,3.41000000000001,-21.0750000000538));
#13096=CARTESIAN_POINT('',(-42.3999999999919,3.41000000000001,-19.574999999983));
#13097=CARTESIAN_POINT('Origin',(-42.3999999999933,3.41000000000001,-21.0750000000523));
#13098=CARTESIAN_POINT('',(-55.850000000135,3.41000000000001,-19.5749999999697));
#13099=CARTESIAN_POINT('',(-55.850000000135,3.41000000000001,-19.5749999999697));
#13100=CARTESIAN_POINT('',(-57.350000000025,3.41000000000001,-21.0749999998587));
#13101=CARTESIAN_POINT('Origin',(-55.8500000001364,3.41000000000001,-21.0749999998583));
#13102=CARTESIAN_POINT('',(-57.3500000000208,3.41000000000001,-35.0749999999279));
#13103=CARTESIAN_POINT('',(-57.3500000000208,3.41000000000001,-35.0749999999279));
#13104=CARTESIAN_POINT('',(-55.8499999999999,3.41000000000001,-36.5749999999517));
#13105=CARTESIAN_POINT('Origin',(-55.8499999999966,3.41000000000001,-35.0749999999275));
#13106=CARTESIAN_POINT('',(-42.3999999998898,3.41000000000001,-36.5749999999812));
#13107=CARTESIAN_POINT('',(14.7500000001102,3.41000000000001,-36.5749999999812));
#13108=CARTESIAN_POINT('',(16.2500000000621,3.41000000000001,-35.0750000000341));
#13109=CARTESIAN_POINT('Origin',(14.7500000001135,3.41000000000001,-35.0750000000326));
#13110=CARTESIAN_POINT('',(16.2500000000759,3.41000000000001,-21.0750000000538));
#13111=CARTESIAN_POINT('',(16.2500000000759,3.41000000000001,-21.0750000000538));
#13112=CARTESIAN_POINT('',(14.7500000000081,3.41000000000001,-19.574999999983));
#13113=CARTESIAN_POINT('Origin',(14.7500000000067,3.41000000000001,-21.0750000000523));
#13114=CARTESIAN_POINT('',(1.29999999986502,3.41000000000001,-19.5749999999697));
#13115=CARTESIAN_POINT('',(1.29999999986502,3.41000000000001,-19.5749999999697));
#13116=CARTESIAN_POINT('',(-0.200000000025017,3.41000000000001,-21.0749999998587));
#13117=CARTESIAN_POINT('Origin',(1.29999999986356,3.41000000000001,-21.0749999998583));
#13118=CARTESIAN_POINT('',(-0.200000000020814,3.41000000000001,-35.0749999999279));
#13119=CARTESIAN_POINT('',(-0.200000000020814,3.41000000000001,-35.0749999999279));
#13120=CARTESIAN_POINT('',(1.30000000000015,3.41000000000001,-36.5749999999517));
#13121=CARTESIAN_POINT('Origin',(1.30000000000342,3.41000000000001,-35.0749999999275));
#13122=CARTESIAN_POINT('',(14.7500000001102,3.41000000000001,-36.5749999999812));
#13123=CARTESIAN_POINT('',(67.1375,3.41000000000001,1.52499999999998));
#13124=CARTESIAN_POINT('',(68.6375,3.41000000000001,3.02499999999998));
#13125=CARTESIAN_POINT('Origin',(67.1375,3.41000000000001,3.02499999999999));
#13126=CARTESIAN_POINT('',(68.6375,3.41000000000001,17.025));
#13127=CARTESIAN_POINT('',(68.6375,3.41000000000001,17.025));
#13128=CARTESIAN_POINT('',(67.1374999999999,3.41000000000001,18.525));
#13129=CARTESIAN_POINT('Origin',(67.1374999999999,3.41000000000001,17.025));
#13130=CARTESIAN_POINT('',(53.6875,3.41000000000001,18.525));
#13131=CARTESIAN_POINT('',(53.6875,3.41000000000001,18.525));
#13132=CARTESIAN_POINT('',(52.1875,3.41000000000001,17.025));
#13133=CARTESIAN_POINT('Origin',(53.6875,3.41000000000001,17.025));
#13134=CARTESIAN_POINT('',(52.1875000000042,3.41000000000001,3.02500000000002));
#13135=CARTESIAN_POINT('',(52.1875000000042,3.41000000000001,3.02500000000002));
#13136=CARTESIAN_POINT('',(53.6875000000042,3.41000000000001,1.52500000000004));
#13137=CARTESIAN_POINT('Origin',(53.6875000000042,3.41000000000001,3.02500000000003));
#13138=CARTESIAN_POINT('',(67.1375,3.41000000000001,1.52499999999998));
#13139=CARTESIAN_POINT('',(-97.1687500000001,3.41000000000001,-17.525));
#13140=CARTESIAN_POINT('',(-95.66875,3.41000000000001,-16.025));
#13141=CARTESIAN_POINT('Origin',(-97.16875,3.41000000000001,-16.025));
#13142=CARTESIAN_POINT('',(-95.66875,3.41000000000001,-2.02500000000004));
#13143=CARTESIAN_POINT('',(-95.66875,3.41000000000001,-2.02500000000004));
#13144=CARTESIAN_POINT('',(-97.1687500000001,3.41000000000001,-0.524999999999998));
#13145=CARTESIAN_POINT('Origin',(-97.1687500000001,3.41000000000001,-2.02500000000004));
#13146=CARTESIAN_POINT('',(-110.61875,3.41000000000001,-0.525000000000015));
#13147=CARTESIAN_POINT('',(-110.61875,3.41000000000001,-0.525000000000015));
#13148=CARTESIAN_POINT('',(-112.11875,3.41000000000001,-2.02500000000001));
#13149=CARTESIAN_POINT('Origin',(-110.61875,3.41000000000001,-2.02500000000002));
#13150=CARTESIAN_POINT('',(-112.11875,3.41000000000001,-16.025));
#13151=CARTESIAN_POINT('',(-112.11875,3.41000000000001,-16.025));
#13152=CARTESIAN_POINT('',(-110.61875,3.41000000000001,-17.525));
#13153=CARTESIAN_POINT('Origin',(-110.61875,3.41000000000001,-16.025));
#13154=CARTESIAN_POINT('',(-97.1687500000001,3.41000000000001,-17.525));
#13155=CARTESIAN_POINT('',(76.6625,3.41000000000001,-17.525));
#13156=CARTESIAN_POINT('',(78.1625,3.41000000000001,-16.025));
#13157=CARTESIAN_POINT('Origin',(76.6625,3.41000000000001,-16.025));
#13158=CARTESIAN_POINT('',(78.1625,3.41000000000001,-2.02500000000001));
#13159=CARTESIAN_POINT('',(78.1625,3.41000000000001,-2.02500000000001));
#13160=CARTESIAN_POINT('',(76.6625000000001,3.41000000000001,-0.525));
#13161=CARTESIAN_POINT('Origin',(76.6625,3.41000000000001,-2.02500000000001));
#13162=CARTESIAN_POINT('',(63.2125,3.41000000000001,-0.525));
#13163=CARTESIAN_POINT('',(63.2125,3.41000000000001,-0.524999999999999));
#13164=CARTESIAN_POINT('',(61.7125,3.41000000000001,-2.025));
#13165=CARTESIAN_POINT('Origin',(63.2125,3.41000000000001,-2.025));
#13166=CARTESIAN_POINT('',(61.7125,3.41000000000001,-16.025));
#13167=CARTESIAN_POINT('',(61.7125,3.41000000000001,-16.025));
#13168=CARTESIAN_POINT('',(63.2125,3.41000000000001,-17.525));
#13169=CARTESIAN_POINT('Origin',(63.2125,3.41000000000001,-16.025));
#13170=CARTESIAN_POINT('',(76.6625,3.41000000000001,-17.525));
#13171=CARTESIAN_POINT('',(29.0375,3.41000000000001,1.52499999999998));
#13172=CARTESIAN_POINT('',(30.5375,3.41000000000001,3.02499999999998));
#13173=CARTESIAN_POINT('Origin',(29.0375,3.41000000000001,3.02499999999999));
#13174=CARTESIAN_POINT('',(30.5375,3.41000000000001,17.025));
#13175=CARTESIAN_POINT('',(30.5375,3.41000000000001,17.025));
#13176=CARTESIAN_POINT('',(29.0374999999999,3.41000000000001,18.525));
#13177=CARTESIAN_POINT('Origin',(29.0374999999999,3.41000000000001,17.025));
#13178=CARTESIAN_POINT('',(15.5875,3.41000000000001,18.525));
#13179=CARTESIAN_POINT('',(15.5875,3.41000000000001,18.525));
#13180=CARTESIAN_POINT('',(14.0875,3.41000000000001,17.025));
#13181=CARTESIAN_POINT('Origin',(15.5875,3.41000000000001,17.025));
#13182=CARTESIAN_POINT('',(14.0875000000042,3.41000000000001,3.02500000000002));
#13183=CARTESIAN_POINT('',(14.0875000000042,3.41000000000001,3.02500000000002));
#13184=CARTESIAN_POINT('',(15.5875000000042,3.41000000000001,1.52500000000005));
#13185=CARTESIAN_POINT('Origin',(15.5875000000042,3.41000000000001,3.02500000000003));
#13186=CARTESIAN_POINT('',(29.0375,3.41000000000001,1.52499999999998));
#13187=CARTESIAN_POINT('',(-92.4062499998497,3.41000000000001,1.52500000000002));
#13188=CARTESIAN_POINT('',(-90.9062499998498,3.41000000000001,3.02499999999999));
#13189=CARTESIAN_POINT('Origin',(-92.4062499998498,3.41000000000001,3.02499999999999));
#13190=CARTESIAN_POINT('',(-90.9062499998498,3.41000000000001,17.0249999999927));
#13191=CARTESIAN_POINT('',(-90.9062499998498,3.41000000000001,17.0249999999927));
#13192=CARTESIAN_POINT('',(-92.406249999857,3.41000000000001,18.5249999999999));
#13193=CARTESIAN_POINT('Origin',(-92.406249999857,3.41000000000001,17.0249999999927));
#13194=CARTESIAN_POINT('',(-105.856249999862,3.41000000000001,18.525));
#13195=CARTESIAN_POINT('',(-105.856249999862,3.41000000000001,18.525));
#13196=CARTESIAN_POINT('',(-107.356249999862,3.41000000000001,17.025));
#13197=CARTESIAN_POINT('Origin',(-105.856249999862,3.41000000000001,17.025));
#13198=CARTESIAN_POINT('',(-107.356249999862,3.41000000000001,3.02499999999999));
#13199=CARTESIAN_POINT('',(-107.356249999862,3.41000000000001,3.02499999999999));
#13200=CARTESIAN_POINT('',(-105.856249999862,3.41000000000001,1.52499999999999));
#13201=CARTESIAN_POINT('Origin',(-105.856249999862,3.41000000000001,3.02499999999999));
#13202=CARTESIAN_POINT('',(-92.4062499998497,3.41000000000001,1.52500000000002));
#13203=CARTESIAN_POINT('',(52.8500000001102,3.41000000000001,-36.5749999999812));
#13204=CARTESIAN_POINT('',(54.3500000000621,3.41000000000001,-35.0750000000341));
#13205=CARTESIAN_POINT('Origin',(52.8500000001135,3.41000000000001,-35.0750000000326));
#13206=CARTESIAN_POINT('',(54.350000000076,3.41000000000001,-21.0750000000538));
#13207=CARTESIAN_POINT('',(54.350000000076,3.41000000000001,-21.0750000000538));
#13208=CARTESIAN_POINT('',(52.8500000000081,3.41000000000001,-19.574999999983));
#13209=CARTESIAN_POINT('Origin',(52.8500000000067,3.41000000000001,-21.0750000000523));
#13210=CARTESIAN_POINT('',(39.399999999865,3.41000000000001,-19.5749999999697));
#13211=CARTESIAN_POINT('',(39.399999999865,3.41000000000001,-19.5749999999697));
#13212=CARTESIAN_POINT('',(37.899999999975,3.41000000000001,-21.0749999998587));
#13213=CARTESIAN_POINT('Origin',(39.3999999998636,3.41000000000001,-21.0749999998583));
#13214=CARTESIAN_POINT('',(37.8999999999792,3.41000000000001,-35.0749999999279));
#13215=CARTESIAN_POINT('',(37.8999999999792,3.41000000000001,-35.0749999999279));
#13216=CARTESIAN_POINT('',(39.4000000000002,3.41000000000001,-36.5749999999517));
#13217=CARTESIAN_POINT('Origin',(39.4000000000034,3.41000000000001,-35.0749999999275));
#13218=CARTESIAN_POINT('',(52.8500000001102,3.41000000000001,-36.5749999999812));
#13219=CARTESIAN_POINT('',(86.1875,3.41000000000001,1.52499999999998));
#13220=CARTESIAN_POINT('',(87.6875,3.41000000000001,3.02499999999998));
#13221=CARTESIAN_POINT('Origin',(86.1875,3.41000000000001,3.02499999999999));
#13222=CARTESIAN_POINT('',(87.6875,3.41000000000001,17.025));
#13223=CARTESIAN_POINT('',(87.6875,3.41000000000001,17.025));
#13224=CARTESIAN_POINT('',(86.1874999999999,3.41000000000001,18.525));
#13225=CARTESIAN_POINT('Origin',(86.1874999999999,3.41000000000001,17.025));
#13226=CARTESIAN_POINT('',(72.7375,3.41000000000001,18.525));
#13227=CARTESIAN_POINT('',(72.7375,3.41000000000001,18.525));
#13228=CARTESIAN_POINT('',(71.2375,3.41000000000001,17.025));
#13229=CARTESIAN_POINT('Origin',(72.7375,3.41000000000001,17.025));
#13230=CARTESIAN_POINT('',(71.2375000000042,3.41000000000001,3.02500000000002));
#13231=CARTESIAN_POINT('',(71.2375000000042,3.41000000000001,3.02500000000002));
#13232=CARTESIAN_POINT('',(72.7375000000042,3.41000000000001,1.52500000000004));
#13233=CARTESIAN_POINT('Origin',(72.7375000000042,3.41000000000001,3.02500000000003));
#13234=CARTESIAN_POINT('',(86.1875,3.41000000000001,1.52499999999998));
#13235=CARTESIAN_POINT('',(-56.6875000000001,3.41000000000001,-17.525));
#13236=CARTESIAN_POINT('',(-55.1875,3.41000000000001,-16.025));
#13237=CARTESIAN_POINT('Origin',(-56.6875,3.41000000000001,-16.025));
#13238=CARTESIAN_POINT('',(-55.1875,3.41000000000001,-2.02500000000001));
#13239=CARTESIAN_POINT('',(-55.1875,3.41000000000001,-2.02500000000001));
#13240=CARTESIAN_POINT('',(-56.6874999999999,3.41000000000001,-0.525));
#13241=CARTESIAN_POINT('Origin',(-56.6875,3.41000000000001,-2.02500000000001));
#13242=CARTESIAN_POINT('',(-70.1375,3.41000000000001,-0.525));
#13243=CARTESIAN_POINT('',(-70.1375,3.41000000000001,-0.524999999999999));
#13244=CARTESIAN_POINT('',(-71.6375,3.41000000000001,-2.025));
#13245=CARTESIAN_POINT('Origin',(-70.1375,3.41000000000001,-2.025));
#13246=CARTESIAN_POINT('',(-71.6375,3.41000000000001,-16.025));
#13247=CARTESIAN_POINT('',(-71.6375,3.41000000000001,-16.025));
#13248=CARTESIAN_POINT('',(-70.1375,3.41000000000001,-17.525));
#13249=CARTESIAN_POINT('Origin',(-70.1375,3.41000000000001,-16.025));
#13250=CARTESIAN_POINT('',(-56.6875000000001,3.41000000000001,-17.525));
#13251=CARTESIAN_POINT('',(107.61875,3.41000000000001,1.52500000000001));
#13252=CARTESIAN_POINT('',(109.11875,3.41000000000001,3.02500000000001));
#13253=CARTESIAN_POINT('Origin',(107.61875,3.41000000000001,3.02500000000001));
#13254=CARTESIAN_POINT('',(109.11875,3.41000000000001,17.025));
#13255=CARTESIAN_POINT('',(109.11875,3.41000000000001,17.025));
#13256=CARTESIAN_POINT('',(107.61875,3.41000000000001,18.525));
#13257=CARTESIAN_POINT('Origin',(107.61875,3.41000000000001,17.025));
#13258=CARTESIAN_POINT('',(94.16875,3.41000000000001,18.525));
#13259=CARTESIAN_POINT('',(94.16875,3.41000000000001,18.525));
#13260=CARTESIAN_POINT('',(92.66875,3.41000000000001,17.025));
#13261=CARTESIAN_POINT('Origin',(94.16875,3.41000000000001,17.025));
#13262=CARTESIAN_POINT('',(92.66875,3.41000000000001,3.02500000000001));
#13263=CARTESIAN_POINT('',(92.66875,3.41000000000001,3.02500000000001));
#13264=CARTESIAN_POINT('',(94.16875,3.41000000000001,1.52500000000001));
#13265=CARTESIAN_POINT('Origin',(94.16875,3.41000000000001,3.02500000000001));
#13266=CARTESIAN_POINT('',(107.61875,3.41000000000001,1.52500000000001));
#13267=CARTESIAN_POINT('',(-37.6375000000001,3.41000000000001,-17.525));
#13268=CARTESIAN_POINT('',(-36.1375,3.41000000000001,-16.025));
#13269=CARTESIAN_POINT('Origin',(-37.6375,3.41000000000001,-16.025));
#13270=CARTESIAN_POINT('',(-36.1375,3.41000000000001,-2.02500000000001));
#13271=CARTESIAN_POINT('',(-36.1375,3.41000000000001,-2.02500000000001));
#13272=CARTESIAN_POINT('',(-37.6374999999999,3.41000000000001,-0.525));
#13273=CARTESIAN_POINT('Origin',(-37.6375,3.41000000000001,-2.02500000000001));
#13274=CARTESIAN_POINT('',(-51.0875,3.41000000000001,-0.525));
#13275=CARTESIAN_POINT('',(-51.0875,3.41000000000001,-0.524999999999999));
#13276=CARTESIAN_POINT('',(-52.5875,3.41000000000001,-2.025));
#13277=CARTESIAN_POINT('Origin',(-51.0875,3.41000000000001,-2.025));
#13278=CARTESIAN_POINT('',(-52.5875,3.41000000000001,-16.025));
#13279=CARTESIAN_POINT('',(-52.5875,3.41000000000001,-16.025));
#13280=CARTESIAN_POINT('',(-51.0875,3.41000000000001,-17.525));
#13281=CARTESIAN_POINT('Origin',(-51.0875,3.41000000000001,-16.025));
#13282=CARTESIAN_POINT('',(-37.6375000000001,3.41000000000001,-17.525));
#13283=CARTESIAN_POINT('',(-47.1625,3.41000000000001,1.52499999999998));
#13284=CARTESIAN_POINT('',(-45.6625,3.41000000000001,3.02499999999998));
#13285=CARTESIAN_POINT('Origin',(-47.1625,3.41000000000001,3.02499999999999));
#13286=CARTESIAN_POINT('',(-45.6625,3.41000000000001,17.025));
#13287=CARTESIAN_POINT('',(-45.6625,3.41000000000001,17.025));
#13288=CARTESIAN_POINT('',(-47.1625000000001,3.41000000000001,18.525));
#13289=CARTESIAN_POINT('Origin',(-47.1625000000001,3.41000000000001,17.025));
#13290=CARTESIAN_POINT('',(-60.6125,3.41000000000001,18.525));
#13291=CARTESIAN_POINT('',(-60.6125,3.41000000000001,18.525));
#13292=CARTESIAN_POINT('',(-62.1125,3.41000000000001,17.025));
#13293=CARTESIAN_POINT('Origin',(-60.6125,3.41000000000001,17.025));
#13294=CARTESIAN_POINT('',(-62.1124999999958,3.41000000000001,3.02500000000002));
#13295=CARTESIAN_POINT('',(-62.1124999999958,3.41000000000001,3.02500000000002));
#13296=CARTESIAN_POINT('',(-60.6124999999958,3.41000000000001,1.52500000000004));
#13297=CARTESIAN_POINT('Origin',(-60.6124999999958,3.41000000000001,3.02500000000003));
#13298=CARTESIAN_POINT('',(-47.1625,3.41000000000001,1.52499999999998));
#13299=CARTESIAN_POINT('',(-80.4999999998898,3.41000000000001,-36.5749999999812));
#13300=CARTESIAN_POINT('',(-78.9999999999379,3.41000000000001,-35.0750000000341));
#13301=CARTESIAN_POINT('Origin',(-80.4999999998865,3.41000000000001,-35.0750000000326));
#13302=CARTESIAN_POINT('',(-78.9999999999241,3.41000000000001,-21.0750000000538));
#13303=CARTESIAN_POINT('',(-78.9999999999241,3.41000000000001,-21.0750000000538));
#13304=CARTESIAN_POINT('',(-80.4999999999919,3.41000000000001,-19.574999999983));
#13305=CARTESIAN_POINT('Origin',(-80.4999999999934,3.41000000000001,-21.0750000000523));
#13306=CARTESIAN_POINT('',(-93.950000000135,3.41000000000001,-19.5749999999697));
#13307=CARTESIAN_POINT('',(-93.950000000135,3.41000000000001,-19.5749999999697));
#13308=CARTESIAN_POINT('',(-95.450000000025,3.41000000000001,-21.0749999998587));
#13309=CARTESIAN_POINT('Origin',(-93.9500000001365,3.41000000000001,-21.0749999998583));
#13310=CARTESIAN_POINT('',(-95.4500000000208,3.41000000000001,-35.0749999999279));
#13311=CARTESIAN_POINT('',(-95.4500000000208,3.41000000000001,-35.0749999999279));
#13312=CARTESIAN_POINT('',(-93.9499999999999,3.41000000000001,-36.5749999999517));
#13313=CARTESIAN_POINT('Origin',(-93.9499999999966,3.41000000000001,-35.0749999999275));
#13314=CARTESIAN_POINT('',(-80.4999999998898,3.41000000000001,-36.5749999999812));
#13315=CARTESIAN_POINT('Origin',(14.6188716804058,1.11000000000001,37.2999997724688));
#13316=CARTESIAN_POINT('',(15.2195089131779,1.11000000000001,37.9006370055624));
#13317=CARTESIAN_POINT('',(15.2195089131779,1.11000000000001,37.9006370055624));
#13318=CARTESIAN_POINT('',(12.646759267273,1.11000000000001,35.3278901898857));
#13319=CARTESIAN_POINT('',(12.646759267273,1.11000000000001,35.3278901898857));
#13320=CARTESIAN_POINT('',(12.646759267273,1.11000000000001,35.3278901898857));
#13321=CARTESIAN_POINT('Origin',(1.50279788613261E-11,1.11,-2.27539747044148E-7));
#13322=CARTESIAN_POINT('',(15.6404584189657,1.11000000000001,38.075));
#13323=CARTESIAN_POINT('Origin',(15.6404584189657,1.11,37.4796875));
#13324=CARTESIAN_POINT('',(19.5125,1.11000000000001,38.075));
#13325=CARTESIAN_POINT('',(7.69693595376857,1.11000000000001,38.075));
#13326=CARTESIAN_POINT('',(21.0125,1.11000000000001,36.575));
#13327=CARTESIAN_POINT('Origin',(19.5125,1.11,36.575));
#13328=CARTESIAN_POINT('',(21.0125,1.11000000000001,22.075));
#13329=CARTESIAN_POINT('',(21.0125,1.11000000000001,22.075));
#13330=CARTESIAN_POINT('',(19.5125,1.11000000000001,20.575));
#13331=CARTESIAN_POINT('Origin',(19.5125,1.11000000000001,22.075));
#13332=CARTESIAN_POINT('',(12.0828125,1.11000000000001,20.575));
#13333=CARTESIAN_POINT('',(19.5125,1.11000000000001,20.575));
#13334=CARTESIAN_POINT('',(11.4875,1.11000000000001,19.9796875));
#13335=CARTESIAN_POINT('Origin',(12.0828125,1.11000000000001,19.9796875));
#13336=CARTESIAN_POINT('',(11.4875,1.11000000000001,3.02499999999998));
#13337=CARTESIAN_POINT('',(11.4875,1.11000000000001,17.025));
#13338=CARTESIAN_POINT('',(9.98749999999996,1.11000000000001,1.52499999999998));
#13339=CARTESIAN_POINT('Origin',(9.98749999999996,1.11000000000001,3.02499999999999));
#13340=CARTESIAN_POINT('',(-3.46249999999583,1.11000000000001,1.52500000000005));
#13341=CARTESIAN_POINT('',(9.98749999999996,1.11000000000001,1.52499999999998));
#13342=CARTESIAN_POINT('',(-4.96249999999577,1.11000000000001,3.02500000000002));
#13343=CARTESIAN_POINT('Origin',(-3.46249999999578,1.11000000000001,3.02500000000003));
#13344=CARTESIAN_POINT('',(-4.96249999999999,1.11000000000001,19.9796875000001));
#13345=CARTESIAN_POINT('',(-4.96249999999577,1.11000000000001,3.02500000000002));
#13346=CARTESIAN_POINT('',(-5.55781249999999,1.11000000000001,20.5750000000001));
#13347=CARTESIAN_POINT('Origin',(-5.55781249999999,1.11000000000001,19.9796875000001));
#13348=CARTESIAN_POINT('',(-22.5125000000015,1.11000000000001,20.5750000000002));
#13349=CARTESIAN_POINT('',(-5.55781249999999,1.11000000000001,20.5750000000001));
#13350=CARTESIAN_POINT('',(-24.0125000000015,1.11000000000001,22.0749999999998));
#13351=CARTESIAN_POINT('Origin',(-22.5125000000015,1.11000000000001,22.0750000000002));
#13352=CARTESIAN_POINT('',(-24.0125000000059,1.11000000000001,36.5749999999995));
#13353=CARTESIAN_POINT('',(-24.0125000000015,1.11000000000001,22.0749999999998));
#13354=CARTESIAN_POINT('',(-22.5125000000059,1.11000000000001,38.075));
#13355=CARTESIAN_POINT('Origin',(-22.5125000000059,1.11,36.575));
#13356=CARTESIAN_POINT('',(-10.8779575891461,1.11000000000001,38.075));
#13357=CARTESIAN_POINT('',(-11.2562499999954,1.11000000000001,38.075));
#13358=CARTESIAN_POINT('',(-10.4570080835837,1.11000000000001,37.9006370057878));
#13359=CARTESIAN_POINT('Origin',(-10.8779575891461,1.11,37.4796875));
#13360=CARTESIAN_POINT('',(-7.8842884886543,1.11000000000001,35.3279174122357));
#13361=CARTESIAN_POINT('',(-9.85637084996956,1.11000000000001,37.2999997724952));
#13362=CARTESIAN_POINT('',(-6.89646913782445,1.11000000000001,34.9187497731964));
#13363=CARTESIAN_POINT('Origin',(-6.89658341637998,1.11000000000001,36.3154626904953));
#13364=CARTESIAN_POINT('',(-5.953075,1.11000000000001,34.9187497731607));
#13365=CARTESIAN_POINT('',(-6.89646913782445,1.11000000000001,34.9187497731964));
#13366=CARTESIAN_POINT('',(-5.953075,1.11000000000001,35.9187497726033));
#13367=CARTESIAN_POINT('',(-5.953075,1.11000000000001,20.1499997726266));
#13368=CARTESIAN_POINT('',(-6.89652646554392,1.11000000000001,35.9187497726091));
#13369=CARTESIAN_POINT('',(-3.44826323265426,1.11000000000001,35.9187497725879));
#13370=CARTESIAN_POINT('',(-7.17714162762693,1.11000000000001,36.0349841127695));
#13371=CARTESIAN_POINT('Origin',(-6.89658341637998,1.11,36.3154626904953));
#13372=CARTESIAN_POINT('',(-9.26733213231033,1.11000000000001,38.1251746179936));
#13373=CARTESIAN_POINT('',(2.58079461136365,1.11000000000001,26.2770478702761));
#13374=CARTESIAN_POINT('',(-9.68938479266804,1.11000000000001,38.2999997724953));
#13375=CARTESIAN_POINT('Origin',(-9.68941563903996,1.11,37.7030653067953));
#13376=CARTESIAN_POINT('',(-112.712500006509,1.11000000000001,38.2999997724643));
#13377=CARTESIAN_POINT('',(-9.68938479266804,1.11000000000001,38.2999997724953));
#13378=CARTESIAN_POINT('',(-114.5,1.11000000000001,36.5124997724953));
#13379=CARTESIAN_POINT('Origin',(-112.712499948331,1.11000000000001,36.5124997207953));
#13380=CARTESIAN_POINT('',(-114.500000000025,1.11000000000001,-21.0749999998587));
#13381=CARTESIAN_POINT('',(-114.499999999931,1.10999999999999,-36.5125002340056));
#13382=CARTESIAN_POINT('',(-113.000000000135,1.11000000000001,-19.5749999999697));
#13383=CARTESIAN_POINT('Origin',(-113.000000000136,1.11,-21.0749999998583));
#13384=CARTESIAN_POINT('',(-99.5499999999919,1.11000000000001,-19.574999999983));
#13385=CARTESIAN_POINT('',(-113.000000000135,1.11000000000001,-19.5749999999697));
#13386=CARTESIAN_POINT('',(-98.0499999999241,1.11000000000001,-21.0750000000538));
#13387=CARTESIAN_POINT('Origin',(-99.5499999999933,1.11000000000001,-21.0750000000523));
#13388=CARTESIAN_POINT('',(-98.0499999999379,1.11000000000001,-35.0750000000341));
#13389=CARTESIAN_POINT('',(-98.0499999999241,1.11000000000001,-21.0750000000538));
#13390=CARTESIAN_POINT('',(-99.5499999998898,1.11000000000001,-36.5749999999812));
#13391=CARTESIAN_POINT('Origin',(-99.5499999998865,1.11000000000001,-35.0750000000326));
#13392=CARTESIAN_POINT('',(-113.,1.11000000000001,-36.5749999999517));
#13393=CARTESIAN_POINT('',(-99.5499999998898,1.11000000000001,-36.5749999999812));
#13394=CARTESIAN_POINT('',(-114.500000000021,1.11000000000001,-35.0749999999279));
#13395=CARTESIAN_POINT('Origin',(-112.999999999997,1.11,-35.0749999999275));
#13396=CARTESIAN_POINT('',(-114.499999999931,1.10999999999999,-36.5125002340056));
#13397=CARTESIAN_POINT('',(-114.499999999931,1.10999999999999,-36.5125002340056));
#13398=CARTESIAN_POINT('',(-112.7125,1.10999999999999,-38.3000002275048));
#13399=CARTESIAN_POINT('Origin',(-112.712499948331,1.10999999999999,-36.5125001759048));
#13400=CARTESIAN_POINT('',(112.71250000651,1.10999999999999,-38.3000002275747));
#13401=CARTESIAN_POINT('',(112.71250000651,1.10999999999999,-38.3000002275747));
#13402=CARTESIAN_POINT('',(114.5,1.10999999999999,-36.5125002275048));
#13403=CARTESIAN_POINT('Origin',(112.71249994833,1.10999999999999,-36.5125001759048));
#13404=CARTESIAN_POINT('',(114.50000000003,1.11000000000001,36.5124997790087));
#13405=CARTESIAN_POINT('',(114.50000000003,1.11000000000001,36.5124997790087));
#13406=CARTESIAN_POINT('',(112.7125,1.11000000000001,38.2999997724953));
#13407=CARTESIAN_POINT('Origin',(112.71249994833,1.11000000000001,36.5124997207953));
#13408=CARTESIAN_POINT('',(14.4518932275131,1.11000000000001,38.2999997724818));
#13409=CARTESIAN_POINT('',(-9.68938479266804,1.11000000000001,38.2999997724953));
#13410=CARTESIAN_POINT('',(14.0298377452519,1.11000000000001,38.1251792302217));
#13411=CARTESIAN_POINT('Origin',(14.45188956419,1.11,37.7031306712952));
#13412=CARTESIAN_POINT('',(11.9396476831881,1.11000000000001,36.0349921681413));
#13413=CARTESIAN_POINT('',(-0.0540166206685322,1.11000000000001,24.0413450784102));
#13414=CARTESIAN_POINT('',(11.6590169999995,1.11000000000001,35.9187497724847));
#13415=CARTESIAN_POINT('Origin',(11.65901641077,1.11,36.3156196282953));
#13416=CARTESIAN_POINT('',(10.715675,1.11000000000001,35.918749772501));
#13417=CARTESIAN_POINT('',(-3.44826323265426,1.11000000000001,35.9187497725879));
#13418=CARTESIAN_POINT('',(10.715675,1.11000000000001,34.9187497725309));
#13419=CARTESIAN_POINT('',(10.715675,1.11000000000001,20.1499997726266));
#13420=CARTESIAN_POINT('',(11.6590170000023,1.11000000000001,34.9187497724844));
#13421=CARTESIAN_POINT('',(-6.89646913782445,1.11000000000001,34.9187497731964));
#13422=CARTESIAN_POINT('Origin',(11.65901641077,1.11000000000001,36.3156196282953));
#13423=CARTESIAN_POINT('',(87.90625,1.11000000000001,-2.025));
#13424=CARTESIAN_POINT('',(87.90625,1.11000000000001,-16.025));
#13425=CARTESIAN_POINT('',(89.40625,1.11000000000001,-0.524999999999998));
#13426=CARTESIAN_POINT('Origin',(89.40625,1.11000000000001,-2.025));
#13427=CARTESIAN_POINT('',(102.85625,1.11000000000001,-0.524999999999998));
#13428=CARTESIAN_POINT('',(89.40625,1.11000000000001,-0.524999999999998));
#13429=CARTESIAN_POINT('',(104.35625,1.11000000000001,-2.025));
#13430=CARTESIAN_POINT('Origin',(102.85625,1.11000000000001,-2.025));
#13431=CARTESIAN_POINT('',(104.35625,1.11000000000001,-16.025));
#13432=CARTESIAN_POINT('',(104.35625,1.11000000000001,-2.025));
#13433=CARTESIAN_POINT('',(102.85625,1.11000000000001,-17.525));
#13434=CARTESIAN_POINT('Origin',(102.85625,1.11000000000001,-16.025));
#13435=CARTESIAN_POINT('',(89.40625,1.11000000000001,-17.525));
#13436=CARTESIAN_POINT('',(102.85625,1.11000000000001,-17.525));
#13437=CARTESIAN_POINT('Origin',(89.40625,1.11000000000001,-16.025));
#13438=CARTESIAN_POINT('',(39.778167555393,1.11000000000001,38.075));
#13439=CARTESIAN_POINT('',(41.278167555393,1.11000000000001,36.575));
#13440=CARTESIAN_POINT('Origin',(39.778167555393,1.11,36.575));
#13441=CARTESIAN_POINT('',(41.278167555393,1.11000000000001,22.075));
#13442=CARTESIAN_POINT('',(41.278167555393,1.11000000000001,36.575));
#13443=CARTESIAN_POINT('',(39.778167555393,1.11000000000001,20.575));
#13444=CARTESIAN_POINT('Origin',(39.778167555393,1.11000000000001,22.075));
#13445=CARTESIAN_POINT('',(25.1125,1.11000000000001,20.575));
#13446=CARTESIAN_POINT('',(39.778167555393,1.11000000000001,20.575));
#13447=CARTESIAN_POINT('',(23.6125,1.11000000000001,22.075));
#13448=CARTESIAN_POINT('Origin',(25.1125,1.11000000000001,22.075));
#13449=CARTESIAN_POINT('',(23.6125,1.11000000000001,36.5750000000001));
#13450=CARTESIAN_POINT('',(23.6125,1.11000000000001,22.075));
#13451=CARTESIAN_POINT('',(25.1125,1.11000000000001,38.075));
#13452=CARTESIAN_POINT('Origin',(25.1125,1.11,36.5750000000001));
#13453=CARTESIAN_POINT('',(12.5562500000076,1.11000000000001,38.0750000000001));
#13454=CARTESIAN_POINT('',(-36.512461444607,1.11000000000001,36.575));
#13455=CARTESIAN_POINT('',(-35.012461444607,1.11000000000001,38.075));
#13456=CARTESIAN_POINT('Origin',(-35.012461444607,1.11,36.575));
#13457=CARTESIAN_POINT('',(-28.1125,1.11000000000001,38.075));
#13458=CARTESIAN_POINT('',(-17.506230722296,1.11000000000001,38.075));
#13459=CARTESIAN_POINT('',(-26.6125,1.11000000000001,36.575));
#13460=CARTESIAN_POINT('Origin',(-28.1125,1.11,36.575));
#13461=CARTESIAN_POINT('',(-26.6125,1.11000000000001,22.0750000000002));
#13462=CARTESIAN_POINT('',(-26.6125,1.11000000000001,22.0750000000002));
#13463=CARTESIAN_POINT('',(-28.1125,1.11000000000001,20.5750000000002));
#13464=CARTESIAN_POINT('Origin',(-28.1125,1.11000000000001,22.0750000000002));
#13465=CARTESIAN_POINT('',(-35.012461444607,1.11000000000001,20.575));
#13466=CARTESIAN_POINT('',(-28.1125,1.11000000000001,20.5750000000002));
#13467=CARTESIAN_POINT('',(-36.512461444607,1.11000000000001,22.075));
#13468=CARTESIAN_POINT('Origin',(-35.012461444607,1.11000000000001,22.075));
#13469=CARTESIAN_POINT('',(-36.512461444607,1.11000000000001,22.075));
#13470=CARTESIAN_POINT('',(-52.8062500001861,1.11000000000001,36.0749999999999));
#13471=CARTESIAN_POINT('',(-53.4405851935671,1.11000000000001,37.2999997724821));
#13472=CARTESIAN_POINT('Origin',(-54.3062500001861,1.11000000000001,36.0749999999999));
#13473=CARTESIAN_POINT('',(-52.8062500001861,1.11000000000001,22.0749999999999));
#13474=CARTESIAN_POINT('',(-52.8062500001861,1.11000000000001,36.0749999999999));
#13475=CARTESIAN_POINT('',(-54.306250000186,1.11000000000001,20.5749999999999));
#13476=CARTESIAN_POINT('Origin',(-54.306250000186,1.11000000000001,22.0749999999999));
#13477=CARTESIAN_POINT('',(-67.7562500001861,1.11000000000001,20.5749999999999));
#13478=CARTESIAN_POINT('',(-54.306250000186,1.11000000000001,20.5749999999999));
#13479=CARTESIAN_POINT('',(-69.2562500001861,1.11000000000001,22.075));
#13480=CARTESIAN_POINT('Origin',(-67.7562500001861,1.11000000000001,22.075));
#13481=CARTESIAN_POINT('',(-69.2562500001861,1.11000000000001,36.075));
#13482=CARTESIAN_POINT('',(-69.2562500001861,1.11000000000001,22.075));
#13483=CARTESIAN_POINT('',(-68.6219148068115,1.11000000000001,37.2999997724775));
#13484=CARTESIAN_POINT('Origin',(-67.7562500001861,1.11000000000001,36.075));
#13485=CARTESIAN_POINT('',(-112.712499973962,1.11000000000001,37.2999997724643));
#13486=CARTESIAN_POINT('',(-74.2375000001861,1.11000000000001,36.0749999999999));
#13487=CARTESIAN_POINT('',(-74.871835193558,1.11000000000001,37.2999997724757));
#13488=CARTESIAN_POINT('Origin',(-75.7375000001861,1.11000000000001,36.0749999999999));
#13489=CARTESIAN_POINT('',(-74.2375000001861,1.11000000000001,22.0749999999999));
#13490=CARTESIAN_POINT('',(-74.2375000001861,1.11000000000001,36.0749999999999));
#13491=CARTESIAN_POINT('',(-75.737500000186,1.11000000000001,20.5749999999999));
#13492=CARTESIAN_POINT('Origin',(-75.737500000186,1.11000000000001,22.0749999999999));
#13493=CARTESIAN_POINT('',(-89.187500000186,1.11000000000001,20.575));
#13494=CARTESIAN_POINT('',(-75.737500000186,1.11000000000001,20.5749999999999));
#13495=CARTESIAN_POINT('',(-90.6875000001861,1.11000000000001,22.075));
#13496=CARTESIAN_POINT('Origin',(-89.1875000001861,1.11000000000001,22.075));
#13497=CARTESIAN_POINT('',(-90.6875000001861,1.11000000000001,36.075));
#13498=CARTESIAN_POINT('',(-90.6875000001861,1.11000000000001,22.075));
#13499=CARTESIAN_POINT('',(-90.0531648068206,1.11000000000001,37.2999997724711));
#13500=CARTESIAN_POINT('Origin',(-89.1875000001861,1.11000000000001,36.075));
#13501=CARTESIAN_POINT('',(-112.712499973962,1.11000000000001,37.2999997724643));
#13502=CARTESIAN_POINT('',(-95.6687500001861,1.11000000000001,36.0749999999999));
#13503=CARTESIAN_POINT('',(-96.3030851935489,1.11000000000001,37.2999997724692));
#13504=CARTESIAN_POINT('Origin',(-97.1687500001861,1.11000000000001,36.0749999999999));
#13505=CARTESIAN_POINT('',(-95.6687500001861,1.11000000000001,22.0749999999999));
#13506=CARTESIAN_POINT('',(-95.6687500001861,1.11000000000001,36.0749999999999));
#13507=CARTESIAN_POINT('',(-97.1687500001861,1.11000000000001,20.5749999999999));
#13508=CARTESIAN_POINT('Origin',(-97.1687500001861,1.11000000000001,22.0749999999999));
#13509=CARTESIAN_POINT('',(-110.618750000186,1.11000000000001,20.5749999999999));
#13510=CARTESIAN_POINT('',(-97.1687500001861,1.11000000000001,20.5749999999999));
#13511=CARTESIAN_POINT('',(-112.118750000186,1.11000000000001,22.075));
#13512=CARTESIAN_POINT('Origin',(-110.618750000186,1.11000000000001,22.075));
#13513=CARTESIAN_POINT('',(-112.118750000186,1.11000000000001,36.075));
#13514=CARTESIAN_POINT('',(-112.118750000186,1.11000000000001,22.075));
#13515=CARTESIAN_POINT('',(-111.48441480683,1.11000000000001,37.2999997724647));
#13516=CARTESIAN_POINT('Origin',(-110.618750000186,1.11000000000001,36.075));
#13517=CARTESIAN_POINT('',(-112.712499973962,1.11000000000001,37.2999997724643));
#13518=CARTESIAN_POINT('',(109.11875,1.11000000000001,36.0749999999999));
#13519=CARTESIAN_POINT('',(108.484414806602,1.11000000000001,37.2999997724941));
#13520=CARTESIAN_POINT('Origin',(107.61875,1.11000000000001,36.0749999999999));
#13521=CARTESIAN_POINT('',(109.11875,1.11000000000001,22.0749999999999));
#13522=CARTESIAN_POINT('',(109.11875,1.11000000000001,36.0749999999999));
#13523=CARTESIAN_POINT('',(107.61875,1.11000000000001,20.5749999999999));
#13524=CARTESIAN_POINT('Origin',(107.61875,1.11000000000001,22.0749999999999));
#13525=CARTESIAN_POINT('',(94.1687500000001,1.11000000000001,20.5749999999999));
#13526=CARTESIAN_POINT('',(107.61875,1.11000000000001,20.5749999999999));
#13527=CARTESIAN_POINT('',(92.6687500000001,1.11000000000001,22.0749999999999));
#13528=CARTESIAN_POINT('Origin',(94.1687500000001,1.11000000000001,22.0749999999999));
#13529=CARTESIAN_POINT('',(92.6687500000001,1.11000000000001,36.0749999999999));
#13530=CARTESIAN_POINT('',(92.6687500000001,1.11000000000001,22.0749999999999));
#13531=CARTESIAN_POINT('',(93.3030851933924,1.11000000000001,37.29999977249));
#13532=CARTESIAN_POINT('Origin',(94.1687500000001,1.11000000000001,36.0749999999999));
#13533=CARTESIAN_POINT('',(14.6188716804058,1.11000000000001,37.2999997724688));
#13534=CARTESIAN_POINT('',(87.6875000000001,1.11000000000001,36.0749999999999));
#13535=CARTESIAN_POINT('',(87.0531648066101,1.11000000000001,37.2999997724883));
#13536=CARTESIAN_POINT('Origin',(86.1875000000001,1.11000000000001,36.0749999999999));
#13537=CARTESIAN_POINT('',(87.6875000000001,1.11000000000001,22.0749999999999));
#13538=CARTESIAN_POINT('',(87.6875000000001,1.11000000000001,36.0749999999999));
#13539=CARTESIAN_POINT('',(86.1875000000001,1.11000000000001,20.5749999999999));
#13540=CARTESIAN_POINT('Origin',(86.1875000000001,1.11000000000001,22.0749999999999));
#13541=CARTESIAN_POINT('',(72.7375000000001,1.11000000000001,20.5749999999999));
#13542=CARTESIAN_POINT('',(86.1875000000001,1.11000000000001,20.5749999999999));
#13543=CARTESIAN_POINT('',(71.2375000000001,1.11000000000001,22.0749999999999));
#13544=CARTESIAN_POINT('Origin',(72.7375000000001,1.11000000000001,22.0749999999999));
#13545=CARTESIAN_POINT('',(71.2375000000001,1.11000000000001,36.0749999999999));
#13546=CARTESIAN_POINT('',(71.2375000000001,1.11000000000001,22.0749999999999));
#13547=CARTESIAN_POINT('',(71.8718351933842,1.11000000000001,37.2999997724842));
#13548=CARTESIAN_POINT('Origin',(72.7375000000001,1.11000000000001,36.0749999999999));
#13549=CARTESIAN_POINT('',(14.6188716804058,1.11000000000001,37.2999997724688));
#13550=CARTESIAN_POINT('',(66.2562500000001,1.11000000000001,36.0749999999999));
#13551=CARTESIAN_POINT('',(65.6219148066183,1.11000000000001,37.2999997724826));
#13552=CARTESIAN_POINT('Origin',(64.7562500000001,1.11000000000001,36.0749999999999));
#13553=CARTESIAN_POINT('',(66.2562500000001,1.11000000000001,22.0749999999999));
#13554=CARTESIAN_POINT('',(66.2562500000001,1.11000000000001,36.0749999999999));
#13555=CARTESIAN_POINT('',(64.7562500000001,1.11000000000001,20.5749999999999));
#13556=CARTESIAN_POINT('Origin',(64.7562500000001,1.11000000000001,22.0749999999999));
#13557=CARTESIAN_POINT('',(51.3062500000001,1.11000000000001,20.5749999999999));
#13558=CARTESIAN_POINT('',(64.7562500000001,1.11000000000001,20.5749999999999));
#13559=CARTESIAN_POINT('',(49.8062500000001,1.11000000000001,22.0749999999999));
#13560=CARTESIAN_POINT('Origin',(51.3062500000001,1.11000000000001,22.0749999999999));
#13561=CARTESIAN_POINT('',(49.8062500000001,1.11000000000001,36.0749999999999));
#13562=CARTESIAN_POINT('',(49.8062500000001,1.11000000000001,22.0749999999999));
#13563=CARTESIAN_POINT('',(50.440585193376,1.11000000000001,37.2999997724785));
#13564=CARTESIAN_POINT('Origin',(51.3062500000001,1.11000000000001,36.0749999999999));
#13565=CARTESIAN_POINT('',(14.6188716804058,1.11000000000001,37.2999997724688));
#13566=CARTESIAN_POINT('',(-78.9999999999379,1.11000000000001,-35.0750000000341));
#13567=CARTESIAN_POINT('',(-80.4999999998898,1.11000000000001,-36.5749999999812));
#13568=CARTESIAN_POINT('Origin',(-80.4999999998865,1.11000000000001,-35.0750000000326));
#13569=CARTESIAN_POINT('',(-93.9499999999999,1.11000000000001,-36.5749999999517));
#13570=CARTESIAN_POINT('',(-80.4999999998898,1.11000000000001,-36.5749999999812));
#13571=CARTESIAN_POINT('',(-95.4500000000208,1.11000000000001,-35.0749999999279));
#13572=CARTESIAN_POINT('Origin',(-93.9499999999966,1.11000000000001,-35.0749999999275));
#13573=CARTESIAN_POINT('',(-95.450000000025,1.11000000000001,-21.0749999998587));
#13574=CARTESIAN_POINT('',(-95.4500000000208,1.11000000000001,-35.0749999999279));
#13575=CARTESIAN_POINT('',(-93.950000000135,1.11000000000001,-19.5749999999697));
#13576=CARTESIAN_POINT('Origin',(-93.9500000001365,1.11000000000001,-21.0749999998583));
#13577=CARTESIAN_POINT('',(-80.4999999999919,1.11000000000001,-19.574999999983));
#13578=CARTESIAN_POINT('',(-93.950000000135,1.11000000000001,-19.5749999999697));
#13579=CARTESIAN_POINT('',(-78.9999999999241,1.11000000000001,-21.0750000000538));
#13580=CARTESIAN_POINT('Origin',(-80.4999999999934,1.11000000000001,-21.0750000000523));
#13581=CARTESIAN_POINT('',(-78.9999999999241,1.11000000000001,-21.0750000000538));
#13582=CARTESIAN_POINT('',(-45.6625,1.11000000000001,3.02499999999998));
#13583=CARTESIAN_POINT('',(-47.1625,1.11000000000001,1.52499999999998));
#13584=CARTESIAN_POINT('Origin',(-47.1625,1.11000000000001,3.02499999999999));
#13585=CARTESIAN_POINT('',(-60.6124999999958,1.11000000000001,1.52500000000004));
#13586=CARTESIAN_POINT('',(-47.1625,1.11000000000001,1.52499999999998));
#13587=CARTESIAN_POINT('',(-62.1124999999958,1.11000000000001,3.02500000000002));
#13588=CARTESIAN_POINT('Origin',(-60.6124999999958,1.11000000000001,3.02500000000003));
#13589=CARTESIAN_POINT('',(-62.1125,1.11000000000001,17.025));
#13590=CARTESIAN_POINT('',(-62.1124999999958,1.11000000000001,3.02500000000002));
#13591=CARTESIAN_POINT('',(-60.6125,1.11000000000001,18.525));
#13592=CARTESIAN_POINT('Origin',(-60.6125,1.11000000000001,17.025));
#13593=CARTESIAN_POINT('',(-47.1625000000001,1.11000000000001,18.525));
#13594=CARTESIAN_POINT('',(-60.6125,1.11000000000001,18.525));
#13595=CARTESIAN_POINT('',(-45.6625,1.11000000000001,17.025));
#13596=CARTESIAN_POINT('Origin',(-47.1625000000001,1.11000000000001,17.025));
#13597=CARTESIAN_POINT('',(-45.6625,1.11000000000001,17.025));
#13598=CARTESIAN_POINT('',(-36.1375,1.11000000000001,-16.025));
#13599=CARTESIAN_POINT('',(-37.6375000000001,1.11000000000001,-17.525));
#13600=CARTESIAN_POINT('Origin',(-37.6375,1.11000000000001,-16.025));
#13601=CARTESIAN_POINT('',(-51.0875,1.11000000000001,-17.525));
#13602=CARTESIAN_POINT('',(-37.6375000000001,1.11000000000001,-17.525));
#13603=CARTESIAN_POINT('',(-52.5875,1.11000000000001,-16.025));
#13604=CARTESIAN_POINT('Origin',(-51.0875,1.11000000000001,-16.025));
#13605=CARTESIAN_POINT('',(-52.5875,1.11000000000001,-2.025));
#13606=CARTESIAN_POINT('',(-52.5875,1.11000000000001,-16.025));
#13607=CARTESIAN_POINT('',(-51.0875,1.11000000000001,-0.524999999999999));
#13608=CARTESIAN_POINT('Origin',(-51.0875,1.11000000000001,-2.025));
#13609=CARTESIAN_POINT('',(-37.6374999999999,1.11000000000001,-0.524999999999999));
#13610=CARTESIAN_POINT('',(-51.0875,1.11000000000001,-0.524999999999999));
#13611=CARTESIAN_POINT('',(-36.1375,1.11000000000001,-2.02500000000001));
#13612=CARTESIAN_POINT('Origin',(-37.6375,1.11000000000001,-2.02500000000001));
#13613=CARTESIAN_POINT('',(-36.1375,1.11000000000001,-2.02500000000001));
#13614=CARTESIAN_POINT('',(109.11875,1.11000000000001,3.02500000000001));
#13615=CARTESIAN_POINT('',(107.61875,1.11000000000001,1.52500000000001));
#13616=CARTESIAN_POINT('Origin',(107.61875,1.11000000000001,3.02500000000001));
#13617=CARTESIAN_POINT('',(94.16875,1.11000000000001,1.52500000000001));
#13618=CARTESIAN_POINT('',(107.61875,1.11000000000001,1.52500000000001));
#13619=CARTESIAN_POINT('',(92.66875,1.11000000000001,3.02500000000001));
#13620=CARTESIAN_POINT('Origin',(94.16875,1.11000000000001,3.02500000000001));
#13621=CARTESIAN_POINT('',(92.66875,1.11000000000001,17.025));
#13622=CARTESIAN_POINT('',(92.66875,1.11000000000001,3.02500000000001));
#13623=CARTESIAN_POINT('',(94.16875,1.11000000000001,18.525));
#13624=CARTESIAN_POINT('Origin',(94.16875,1.11000000000001,17.025));
#13625=CARTESIAN_POINT('',(107.61875,1.11000000000001,18.525));
#13626=CARTESIAN_POINT('',(94.16875,1.11000000000001,18.525));
#13627=CARTESIAN_POINT('',(109.11875,1.11000000000001,17.025));
#13628=CARTESIAN_POINT('Origin',(107.61875,1.11000000000001,17.025));
#13629=CARTESIAN_POINT('',(109.11875,1.11000000000001,17.025));
#13630=CARTESIAN_POINT('',(-55.1875,1.11000000000001,-16.025));
#13631=CARTESIAN_POINT('',(-56.6875000000001,1.11000000000001,-17.525));
#13632=CARTESIAN_POINT('Origin',(-56.6875,1.11000000000001,-16.025));
#13633=CARTESIAN_POINT('',(-70.1375,1.11000000000001,-17.525));
#13634=CARTESIAN_POINT('',(-56.6875000000001,1.11000000000001,-17.525));
#13635=CARTESIAN_POINT('',(-71.6375,1.11000000000001,-16.025));
#13636=CARTESIAN_POINT('Origin',(-70.1375,1.11000000000001,-16.025));
#13637=CARTESIAN_POINT('',(-71.6375,1.11000000000001,-2.025));
#13638=CARTESIAN_POINT('',(-71.6375,1.11000000000001,-16.025));
#13639=CARTESIAN_POINT('',(-70.1375,1.11000000000001,-0.524999999999999));
#13640=CARTESIAN_POINT('Origin',(-70.1375,1.11000000000001,-2.025));
#13641=CARTESIAN_POINT('',(-56.6874999999999,1.11000000000001,-0.524999999999999));
#13642=CARTESIAN_POINT('',(-70.1375,1.11000000000001,-0.524999999999999));
#13643=CARTESIAN_POINT('',(-55.1875,1.11000000000001,-2.02500000000001));
#13644=CARTESIAN_POINT('Origin',(-56.6875,1.11000000000001,-2.02500000000001));
#13645=CARTESIAN_POINT('',(-55.1875,1.11000000000001,-2.02500000000001));
#13646=CARTESIAN_POINT('',(87.6875,1.11000000000001,3.02499999999998));
#13647=CARTESIAN_POINT('',(86.1875,1.11000000000001,1.52499999999998));
#13648=CARTESIAN_POINT('Origin',(86.1875,1.11000000000001,3.02499999999999));
#13649=CARTESIAN_POINT('',(72.7375000000042,1.11000000000001,1.52500000000004));
#13650=CARTESIAN_POINT('',(86.1875,1.11000000000001,1.52499999999998));
#13651=CARTESIAN_POINT('',(71.2375000000042,1.11000000000001,3.02500000000002));
#13652=CARTESIAN_POINT('Origin',(72.7375000000042,1.11000000000001,3.02500000000003));
#13653=CARTESIAN_POINT('',(71.2375,1.11000000000001,17.025));
#13654=CARTESIAN_POINT('',(71.2375000000042,1.11000000000001,3.02500000000002));
#13655=CARTESIAN_POINT('',(72.7375,1.11000000000001,18.525));
#13656=CARTESIAN_POINT('Origin',(72.7375,1.11000000000001,17.025));
#13657=CARTESIAN_POINT('',(86.1874999999999,1.11000000000001,18.525));
#13658=CARTESIAN_POINT('',(72.7375,1.11000000000001,18.525));
#13659=CARTESIAN_POINT('',(87.6875,1.11000000000001,17.025));
#13660=CARTESIAN_POINT('Origin',(86.1874999999999,1.11000000000001,17.025));
#13661=CARTESIAN_POINT('',(87.6875,1.11000000000001,17.025));
#13662=CARTESIAN_POINT('',(54.3500000000621,1.11000000000001,-35.0750000000341));
#13663=CARTESIAN_POINT('',(52.8500000001102,1.11000000000001,-36.5749999999812));
#13664=CARTESIAN_POINT('Origin',(52.8500000001135,1.11000000000001,-35.0750000000326));
#13665=CARTESIAN_POINT('',(39.4000000000002,1.11000000000001,-36.5749999999517));
#13666=CARTESIAN_POINT('',(52.8500000001102,1.11000000000001,-36.5749999999812));
#13667=CARTESIAN_POINT('',(37.8999999999792,1.11000000000001,-35.0749999999279));
#13668=CARTESIAN_POINT('Origin',(39.4000000000034,1.11000000000001,-35.0749999999275));
#13669=CARTESIAN_POINT('',(37.899999999975,1.11000000000001,-21.0749999998587));
#13670=CARTESIAN_POINT('',(37.8999999999792,1.11000000000001,-35.0749999999279));
#13671=CARTESIAN_POINT('',(39.399999999865,1.11000000000001,-19.5749999999697));
#13672=CARTESIAN_POINT('Origin',(39.3999999998636,1.11000000000001,-21.0749999998583));
#13673=CARTESIAN_POINT('',(52.8500000000081,1.11000000000001,-19.574999999983));
#13674=CARTESIAN_POINT('',(39.399999999865,1.11000000000001,-19.5749999999697));
#13675=CARTESIAN_POINT('',(54.350000000076,1.11000000000001,-21.0750000000538));
#13676=CARTESIAN_POINT('Origin',(52.8500000000067,1.11000000000001,-21.0750000000523));
#13677=CARTESIAN_POINT('',(54.350000000076,1.11000000000001,-21.0750000000538));
#13678=CARTESIAN_POINT('',(-90.9062499998498,1.11000000000001,3.02499999999999));
#13679=CARTESIAN_POINT('',(-92.4062499998497,1.11000000000001,1.52500000000002));
#13680=CARTESIAN_POINT('Origin',(-92.4062499998498,1.11000000000001,3.02499999999999));
#13681=CARTESIAN_POINT('',(-105.856249999862,1.11000000000001,1.52499999999999));
#13682=CARTESIAN_POINT('',(-92.4062499998497,1.11000000000001,1.52500000000002));
#13683=CARTESIAN_POINT('',(-107.356249999862,1.11000000000001,3.02499999999999));
#13684=CARTESIAN_POINT('Origin',(-105.856249999862,1.11000000000001,3.02499999999999));
#13685=CARTESIAN_POINT('',(-107.356249999862,1.11000000000001,17.025));
#13686=CARTESIAN_POINT('',(-107.356249999862,1.11000000000001,3.02499999999999));
#13687=CARTESIAN_POINT('',(-105.856249999862,1.11000000000001,18.525));
#13688=CARTESIAN_POINT('Origin',(-105.856249999862,1.11000000000001,17.025));
#13689=CARTESIAN_POINT('',(-92.406249999857,1.11000000000001,18.5249999999999));
#13690=CARTESIAN_POINT('',(-105.856249999862,1.11000000000001,18.525));
#13691=CARTESIAN_POINT('',(-90.9062499998498,1.11000000000001,17.0249999999927));
#13692=CARTESIAN_POINT('Origin',(-92.406249999857,1.11000000000001,17.0249999999927));
#13693=CARTESIAN_POINT('',(-90.9062499998498,1.11000000000001,17.0249999999927));
#13694=CARTESIAN_POINT('',(30.5375,1.11000000000001,3.02499999999998));
#13695=CARTESIAN_POINT('',(29.0375,1.11000000000001,1.52499999999998));
#13696=CARTESIAN_POINT('Origin',(29.0375,1.11000000000001,3.02499999999999));
#13697=CARTESIAN_POINT('',(15.5875000000042,1.11000000000001,1.52500000000005));
#13698=CARTESIAN_POINT('',(29.0375,1.11000000000001,1.52499999999998));
#13699=CARTESIAN_POINT('',(14.0875000000042,1.11000000000001,3.02500000000002));
#13700=CARTESIAN_POINT('Origin',(15.5875000000042,1.11000000000001,3.02500000000003));
#13701=CARTESIAN_POINT('',(14.0875,1.11000000000001,17.025));
#13702=CARTESIAN_POINT('',(14.0875000000042,1.11000000000001,3.02500000000002));
#13703=CARTESIAN_POINT('',(15.5875,1.11000000000001,18.525));
#13704=CARTESIAN_POINT('Origin',(15.5875,1.11000000000001,17.025));
#13705=CARTESIAN_POINT('',(29.0374999999999,1.11000000000001,18.525));
#13706=CARTESIAN_POINT('',(15.5875,1.11000000000001,18.525));
#13707=CARTESIAN_POINT('',(30.5375,1.11000000000001,17.025));
#13708=CARTESIAN_POINT('Origin',(29.0374999999999,1.11000000000001,17.025));
#13709=CARTESIAN_POINT('',(30.5375,1.11000000000001,17.025));
#13710=CARTESIAN_POINT('',(78.1625,1.11000000000001,-16.025));
#13711=CARTESIAN_POINT('',(76.6625,1.11000000000001,-17.525));
#13712=CARTESIAN_POINT('Origin',(76.6625,1.11000000000001,-16.025));
#13713=CARTESIAN_POINT('',(63.2125,1.11000000000001,-17.525));
#13714=CARTESIAN_POINT('',(76.6625,1.11000000000001,-17.525));
#13715=CARTESIAN_POINT('',(61.7125,1.11000000000001,-16.025));
#13716=CARTESIAN_POINT('Origin',(63.2125,1.11000000000001,-16.025));
#13717=CARTESIAN_POINT('',(61.7125,1.11000000000001,-2.025));
#13718=CARTESIAN_POINT('',(61.7125,1.11000000000001,-16.025));
#13719=CARTESIAN_POINT('',(63.2125,1.11000000000001,-0.524999999999999));
#13720=CARTESIAN_POINT('Origin',(63.2125,1.11000000000001,-2.025));
#13721=CARTESIAN_POINT('',(76.6625000000001,1.11000000000001,-0.524999999999999));
#13722=CARTESIAN_POINT('',(63.2125,1.11000000000001,-0.524999999999999));
#13723=CARTESIAN_POINT('',(78.1625,1.11000000000001,-2.02500000000001));
#13724=CARTESIAN_POINT('Origin',(76.6625,1.11000000000001,-2.02500000000001));
#13725=CARTESIAN_POINT('',(78.1625,1.11000000000001,-2.02500000000001));
#13726=CARTESIAN_POINT('',(-95.66875,1.11000000000001,-16.025));
#13727=CARTESIAN_POINT('',(-97.1687500000001,1.11000000000001,-17.525));
#13728=CARTESIAN_POINT('Origin',(-97.16875,1.11000000000001,-16.025));
#13729=CARTESIAN_POINT('',(-110.61875,1.11000000000001,-17.525));
#13730=CARTESIAN_POINT('',(-97.1687500000001,1.11000000000001,-17.525));
#13731=CARTESIAN_POINT('',(-112.11875,1.11000000000001,-16.025));
#13732=CARTESIAN_POINT('Origin',(-110.61875,1.11000000000001,-16.025));
#13733=CARTESIAN_POINT('',(-112.11875,1.11000000000001,-2.02500000000002));
#13734=CARTESIAN_POINT('',(-112.11875,1.11000000000001,-16.025));
#13735=CARTESIAN_POINT('',(-110.61875,1.11000000000001,-0.525000000000015));
#13736=CARTESIAN_POINT('Origin',(-110.61875,1.11000000000001,-2.02500000000002));
#13737=CARTESIAN_POINT('',(-97.1687500000001,1.11000000000001,-0.524999999999998));
#13738=CARTESIAN_POINT('',(-110.61875,1.11000000000001,-0.525000000000015));
#13739=CARTESIAN_POINT('',(-95.66875,1.11000000000001,-2.02500000000004));
#13740=CARTESIAN_POINT('Origin',(-97.1687500000001,1.11000000000001,-2.02500000000004));
#13741=CARTESIAN_POINT('',(-95.66875,1.11000000000001,-2.02500000000004));
#13742=CARTESIAN_POINT('',(68.6375,1.11000000000001,3.02499999999998));
#13743=CARTESIAN_POINT('',(67.1375,1.11000000000001,1.52499999999998));
#13744=CARTESIAN_POINT('Origin',(67.1375,1.11000000000001,3.02499999999999));
#13745=CARTESIAN_POINT('',(53.6875000000042,1.11000000000001,1.52500000000004));
#13746=CARTESIAN_POINT('',(67.1375,1.11000000000001,1.52499999999998));
#13747=CARTESIAN_POINT('',(52.1875000000042,1.11000000000001,3.02500000000002));
#13748=CARTESIAN_POINT('Origin',(53.6875000000042,1.11000000000001,3.02500000000003));
#13749=CARTESIAN_POINT('',(52.1875,1.11000000000001,17.025));
#13750=CARTESIAN_POINT('',(52.1875000000042,1.11000000000001,3.02500000000002));
#13751=CARTESIAN_POINT('',(53.6875,1.11000000000001,18.525));
#13752=CARTESIAN_POINT('Origin',(53.6875,1.11000000000001,17.025));
#13753=CARTESIAN_POINT('',(67.1374999999999,1.11000000000001,18.525));
#13754=CARTESIAN_POINT('',(53.6875,1.11000000000001,18.525));
#13755=CARTESIAN_POINT('',(68.6375,1.11000000000001,17.025));
#13756=CARTESIAN_POINT('Origin',(67.1374999999999,1.11000000000001,17.025));
#13757=CARTESIAN_POINT('',(68.6375,1.11000000000001,17.025));
#13758=CARTESIAN_POINT('',(16.2500000000621,1.11000000000001,-35.0750000000341));
#13759=CARTESIAN_POINT('',(14.7500000001102,1.11000000000001,-36.5749999999812));
#13760=CARTESIAN_POINT('Origin',(14.7500000001135,1.11000000000001,-35.0750000000326));
#13761=CARTESIAN_POINT('',(1.30000000000015,1.11000000000001,-36.5749999999517));
#13762=CARTESIAN_POINT('',(14.7500000001102,1.11000000000001,-36.5749999999812));
#13763=CARTESIAN_POINT('',(-0.200000000020814,1.11000000000001,-35.0749999999279));
#13764=CARTESIAN_POINT('Origin',(1.30000000000342,1.11000000000001,-35.0749999999275));
#13765=CARTESIAN_POINT('',(-0.200000000025017,1.11000000000001,-21.0749999998587));
#13766=CARTESIAN_POINT('',(-0.200000000020814,1.11000000000001,-35.0749999999279));
#13767=CARTESIAN_POINT('',(1.29999999986502,1.11000000000001,-19.5749999999697));
#13768=CARTESIAN_POINT('Origin',(1.29999999986356,1.11000000000001,-21.0749999998583));
#13769=CARTESIAN_POINT('',(14.7500000000081,1.11000000000001,-19.574999999983));
#13770=CARTESIAN_POINT('',(1.29999999986502,1.11000000000001,-19.5749999999697));
#13771=CARTESIAN_POINT('',(16.2500000000759,1.11000000000001,-21.0750000000538));
#13772=CARTESIAN_POINT('Origin',(14.7500000000067,1.11000000000001,-21.0750000000523));
#13773=CARTESIAN_POINT('',(16.2500000000759,1.11000000000001,-21.0750000000538));
#13774=CARTESIAN_POINT('',(-40.8999999999379,1.11000000000001,-35.0750000000341));
#13775=CARTESIAN_POINT('',(-42.3999999998898,1.11000000000001,-36.5749999999812));
#13776=CARTESIAN_POINT('Origin',(-42.3999999998865,1.11000000000001,-35.0750000000326));
#13777=CARTESIAN_POINT('',(-55.8499999999999,1.11000000000001,-36.5749999999517));
#13778=CARTESIAN_POINT('',(-42.3999999998898,1.11000000000001,-36.5749999999812));
#13779=CARTESIAN_POINT('',(-57.3500000000208,1.11000000000001,-35.0749999999279));
#13780=CARTESIAN_POINT('Origin',(-55.8499999999966,1.11000000000001,-35.0749999999275));
#13781=CARTESIAN_POINT('',(-57.350000000025,1.11000000000001,-21.0749999998587));
#13782=CARTESIAN_POINT('',(-57.3500000000208,1.11000000000001,-35.0749999999279));
#13783=CARTESIAN_POINT('',(-55.850000000135,1.11000000000001,-19.5749999999697));
#13784=CARTESIAN_POINT('Origin',(-55.8500000001364,1.11000000000001,-21.0749999998583));
#13785=CARTESIAN_POINT('',(-42.3999999999919,1.11000000000001,-19.574999999983));
#13786=CARTESIAN_POINT('',(-55.850000000135,1.11000000000001,-19.5749999999697));
#13787=CARTESIAN_POINT('',(-40.8999999999241,1.11000000000001,-21.0750000000538));
#13788=CARTESIAN_POINT('Origin',(-42.3999999999933,1.11000000000001,-21.0750000000523));
#13789=CARTESIAN_POINT('',(-40.8999999999241,1.11000000000001,-21.0750000000538));
#13790=CARTESIAN_POINT('',(-26.6125,1.11000000000001,3.02499999999998));
#13791=CARTESIAN_POINT('',(-28.1125,1.11000000000001,1.52499999999998));
#13792=CARTESIAN_POINT('Origin',(-28.1125,1.11000000000001,3.02499999999999));
#13793=CARTESIAN_POINT('',(-41.5624999999958,1.11000000000001,1.52500000000004));
#13794=CARTESIAN_POINT('',(-28.1125,1.11000000000001,1.52499999999998));
#13795=CARTESIAN_POINT('',(-43.0624999999958,1.11000000000001,3.02500000000002));
#13796=CARTESIAN_POINT('Origin',(-41.5624999999958,1.11000000000001,3.02500000000003));
#13797=CARTESIAN_POINT('',(-43.0625,1.11000000000001,17.025));
#13798=CARTESIAN_POINT('',(-43.0624999999958,1.11000000000001,3.02500000000002));
#13799=CARTESIAN_POINT('',(-41.5625,1.11000000000001,18.525));
#13800=CARTESIAN_POINT('Origin',(-41.5625,1.11000000000001,17.025));
#13801=CARTESIAN_POINT('',(-28.1125000000001,1.11000000000001,18.525));
#13802=CARTESIAN_POINT('',(-41.5625,1.11000000000001,18.525));
#13803=CARTESIAN_POINT('',(-26.6125,1.11000000000001,17.025));
#13804=CARTESIAN_POINT('Origin',(-28.1125000000001,1.11000000000001,17.025));
#13805=CARTESIAN_POINT('',(-26.6125,1.11000000000001,17.025));
#13806=CARTESIAN_POINT('',(35.3000000000621,1.11000000000001,-35.0750000000341));
#13807=CARTESIAN_POINT('',(33.8000000001102,1.11000000000001,-36.5749999999812));
#13808=CARTESIAN_POINT('Origin',(33.8000000001135,1.11000000000001,-35.0750000000326));
#13809=CARTESIAN_POINT('',(20.3500000000002,1.11000000000001,-36.5749999999517));
#13810=CARTESIAN_POINT('',(33.8000000001102,1.11000000000001,-36.5749999999812));
#13811=CARTESIAN_POINT('',(18.8499999999792,1.11000000000001,-35.0749999999279));
#13812=CARTESIAN_POINT('Origin',(20.3500000000034,1.11000000000001,-35.0749999999275));
#13813=CARTESIAN_POINT('',(18.849999999975,1.11000000000001,-21.0749999998587));
#13814=CARTESIAN_POINT('',(18.8499999999792,1.11000000000001,-35.0749999999279));
#13815=CARTESIAN_POINT('',(20.349999999865,1.11000000000001,-19.5749999999697));
#13816=CARTESIAN_POINT('Origin',(20.3499999998636,1.11000000000001,-21.0749999998583));
#13817=CARTESIAN_POINT('',(33.8000000000081,1.11000000000001,-19.574999999983));
#13818=CARTESIAN_POINT('',(20.349999999865,1.11000000000001,-19.5749999999697));
#13819=CARTESIAN_POINT('',(35.300000000076,1.11000000000001,-21.0750000000538));
#13820=CARTESIAN_POINT('Origin',(33.8000000000067,1.11000000000001,-21.0750000000523));
#13821=CARTESIAN_POINT('',(35.300000000076,1.11000000000001,-21.0750000000538));
#13822=CARTESIAN_POINT('',(-2.79999999993791,1.11000000000001,-35.0750000000341));
#13823=CARTESIAN_POINT('',(-4.29999999988981,1.11000000000001,-36.5749999999812));
#13824=CARTESIAN_POINT('Origin',(-4.29999999988651,1.11000000000001,-35.0750000000326));
#13825=CARTESIAN_POINT('',(-17.7499999999998,1.11000000000001,-36.5749999999517));
#13826=CARTESIAN_POINT('',(-4.29999999988981,1.11000000000001,-36.5749999999812));
#13827=CARTESIAN_POINT('',(-19.2500000000208,1.11000000000001,-35.0749999999279));
#13828=CARTESIAN_POINT('Origin',(-17.7499999999966,1.11000000000001,-35.0749999999275));
#13829=CARTESIAN_POINT('',(-19.250000000025,1.11000000000001,-21.0749999998587));
#13830=CARTESIAN_POINT('',(-19.2500000000208,1.11000000000001,-35.0749999999279));
#13831=CARTESIAN_POINT('',(-17.750000000135,1.11000000000001,-19.5749999999697));
#13832=CARTESIAN_POINT('Origin',(-17.7500000001364,1.11000000000001,-21.0749999998583));
#13833=CARTESIAN_POINT('',(-4.29999999999186,1.11000000000001,-19.574999999983));
#13834=CARTESIAN_POINT('',(-17.750000000135,1.11000000000001,-19.5749999999697));
#13835=CARTESIAN_POINT('',(-2.79999999992405,1.11000000000001,-21.0750000000538));
#13836=CARTESIAN_POINT('Origin',(-4.29999999999334,1.11000000000001,-21.0750000000523));
#13837=CARTESIAN_POINT('',(-2.79999999992405,1.11000000000001,-21.0750000000538));
#13838=CARTESIAN_POINT('',(92.4500000000621,1.11000000000001,-35.0750000000341));
#13839=CARTESIAN_POINT('',(90.9500000001102,1.11000000000001,-36.5749999999812));
#13840=CARTESIAN_POINT('Origin',(90.9500000001135,1.11000000000001,-35.0750000000326));
#13841=CARTESIAN_POINT('',(77.5000000000002,1.11000000000001,-36.5749999999517));
#13842=CARTESIAN_POINT('',(90.9500000001102,1.11000000000001,-36.5749999999812));
#13843=CARTESIAN_POINT('',(75.9999999999792,1.11000000000001,-35.0749999999279));
#13844=CARTESIAN_POINT('Origin',(77.5000000000034,1.11000000000001,-35.0749999999275));
#13845=CARTESIAN_POINT('',(75.999999999975,1.11000000000001,-21.0749999998587));
#13846=CARTESIAN_POINT('',(75.9999999999792,1.11000000000001,-35.0749999999279));
#13847=CARTESIAN_POINT('',(77.499999999865,1.11000000000001,-19.5749999999697));
#13848=CARTESIAN_POINT('Origin',(77.4999999998636,1.11000000000001,-21.0749999998583));
#13849=CARTESIAN_POINT('',(90.9500000000082,1.11000000000001,-19.574999999983));
#13850=CARTESIAN_POINT('',(77.499999999865,1.11000000000001,-19.5749999999697));
#13851=CARTESIAN_POINT('',(92.4500000000759,1.11000000000001,-21.0750000000538));
#13852=CARTESIAN_POINT('Origin',(90.9500000000067,1.11000000000001,-21.0750000000523));
#13853=CARTESIAN_POINT('',(92.4500000000759,1.11000000000001,-21.0750000000538));
#13854=CARTESIAN_POINT('',(42.993788555393,1.11000000000001,28.5613113278953));
#13855=CARTESIAN_POINT('Origin',(45.243788555393,1.11000000000001,28.5613113278953));
#13856=CARTESIAN_POINT('',(-64.7125,1.11000000000001,3.02499999999998));
#13857=CARTESIAN_POINT('',(-66.2125,1.11000000000001,1.52499999999998));
#13858=CARTESIAN_POINT('Origin',(-66.2125,1.11000000000001,3.02499999999999));
#13859=CARTESIAN_POINT('',(-79.6624999999958,1.11000000000001,1.52500000000006));
#13860=CARTESIAN_POINT('',(-66.2125,1.11000000000001,1.52499999999998));
#13861=CARTESIAN_POINT('',(-81.1624999999958,1.11000000000001,3.02500000000002));
#13862=CARTESIAN_POINT('Origin',(-79.6624999999958,1.11000000000001,3.02500000000003));
#13863=CARTESIAN_POINT('',(-81.1625,1.11000000000001,17.025));
#13864=CARTESIAN_POINT('',(-81.1624999999958,1.11000000000001,3.02500000000002));
#13865=CARTESIAN_POINT('',(-79.6625,1.11000000000001,18.525));
#13866=CARTESIAN_POINT('Origin',(-79.6625,1.11000000000001,17.025));
#13867=CARTESIAN_POINT('',(-66.2125000000001,1.11000000000001,18.525));
#13868=CARTESIAN_POINT('',(-79.6625,1.11000000000001,18.525));
#13869=CARTESIAN_POINT('',(-64.7125000000001,1.11000000000001,17.025));
#13870=CARTESIAN_POINT('Origin',(-66.2125000000001,1.11000000000001,17.025));
#13871=CARTESIAN_POINT('',(-64.7125000000001,1.11000000000001,17.025));
#13872=CARTESIAN_POINT('',(-7.56250000000004,1.11000000000001,3.02499999999998));
#13873=CARTESIAN_POINT('',(-9.06250000000006,1.11000000000001,1.52499999999998));
#13874=CARTESIAN_POINT('Origin',(-9.06250000000005,1.11000000000001,3.02499999999999));
#13875=CARTESIAN_POINT('',(-22.5124999999958,1.11000000000001,1.52500000000005));
#13876=CARTESIAN_POINT('',(-9.06250000000006,1.11000000000001,1.52499999999998));
#13877=CARTESIAN_POINT('',(-24.0124999999958,1.11000000000001,3.02500000000002));
#13878=CARTESIAN_POINT('Origin',(-22.5124999999958,1.11000000000001,3.02500000000003));
#13879=CARTESIAN_POINT('',(-24.0125,1.11000000000001,17.025));
#13880=CARTESIAN_POINT('',(-24.0124999999958,1.11000000000001,3.02500000000002));
#13881=CARTESIAN_POINT('',(-22.5125,1.11000000000001,18.525));
#13882=CARTESIAN_POINT('Origin',(-22.5125,1.11000000000001,17.025));
#13883=CARTESIAN_POINT('',(-9.06250000000009,1.11000000000001,18.525));
#13884=CARTESIAN_POINT('',(-22.5125,1.11000000000001,18.525));
#13885=CARTESIAN_POINT('',(-7.56250000000005,1.11000000000001,17.025));
#13886=CARTESIAN_POINT('Origin',(-9.06250000000007,1.11000000000001,17.025));
#13887=CARTESIAN_POINT('',(-7.56250000000005,1.11000000000001,17.025));
#13888=CARTESIAN_POINT('',(-17.0875,1.11000000000001,-16.025));
#13889=CARTESIAN_POINT('',(-18.5875000000001,1.11000000000001,-17.525));
#13890=CARTESIAN_POINT('Origin',(-18.5875,1.11000000000001,-16.025));
#13891=CARTESIAN_POINT('',(-32.0375,1.11000000000001,-17.525));
#13892=CARTESIAN_POINT('',(-18.5875000000001,1.11000000000001,-17.525));
#13893=CARTESIAN_POINT('',(-33.5375,1.11000000000001,-16.025));
#13894=CARTESIAN_POINT('Origin',(-32.0375,1.11000000000001,-16.025));
#13895=CARTESIAN_POINT('',(-33.5375,1.11000000000001,-2.025));
#13896=CARTESIAN_POINT('',(-33.5375,1.11000000000001,-16.025));
#13897=CARTESIAN_POINT('',(-32.0375,1.11000000000001,-0.524999999999999));
#13898=CARTESIAN_POINT('Origin',(-32.0375,1.11000000000001,-2.025));
#13899=CARTESIAN_POINT('',(-18.5875,1.11000000000001,-0.525000000000002));
#13900=CARTESIAN_POINT('',(-32.0375,1.11000000000001,-0.524999999999999));
#13901=CARTESIAN_POINT('',(-17.0875,1.11000000000001,-2.02500000000001));
#13902=CARTESIAN_POINT('Origin',(-18.5875,1.11000000000001,-2.02500000000001));
#13903=CARTESIAN_POINT('',(-17.0875,1.11000000000001,-2.02500000000001));
#13904=CARTESIAN_POINT('',(-59.9499999999379,1.11000000000001,-35.0750000000341));
#13905=CARTESIAN_POINT('',(-61.4499999998898,1.11000000000001,-36.5749999999812));
#13906=CARTESIAN_POINT('Origin',(-61.4499999998865,1.11000000000001,-35.0750000000326));
#13907=CARTESIAN_POINT('',(-74.8999999999999,1.11000000000001,-36.5749999999517));
#13908=CARTESIAN_POINT('',(-61.4499999998898,1.11000000000001,-36.5749999999812));
#13909=CARTESIAN_POINT('',(-76.4000000000208,1.11000000000001,-35.0749999999279));
#13910=CARTESIAN_POINT('Origin',(-74.8999999999966,1.11000000000001,-35.0749999999275));
#13911=CARTESIAN_POINT('',(-76.400000000025,1.11000000000001,-21.0749999998587));
#13912=CARTESIAN_POINT('',(-76.4000000000208,1.11000000000001,-35.0749999999279));
#13913=CARTESIAN_POINT('',(-74.900000000135,1.11000000000001,-19.5749999999697));
#13914=CARTESIAN_POINT('Origin',(-74.9000000001364,1.11000000000001,-21.0749999998583));
#13915=CARTESIAN_POINT('',(-61.4499999999919,1.11000000000001,-19.574999999983));
#13916=CARTESIAN_POINT('',(-74.900000000135,1.11000000000001,-19.5749999999697));
#13917=CARTESIAN_POINT('',(-59.9499999999241,1.11000000000001,-21.0750000000538));
#13918=CARTESIAN_POINT('Origin',(-61.4499999999934,1.11000000000001,-21.0750000000523));
#13919=CARTESIAN_POINT('',(-59.9499999999241,1.11000000000001,-21.0750000000538));
#13920=CARTESIAN_POINT('',(73.4000000000621,1.11000000000001,-35.0750000000341));
#13921=CARTESIAN_POINT('',(71.9000000001102,1.11000000000001,-36.5749999999812));
#13922=CARTESIAN_POINT('Origin',(71.9000000001135,1.11000000000001,-35.0750000000326));
#13923=CARTESIAN_POINT('',(58.4500000000002,1.11000000000001,-36.5749999999517));
#13924=CARTESIAN_POINT('',(71.9000000001102,1.11000000000001,-36.5749999999812));
#13925=CARTESIAN_POINT('',(56.9499999999792,1.11000000000001,-35.0749999999279));
#13926=CARTESIAN_POINT('Origin',(58.4500000000034,1.11000000000001,-35.0749999999275));
#13927=CARTESIAN_POINT('',(56.949999999975,1.11000000000001,-21.0749999998587));
#13928=CARTESIAN_POINT('',(56.9499999999792,1.11000000000001,-35.0749999999279));
#13929=CARTESIAN_POINT('',(58.449999999865,1.11000000000001,-19.5749999999697));
#13930=CARTESIAN_POINT('Origin',(58.4499999998636,1.11000000000001,-21.0749999998583));
#13931=CARTESIAN_POINT('',(71.9000000000081,1.11000000000001,-19.574999999983));
#13932=CARTESIAN_POINT('',(58.449999999865,1.11000000000001,-19.5749999999697));
#13933=CARTESIAN_POINT('',(73.4000000000759,1.11000000000001,-21.0750000000538));
#13934=CARTESIAN_POINT('Origin',(71.9000000000067,1.11000000000001,-21.0750000000523));
#13935=CARTESIAN_POINT('',(73.4000000000759,1.11000000000001,-21.0750000000538));
#13936=CARTESIAN_POINT('',(-21.8499999999379,1.11000000000001,-35.0750000000341));
#13937=CARTESIAN_POINT('',(-23.3499999998898,1.11000000000001,-36.5749999999812));
#13938=CARTESIAN_POINT('Origin',(-23.3499999998865,1.11000000000001,-35.0750000000326));
#13939=CARTESIAN_POINT('',(-36.7999999999998,1.11000000000001,-36.5749999999517));
#13940=CARTESIAN_POINT('',(-23.3499999998898,1.11000000000001,-36.5749999999812));
#13941=CARTESIAN_POINT('',(-38.3000000000208,1.11000000000001,-35.0749999999279));
#13942=CARTESIAN_POINT('Origin',(-36.7999999999966,1.11000000000001,-35.0749999999275));
#13943=CARTESIAN_POINT('',(-38.300000000025,1.11000000000001,-21.0749999998587));
#13944=CARTESIAN_POINT('',(-38.3000000000208,1.11000000000001,-35.0749999999279));
#13945=CARTESIAN_POINT('',(-36.800000000135,1.11000000000001,-19.5749999999697));
#13946=CARTESIAN_POINT('Origin',(-36.8000000001364,1.11000000000001,-21.0749999998583));
#13947=CARTESIAN_POINT('',(-23.3499999999919,1.11000000000001,-19.574999999983));
#13948=CARTESIAN_POINT('',(-36.800000000135,1.11000000000001,-19.5749999999697));
#13949=CARTESIAN_POINT('',(-21.849999999924,1.11000000000001,-21.0750000000538));
#13950=CARTESIAN_POINT('Origin',(-23.3499999999933,1.11000000000001,-21.0750000000523));
#13951=CARTESIAN_POINT('',(-21.849999999924,1.11000000000001,-21.0750000000538));
#13952=CARTESIAN_POINT('',(-93.928086444607,1.11000000000001,-14.2874626721047));
#13953=CARTESIAN_POINT('Origin',(-91.678086444607,1.11000000000001,-14.2874626721047));
#13954=CARTESIAN_POINT('',(-74.2375,1.11000000000001,-16.025));
#13955=CARTESIAN_POINT('Origin',(-75.7375,1.11000000000001,-16.025));
#13956=CARTESIAN_POINT('',(-90.6875,1.11000000000001,-2.025));
#13957=CARTESIAN_POINT('',(-90.6875,1.11000000000001,-16.025));
#13958=CARTESIAN_POINT('',(-89.1875,1.11000000000001,-0.524999999999999));
#13959=CARTESIAN_POINT('Origin',(-89.1875,1.11000000000001,-2.025));
#13960=CARTESIAN_POINT('',(-75.7375,1.11000000000001,-0.524999999999999));
#13961=CARTESIAN_POINT('',(-89.1875,1.11000000000001,-0.524999999999999));
#13962=CARTESIAN_POINT('',(-74.2375,1.11000000000001,-2.02500000000001));
#13963=CARTESIAN_POINT('Origin',(-75.7375,1.11000000000001,-2.02500000000001));
#13964=CARTESIAN_POINT('',(-74.2375,1.11000000000001,-2.02500000000001));
#13965=CARTESIAN_POINT('',(40.0625,1.11000000000001,-16.025));
#13966=CARTESIAN_POINT('',(38.5625,1.11000000000001,-17.525));
#13967=CARTESIAN_POINT('Origin',(38.5625,1.11000000000001,-16.025));
#13968=CARTESIAN_POINT('',(25.1125,1.11000000000001,-17.525));
#13969=CARTESIAN_POINT('',(38.5625,1.11000000000001,-17.525));
#13970=CARTESIAN_POINT('',(23.6125,1.11000000000001,-16.025));
#13971=CARTESIAN_POINT('Origin',(25.1125,1.11000000000001,-16.025));
#13972=CARTESIAN_POINT('',(23.6125,1.11000000000001,-2.025));
#13973=CARTESIAN_POINT('',(23.6125,1.11000000000001,-16.025));
#13974=CARTESIAN_POINT('',(25.1125,1.11000000000001,-0.524999999999999));
#13975=CARTESIAN_POINT('Origin',(25.1125,1.11000000000001,-2.025));
#13976=CARTESIAN_POINT('',(38.5625000000001,1.11000000000001,-0.524999999999999));
#13977=CARTESIAN_POINT('',(25.1125,1.11000000000001,-0.524999999999999));
#13978=CARTESIAN_POINT('',(40.0625,1.11000000000001,-2.02500000000001));
#13979=CARTESIAN_POINT('Origin',(38.5625,1.11000000000001,-2.02500000000001));
#13980=CARTESIAN_POINT('',(40.0625,1.11000000000001,-2.02500000000001));
#13981=CARTESIAN_POINT('',(-47.493711444607,1.11000000000001,28.5630993278953));
#13982=CARTESIAN_POINT('Origin',(-45.243711444607,1.11000000000001,28.5630993278953));
#13983=CARTESIAN_POINT('',(49.5875,1.11000000000001,3.02499999999998));
#13984=CARTESIAN_POINT('',(48.0875,1.11000000000001,1.52499999999998));
#13985=CARTESIAN_POINT('Origin',(48.0875,1.11000000000001,3.02499999999999));
#13986=CARTESIAN_POINT('',(34.6375000000042,1.11000000000001,1.52500000000005));
#13987=CARTESIAN_POINT('',(48.0875,1.11000000000001,1.52499999999998));
#13988=CARTESIAN_POINT('',(33.1375000000042,1.11000000000001,3.02500000000002));
#13989=CARTESIAN_POINT('Origin',(34.6375000000042,1.11000000000001,3.02500000000003));
#13990=CARTESIAN_POINT('',(33.1375,1.11000000000001,17.025));
#13991=CARTESIAN_POINT('',(33.1375000000042,1.11000000000001,3.02500000000002));
#13992=CARTESIAN_POINT('',(34.6375,1.11000000000001,18.525));
#13993=CARTESIAN_POINT('Origin',(34.6375,1.11000000000001,17.025));
#13994=CARTESIAN_POINT('',(48.0874999999999,1.11000000000001,18.525));
#13995=CARTESIAN_POINT('',(34.6375,1.11000000000001,18.525));
#13996=CARTESIAN_POINT('',(49.5875,1.11000000000001,17.025));
#13997=CARTESIAN_POINT('Origin',(48.0874999999999,1.11000000000001,17.025));
#13998=CARTESIAN_POINT('',(49.5875,1.11000000000001,17.025));
#13999=CARTESIAN_POINT('',(21.0125,1.11000000000001,-16.025));
#14000=CARTESIAN_POINT('',(19.5124999999999,1.11000000000001,-17.525));
#14001=CARTESIAN_POINT('Origin',(19.5125,1.11000000000001,-16.025));
#14002=CARTESIAN_POINT('',(6.06249999999999,1.11000000000001,-17.525));
#14003=CARTESIAN_POINT('',(19.5124999999999,1.11000000000001,-17.525));
#14004=CARTESIAN_POINT('',(4.56249999999999,1.11000000000001,-16.025));
#14005=CARTESIAN_POINT('Origin',(6.06249999999999,1.11000000000001,-16.025));
#14006=CARTESIAN_POINT('',(4.5625,1.11000000000001,-2.025));
#14007=CARTESIAN_POINT('',(4.56249999999999,1.11000000000001,-16.025));
#14008=CARTESIAN_POINT('',(6.06250000000003,1.11000000000001,-0.524999999999999));
#14009=CARTESIAN_POINT('Origin',(6.0625,1.11000000000001,-2.025));
#14010=CARTESIAN_POINT('',(19.5125000000001,1.11000000000001,-0.525000000000002));
#14011=CARTESIAN_POINT('',(6.06250000000003,1.11000000000001,-0.524999999999999));
#14012=CARTESIAN_POINT('',(21.0125,1.11000000000001,-2.02500000000001));
#14013=CARTESIAN_POINT('Origin',(19.5125,1.11000000000001,-2.02500000000001));
#14014=CARTESIAN_POINT('',(21.0125,1.11000000000001,-2.02500000000001));
#14015=CARTESIAN_POINT('',(111.500000000062,1.11000000000001,-35.0750000000341));
#14016=CARTESIAN_POINT('',(110.00000000011,1.11000000000001,-36.5749999999812));
#14017=CARTESIAN_POINT('Origin',(110.000000000114,1.11000000000001,-35.0750000000326));
#14018=CARTESIAN_POINT('',(96.5500000000002,1.11000000000001,-36.5749999999517));
#14019=CARTESIAN_POINT('',(110.00000000011,1.11000000000001,-36.5749999999812));
#14020=CARTESIAN_POINT('',(95.0499999999792,1.11000000000001,-35.0749999999279));
#14021=CARTESIAN_POINT('Origin',(96.5500000000034,1.11000000000001,-35.0749999999275));
#14022=CARTESIAN_POINT('',(95.049999999975,1.11000000000001,-21.0749999998587));
#14023=CARTESIAN_POINT('',(95.0499999999792,1.11000000000001,-35.0749999999279));
#14024=CARTESIAN_POINT('',(96.549999999865,1.11000000000001,-19.5749999999697));
#14025=CARTESIAN_POINT('Origin',(96.5499999998636,1.11000000000001,-21.0749999998583));
#14026=CARTESIAN_POINT('',(110.000000000008,1.11000000000001,-19.574999999983));
#14027=CARTESIAN_POINT('',(96.549999999865,1.11000000000001,-19.5749999999697));
#14028=CARTESIAN_POINT('',(111.500000000076,1.11000000000001,-21.0750000000538));
#14029=CARTESIAN_POINT('Origin',(110.000000000007,1.11000000000001,-21.0750000000523));
#14030=CARTESIAN_POINT('',(111.500000000076,1.11000000000001,-21.0750000000538));
#14031=CARTESIAN_POINT('',(59.1125,1.11000000000001,-16.025));
#14032=CARTESIAN_POINT('',(57.6125,1.11000000000001,-17.525));
#14033=CARTESIAN_POINT('Origin',(57.6125,1.11000000000001,-16.025));
#14034=CARTESIAN_POINT('',(44.1625,1.11000000000001,-17.525));
#14035=CARTESIAN_POINT('',(57.6125,1.11000000000001,-17.525));
#14036=CARTESIAN_POINT('',(42.6625,1.11000000000001,-16.025));
#14037=CARTESIAN_POINT('Origin',(44.1625,1.11000000000001,-16.025));
#14038=CARTESIAN_POINT('',(42.6625,1.11000000000001,-2.025));
#14039=CARTESIAN_POINT('',(42.6625,1.11000000000001,-16.025));
#14040=CARTESIAN_POINT('',(44.1625,1.11000000000001,-0.524999999999999));
#14041=CARTESIAN_POINT('Origin',(44.1625,1.11000000000001,-2.025));
#14042=CARTESIAN_POINT('',(57.6125000000001,1.11000000000001,-0.524999999999999));
#14043=CARTESIAN_POINT('',(44.1625,1.11000000000001,-0.524999999999999));
#14044=CARTESIAN_POINT('',(59.1125,1.11000000000001,-2.02500000000001));
#14045=CARTESIAN_POINT('Origin',(57.6125,1.11000000000001,-2.02500000000001));
#14046=CARTESIAN_POINT('',(59.1125,1.11000000000001,-2.02500000000001));
#14047=CARTESIAN_POINT('',(82.284413555393,1.11000000000001,-14.2874626721047));
#14048=CARTESIAN_POINT('Origin',(84.534413555393,1.11000000000001,-14.2874626721047));
#14049=CARTESIAN_POINT('',(1.96249999999999,1.11000000000001,-16.025));
#14050=CARTESIAN_POINT('',(0.462499999999946,1.11000000000001,-17.525));
#14051=CARTESIAN_POINT('Origin',(0.462499999999986,1.11000000000001,-16.025));
#14052=CARTESIAN_POINT('',(-12.9875,1.11000000000001,-17.525));
#14053=CARTESIAN_POINT('',(0.462499999999946,1.11000000000001,-17.525));
#14054=CARTESIAN_POINT('',(-14.4875,1.11000000000001,-16.025));
#14055=CARTESIAN_POINT('Origin',(-12.9875,1.11000000000001,-16.025));
#14056=CARTESIAN_POINT('',(-14.4875,1.11000000000001,-2.025));
#14057=CARTESIAN_POINT('',(-14.4875,1.11000000000001,-16.025));
#14058=CARTESIAN_POINT('',(-12.9875,1.11000000000001,-0.524999999999999));
#14059=CARTESIAN_POINT('Origin',(-12.9875,1.11000000000001,-2.025));
#14060=CARTESIAN_POINT('',(0.46250000000006,1.11000000000001,-0.525));
#14061=CARTESIAN_POINT('',(-12.9875,1.11000000000001,-0.524999999999999));
#14062=CARTESIAN_POINT('',(1.96249999999998,1.11000000000001,-2.02500000000001));
#14063=CARTESIAN_POINT('Origin',(0.462499999999972,1.11000000000001,-2.02500000000001));
#14064=CARTESIAN_POINT('',(1.96249999999998,1.11000000000001,-2.02500000000001));
#14065=CARTESIAN_POINT('Origin',(-7.88428848914664,1.11000000000001,35.3279174117434));
#14066=CARTESIAN_POINT('',(-10.4570080835837,1.11000000000001,37.9006370057878));
#14067=CARTESIAN_POINT('',(-7.8842884886543,1.11000000000001,35.3279174122357));
#14068=CARTESIAN_POINT('Origin',(15.6404584189657,1.11000000000001,37.4796875));
#14069=CARTESIAN_POINT('',(15.6404584189657,1.11000000000001,38.075));
#14070=CARTESIAN_POINT('Origin',(-10.8779575891461,1.11000000000001,37.4796875));
#14071=CARTESIAN_POINT('',(-10.8779575891461,1.11000000000001,38.075));
#14072=CARTESIAN_POINT('Origin',(-22.5125000000059,1.11000000000001,38.075));
#14073=CARTESIAN_POINT('',(-22.5125000000059,1.11000000000001,38.075));
#14074=CARTESIAN_POINT('Origin',(25.1125,1.11000000000001,38.075));
#14075=CARTESIAN_POINT('',(25.1125,1.11000000000001,38.075));
#14076=CARTESIAN_POINT('',(39.778167555393,1.11000000000001,38.075));
#14077=CARTESIAN_POINT('Origin',(-35.012461444607,1.11000000000001,38.075));
#14078=CARTESIAN_POINT('',(-35.012461444607,1.11000000000001,38.075));
#14079=CARTESIAN_POINT('',(-28.1125,1.11000000000001,38.075));
#14080=CARTESIAN_POINT('Origin',(15.3938719075221,1.11000000000001,38.075));
#14081=CARTESIAN_POINT('',(19.5125,1.11000000000001,38.075));
#14082=CARTESIAN_POINT('Origin',(-93.9499999999999,1.11000000000001,-36.5749999999517));
#14083=CARTESIAN_POINT('',(-80.4999999998898,1.11000000000001,-36.5749999999812));
#14084=CARTESIAN_POINT('',(-93.9499999999999,1.11000000000001,-36.5749999999517));
#14085=CARTESIAN_POINT('Origin',(-93.9499999999966,1.11000000000001,-35.0749999999275));
#14086=CARTESIAN_POINT('',(-95.4500000000208,1.11000000000001,-35.0749999999279));
#14087=CARTESIAN_POINT('Origin',(-95.450000000025,1.11000000000001,-21.0749999998587));
#14088=CARTESIAN_POINT('',(-95.450000000025,1.11000000000001,-21.0749999998587));
#14089=CARTESIAN_POINT('Origin',(-93.9500000001365,1.11000000000001,-21.0749999998583));
#14090=CARTESIAN_POINT('',(-93.950000000135,1.11000000000001,-19.5749999999697));
#14091=CARTESIAN_POINT('Origin',(-80.4999999999919,1.11000000000001,-19.574999999983));
#14092=CARTESIAN_POINT('',(-80.4999999999919,1.11000000000001,-19.574999999983));
#14093=CARTESIAN_POINT('Origin',(-80.4999999999934,1.11000000000001,-21.0750000000523));
#14094=CARTESIAN_POINT('',(-78.9999999999241,1.11000000000001,-21.0750000000538));
#14095=CARTESIAN_POINT('Origin',(-78.9999999999379,1.11000000000001,-35.0750000000341));
#14096=CARTESIAN_POINT('',(-78.9999999999379,1.11000000000001,-35.0750000000341));
#14097=CARTESIAN_POINT('Origin',(-80.4999999998865,1.11000000000001,-35.0750000000326));
#14098=CARTESIAN_POINT('Origin',(-60.6124999999958,1.11000000000001,1.52500000000004));
#14099=CARTESIAN_POINT('',(-47.1625,1.11000000000001,1.52499999999998));
#14100=CARTESIAN_POINT('',(-60.6124999999958,1.11000000000001,1.52500000000004));
#14101=CARTESIAN_POINT('Origin',(-60.6124999999958,1.11000000000001,3.02500000000003));
#14102=CARTESIAN_POINT('',(-62.1124999999958,1.11000000000001,3.02500000000002));
#14103=CARTESIAN_POINT('Origin',(-62.1125,1.11000000000001,17.025));
#14104=CARTESIAN_POINT('',(-62.1125,1.11000000000001,17.025));
#14105=CARTESIAN_POINT('Origin',(-60.6125,1.11000000000001,17.025));
#14106=CARTESIAN_POINT('',(-60.6125,1.11000000000001,18.525));
#14107=CARTESIAN_POINT('Origin',(-47.1625000000001,1.11000000000001,18.525));
#14108=CARTESIAN_POINT('',(-47.1625000000001,1.11000000000001,18.525));
#14109=CARTESIAN_POINT('Origin',(-47.1625000000001,1.11000000000001,17.025));
#14110=CARTESIAN_POINT('',(-45.6625,1.11000000000001,17.025));
#14111=CARTESIAN_POINT('Origin',(-45.6625,1.11000000000001,3.02499999999998));
#14112=CARTESIAN_POINT('',(-45.6625,1.11000000000001,3.02499999999998));
#14113=CARTESIAN_POINT('Origin',(-47.1625,1.11000000000001,3.02499999999999));
#14114=CARTESIAN_POINT('Origin',(-51.0875,1.11000000000001,-17.525));
#14115=CARTESIAN_POINT('',(-37.6375000000001,1.11000000000001,-17.525));
#14116=CARTESIAN_POINT('',(-51.0875,1.11000000000001,-17.525));
#14117=CARTESIAN_POINT('Origin',(-51.0875,1.11000000000001,-16.025));
#14118=CARTESIAN_POINT('',(-52.5875,1.11000000000001,-16.025));
#14119=CARTESIAN_POINT('Origin',(-52.5875,1.11000000000001,-2.025));
#14120=CARTESIAN_POINT('',(-52.5875,1.11000000000001,-2.025));
#14121=CARTESIAN_POINT('Origin',(-51.0875,1.11000000000001,-2.025));
#14122=CARTESIAN_POINT('',(-51.0875,1.11000000000001,-0.524999999999999));
#14123=CARTESIAN_POINT('Origin',(-37.6374999999999,1.11000000000001,-0.524999999999999));
#14124=CARTESIAN_POINT('',(-37.6374999999999,1.11000000000001,-0.524999999999999));
#14125=CARTESIAN_POINT('Origin',(-37.6375,1.11000000000001,-2.02500000000001));
#14126=CARTESIAN_POINT('',(-36.1375,1.11000000000001,-2.02500000000001));
#14127=CARTESIAN_POINT('Origin',(-36.1375,1.11000000000001,-16.025));
#14128=CARTESIAN_POINT('',(-36.1375,1.11000000000001,-16.025));
#14129=CARTESIAN_POINT('Origin',(-37.6375,1.11000000000001,-16.025));
#14130=CARTESIAN_POINT('Origin',(94.16875,1.11000000000001,1.52500000000001));
#14131=CARTESIAN_POINT('',(107.61875,1.11000000000001,1.52500000000001));
#14132=CARTESIAN_POINT('',(94.16875,1.11000000000001,1.52500000000001));
#14133=CARTESIAN_POINT('Origin',(94.16875,1.11000000000001,3.02500000000001));
#14134=CARTESIAN_POINT('',(92.66875,1.11000000000001,3.02500000000001));
#14135=CARTESIAN_POINT('Origin',(92.66875,1.11000000000001,17.025));
#14136=CARTESIAN_POINT('',(92.66875,1.11000000000001,17.025));
#14137=CARTESIAN_POINT('Origin',(94.16875,1.11000000000001,17.025));
#14138=CARTESIAN_POINT('',(94.16875,1.11000000000001,18.525));
#14139=CARTESIAN_POINT('Origin',(107.61875,1.11000000000001,18.525));
#14140=CARTESIAN_POINT('',(107.61875,1.11000000000001,18.525));
#14141=CARTESIAN_POINT('Origin',(107.61875,1.11000000000001,17.025));
#14142=CARTESIAN_POINT('',(109.11875,1.11000000000001,17.025));
#14143=CARTESIAN_POINT('Origin',(109.11875,1.11000000000001,3.025));
#14144=CARTESIAN_POINT('',(109.11875,1.11000000000001,3.02500000000001));
#14145=CARTESIAN_POINT('Origin',(107.61875,1.11000000000001,3.02500000000001));
#14146=CARTESIAN_POINT('Origin',(-70.1375,1.11000000000001,-17.525));
#14147=CARTESIAN_POINT('',(-56.6875000000001,1.11000000000001,-17.525));
#14148=CARTESIAN_POINT('',(-70.1375,1.11000000000001,-17.525));
#14149=CARTESIAN_POINT('Origin',(-70.1375,1.11000000000001,-16.025));
#14150=CARTESIAN_POINT('',(-71.6375,1.11000000000001,-16.025));
#14151=CARTESIAN_POINT('Origin',(-71.6375,1.11000000000001,-2.025));
#14152=CARTESIAN_POINT('',(-71.6375,1.11000000000001,-2.025));
#14153=CARTESIAN_POINT('Origin',(-70.1375,1.11000000000001,-2.025));
#14154=CARTESIAN_POINT('',(-70.1375,1.11000000000001,-0.524999999999999));
#14155=CARTESIAN_POINT('Origin',(-56.6874999999999,1.11000000000001,-0.524999999999999));
#14156=CARTESIAN_POINT('',(-56.6874999999999,1.11000000000001,-0.524999999999999));
#14157=CARTESIAN_POINT('Origin',(-56.6875,1.11000000000001,-2.02500000000001));
#14158=CARTESIAN_POINT('',(-55.1875,1.11000000000001,-2.02500000000001));
#14159=CARTESIAN_POINT('Origin',(-55.1875,1.11000000000001,-16.025));
#14160=CARTESIAN_POINT('',(-55.1875,1.11000000000001,-16.025));
#14161=CARTESIAN_POINT('Origin',(-56.6875,1.11000000000001,-16.025));
#14162=CARTESIAN_POINT('Origin',(72.7375000000042,1.11000000000001,1.52500000000004));
#14163=CARTESIAN_POINT('',(86.1875,1.11000000000001,1.52499999999998));
#14164=CARTESIAN_POINT('',(72.7375000000042,1.11000000000001,1.52500000000004));
#14165=CARTESIAN_POINT('Origin',(72.7375000000042,1.11000000000001,3.02500000000003));
#14166=CARTESIAN_POINT('',(71.2375000000042,1.11000000000001,3.02500000000002));
#14167=CARTESIAN_POINT('Origin',(71.2375,1.11000000000001,17.025));
#14168=CARTESIAN_POINT('',(71.2375,1.11000000000001,17.025));
#14169=CARTESIAN_POINT('Origin',(72.7375,1.11000000000001,17.025));
#14170=CARTESIAN_POINT('',(72.7375,1.11000000000001,18.525));
#14171=CARTESIAN_POINT('Origin',(86.1874999999999,1.11000000000001,18.525));
#14172=CARTESIAN_POINT('',(86.1874999999999,1.11000000000001,18.525));
#14173=CARTESIAN_POINT('Origin',(86.1874999999999,1.11000000000001,17.025));
#14174=CARTESIAN_POINT('',(87.6875,1.11000000000001,17.025));
#14175=CARTESIAN_POINT('Origin',(87.6875,1.11000000000001,3.02499999999998));
#14176=CARTESIAN_POINT('',(87.6875,1.11000000000001,3.02499999999998));
#14177=CARTESIAN_POINT('Origin',(86.1875,1.11000000000001,3.02499999999999));
#14178=CARTESIAN_POINT('Origin',(39.4000000000002,1.11000000000001,-36.5749999999517));
#14179=CARTESIAN_POINT('',(52.8500000001102,1.11000000000001,-36.5749999999812));
#14180=CARTESIAN_POINT('',(39.4000000000002,1.11000000000001,-36.5749999999517));
#14181=CARTESIAN_POINT('Origin',(39.4000000000034,1.11000000000001,-35.0749999999275));
#14182=CARTESIAN_POINT('',(37.8999999999792,1.11000000000001,-35.0749999999279));
#14183=CARTESIAN_POINT('Origin',(37.899999999975,1.11000000000001,-21.0749999998587));
#14184=CARTESIAN_POINT('',(37.899999999975,1.11000000000001,-21.0749999998587));
#14185=CARTESIAN_POINT('Origin',(39.3999999998636,1.11000000000001,-21.0749999998583));
#14186=CARTESIAN_POINT('',(39.399999999865,1.11000000000001,-19.5749999999697));
#14187=CARTESIAN_POINT('Origin',(52.8500000000081,1.11000000000001,-19.574999999983));
#14188=CARTESIAN_POINT('',(52.8500000000081,1.11000000000001,-19.574999999983));
#14189=CARTESIAN_POINT('Origin',(52.8500000000067,1.11000000000001,-21.0750000000523));
#14190=CARTESIAN_POINT('',(54.350000000076,1.11000000000001,-21.0750000000538));
#14191=CARTESIAN_POINT('Origin',(54.3500000000621,1.11000000000001,-35.0750000000341));
#14192=CARTESIAN_POINT('',(54.3500000000621,1.11000000000001,-35.0750000000341));
#14193=CARTESIAN_POINT('Origin',(52.8500000001135,1.11000000000001,-35.0750000000326));
#14194=CARTESIAN_POINT('Origin',(-105.856249999862,1.11000000000001,1.52499999999999));
#14195=CARTESIAN_POINT('',(-92.4062499998497,1.11000000000001,1.52500000000002));
#14196=CARTESIAN_POINT('',(-105.856249999862,1.11000000000001,1.52499999999999));
#14197=CARTESIAN_POINT('Origin',(-105.856249999862,1.11000000000001,3.02499999999999));
#14198=CARTESIAN_POINT('',(-107.356249999862,1.11000000000001,3.02499999999999));
#14199=CARTESIAN_POINT('Origin',(-107.356249999862,1.11000000000001,17.025));
#14200=CARTESIAN_POINT('',(-107.356249999862,1.11000000000001,17.025));
#14201=CARTESIAN_POINT('Origin',(-105.856249999862,1.11000000000001,17.025));
#14202=CARTESIAN_POINT('',(-105.856249999862,1.11000000000001,18.525));
#14203=CARTESIAN_POINT('Origin',(-92.406249999857,1.11000000000001,18.525));
#14204=CARTESIAN_POINT('',(-92.406249999857,1.11000000000001,18.5249999999999));
#14205=CARTESIAN_POINT('Origin',(-92.406249999857,1.11000000000001,17.0249999999927));
#14206=CARTESIAN_POINT('',(-90.9062499998498,1.11000000000001,17.0249999999927));
#14207=CARTESIAN_POINT('Origin',(-90.9062499998498,1.11000000000001,3.02499999999999));
#14208=CARTESIAN_POINT('',(-90.9062499998498,1.11000000000001,3.02499999999999));
#14209=CARTESIAN_POINT('Origin',(-92.4062499998498,1.11000000000001,3.02499999999999));
#14210=CARTESIAN_POINT('Origin',(15.5875000000042,1.11000000000001,1.52500000000004));
#14211=CARTESIAN_POINT('',(29.0375,1.11000000000001,1.52499999999998));
#14212=CARTESIAN_POINT('',(15.5875000000042,1.11000000000001,1.52500000000005));
#14213=CARTESIAN_POINT('Origin',(15.5875000000042,1.11000000000001,3.02500000000003));
#14214=CARTESIAN_POINT('',(14.0875000000042,1.11000000000001,3.02500000000002));
#14215=CARTESIAN_POINT('Origin',(14.0875,1.11000000000001,17.025));
#14216=CARTESIAN_POINT('',(14.0875,1.11000000000001,17.025));
#14217=CARTESIAN_POINT('Origin',(15.5875,1.11000000000001,17.025));
#14218=CARTESIAN_POINT('',(15.5875,1.11000000000001,18.525));
#14219=CARTESIAN_POINT('Origin',(29.0374999999999,1.11000000000001,18.525));
#14220=CARTESIAN_POINT('',(29.0374999999999,1.11000000000001,18.525));
#14221=CARTESIAN_POINT('Origin',(29.0374999999999,1.11000000000001,17.025));
#14222=CARTESIAN_POINT('',(30.5375,1.11000000000001,17.025));
#14223=CARTESIAN_POINT('Origin',(30.5375,1.11000000000001,3.02499999999998));
#14224=CARTESIAN_POINT('',(30.5375,1.11000000000001,3.02499999999998));
#14225=CARTESIAN_POINT('Origin',(29.0375,1.11000000000001,3.02499999999999));
#14226=CARTESIAN_POINT('Origin',(63.2125,1.11000000000001,-17.525));
#14227=CARTESIAN_POINT('',(76.6625,1.11000000000001,-17.525));
#14228=CARTESIAN_POINT('',(63.2125,1.11000000000001,-17.525));
#14229=CARTESIAN_POINT('Origin',(63.2125,1.11000000000001,-16.025));
#14230=CARTESIAN_POINT('',(61.7125,1.11000000000001,-16.025));
#14231=CARTESIAN_POINT('Origin',(61.7125,1.11000000000001,-2.025));
#14232=CARTESIAN_POINT('',(61.7125,1.11000000000001,-2.025));
#14233=CARTESIAN_POINT('Origin',(63.2125,1.11000000000001,-2.025));
#14234=CARTESIAN_POINT('',(63.2125,1.11000000000001,-0.524999999999999));
#14235=CARTESIAN_POINT('Origin',(76.6625000000001,1.11000000000001,-0.524999999999999));
#14236=CARTESIAN_POINT('',(76.6625000000001,1.11000000000001,-0.524999999999999));
#14237=CARTESIAN_POINT('Origin',(76.6625,1.11000000000001,-2.02500000000001));
#14238=CARTESIAN_POINT('',(78.1625,1.11000000000001,-2.02500000000001));
#14239=CARTESIAN_POINT('Origin',(78.1625,1.11000000000001,-16.025));
#14240=CARTESIAN_POINT('',(78.1625,1.11000000000001,-16.025));
#14241=CARTESIAN_POINT('Origin',(76.6625,1.11000000000001,-16.025));
#14242=CARTESIAN_POINT('Origin',(-110.61875,1.11000000000001,-17.525));
#14243=CARTESIAN_POINT('',(-97.1687500000001,1.11000000000001,-17.525));
#14244=CARTESIAN_POINT('',(-110.61875,1.11000000000001,-17.525));
#14245=CARTESIAN_POINT('Origin',(-110.61875,1.11000000000001,-16.025));
#14246=CARTESIAN_POINT('',(-112.11875,1.11000000000001,-16.025));
#14247=CARTESIAN_POINT('Origin',(-112.11875,1.11000000000001,-2.02500000000002));
#14248=CARTESIAN_POINT('',(-112.11875,1.11000000000001,-2.02500000000002));
#14249=CARTESIAN_POINT('Origin',(-110.61875,1.11000000000001,-2.02500000000002));
#14250=CARTESIAN_POINT('',(-110.61875,1.11000000000001,-0.525000000000015));
#14251=CARTESIAN_POINT('Origin',(-97.1687500000001,1.11000000000001,-0.525000000000015));
#14252=CARTESIAN_POINT('',(-97.1687500000001,1.11000000000001,-0.524999999999998));
#14253=CARTESIAN_POINT('Origin',(-97.1687500000001,1.11000000000001,-2.02500000000004));
#14254=CARTESIAN_POINT('',(-95.66875,1.11000000000001,-2.02500000000004));
#14255=CARTESIAN_POINT('Origin',(-95.66875,1.11000000000001,-16.025));
#14256=CARTESIAN_POINT('',(-95.66875,1.11000000000001,-16.025));
#14257=CARTESIAN_POINT('Origin',(-97.16875,1.11000000000001,-16.025));
#14258=CARTESIAN_POINT('Origin',(53.6875000000042,1.11000000000001,1.52500000000004));
#14259=CARTESIAN_POINT('',(67.1375,1.11000000000001,1.52499999999998));
#14260=CARTESIAN_POINT('',(53.6875000000042,1.11000000000001,1.52500000000004));
#14261=CARTESIAN_POINT('Origin',(53.6875000000042,1.11000000000001,3.02500000000003));
#14262=CARTESIAN_POINT('',(52.1875000000042,1.11000000000001,3.02500000000002));
#14263=CARTESIAN_POINT('Origin',(52.1875,1.11000000000001,17.025));
#14264=CARTESIAN_POINT('',(52.1875,1.11000000000001,17.025));
#14265=CARTESIAN_POINT('Origin',(53.6875,1.11000000000001,17.025));
#14266=CARTESIAN_POINT('',(53.6875,1.11000000000001,18.525));
#14267=CARTESIAN_POINT('Origin',(67.1374999999999,1.11000000000001,18.525));
#14268=CARTESIAN_POINT('',(67.1374999999999,1.11000000000001,18.525));
#14269=CARTESIAN_POINT('Origin',(67.1374999999999,1.11000000000001,17.025));
#14270=CARTESIAN_POINT('',(68.6375,1.11000000000001,17.025));
#14271=CARTESIAN_POINT('Origin',(68.6375,1.11000000000001,3.02499999999998));
#14272=CARTESIAN_POINT('',(68.6375,1.11000000000001,3.02499999999998));
#14273=CARTESIAN_POINT('Origin',(67.1375,1.11000000000001,3.02499999999999));
#14274=CARTESIAN_POINT('Origin',(1.30000000000015,1.11000000000001,-36.5749999999517));
#14275=CARTESIAN_POINT('',(14.7500000001102,1.11000000000001,-36.5749999999812));
#14276=CARTESIAN_POINT('',(1.30000000000015,1.11000000000001,-36.5749999999517));
#14277=CARTESIAN_POINT('Origin',(1.30000000000342,1.11000000000001,-35.0749999999275));
#14278=CARTESIAN_POINT('',(-0.200000000020814,1.11000000000001,-35.0749999999279));
#14279=CARTESIAN_POINT('Origin',(-0.200000000025017,1.11000000000001,-21.0749999998587));
#14280=CARTESIAN_POINT('',(-0.200000000025017,1.11000000000001,-21.0749999998587));
#14281=CARTESIAN_POINT('Origin',(1.29999999986356,1.11000000000001,-21.0749999998583));
#14282=CARTESIAN_POINT('',(1.29999999986502,1.11000000000001,-19.5749999999697));
#14283=CARTESIAN_POINT('Origin',(14.7500000000081,1.11000000000001,-19.574999999983));
#14284=CARTESIAN_POINT('',(14.7500000000081,1.11000000000001,-19.574999999983));
#14285=CARTESIAN_POINT('Origin',(14.7500000000067,1.11000000000001,-21.0750000000523));
#14286=CARTESIAN_POINT('',(16.2500000000759,1.11000000000001,-21.0750000000538));
#14287=CARTESIAN_POINT('Origin',(16.2500000000621,1.11000000000001,-35.0750000000341));
#14288=CARTESIAN_POINT('',(16.2500000000621,1.11000000000001,-35.0750000000341));
#14289=CARTESIAN_POINT('Origin',(14.7500000001135,1.11000000000001,-35.0750000000326));
#14290=CARTESIAN_POINT('Origin',(-55.8499999999999,1.11000000000001,-36.5749999999517));
#14291=CARTESIAN_POINT('',(-42.3999999998898,1.11000000000001,-36.5749999999812));
#14292=CARTESIAN_POINT('',(-55.8499999999999,1.11000000000001,-36.5749999999517));
#14293=CARTESIAN_POINT('Origin',(-55.8499999999966,1.11000000000001,-35.0749999999275));
#14294=CARTESIAN_POINT('',(-57.3500000000208,1.11000000000001,-35.0749999999279));
#14295=CARTESIAN_POINT('Origin',(-57.350000000025,1.11000000000001,-21.0749999998587));
#14296=CARTESIAN_POINT('',(-57.350000000025,1.11000000000001,-21.0749999998587));
#14297=CARTESIAN_POINT('Origin',(-55.8500000001364,1.11000000000001,-21.0749999998583));
#14298=CARTESIAN_POINT('',(-55.850000000135,1.11000000000001,-19.5749999999697));
#14299=CARTESIAN_POINT('Origin',(-42.3999999999919,1.11000000000001,-19.574999999983));
#14300=CARTESIAN_POINT('',(-42.3999999999919,1.11000000000001,-19.574999999983));
#14301=CARTESIAN_POINT('Origin',(-42.3999999999933,1.11000000000001,-21.0750000000523));
#14302=CARTESIAN_POINT('',(-40.8999999999241,1.11000000000001,-21.0750000000538));
#14303=CARTESIAN_POINT('Origin',(-40.8999999999379,1.11000000000001,-35.0750000000341));
#14304=CARTESIAN_POINT('',(-40.8999999999379,1.11000000000001,-35.0750000000341));
#14305=CARTESIAN_POINT('Origin',(-42.3999999998865,1.11000000000001,-35.0750000000326));
#14306=CARTESIAN_POINT('Origin',(-41.5624999999958,1.11000000000001,1.52500000000004));
#14307=CARTESIAN_POINT('',(-28.1125,1.11000000000001,1.52499999999998));
#14308=CARTESIAN_POINT('',(-41.5624999999958,1.11000000000001,1.52500000000004));
#14309=CARTESIAN_POINT('Origin',(-41.5624999999958,1.11000000000001,3.02500000000003));
#14310=CARTESIAN_POINT('',(-43.0624999999958,1.11000000000001,3.02500000000002));
#14311=CARTESIAN_POINT('Origin',(-43.0625,1.11000000000001,17.025));
#14312=CARTESIAN_POINT('',(-43.0625,1.11000000000001,17.025));
#14313=CARTESIAN_POINT('Origin',(-41.5625,1.11000000000001,17.025));
#14314=CARTESIAN_POINT('',(-41.5625,1.11000000000001,18.525));
#14315=CARTESIAN_POINT('Origin',(-28.1125000000001,1.11000000000001,18.525));
#14316=CARTESIAN_POINT('',(-28.1125000000001,1.11000000000001,18.525));
#14317=CARTESIAN_POINT('Origin',(-28.1125000000001,1.11000000000001,17.025));
#14318=CARTESIAN_POINT('',(-26.6125,1.11000000000001,17.025));
#14319=CARTESIAN_POINT('Origin',(-26.6125,1.11000000000001,3.02499999999998));
#14320=CARTESIAN_POINT('',(-26.6125,1.11000000000001,3.02499999999998));
#14321=CARTESIAN_POINT('Origin',(-28.1125,1.11000000000001,3.02499999999999));
#14322=CARTESIAN_POINT('Origin',(20.3500000000002,1.11000000000001,-36.5749999999517));
#14323=CARTESIAN_POINT('',(33.8000000001102,1.11000000000001,-36.5749999999812));
#14324=CARTESIAN_POINT('',(20.3500000000002,1.11000000000001,-36.5749999999517));
#14325=CARTESIAN_POINT('Origin',(20.3500000000034,1.11000000000001,-35.0749999999275));
#14326=CARTESIAN_POINT('',(18.8499999999792,1.11000000000001,-35.0749999999279));
#14327=CARTESIAN_POINT('Origin',(18.849999999975,1.11000000000001,-21.0749999998587));
#14328=CARTESIAN_POINT('',(18.849999999975,1.11000000000001,-21.0749999998587));
#14329=CARTESIAN_POINT('Origin',(20.3499999998636,1.11000000000001,-21.0749999998583));
#14330=CARTESIAN_POINT('',(20.349999999865,1.11000000000001,-19.5749999999697));
#14331=CARTESIAN_POINT('Origin',(33.8000000000081,1.11000000000001,-19.574999999983));
#14332=CARTESIAN_POINT('',(33.8000000000081,1.11000000000001,-19.574999999983));
#14333=CARTESIAN_POINT('Origin',(33.8000000000067,1.11000000000001,-21.0750000000523));
#14334=CARTESIAN_POINT('',(35.300000000076,1.11000000000001,-21.0750000000538));
#14335=CARTESIAN_POINT('Origin',(35.3000000000621,1.11000000000001,-35.0750000000341));
#14336=CARTESIAN_POINT('',(35.3000000000621,1.11000000000001,-35.0750000000341));
#14337=CARTESIAN_POINT('Origin',(33.8000000001135,1.11000000000001,-35.0750000000326));
#14338=CARTESIAN_POINT('Origin',(-17.7499999999998,1.11000000000001,-36.5749999999517));
#14339=CARTESIAN_POINT('',(-4.29999999988981,1.11000000000001,-36.5749999999812));
#14340=CARTESIAN_POINT('',(-17.7499999999998,1.11000000000001,-36.5749999999517));
#14341=CARTESIAN_POINT('Origin',(-17.7499999999966,1.11000000000001,-35.0749999999275));
#14342=CARTESIAN_POINT('',(-19.2500000000208,1.11000000000001,-35.0749999999279));
#14343=CARTESIAN_POINT('Origin',(-19.250000000025,1.11000000000001,-21.0749999998587));
#14344=CARTESIAN_POINT('',(-19.250000000025,1.11000000000001,-21.0749999998587));
#14345=CARTESIAN_POINT('Origin',(-17.7500000001364,1.11000000000001,-21.0749999998583));
#14346=CARTESIAN_POINT('',(-17.750000000135,1.11000000000001,-19.5749999999697));
#14347=CARTESIAN_POINT('Origin',(-4.29999999999186,1.11000000000001,-19.574999999983));
#14348=CARTESIAN_POINT('',(-4.29999999999186,1.11000000000001,-19.574999999983));
#14349=CARTESIAN_POINT('Origin',(-4.29999999999334,1.11000000000001,-21.0750000000523));
#14350=CARTESIAN_POINT('',(-2.79999999992405,1.11000000000001,-21.0750000000538));
#14351=CARTESIAN_POINT('Origin',(-2.79999999993791,1.11000000000001,-35.0750000000341));
#14352=CARTESIAN_POINT('',(-2.79999999993791,1.11000000000001,-35.0750000000341));
#14353=CARTESIAN_POINT('Origin',(-4.29999999988651,1.11000000000001,-35.0750000000326));
#14354=CARTESIAN_POINT('Origin',(77.5000000000002,1.11000000000001,-36.5749999999517));
#14355=CARTESIAN_POINT('',(90.9500000001102,1.11000000000001,-36.5749999999812));
#14356=CARTESIAN_POINT('',(77.5000000000002,1.11000000000001,-36.5749999999517));
#14357=CARTESIAN_POINT('Origin',(77.5000000000034,1.11000000000001,-35.0749999999275));
#14358=CARTESIAN_POINT('',(75.9999999999792,1.11000000000001,-35.0749999999279));
#14359=CARTESIAN_POINT('Origin',(75.999999999975,1.11000000000001,-21.0749999998587));
#14360=CARTESIAN_POINT('',(75.999999999975,1.11000000000001,-21.0749999998587));
#14361=CARTESIAN_POINT('Origin',(77.4999999998636,1.11000000000001,-21.0749999998583));
#14362=CARTESIAN_POINT('',(77.499999999865,1.11000000000001,-19.5749999999697));
#14363=CARTESIAN_POINT('Origin',(90.9500000000081,1.11000000000001,-19.574999999983));
#14364=CARTESIAN_POINT('',(90.9500000000082,1.11000000000001,-19.574999999983));
#14365=CARTESIAN_POINT('Origin',(90.9500000000067,1.11000000000001,-21.0750000000523));
#14366=CARTESIAN_POINT('',(92.4500000000759,1.11000000000001,-21.0750000000538));
#14367=CARTESIAN_POINT('Origin',(92.4500000000621,1.11000000000001,-35.0750000000341));
#14368=CARTESIAN_POINT('',(92.4500000000621,1.11000000000001,-35.0750000000341));
#14369=CARTESIAN_POINT('Origin',(90.9500000001135,1.11000000000001,-35.0750000000326));
#14370=CARTESIAN_POINT('Origin',(45.243788555393,1.11000000000001,28.5613113278953));
#14371=CARTESIAN_POINT('',(42.993788555393,1.11000000000001,28.5613113278953));
#14372=CARTESIAN_POINT('Origin',(-79.6624999999958,1.11000000000001,1.52500000000004));
#14373=CARTESIAN_POINT('',(-66.2125,1.11000000000001,1.52499999999998));
#14374=CARTESIAN_POINT('',(-79.6624999999958,1.11000000000001,1.52500000000006));
#14375=CARTESIAN_POINT('Origin',(-79.6624999999958,1.11000000000001,3.02500000000003));
#14376=CARTESIAN_POINT('',(-81.1624999999958,1.11000000000001,3.02500000000002));
#14377=CARTESIAN_POINT('Origin',(-81.1625,1.11000000000001,17.025));
#14378=CARTESIAN_POINT('',(-81.1625,1.11000000000001,17.025));
#14379=CARTESIAN_POINT('Origin',(-79.6625,1.11000000000001,17.025));
#14380=CARTESIAN_POINT('',(-79.6625,1.11000000000001,18.525));
#14381=CARTESIAN_POINT('Origin',(-66.2125000000001,1.11000000000001,18.525));
#14382=CARTESIAN_POINT('',(-66.2125000000001,1.11000000000001,18.525));
#14383=CARTESIAN_POINT('Origin',(-66.2125000000001,1.11000000000001,17.025));
#14384=CARTESIAN_POINT('',(-64.7125000000001,1.11000000000001,17.025));
#14385=CARTESIAN_POINT('Origin',(-64.7125,1.11000000000001,3.02499999999998));
#14386=CARTESIAN_POINT('',(-64.7125,1.11000000000001,3.02499999999998));
#14387=CARTESIAN_POINT('Origin',(-66.2125,1.11000000000001,3.02499999999999));
#14388=CARTESIAN_POINT('Origin',(-22.5124999999958,1.11000000000001,1.52500000000004));
#14389=CARTESIAN_POINT('',(-9.06250000000006,1.11000000000001,1.52499999999998));
#14390=CARTESIAN_POINT('',(-22.5124999999958,1.11000000000001,1.52500000000005));
#14391=CARTESIAN_POINT('Origin',(-22.5124999999958,1.11000000000001,3.02500000000003));
#14392=CARTESIAN_POINT('',(-24.0124999999958,1.11000000000001,3.02500000000002));
#14393=CARTESIAN_POINT('Origin',(-24.0125,1.11000000000001,17.025));
#14394=CARTESIAN_POINT('',(-24.0125,1.11000000000001,17.025));
#14395=CARTESIAN_POINT('Origin',(-22.5125,1.11000000000001,17.025));
#14396=CARTESIAN_POINT('',(-22.5125,1.11000000000001,18.525));
#14397=CARTESIAN_POINT('Origin',(-9.06250000000009,1.11000000000001,18.525));
#14398=CARTESIAN_POINT('',(-9.06250000000009,1.11000000000001,18.525));
#14399=CARTESIAN_POINT('Origin',(-9.06250000000007,1.11000000000001,17.025));
#14400=CARTESIAN_POINT('',(-7.56250000000005,1.11000000000001,17.025));
#14401=CARTESIAN_POINT('Origin',(-7.56250000000005,1.11000000000001,3.02499999999998));
#14402=CARTESIAN_POINT('',(-7.56250000000004,1.11000000000001,3.02499999999998));
#14403=CARTESIAN_POINT('Origin',(-9.06250000000005,1.11000000000001,3.02499999999999));
#14404=CARTESIAN_POINT('Origin',(-32.0375,1.11000000000001,-17.525));
#14405=CARTESIAN_POINT('',(-18.5875000000001,1.11000000000001,-17.525));
#14406=CARTESIAN_POINT('',(-32.0375,1.11000000000001,-17.525));
#14407=CARTESIAN_POINT('Origin',(-32.0375,1.11000000000001,-16.025));
#14408=CARTESIAN_POINT('',(-33.5375,1.11000000000001,-16.025));
#14409=CARTESIAN_POINT('Origin',(-33.5375,1.11000000000001,-2.025));
#14410=CARTESIAN_POINT('',(-33.5375,1.11000000000001,-2.025));
#14411=CARTESIAN_POINT('Origin',(-32.0375,1.11000000000001,-2.025));
#14412=CARTESIAN_POINT('',(-32.0375,1.11000000000001,-0.524999999999999));
#14413=CARTESIAN_POINT('Origin',(-18.5875,1.11000000000001,-0.524999999999999));
#14414=CARTESIAN_POINT('',(-18.5875,1.11000000000001,-0.525000000000002));
#14415=CARTESIAN_POINT('Origin',(-18.5875,1.11000000000001,-2.02500000000001));
#14416=CARTESIAN_POINT('',(-17.0875,1.11000000000001,-2.02500000000001));
#14417=CARTESIAN_POINT('Origin',(-17.0875,1.11000000000001,-16.025));
#14418=CARTESIAN_POINT('',(-17.0875,1.11000000000001,-16.025));
#14419=CARTESIAN_POINT('Origin',(-18.5875,1.11000000000001,-16.025));
#14420=CARTESIAN_POINT('Origin',(-74.8999999999999,1.11000000000001,-36.5749999999517));
#14421=CARTESIAN_POINT('',(-61.4499999998898,1.11000000000001,-36.5749999999812));
#14422=CARTESIAN_POINT('',(-74.8999999999999,1.11000000000001,-36.5749999999517));
#14423=CARTESIAN_POINT('Origin',(-74.8999999999966,1.11000000000001,-35.0749999999275));
#14424=CARTESIAN_POINT('',(-76.4000000000208,1.11000000000001,-35.0749999999279));
#14425=CARTESIAN_POINT('Origin',(-76.400000000025,1.11000000000001,-21.0749999998587));
#14426=CARTESIAN_POINT('',(-76.400000000025,1.11000000000001,-21.0749999998587));
#14427=CARTESIAN_POINT('Origin',(-74.9000000001364,1.11000000000001,-21.0749999998583));
#14428=CARTESIAN_POINT('',(-74.900000000135,1.11000000000001,-19.5749999999697));
#14429=CARTESIAN_POINT('Origin',(-61.4499999999919,1.11000000000001,-19.574999999983));
#14430=CARTESIAN_POINT('',(-61.4499999999919,1.11000000000001,-19.574999999983));
#14431=CARTESIAN_POINT('Origin',(-61.4499999999934,1.11000000000001,-21.0750000000523));
#14432=CARTESIAN_POINT('',(-59.9499999999241,1.11000000000001,-21.0750000000538));
#14433=CARTESIAN_POINT('Origin',(-59.9499999999379,1.11000000000001,-35.0750000000341));
#14434=CARTESIAN_POINT('',(-59.9499999999379,1.11000000000001,-35.0750000000341));
#14435=CARTESIAN_POINT('Origin',(-61.4499999998865,1.11000000000001,-35.0750000000326));
#14436=CARTESIAN_POINT('Origin',(58.4500000000002,1.11000000000001,-36.5749999999517));
#14437=CARTESIAN_POINT('',(71.9000000001102,1.11000000000001,-36.5749999999812));
#14438=CARTESIAN_POINT('',(58.4500000000002,1.11000000000001,-36.5749999999517));
#14439=CARTESIAN_POINT('Origin',(58.4500000000034,1.11000000000001,-35.0749999999275));
#14440=CARTESIAN_POINT('',(56.9499999999792,1.11000000000001,-35.0749999999279));
#14441=CARTESIAN_POINT('Origin',(56.949999999975,1.11000000000001,-21.0749999998587));
#14442=CARTESIAN_POINT('',(56.949999999975,1.11000000000001,-21.0749999998587));
#14443=CARTESIAN_POINT('Origin',(58.4499999998636,1.11000000000001,-21.0749999998583));
#14444=CARTESIAN_POINT('',(58.449999999865,1.11000000000001,-19.5749999999697));
#14445=CARTESIAN_POINT('Origin',(71.9000000000081,1.11000000000001,-19.574999999983));
#14446=CARTESIAN_POINT('',(71.9000000000081,1.11000000000001,-19.574999999983));
#14447=CARTESIAN_POINT('Origin',(71.9000000000067,1.11000000000001,-21.0750000000523));
#14448=CARTESIAN_POINT('',(73.4000000000759,1.11000000000001,-21.0750000000538));
#14449=CARTESIAN_POINT('Origin',(73.4000000000621,1.11000000000001,-35.0750000000341));
#14450=CARTESIAN_POINT('',(73.4000000000621,1.11000000000001,-35.0750000000341));
#14451=CARTESIAN_POINT('Origin',(71.9000000001135,1.11000000000001,-35.0750000000326));
#14452=CARTESIAN_POINT('Origin',(-36.7999999999998,1.11000000000001,-36.5749999999517));
#14453=CARTESIAN_POINT('',(-23.3499999998898,1.11000000000001,-36.5749999999812));
#14454=CARTESIAN_POINT('',(-36.7999999999998,1.11000000000001,-36.5749999999517));
#14455=CARTESIAN_POINT('Origin',(-36.7999999999966,1.11000000000001,-35.0749999999275));
#14456=CARTESIAN_POINT('',(-38.3000000000208,1.11000000000001,-35.0749999999279));
#14457=CARTESIAN_POINT('Origin',(-38.300000000025,1.11000000000001,-21.0749999998587));
#14458=CARTESIAN_POINT('',(-38.300000000025,1.11000000000001,-21.0749999998587));
#14459=CARTESIAN_POINT('Origin',(-36.8000000001364,1.11000000000001,-21.0749999998583));
#14460=CARTESIAN_POINT('',(-36.800000000135,1.11000000000001,-19.5749999999697));
#14461=CARTESIAN_POINT('Origin',(-23.3499999999919,1.11000000000001,-19.574999999983));
#14462=CARTESIAN_POINT('',(-23.3499999999919,1.11000000000001,-19.574999999983));
#14463=CARTESIAN_POINT('Origin',(-23.3499999999933,1.11000000000001,-21.0750000000523));
#14464=CARTESIAN_POINT('',(-21.849999999924,1.11000000000001,-21.0750000000538));
#14465=CARTESIAN_POINT('Origin',(-21.8499999999379,1.11000000000001,-35.0750000000341));
#14466=CARTESIAN_POINT('',(-21.8499999999379,1.11000000000001,-35.0750000000341));
#14467=CARTESIAN_POINT('Origin',(-23.3499999998865,1.11000000000001,-35.0750000000326));
#14468=CARTESIAN_POINT('Origin',(87.90625,1.11000000000001,-2.025));
#14469=CARTESIAN_POINT('',(87.90625,1.11000000000001,-2.025));
#14470=CARTESIAN_POINT('Origin',(89.40625,1.11000000000001,-2.025));
#14471=CARTESIAN_POINT('',(89.40625,1.11000000000001,-0.524999999999998));
#14472=CARTESIAN_POINT('Origin',(102.85625,1.11000000000001,-0.524999999999998));
#14473=CARTESIAN_POINT('',(102.85625,1.11000000000001,-0.524999999999998));
#14474=CARTESIAN_POINT('Origin',(102.85625,1.11000000000001,-2.025));
#14475=CARTESIAN_POINT('',(104.35625,1.11000000000001,-2.025));
#14476=CARTESIAN_POINT('Origin',(104.35625,1.11000000000001,-16.025));
#14477=CARTESIAN_POINT('',(104.35625,1.11000000000001,-16.025));
#14478=CARTESIAN_POINT('Origin',(102.85625,1.11000000000001,-16.025));
#14479=CARTESIAN_POINT('',(102.85625,1.11000000000001,-17.525));
#14480=CARTESIAN_POINT('Origin',(89.40625,1.11000000000001,-17.525));
#14481=CARTESIAN_POINT('',(89.40625,1.11000000000001,-17.525));
#14482=CARTESIAN_POINT('Origin',(89.40625,1.11000000000001,-16.025));
#14483=CARTESIAN_POINT('Origin',(-91.678086444607,1.11000000000001,-14.2874626721047));
#14484=CARTESIAN_POINT('',(-93.928086444607,1.11000000000001,-14.2874626721047));
#14485=CARTESIAN_POINT('Origin',(-90.6875,1.11000000000001,-2.025));
#14486=CARTESIAN_POINT('',(-90.6875,1.11000000000001,-2.025));
#14487=CARTESIAN_POINT('Origin',(-89.1875,1.11000000000001,-2.025));
#14488=CARTESIAN_POINT('',(-89.1875,1.11000000000001,-0.524999999999999));
#14489=CARTESIAN_POINT('Origin',(-75.7375,1.11000000000001,-0.524999999999999));
#14490=CARTESIAN_POINT('',(-75.7375,1.11000000000001,-0.524999999999999));
#14491=CARTESIAN_POINT('Origin',(-75.7375,1.11000000000001,-2.02500000000001));
#14492=CARTESIAN_POINT('',(-74.2375,1.11000000000001,-2.02500000000001));
#14493=CARTESIAN_POINT('Origin',(-74.2375,1.11000000000001,-16.025));
#14494=CARTESIAN_POINT('',(-74.2375,1.11000000000001,-16.025));
#14495=CARTESIAN_POINT('Origin',(-75.7375,1.11000000000001,-16.025));
#14496=CARTESIAN_POINT('Origin',(25.1125,1.11000000000001,-17.525));
#14497=CARTESIAN_POINT('',(38.5625,1.11000000000001,-17.525));
#14498=CARTESIAN_POINT('',(25.1125,1.11000000000001,-17.525));
#14499=CARTESIAN_POINT('Origin',(25.1125,1.11000000000001,-16.025));
#14500=CARTESIAN_POINT('',(23.6125,1.11000000000001,-16.025));
#14501=CARTESIAN_POINT('Origin',(23.6125,1.11000000000001,-2.025));
#14502=CARTESIAN_POINT('',(23.6125,1.11000000000001,-2.025));
#14503=CARTESIAN_POINT('Origin',(25.1125,1.11000000000001,-2.025));
#14504=CARTESIAN_POINT('',(25.1125,1.11000000000001,-0.524999999999999));
#14505=CARTESIAN_POINT('Origin',(38.5625000000001,1.11000000000001,-0.524999999999999));
#14506=CARTESIAN_POINT('',(38.5625000000001,1.11000000000001,-0.524999999999999));
#14507=CARTESIAN_POINT('Origin',(38.5625,1.11000000000001,-2.02500000000001));
#14508=CARTESIAN_POINT('',(40.0625,1.11000000000001,-2.02500000000001));
#14509=CARTESIAN_POINT('Origin',(40.0625,1.11000000000001,-16.025));
#14510=CARTESIAN_POINT('',(40.0625,1.11000000000001,-16.025));
#14511=CARTESIAN_POINT('Origin',(38.5625,1.11000000000001,-16.025));
#14512=CARTESIAN_POINT('Origin',(-45.243711444607,1.11000000000001,28.5630993278953));
#14513=CARTESIAN_POINT('',(-47.493711444607,1.11000000000001,28.5630993278953));
#14514=CARTESIAN_POINT('Origin',(34.6375000000042,1.11000000000001,1.52500000000004));
#14515=CARTESIAN_POINT('',(48.0875,1.11000000000001,1.52499999999998));
#14516=CARTESIAN_POINT('',(34.6375000000042,1.11000000000001,1.52500000000005));
#14517=CARTESIAN_POINT('Origin',(34.6375000000042,1.11000000000001,3.02500000000003));
#14518=CARTESIAN_POINT('',(33.1375000000042,1.11000000000001,3.02500000000002));
#14519=CARTESIAN_POINT('Origin',(33.1375,1.11000000000001,17.025));
#14520=CARTESIAN_POINT('',(33.1375,1.11000000000001,17.025));
#14521=CARTESIAN_POINT('Origin',(34.6375,1.11000000000001,17.025));
#14522=CARTESIAN_POINT('',(34.6375,1.11000000000001,18.525));
#14523=CARTESIAN_POINT('Origin',(48.0874999999999,1.11000000000001,18.525));
#14524=CARTESIAN_POINT('',(48.0874999999999,1.11000000000001,18.525));
#14525=CARTESIAN_POINT('Origin',(48.0874999999999,1.11000000000001,17.025));
#14526=CARTESIAN_POINT('',(49.5875,1.11000000000001,17.025));
#14527=CARTESIAN_POINT('Origin',(49.5875,1.11000000000001,3.02499999999998));
#14528=CARTESIAN_POINT('',(49.5875,1.11000000000001,3.02499999999998));
#14529=CARTESIAN_POINT('Origin',(48.0875,1.11000000000001,3.02499999999999));
#14530=CARTESIAN_POINT('Origin',(6.06249999999999,1.11000000000001,-17.525));
#14531=CARTESIAN_POINT('',(19.5124999999999,1.11000000000001,-17.525));
#14532=CARTESIAN_POINT('',(6.06249999999999,1.11000000000001,-17.525));
#14533=CARTESIAN_POINT('Origin',(6.06249999999999,1.11000000000001,-16.025));
#14534=CARTESIAN_POINT('',(4.56249999999999,1.11000000000001,-16.025));
#14535=CARTESIAN_POINT('Origin',(4.5625,1.11000000000001,-2.025));
#14536=CARTESIAN_POINT('',(4.5625,1.11000000000001,-2.025));
#14537=CARTESIAN_POINT('Origin',(6.0625,1.11000000000001,-2.025));
#14538=CARTESIAN_POINT('',(6.06250000000003,1.11000000000001,-0.524999999999999));
#14539=CARTESIAN_POINT('Origin',(19.5125000000001,1.11000000000001,-0.524999999999999));
#14540=CARTESIAN_POINT('',(19.5125000000001,1.11000000000001,-0.525000000000002));
#14541=CARTESIAN_POINT('Origin',(19.5125,1.11000000000001,-2.02500000000001));
#14542=CARTESIAN_POINT('',(21.0125,1.11000000000001,-2.02500000000001));
#14543=CARTESIAN_POINT('Origin',(21.0125,1.11000000000001,-16.025));
#14544=CARTESIAN_POINT('',(21.0125,1.11000000000001,-16.025));
#14545=CARTESIAN_POINT('Origin',(19.5125,1.11000000000001,-16.025));
#14546=CARTESIAN_POINT('Origin',(96.5500000000002,1.11000000000001,-36.5749999999517));
#14547=CARTESIAN_POINT('',(110.00000000011,1.11000000000001,-36.5749999999812));
#14548=CARTESIAN_POINT('',(96.5500000000002,1.11000000000001,-36.5749999999517));
#14549=CARTESIAN_POINT('Origin',(96.5500000000034,1.11000000000001,-35.0749999999275));
#14550=CARTESIAN_POINT('',(95.0499999999792,1.11000000000001,-35.0749999999279));
#14551=CARTESIAN_POINT('Origin',(95.049999999975,1.11000000000001,-21.0749999998587));
#14552=CARTESIAN_POINT('',(95.049999999975,1.11000000000001,-21.0749999998587));
#14553=CARTESIAN_POINT('Origin',(96.5499999998636,1.11000000000001,-21.0749999998583));
#14554=CARTESIAN_POINT('',(96.549999999865,1.11000000000001,-19.5749999999697));
#14555=CARTESIAN_POINT('Origin',(110.000000000008,1.11000000000001,-19.574999999983));
#14556=CARTESIAN_POINT('',(110.000000000008,1.11000000000001,-19.574999999983));
#14557=CARTESIAN_POINT('Origin',(110.000000000007,1.11000000000001,-21.0750000000523));
#14558=CARTESIAN_POINT('',(111.500000000076,1.11000000000001,-21.0750000000538));
#14559=CARTESIAN_POINT('Origin',(111.500000000062,1.11000000000001,-35.0750000000341));
#14560=CARTESIAN_POINT('',(111.500000000062,1.11000000000001,-35.0750000000341));
#14561=CARTESIAN_POINT('Origin',(110.000000000114,1.11000000000001,-35.0750000000326));
#14562=CARTESIAN_POINT('Origin',(44.1625,1.11000000000001,-17.525));
#14563=CARTESIAN_POINT('',(57.6125,1.11000000000001,-17.525));
#14564=CARTESIAN_POINT('',(44.1625,1.11000000000001,-17.525));
#14565=CARTESIAN_POINT('Origin',(44.1625,1.11000000000001,-16.025));
#14566=CARTESIAN_POINT('',(42.6625,1.11000000000001,-16.025));
#14567=CARTESIAN_POINT('Origin',(42.6625,1.11000000000001,-2.025));
#14568=CARTESIAN_POINT('',(42.6625,1.11000000000001,-2.025));
#14569=CARTESIAN_POINT('Origin',(44.1625,1.11000000000001,-2.025));
#14570=CARTESIAN_POINT('',(44.1625,1.11000000000001,-0.524999999999999));
#14571=CARTESIAN_POINT('Origin',(57.6125000000001,1.11000000000001,-0.524999999999999));
#14572=CARTESIAN_POINT('',(57.6125000000001,1.11000000000001,-0.524999999999999));
#14573=CARTESIAN_POINT('Origin',(57.6125,1.11000000000001,-2.02500000000001));
#14574=CARTESIAN_POINT('',(59.1125,1.11000000000001,-2.02500000000001));
#14575=CARTESIAN_POINT('Origin',(59.1125,1.11000000000001,-16.025));
#14576=CARTESIAN_POINT('',(59.1125,1.11000000000001,-16.025));
#14577=CARTESIAN_POINT('Origin',(57.6125,1.11000000000001,-16.025));
#14578=CARTESIAN_POINT('Origin',(84.534413555393,1.11000000000001,-14.2874626721047));
#14579=CARTESIAN_POINT('',(82.284413555393,1.11000000000001,-14.2874626721047));
#14580=CARTESIAN_POINT('Origin',(-12.9875,1.11000000000001,-17.525));
#14581=CARTESIAN_POINT('',(0.462499999999946,1.11000000000001,-17.525));
#14582=CARTESIAN_POINT('',(-12.9875,1.11000000000001,-17.525));
#14583=CARTESIAN_POINT('Origin',(-12.9875,1.11000000000001,-16.025));
#14584=CARTESIAN_POINT('',(-14.4875,1.11000000000001,-16.025));
#14585=CARTESIAN_POINT('Origin',(-14.4875,1.11000000000001,-2.025));
#14586=CARTESIAN_POINT('',(-14.4875,1.11000000000001,-2.025));
#14587=CARTESIAN_POINT('Origin',(-12.9875,1.11000000000001,-2.025));
#14588=CARTESIAN_POINT('',(-12.9875,1.11000000000001,-0.524999999999999));
#14589=CARTESIAN_POINT('Origin',(0.462500000000059,1.11000000000001,-0.524999999999999));
#14590=CARTESIAN_POINT('',(0.46250000000006,1.11000000000001,-0.525));
#14591=CARTESIAN_POINT('Origin',(0.462499999999972,1.11000000000001,-2.02500000000001));
#14592=CARTESIAN_POINT('',(1.96249999999998,1.11000000000001,-2.02500000000001));
#14593=CARTESIAN_POINT('Origin',(1.96249999999998,1.11000000000001,-16.025));
#14594=CARTESIAN_POINT('',(1.96249999999999,1.11000000000001,-16.025));
#14595=CARTESIAN_POINT('Origin',(0.462499999999986,1.11000000000001,-16.025));
#14596=CARTESIAN_POINT('Origin',(-35.012461444607,1.11000000000001,22.075));
#14597=CARTESIAN_POINT('',(-35.012461444607,1.11000000000001,20.575));
#14598=CARTESIAN_POINT('',(-36.512461444607,1.11000000000001,22.075));
#14599=CARTESIAN_POINT('Origin',(-36.512461444607,1.11000000000001,36.575));
#14600=CARTESIAN_POINT('',(-36.512461444607,1.11000000000001,36.575));
#14601=CARTESIAN_POINT('Origin',(-35.012461444607,1.11000000000001,36.575));
#14602=CARTESIAN_POINT('Origin',(-54.3062500001861,1.11000000000001,36.0749999999999));
#14603=CARTESIAN_POINT('',(-53.4405851935671,1.11000000000001,37.2999997724821));
#14604=CARTESIAN_POINT('',(-52.8062500001861,1.11000000000001,36.0749999999999));
#14605=CARTESIAN_POINT('Origin',(-52.8062500001861,1.11000000000001,22.0749999999999));
#14606=CARTESIAN_POINT('',(-52.8062500001861,1.11000000000001,22.0749999999999));
#14607=CARTESIAN_POINT('Origin',(-54.306250000186,1.11000000000001,22.0749999999999));
#14608=CARTESIAN_POINT('',(-54.306250000186,1.11000000000001,20.5749999999999));
#14609=CARTESIAN_POINT('Origin',(-67.7562500001861,1.11000000000001,20.5749999999999));
#14610=CARTESIAN_POINT('',(-67.7562500001861,1.11000000000001,20.5749999999999));
#14611=CARTESIAN_POINT('Origin',(-67.7562500001861,1.11000000000001,22.075));
#14612=CARTESIAN_POINT('',(-69.2562500001861,1.11000000000001,22.075));
#14613=CARTESIAN_POINT('Origin',(-69.2562500001861,1.11000000000001,36.075));
#14614=CARTESIAN_POINT('',(-69.2562500001861,1.11000000000001,36.075));
#14615=CARTESIAN_POINT('Origin',(-67.7562500001861,1.11000000000001,36.075));
#14616=CARTESIAN_POINT('',(-68.6219148068115,1.11000000000001,37.2999997724775));
#14617=CARTESIAN_POINT('Origin',(-75.7375000001861,1.11000000000001,36.0749999999999));
#14618=CARTESIAN_POINT('',(-74.871835193558,1.11000000000001,37.2999997724757));
#14619=CARTESIAN_POINT('',(-74.2375000001861,1.11000000000001,36.0749999999999));
#14620=CARTESIAN_POINT('Origin',(-74.2375000001861,1.11000000000001,22.0749999999999));
#14621=CARTESIAN_POINT('',(-74.2375000001861,1.11000000000001,22.0749999999999));
#14622=CARTESIAN_POINT('Origin',(-75.737500000186,1.11000000000001,22.0749999999999));
#14623=CARTESIAN_POINT('',(-75.737500000186,1.11000000000001,20.5749999999999));
#14624=CARTESIAN_POINT('Origin',(-89.187500000186,1.11000000000001,20.5749999999999));
#14625=CARTESIAN_POINT('',(-89.187500000186,1.11000000000001,20.575));
#14626=CARTESIAN_POINT('Origin',(-89.1875000001861,1.11000000000001,22.075));
#14627=CARTESIAN_POINT('',(-90.6875000001861,1.11000000000001,22.075));
#14628=CARTESIAN_POINT('Origin',(-90.6875000001861,1.11000000000001,36.075));
#14629=CARTESIAN_POINT('',(-90.6875000001861,1.11000000000001,36.075));
#14630=CARTESIAN_POINT('Origin',(-89.1875000001861,1.11000000000001,36.075));
#14631=CARTESIAN_POINT('',(-90.0531648068206,1.11000000000001,37.2999997724711));
#14632=CARTESIAN_POINT('Origin',(-97.1687500001861,1.11000000000001,36.0749999999999));
#14633=CARTESIAN_POINT('',(-96.3030851935489,1.11000000000001,37.2999997724692));
#14634=CARTESIAN_POINT('',(-95.6687500001861,1.11000000000001,36.0749999999999));
#14635=CARTESIAN_POINT('Origin',(-95.6687500001861,1.11000000000001,22.0749999999999));
#14636=CARTESIAN_POINT('',(-95.6687500001861,1.11000000000001,22.0749999999999));
#14637=CARTESIAN_POINT('Origin',(-97.1687500001861,1.11000000000001,22.0749999999999));
#14638=CARTESIAN_POINT('',(-97.1687500001861,1.11000000000001,20.5749999999999));
#14639=CARTESIAN_POINT('Origin',(-110.618750000186,1.11000000000001,20.5749999999999));
#14640=CARTESIAN_POINT('',(-110.618750000186,1.11000000000001,20.5749999999999));
#14641=CARTESIAN_POINT('Origin',(-110.618750000186,1.11000000000001,22.075));
#14642=CARTESIAN_POINT('',(-112.118750000186,1.11000000000001,22.075));
#14643=CARTESIAN_POINT('Origin',(-112.118750000186,1.11000000000001,36.075));
#14644=CARTESIAN_POINT('',(-112.118750000186,1.11000000000001,36.075));
#14645=CARTESIAN_POINT('Origin',(-110.618750000186,1.11000000000001,36.075));
#14646=CARTESIAN_POINT('',(-111.48441480683,1.11000000000001,37.2999997724646));
#14647=CARTESIAN_POINT('Origin',(-113.000000000136,1.11000000000001,-21.0749999998583));
#14648=CARTESIAN_POINT('',(-114.500000000025,1.11000000000001,-21.0749999998587));
#14649=CARTESIAN_POINT('',(-113.000000000135,1.11000000000001,-19.5749999999697));
#14650=CARTESIAN_POINT('Origin',(-99.5499999999919,1.11000000000001,-19.574999999983));
#14651=CARTESIAN_POINT('',(-99.5499999999919,1.11000000000001,-19.574999999983));
#14652=CARTESIAN_POINT('Origin',(-99.5499999999933,1.11000000000001,-21.0750000000523));
#14653=CARTESIAN_POINT('',(-98.0499999999241,1.11000000000001,-21.0750000000538));
#14654=CARTESIAN_POINT('Origin',(-98.0499999999379,1.11000000000001,-35.0750000000341));
#14655=CARTESIAN_POINT('',(-98.0499999999379,1.11000000000001,-35.0750000000341));
#14656=CARTESIAN_POINT('Origin',(-99.5499999998865,1.11000000000001,-35.0750000000326));
#14657=CARTESIAN_POINT('',(-99.5499999998898,1.11000000000001,-36.5749999999812));
#14658=CARTESIAN_POINT('Origin',(-113.,1.11000000000001,-36.5749999999517));
#14659=CARTESIAN_POINT('',(-113.,1.11000000000001,-36.5749999999517));
#14660=CARTESIAN_POINT('Origin',(-112.999999999997,1.11000000000001,-35.0749999999275));
#14661=CARTESIAN_POINT('',(-114.500000000021,1.11000000000001,-35.0749999999279));
#14662=CARTESIAN_POINT('Origin',(112.712499973962,1.11000000000001,-37.3000002275747));
#14663=CARTESIAN_POINT('',(-16.1375,1.90999999999999,-37.3000002275398));
#14664=CARTESIAN_POINT('',(-16.1375,2.25999999999999,-37.3000002275348));
#14665=CARTESIAN_POINT('',(-12.4375,1.90999999999999,-37.3000002275398));
#14666=CARTESIAN_POINT('',(-12.4375,1.50999999999999,-37.3000002275359));
#14667=CARTESIAN_POINT('',(-64.4249999999994,1.90999999999999,-37.3000002275198));
#14668=CARTESIAN_POINT('Origin',(107.61875,1.11000000000001,36.0749999999999));
#14669=CARTESIAN_POINT('',(108.484414806602,1.11000000000001,37.2999997724941));
#14670=CARTESIAN_POINT('',(109.11875,1.11000000000001,36.0749999999999));
#14671=CARTESIAN_POINT('Origin',(109.11875,1.11000000000001,22.0749999999999));
#14672=CARTESIAN_POINT('',(109.11875,1.11000000000001,22.0749999999999));
#14673=CARTESIAN_POINT('Origin',(107.61875,1.11000000000001,22.0749999999999));
#14674=CARTESIAN_POINT('',(107.61875,1.11000000000001,20.5749999999999));
#14675=CARTESIAN_POINT('Origin',(94.1687500000001,1.11000000000001,20.5749999999999));
#14676=CARTESIAN_POINT('',(94.1687500000001,1.11000000000001,20.5749999999999));
#14677=CARTESIAN_POINT('Origin',(94.1687500000001,1.11000000000001,22.0749999999999));
#14678=CARTESIAN_POINT('',(92.6687500000001,1.11000000000001,22.0749999999999));
#14679=CARTESIAN_POINT('Origin',(92.6687500000001,1.11000000000001,36.0749999999999));
#14680=CARTESIAN_POINT('',(92.6687500000001,1.11000000000001,36.0749999999999));
#14681=CARTESIAN_POINT('Origin',(94.1687500000001,1.11000000000001,36.0749999999999));
#14682=CARTESIAN_POINT('',(93.3030851933924,1.11000000000001,37.29999977249));
#14683=CARTESIAN_POINT('Origin',(86.1875000000001,1.11000000000001,36.0749999999999));
#14684=CARTESIAN_POINT('',(87.0531648066101,1.11000000000001,37.2999997724883));
#14685=CARTESIAN_POINT('',(87.6875000000001,1.11000000000001,36.0749999999999));
#14686=CARTESIAN_POINT('Origin',(87.6875000000001,1.11000000000001,22.0749999999999));
#14687=CARTESIAN_POINT('',(87.6875000000001,1.11000000000001,22.0749999999999));
#14688=CARTESIAN_POINT('Origin',(86.1875000000001,1.11000000000001,22.0749999999999));
#14689=CARTESIAN_POINT('',(86.1875000000001,1.11000000000001,20.5749999999999));
#14690=CARTESIAN_POINT('Origin',(72.7375000000001,1.11000000000001,20.5749999999999));
#14691=CARTESIAN_POINT('',(72.7375000000001,1.11000000000001,20.5749999999999));
#14692=CARTESIAN_POINT('Origin',(72.7375000000001,1.11000000000001,22.0749999999999));
#14693=CARTESIAN_POINT('',(71.2375000000001,1.11000000000001,22.0749999999999));
#14694=CARTESIAN_POINT('Origin',(71.2375000000001,1.11000000000001,36.0749999999999));
#14695=CARTESIAN_POINT('',(71.2375000000001,1.11000000000001,36.0749999999999));
#14696=CARTESIAN_POINT('Origin',(72.7375000000001,1.11000000000001,36.0749999999999));
#14697=CARTESIAN_POINT('',(71.8718351933842,1.11000000000001,37.2999997724842));
#14698=CARTESIAN_POINT('Origin',(64.7562500000001,1.11000000000001,36.0749999999999));
#14699=CARTESIAN_POINT('',(65.6219148066183,1.11000000000001,37.2999997724826));
#14700=CARTESIAN_POINT('',(66.2562500000001,1.11000000000001,36.0749999999999));
#14701=CARTESIAN_POINT('Origin',(66.2562500000001,1.11000000000001,22.0749999999999));
#14702=CARTESIAN_POINT('',(66.2562500000001,1.11000000000001,22.0749999999999));
#14703=CARTESIAN_POINT('Origin',(64.7562500000001,1.11000000000001,22.0749999999999));
#14704=CARTESIAN_POINT('',(64.7562500000001,1.11000000000001,20.5749999999999));
#14705=CARTESIAN_POINT('Origin',(51.3062500000001,1.11000000000001,20.5749999999999));
#14706=CARTESIAN_POINT('',(51.3062500000001,1.11000000000001,20.5749999999999));
#14707=CARTESIAN_POINT('Origin',(51.3062500000001,1.11000000000001,22.0749999999999));
#14708=CARTESIAN_POINT('',(49.8062500000001,1.11000000000001,22.0749999999999));
#14709=CARTESIAN_POINT('Origin',(49.8062500000001,1.11000000000001,36.0749999999999));
#14710=CARTESIAN_POINT('',(49.8062500000001,1.11000000000001,36.0749999999999));
#14711=CARTESIAN_POINT('Origin',(51.3062500000001,1.11000000000001,36.0749999999999));
#14712=CARTESIAN_POINT('',(50.440585193376,1.11000000000001,37.2999997724785));
#14713=CARTESIAN_POINT('Origin',(39.778167555393,1.11000000000001,36.575));
#14714=CARTESIAN_POINT('',(41.278167555393,1.11000000000001,36.575));
#14715=CARTESIAN_POINT('Origin',(41.278167555393,1.11000000000001,22.075));
#14716=CARTESIAN_POINT('',(41.278167555393,1.11000000000001,22.075));
#14717=CARTESIAN_POINT('Origin',(39.778167555393,1.11000000000001,22.075));
#14718=CARTESIAN_POINT('',(39.778167555393,1.11000000000001,20.575));
#14719=CARTESIAN_POINT('Origin',(25.1125,1.11000000000001,20.575));
#14720=CARTESIAN_POINT('',(25.1125,1.11000000000001,20.575));
#14721=CARTESIAN_POINT('Origin',(25.1125,1.11000000000001,22.075));
#14722=CARTESIAN_POINT('',(23.6125,1.11000000000001,22.075));
#14723=CARTESIAN_POINT('Origin',(23.6125,1.11000000000001,36.5750000000001));
#14724=CARTESIAN_POINT('',(23.6125,1.11000000000001,36.5750000000001));
#14725=CARTESIAN_POINT('Origin',(25.1125,1.11000000000001,36.5750000000001));
#14726=CARTESIAN_POINT('Origin',(19.5125,1.11000000000001,36.575));
#14727=CARTESIAN_POINT('',(21.0125,1.11000000000001,36.575));
#14728=CARTESIAN_POINT('Origin',(21.0125,1.11000000000001,22.075));
#14729=CARTESIAN_POINT('',(21.0125,1.11000000000001,22.075));
#14730=CARTESIAN_POINT('Origin',(19.5125,1.11000000000001,22.075));
#14731=CARTESIAN_POINT('',(19.5125,1.11000000000001,20.575));
#14732=CARTESIAN_POINT('Origin',(12.0828125,1.11000000000001,20.575));
#14733=CARTESIAN_POINT('',(12.0828125,1.11000000000001,20.575));
#14734=CARTESIAN_POINT('Origin',(12.0828125,1.11000000000001,19.9796875));
#14735=CARTESIAN_POINT('',(11.4875,1.11000000000001,19.9796875));
#14736=CARTESIAN_POINT('Origin',(11.4874999999997,1.11000000000001,3.02499999999998));
#14737=CARTESIAN_POINT('',(11.4875,1.11000000000001,3.02499999999998));
#14738=CARTESIAN_POINT('Origin',(9.98749999999996,1.11000000000001,3.02499999999999));
#14739=CARTESIAN_POINT('',(9.98749999999996,1.11000000000001,1.52499999999998));
#14740=CARTESIAN_POINT('Origin',(-3.46249999999583,1.11000000000001,1.52500000000004));
#14741=CARTESIAN_POINT('',(-3.46249999999583,1.11000000000001,1.52500000000005));
#14742=CARTESIAN_POINT('Origin',(-3.46249999999578,1.11000000000001,3.02500000000003));
#14743=CARTESIAN_POINT('',(-4.96249999999577,1.11000000000001,3.02500000000002));
#14744=CARTESIAN_POINT('Origin',(-4.96250000000088,1.11000000000001,19.9796875000001));
#14745=CARTESIAN_POINT('',(-4.96249999999999,1.11000000000001,19.9796875000001));
#14746=CARTESIAN_POINT('Origin',(-5.55781249999999,1.11000000000001,19.9796875000001));
#14747=CARTESIAN_POINT('',(-5.55781249999999,1.11000000000001,20.5750000000001));
#14748=CARTESIAN_POINT('Origin',(-22.5125000000015,1.11000000000001,20.5750000000002));
#14749=CARTESIAN_POINT('',(-22.5125000000015,1.11000000000001,20.5750000000002));
#14750=CARTESIAN_POINT('Origin',(-22.5125000000015,1.11000000000001,22.0750000000002));
#14751=CARTESIAN_POINT('',(-24.0125000000015,1.11000000000001,22.0749999999998));
#14752=CARTESIAN_POINT('Origin',(-24.0125000000059,1.11000000000001,36.5749999999995));
#14753=CARTESIAN_POINT('',(-24.0125000000059,1.11000000000001,36.5749999999995));
#14754=CARTESIAN_POINT('Origin',(-22.5125000000059,1.11000000000001,36.575));
#14755=CARTESIAN_POINT('Origin',(-28.1125,1.11000000000001,36.575));
#14756=CARTESIAN_POINT('',(-26.6125,1.11000000000001,36.575));
#14757=CARTESIAN_POINT('Origin',(-26.6125,1.11000000000001,22.0750000000002));
#14758=CARTESIAN_POINT('',(-26.6125,1.11000000000001,22.0750000000002));
#14759=CARTESIAN_POINT('Origin',(-28.1125,1.11000000000001,22.0750000000002));
#14760=CARTESIAN_POINT('',(-28.1125,1.11000000000001,20.5750000000002));
#14761=CARTESIAN_POINT('Origin',(-35.012461444607,1.11000000000001,20.575));
#14762=CARTESIAN_POINT('Origin',(112.7125,1.11000000000001,37.2999997724953));
#14763=CARTESIAN_POINT('Origin',(112.7125,1.11000000000001,37.2999997724953));
#14764=CARTESIAN_POINT('Origin',(-9.85637084996956,1.11000000000001,37.2999997724952));
#14765=CARTESIAN_POINT('Origin',(-9.85637084996956,1.11000000000001,37.2999997724952));
#14766=CARTESIAN_POINT('Origin',(-9.85637084996956,1.11000000000001,37.2999997724952));
#14767=CARTESIAN_POINT('Origin',(10.3188,4.21312500000001,40.299999772793));
#14768=CARTESIAN_POINT('',(10.715675,4.21312500000001,39.1093747725325));
#14769=CARTESIAN_POINT('',(10.3188,4.61000000000001,39.1093747725325));
#14770=CARTESIAN_POINT('Origin',(10.3188,4.21312500000001,39.1093747725325));
#14771=CARTESIAN_POINT('',(10.3188,4.61000000000001,38.2999997724841));
#14772=CARTESIAN_POINT('',(10.3188,4.61000000000001,40.299999772793));
#14773=CARTESIAN_POINT('',(10.715675,4.21312500000001,38.2999997724839));
#14774=CARTESIAN_POINT('Origin',(10.3188,4.21312500000001,38.2999997724269));
#14775=CARTESIAN_POINT('',(10.715675,4.21312500000001,40.299999772793));
#14776=CARTESIAN_POINT('Origin',(11.9063,4.21312500000001,39.1093747725325));
#14777=CARTESIAN_POINT('',(10.8751885036322,4.21312500000001,39.704687272555));
#14778=CARTESIAN_POINT('',(10.5314846715096,4.61000000000001,39.9031247725626));
#14779=CARTESIAN_POINT('Origin',(10.5314846715096,4.21312500000001,39.9031247725626));
#14780=CARTESIAN_POINT('Origin',(11.9063,4.61000000000001,39.1093747725325));
#14781=CARTESIAN_POINT('Origin',(11.9063,4.21312500000001,39.1093747725325));
#14782=CARTESIAN_POINT('Ctrl Pts',(10.5314846715096,4.61000000000001,39.9031247725627));
#14783=CARTESIAN_POINT('Ctrl Pts',(10.6552958066524,4.61000000000005,40.010348360863));
#14784=CARTESIAN_POINT('Ctrl Pts',(10.9145963215814,4.67271122689441,40.1432211608405));
#14785=CARTESIAN_POINT('Ctrl Pts',(11.3944136842529,4.82542416500506,40.2699764857044));
#14786=CARTESIAN_POINT('Ctrl Pts',(11.6995346223337,4.9337657579204,40.2996398627187));
#14787=CARTESIAN_POINT('Ctrl Pts',(11.9032611193653,5.00580062684107,40.299999018095));
#14788=CARTESIAN_POINT('Ctrl Pts',(11.9047805001914,5.00633777567926,40.2999997725325));
#14789=CARTESIAN_POINT('Ctrl Pts',(11.9063000000261,5.00687500000001,40.2999997725325));
#14790=CARTESIAN_POINT('Ctrl Pts',(10.6214661243435,4.61000000000002,39.8511739565443));
#14791=CARTESIAN_POINT('Ctrl Pts',(10.729344713921,4.59564726927153,39.9486221126023));
#14792=CARTESIAN_POINT('Ctrl Pts',(10.9634627827729,4.63660535693544,40.0991779432652));
#14793=CARTESIAN_POINT('Ctrl Pts',(11.4161003689394,4.79601781290164,40.2593932648527));
#14794=CARTESIAN_POINT('Ctrl Pts',(11.708176589149,4.92158786825062,40.2996001474676));
#14795=CARTESIAN_POINT('Ctrl Pts',(11.9033876051772,5.00562153530241,40.2999983559519));
#14796=CARTESIAN_POINT('Ctrl Pts',(11.9048438126849,5.00624823829271,40.2999997725325));
#14797=CARTESIAN_POINT('Ctrl Pts',(11.9063000000261,5.00687500000001,40.2999997725325));
#14798=CARTESIAN_POINT('Ctrl Pts',(10.8006538155242,4.52393475551262,39.7477198948005));
#14799=CARTESIAN_POINT('Ctrl Pts',(10.8775126586154,4.49767734995763,39.8494828330852));
#14800=CARTESIAN_POINT('Ctrl Pts',(11.0615523509507,4.53691218539881,40.0384573984051));
#14801=CARTESIAN_POINT('Ctrl Pts',(11.4598264542615,4.73698872316838,40.2461497607396));
#14802=CARTESIAN_POINT('Ctrl Pts',(11.7255246041136,4.89739879650706,40.299466260134));
#14803=CARTESIAN_POINT('Ctrl Pts',(11.9036402496489,5.00526249323551,40.2999979576255));
#14804=CARTESIAN_POINT('Ctrl Pts',(11.9049704376718,5.00606916351962,40.2999997725325));
#14805=CARTESIAN_POINT('Ctrl Pts',(11.9063000000261,5.00687500000001,40.2999997725325));
#14806=CARTESIAN_POINT('Ctrl Pts',(10.8751885036322,4.31702663203281,39.7046872725551));
#14807=CARTESIAN_POINT('Ctrl Pts',(10.9555519183055,4.30800358986463,39.8444634209683));
#14808=CARTESIAN_POINT('Ctrl Pts',(11.1355139874843,4.40453792905526,40.0451746661097));
#14809=CARTESIAN_POINT('Ctrl Pts',(11.5014623234877,4.67484855108473,40.2495693478452));
#14810=CARTESIAN_POINT('Ctrl Pts',(11.7426092399939,4.87287974504141,40.2994861306042));
#14811=CARTESIAN_POINT('Ctrl Pts',(11.9038942311642,5.00490512376351,40.2999980738096));
#14812=CARTESIAN_POINT('Ctrl Pts',(11.9050970626587,5.00589008874653,40.2999997725325));
#14813=CARTESIAN_POINT('Ctrl Pts',(11.9063000000261,5.00687500000001,40.2999997725325));
#14814=CARTESIAN_POINT('Ctrl Pts',(10.8751885036322,4.21312500000001,39.7046872725551));
#14815=CARTESIAN_POINT('Ctrl Pts',(10.9680468549911,4.21312500000009,39.8655226550076));
#14816=CARTESIAN_POINT('Ctrl Pts',(11.1625222411898,4.33854745378874,40.0648318549781));
#14817=CARTESIAN_POINT('Ctrl Pts',(11.5223852631956,4.64397333001005,40.2549648422818));
#14818=CARTESIAN_POINT('Ctrl Pts',(11.7512259667565,4.86065651584059,40.299459907808));
#14819=CARTESIAN_POINT('Ctrl Pts',(11.9040208395305,5.00472625368213,40.2999986408761));
#14820=CARTESIAN_POINT('Ctrl Pts',(11.9051603751522,5.00580055135998,40.2999997725325));
#14821=CARTESIAN_POINT('Ctrl Pts',(11.9063000000261,5.00687500000001,40.2999997725325));
#14822=CARTESIAN_POINT('',(11.9063000000261,5.00687500000001,40.2999997725325));
#14823=CARTESIAN_POINT('Ctrl Pts',(10.8751885036322,4.21312500000001,39.7046872725551));
#14824=CARTESIAN_POINT('Ctrl Pts',(10.9680468549911,4.21312500000009,39.8655226550076));
#14825=CARTESIAN_POINT('Ctrl Pts',(11.1625222411898,4.33854745378874,40.0648318549781));
#14826=CARTESIAN_POINT('Ctrl Pts',(11.5223852631956,4.64397333001005,40.2549648422818));
#14827=CARTESIAN_POINT('Ctrl Pts',(11.7512259667565,4.86065651584059,40.299459907808));
#14828=CARTESIAN_POINT('Ctrl Pts',(11.9040208395305,5.00472625368213,40.2999986408761));
#14829=CARTESIAN_POINT('Ctrl Pts',(11.9051603751522,5.00580055135998,40.2999997725325));
#14830=CARTESIAN_POINT('Ctrl Pts',(11.9063000000261,5.00687500000001,40.2999997725325));
#14831=CARTESIAN_POINT('Ctrl Pts',(11.9063000000261,5.00687500000001,40.2999997725325));
#14832=CARTESIAN_POINT('Ctrl Pts',(11.9047805001914,5.00633777567926,40.2999997725325));
#14833=CARTESIAN_POINT('Ctrl Pts',(11.9032611193653,5.00580062684107,40.299999018095));
#14834=CARTESIAN_POINT('Ctrl Pts',(11.6995346223337,4.9337657579204,40.2996398627187));
#14835=CARTESIAN_POINT('Ctrl Pts',(11.3944136842529,4.82542416500506,40.2699764857044));
#14836=CARTESIAN_POINT('Ctrl Pts',(10.9145963215814,4.67271122689441,40.1432211608405));
#14837=CARTESIAN_POINT('Ctrl Pts',(10.6552958066524,4.61000000000005,40.010348360863));
#14838=CARTESIAN_POINT('Ctrl Pts',(10.5314846715096,4.61000000000001,39.9031247725627));
#14839=CARTESIAN_POINT('Origin',(-59.3327875358108,5.00687500000001,39.9031247740915));
#14840=CARTESIAN_POINT('',(-7.14369999997395,5.00687500000001,40.2999997729494));
#14841=CARTESIAN_POINT('',(-59.3327875358021,5.00687500000001,40.2999997740915));
#14842=CARTESIAN_POINT('',(-5.76888467147255,4.61000000000001,39.9031247729183));
#14843=CARTESIAN_POINT('Ctrl Pts',(-5.76888467147255,4.61000000000001,39.9031247729174));
#14844=CARTESIAN_POINT('Ctrl Pts',(-5.83079025346538,4.60999999999975,39.956736579562));
#14845=CARTESIAN_POINT('Ctrl Pts',(-5.97977720796957,4.63142369317612,40.0563723373697));
#14846=CARTESIAN_POINT('Ctrl Pts',(-6.42711841609289,4.7516367623723,40.2432855606972));
#14847=CARTESIAN_POINT('Ctrl Pts',(-6.83606259899592,4.89828045004836,40.2993879212703));
#14848=CARTESIAN_POINT('Ctrl Pts',(-7.1406605290293,5.0057997868928,40.2999992865447));
#14849=CARTESIAN_POINT('Ctrl Pts',(-7.14218060409528,5.00633781243537,40.2999997729493));
#14850=CARTESIAN_POINT('Ctrl Pts',(-7.14369999997394,5.00687500000001,40.2999997729494));
#14851=CARTESIAN_POINT('',(-59.3327875358108,4.61000000000001,39.9031247740915));
#14852=CARTESIAN_POINT('Origin',(11.9063,2.86000000000001,39.1093747725325));
#14853=CARTESIAN_POINT('',(10.715675,1.50666666666668,39.1093747725325));
#14854=CARTESIAN_POINT('',(10.715675,2.86000000000001,39.1093747725325));
#14855=CARTESIAN_POINT('',(10.7882646015165,1.50666666666668,39.5187459224232));
#14856=CARTESIAN_POINT('Origin',(11.9063,1.50666666666668,39.1093747725325));
#14857=CARTESIAN_POINT('',(11.2667207224815,0.685860051640399,40.1136288431709));
#14858=CARTESIAN_POINT('Ctrl Pts',(11.2668711755014,0.685726668063127,40.1136611566153));
#14859=CARTESIAN_POINT('Ctrl Pts',(11.2669205311111,0.687011489112598,40.1136932184168));
#14860=CARTESIAN_POINT('Ctrl Pts',(11.2703014486938,0.782938155834032,40.115899215014));
#14861=CARTESIAN_POINT('Ctrl Pts',(11.2316545239773,0.976894981755717,40.0923660571415));
#14862=CARTESIAN_POINT('Ctrl Pts',(11.1150361131479,1.19125080772849,40.0041554680547));
#14863=CARTESIAN_POINT('Ctrl Pts',(10.9914772006341,1.36063962766107,39.8787804197146));
#14864=CARTESIAN_POINT('Ctrl Pts',(10.874792983985,1.47559727843841,39.7161594056379));
#14865=CARTESIAN_POINT('Ctrl Pts',(10.8129888077141,1.50666666666673,39.5862703137626));
#14866=CARTESIAN_POINT('Ctrl Pts',(10.7882646015164,1.50666666666668,39.5187459224229));
#14867=CARTESIAN_POINT('',(11.6393766645745,1.11000000000001,40.2696936182082));
#14868=CARTESIAN_POINT('Ctrl Pts',(11.2667207224815,0.685860051640396,40.1136288431709));
#14869=CARTESIAN_POINT('Ctrl Pts',(11.319786809491,0.747168184829988,40.1474250413468));
#14870=CARTESIAN_POINT('Ctrl Pts',(11.375019892489,0.810407038142553,40.1766667541515));
#14871=CARTESIAN_POINT('Ctrl Pts',(11.4995996114916,0.952217051853819,40.2308516487667));
#14872=CARTESIAN_POINT('Ctrl Pts',(11.5695274935134,1.03128163331431,40.253625298896));
#14873=CARTESIAN_POINT('Ctrl Pts',(11.6393766645745,1.11000000000001,40.2696936182082));
#14874=CARTESIAN_POINT('',(11.9063000000261,1.41000000000001,40.2999997725325));
#14875=CARTESIAN_POINT('Ctrl Pts',(11.9063000000261,1.41000000000001,40.2999997725325));
#14876=CARTESIAN_POINT('Ctrl Pts',(11.8201644089874,1.31331908122646,40.2999997725343));
#14877=CARTESIAN_POINT('Ctrl Pts',(11.7298350119135,1.21194442177978,40.2905029361632));
#14878=CARTESIAN_POINT('Ctrl Pts',(11.6393766645745,1.11000000000001,40.2696936182082));
#14879=CARTESIAN_POINT('',(11.9063000000261,2.86000000000001,40.2999997725325));
#14880=CARTESIAN_POINT('Origin',(10.715675,4.61000000000001,40.299999772793));
#14881=CARTESIAN_POINT('',(10.715675,2.86000000000001,38.2999997724839));
#14882=CARTESIAN_POINT('',(10.715675,2.86000000000001,34.9187497725309));
#14883=CARTESIAN_POINT('',(10.715675,1.50666666666668,35.918749772501));
#14884=CARTESIAN_POINT('',(10.715675,2.86000000000001,35.918749772501));
#14885=CARTESIAN_POINT('',(10.715675,1.50666666666668,40.299999772793));
#14886=CARTESIAN_POINT('Ctrl Pts',(-7.14369999997394,5.00687500000001,40.2999997729494));
#14887=CARTESIAN_POINT('Ctrl Pts',(-7.14218060409528,5.00633781243537,40.2999997729493));
#14888=CARTESIAN_POINT('Ctrl Pts',(-7.1406605290293,5.0057997868928,40.2999992865447));
#14889=CARTESIAN_POINT('Ctrl Pts',(-6.83606259899592,4.89828045004836,40.2993879212703));
#14890=CARTESIAN_POINT('Ctrl Pts',(-6.42711841609289,4.7516367623723,40.2432855606972));
#14891=CARTESIAN_POINT('Ctrl Pts',(-5.97977720796957,4.63142369317612,40.0563723373697));
#14892=CARTESIAN_POINT('Ctrl Pts',(-5.83079025346538,4.60999999999975,39.956736579562));
#14893=CARTESIAN_POINT('Ctrl Pts',(-5.76888467147255,4.61000000000001,39.9031247729174));
#14894=CARTESIAN_POINT('Ctrl Pts',(-7.14369999997394,5.00687500000001,40.2999997729494));
#14895=CARTESIAN_POINT('Ctrl Pts',(-7.14231344507114,5.00615993035062,40.3000343160301));
#14896=CARTESIAN_POINT('Ctrl Pts',(-7.14090745675393,5.00544061314034,40.2999628949331));
#14897=CARTESIAN_POINT('Ctrl Pts',(-6.86209951394497,4.86197949209417,40.3016682997466));
#14898=CARTESIAN_POINT('Ctrl Pts',(-6.4857182683831,4.66754480273695,40.1950909224977));
#14899=CARTESIAN_POINT('Ctrl Pts',(-6.10907639572575,4.58461578781162,39.9436857175892));
#14900=CARTESIAN_POINT('Ctrl Pts',(-5.99471748460958,4.59569529240652,39.8432578717569));
#14901=CARTESIAN_POINT('Ctrl Pts',(-5.94884757714553,4.61000000000055,39.7992231408889));
#14902=CARTESIAN_POINT('Ctrl Pts',(-7.14369999997394,5.00687500000001,40.2999997729494));
#14903=CARTESIAN_POINT('Ctrl Pts',(-7.14243942291873,5.00597944906935,40.3000316095316));
#14904=CARTESIAN_POINT('Ctrl Pts',(-7.14116157108809,5.00508297625333,40.2999659350548));
#14905=CARTESIAN_POINT('Ctrl Pts',(-6.88762157673134,4.8259264301128,40.3012248679776));
#14906=CARTESIAN_POINT('Ctrl Pts',(-6.5458179016047,4.58098024674735,40.1875737522563));
#14907=CARTESIAN_POINT('Ctrl Pts',(-6.23362697532384,4.42341799544257,39.892327036173));
#14908=CARTESIAN_POINT('Ctrl Pts',(-6.14664480676372,4.41173176835451,39.7639881489947));
#14909=CARTESIAN_POINT('Ctrl Pts',(-6.11258850360487,4.42092826406593,39.7046872729246));
#14910=CARTESIAN_POINT('Ctrl Pts',(-7.14369999997394,5.00687500000001,40.2999997729494));
#14911=CARTESIAN_POINT('Ctrl Pts',(-7.14256045306503,5.00580062487078,40.2999997729493));
#14912=CARTESIAN_POINT('Ctrl Pts',(-7.14142039676546,5.00472457378558,40.2999990433424));
#14913=CARTESIAN_POINT('Ctrl Pts',(-6.91297194924019,4.78968590009644,40.2990819954361));
#14914=CARTESIAN_POINT('Ctrl Pts',(-6.6062638120641,4.49639852474464,40.2149284545829));
#14915=CARTESIAN_POINT('Ctrl Pts',(-6.27075790597458,4.25597238635218,39.9345586195989));
#14916=CARTESIAN_POINT('Ctrl Pts',(-6.15901769009814,4.2131249999995,39.7851049828897));
#14917=CARTESIAN_POINT('Ctrl Pts',(-6.1125885036044,4.21312500000001,39.7046872729238));
#14918=CARTESIAN_POINT('',(-6.1125885036044,4.21312500000001,39.7046872729238));
#14919=CARTESIAN_POINT('Origin',(-5.76888467147254,4.21312500000001,39.9031247729153));
#14920=CARTESIAN_POINT('Ctrl Pts',(-7.14369999997394,5.00687500000001,40.2999997729494));
#14921=CARTESIAN_POINT('Ctrl Pts',(-7.14256045306503,5.00580062487078,40.2999997729493));
#14922=CARTESIAN_POINT('Ctrl Pts',(-7.14142039676546,5.00472457378558,40.2999990433424));
#14923=CARTESIAN_POINT('Ctrl Pts',(-6.91297194924019,4.78968590009644,40.2990819954361));
#14924=CARTESIAN_POINT('Ctrl Pts',(-6.6062638120641,4.49639852474464,40.2149284545829));
#14925=CARTESIAN_POINT('Ctrl Pts',(-6.27075790597458,4.25597238635218,39.9345586195989));
#14926=CARTESIAN_POINT('Ctrl Pts',(-6.15901769009814,4.2131249999995,39.7851049828897));
#14927=CARTESIAN_POINT('Ctrl Pts',(-6.1125885036044,4.21312500000001,39.7046872729238));
#14928=CARTESIAN_POINT('Origin',(-7.1437,4.21312500000001,39.1093747729494));
#14929=CARTESIAN_POINT('',(-5.953075,4.21312500000001,39.1093747729494));
#14930=CARTESIAN_POINT('',(-5.5562,4.61000000000001,39.1093747729494));
#14931=CARTESIAN_POINT('Origin',(-5.5562,4.21312500000001,39.1093747729494));
#14932=CARTESIAN_POINT('Origin',(-7.1437,4.61000000000001,39.1093747729494));
#14933=CARTESIAN_POINT('Origin',(-7.1437,4.21312500000001,39.1093747729494));
#14934=CARTESIAN_POINT('Origin',(-5.5562,4.21312500000001,40.299999772793));
#14935=CARTESIAN_POINT('',(-5.95307500000001,4.21312500000001,38.2999997724932));
#14936=CARTESIAN_POINT('',(-5.5562,4.61000000000001,38.2999997724929));
#14937=CARTESIAN_POINT('Origin',(-5.5562,4.21312500000001,38.2999997724269));
#14938=CARTESIAN_POINT('',(-5.5562,4.61000000000001,40.299999772793));
#14939=CARTESIAN_POINT('',(-5.953075,4.21312500000001,40.299999772793));
#14940=CARTESIAN_POINT('Origin',(-5.953075,1.11000000000001,40.299999772793));
#14941=CARTESIAN_POINT('',(-5.953075,1.50666666666668,39.1093747729494));
#14942=CARTESIAN_POINT('',(-5.953075,1.11000000000001,39.1093747729494));
#14943=CARTESIAN_POINT('',(-5.953075,1.50666666666668,35.9187497726033));
#14944=CARTESIAN_POINT('',(-5.953075,1.50666666666668,40.299999772793));
#14945=CARTESIAN_POINT('',(-5.953075,1.11000000000001,35.9187497726033));
#14946=CARTESIAN_POINT('',(-5.953075,1.11000000000001,34.9187497731607));
#14947=CARTESIAN_POINT('',(-5.95307500000001,1.11000000000001,38.2999997724932));
#14948=CARTESIAN_POINT('Origin',(-7.1437,1.11000000000001,39.1093747729494));
#14949=CARTESIAN_POINT('',(-7.14369999997394,1.41000000000001,40.2999997729494));
#14950=CARTESIAN_POINT('',(-7.14369999997394,1.11000000000001,40.2999997729494));
#14951=CARTESIAN_POINT('',(-6.87677666452377,1.11000000000001,40.2696936186134));
#14952=CARTESIAN_POINT('Ctrl Pts',(-6.8767766645237,1.11000000000007,40.2696936186134));
#14953=CARTESIAN_POINT('Ctrl Pts',(-6.96738840745699,1.212117294994,40.2905382241694));
#14954=CARTESIAN_POINT('Ctrl Pts',(-7.05784684112232,1.31363609075762,40.2999997729475));
#14955=CARTESIAN_POINT('Ctrl Pts',(-7.14369999997394,1.41000000000001,40.2999997729494));
#14956=CARTESIAN_POINT('',(-6.50412072243756,0.68586005164039,40.1136288435598));
#14957=CARTESIAN_POINT('Ctrl Pts',(-6.8767766645237,1.11000000000007,40.2696936186134));
#14958=CARTESIAN_POINT('Ctrl Pts',(-6.81824662874462,1.04403803153802,40.256229188182));
#14959=CARTESIAN_POINT('Ctrl Pts',(-6.75965023436001,0.977819655244758,
40.2380582793781));
#14960=CARTESIAN_POINT('Ctrl Pts',(-6.63401031705726,0.835107688830126,
40.1878869697507));
#14961=CARTESIAN_POINT('Ctrl Pts',(-6.56737968520251,0.75894418377261,40.1539165783957));
#14962=CARTESIAN_POINT('Ctrl Pts',(-6.50412072243756,0.685860051640393,
40.1136288435598));
#14963=CARTESIAN_POINT('',(-6.02566460149859,1.50666666666668,39.5187459227912));
#14964=CARTESIAN_POINT('Ctrl Pts',(-6.02566460149855,1.50666666666668,39.5187459227911));
#14965=CARTESIAN_POINT('Ctrl Pts',(-6.05038881376466,1.5066666666667,39.5862703307134));
#14966=CARTESIAN_POINT('Ctrl Pts',(-6.11223605526311,1.47551981603821,39.7162090549185));
#14967=CARTESIAN_POINT('Ctrl Pts',(-6.22862043180972,1.35959154567892,39.878695624629));
#14968=CARTESIAN_POINT('Ctrl Pts',(-6.35271819128475,1.19136508184035,40.00427412315));
#14969=CARTESIAN_POINT('Ctrl Pts',(-6.44897526335554,1.00988870123543,40.0774162613439));
#14970=CARTESIAN_POINT('Ctrl Pts',(-6.49254276071447,0.855409496607266,
40.1061464438222));
#14971=CARTESIAN_POINT('Ctrl Pts',(-6.50428473898863,0.761140602152695,
40.1136879983768));
#14972=CARTESIAN_POINT('Ctrl Pts',(-6.50530454733326,0.711501922669393,
40.1143069194291));
#14973=CARTESIAN_POINT('Ctrl Pts',(-6.50433883347711,0.686349144051691,
40.1136978080469));
#14974=CARTESIAN_POINT('Ctrl Pts',(-6.5042851692103,0.685054298264809,40.1136639844137));
#14975=CARTESIAN_POINT('Origin',(-7.1437,1.50666666666668,39.1093747729494));
#14976=CARTESIAN_POINT('Origin',(-5.55640833333334,1.50666666666668,40.299999772793));
#14977=CARTESIAN_POINT('',(-5.55640833333334,1.11000000000001,35.9187497726009));
#14978=CARTESIAN_POINT('Origin',(-5.55640833333334,1.50666666666668,35.9187497726091));
#14979=CARTESIAN_POINT('',(-5.55640833333334,1.11000000000001,39.1093747729494));
#14980=CARTESIAN_POINT('Origin',(-5.55640833333334,1.50666666666668,39.1093747729494));
#14981=CARTESIAN_POINT('',(-5.55640833333334,1.11000000000001,40.299999772793));
#14982=CARTESIAN_POINT('Origin',(-7.1437,1.50666666666668,39.1093747729494));
#14983=CARTESIAN_POINT('',(-5.65318176707223,1.11000000000001,39.6551313417411));
#14984=CARTESIAN_POINT('Origin',(-5.65318176707223,1.50666666666668,39.6551313417411));
#14985=CARTESIAN_POINT('Origin',(-7.1437,1.11000000000001,39.1093747729494));
#14986=CARTESIAN_POINT('Ctrl Pts',(-5.65318176707217,1.11000000000001,39.655131341741));
#14987=CARTESIAN_POINT('Ctrl Pts',(-5.68614305723158,1.11000000000002,39.7001535228878));
#14988=CARTESIAN_POINT('Ctrl Pts',(-5.76859522398355,1.09442248609945,39.7867907102273));
#14989=CARTESIAN_POINT('Ctrl Pts',(-5.92375402799441,1.03644313324189,39.8951293095661));
#14990=CARTESIAN_POINT('Ctrl Pts',(-6.08919599290268,0.952307818562841,
39.9788592982116));
#14991=CARTESIAN_POINT('Ctrl Pts',(-6.21752191278254,0.861545806209897,
40.0276271244928));
#14992=CARTESIAN_POINT('Ctrl Pts',(-6.27560428590242,0.784285925711957,
40.0467830937156));
#14993=CARTESIAN_POINT('Ctrl Pts',(-6.29125820234538,0.737139103990783,
40.051811456729));
#14994=CARTESIAN_POINT('Ctrl Pts',(-6.29522906814482,0.664630567970066,
40.0530167310701));
#14995=CARTESIAN_POINT('Ctrl Pts',(-6.22081800393479,0.562402096759517,
40.0298094189178));
#14996=CARTESIAN_POINT('Ctrl Pts',(-6.11496128228129,0.493171946947101,
39.9878555223354));
#14997=CARTESIAN_POINT('Ctrl Pts',(-6.06120246900311,0.462407932011307,
39.9627849090041));
#14998=CARTESIAN_POINT('Ctrl Pts',(-5.75069754509069,1.11000000000001,39.6194257225552));
#14999=CARTESIAN_POINT('Ctrl Pts',(-5.77905319953492,1.11414204608163,39.6593481837993));
#15000=CARTESIAN_POINT('Ctrl Pts',(-5.84985572793359,1.10984277552137,39.7412561126855));
#15001=CARTESIAN_POINT('Ctrl Pts',(-5.98785296850632,1.06447692300109,39.858961557509));
#15002=CARTESIAN_POINT('Ctrl Pts',(-6.13948921773004,0.981762793421191,
39.9588897800095));
#15003=CARTESIAN_POINT('Ctrl Pts',(-6.2593329903023,0.882744587709588,40.0206166838104));
#15004=CARTESIAN_POINT('Ctrl Pts',(-6.31394289260512,0.794969874172285,
40.0453342007447));
#15005=CARTESIAN_POINT('Ctrl Pts',(-6.32867656177841,0.74093863863354,40.051850387576));
#15006=CARTESIAN_POINT('Ctrl Pts',(-6.33243222793278,0.657562600623116,
40.0534265505111));
#15007=CARTESIAN_POINT('Ctrl Pts',(-6.26231744145307,0.540724572965333,
40.0231876044343));
#15008=CARTESIAN_POINT('Ctrl Pts',(-6.16373820508481,0.466082808869568,
39.9704651659081));
#15009=CARTESIAN_POINT('Ctrl Pts',(-6.11418367581017,0.434583331459316,
39.9401097216813));
#15010=CARTESIAN_POINT('Ctrl Pts',(-5.94490315022814,1.19600497179939,39.5483169079439));
#15011=CARTESIAN_POINT('Ctrl Pts',(-5.96430539352237,1.20358258095613,39.588145401395));
#15012=CARTESIAN_POINT('Ctrl Pts',(-6.01220431223014,1.20542509037298,39.6760489810221));
#15013=CARTESIAN_POINT('Ctrl Pts',(-6.11637742084693,1.15612027638476,39.817059158196));
#15014=CARTESIAN_POINT('Ctrl Pts',(-6.2404323665288,1.05513832962661,39.9427258422038));
#15015=CARTESIAN_POINT('Ctrl Pts',(-6.34329863122561,0.929803143688042,
40.0220162264223));
#15016=CARTESIAN_POINT('Ctrl Pts',(-6.39094822337423,0.817597207618312,
40.0539209961854));
#15017=CARTESIAN_POINT('Ctrl Pts',(-6.40383756659955,0.748378487202109,
40.0623434923959));
#15018=CARTESIAN_POINT('Ctrl Pts',(-6.40712421161541,0.641562350570254,
40.0643821730923));
#15019=CARTESIAN_POINT('Ctrl Pts',(-6.34554194451761,0.492025261866435,
40.0252417171939));
#15020=CARTESIAN_POINT('Ctrl Pts',(-6.26128973005481,0.398132827010167,
39.9576513108712));
#15021=CARTESIAN_POINT('Ctrl Pts',(-6.2200879372262,0.359000901213068,39.9192816695611));
#15022=CARTESIAN_POINT('Ctrl Pts',(-6.02566460149855,1.40281957617301,39.5187459227911));
#15023=CARTESIAN_POINT('Ctrl Pts',(-6.04648197229313,1.40542353058171,39.5758448512441));
#15024=CARTESIAN_POINT('Ctrl Pts',(-6.09829489405779,1.38540494724654,39.6906221860459));
#15025=CARTESIAN_POINT('Ctrl Pts',(-6.20251551516303,1.29187532238807,39.847783518285));
#15026=CARTESIAN_POINT('Ctrl Pts',(-6.32089968354734,1.14606724648745,39.9766921957572));
#15027=CARTESIAN_POINT('Ctrl Pts',(-6.41654387337707,0.983293965245446,
40.0546080248151));
#15028=CARTESIAN_POINT('Ctrl Pts',(-6.46050340207347,0.842897763462826,
40.0855762036605));
#15029=CARTESIAN_POINT('Ctrl Pts',(-6.4723791090942,0.756977187345105,40.0937275994499));
#15030=CARTESIAN_POINT('Ctrl Pts',(-6.47544313124066,0.624703929570506,
40.0956817319444));
#15031=CARTESIAN_POINT('Ctrl Pts',(-6.41889234700577,0.438569969444289,
40.0579112331306));
#15032=CARTESIAN_POINT('Ctrl Pts',(-6.34061210067413,0.314931704691706,
39.9911155215525));
#15033=CARTESIAN_POINT('Ctrl Pts',(-6.30168243479593,0.260899905563073,
39.9521565341532));
#15034=CARTESIAN_POINT('Ctrl Pts',(-6.02566460149855,1.50666666666668,39.5187459227911));
#15035=CARTESIAN_POINT('Ctrl Pts',(-6.05038881376466,1.5066666666667,39.5862703307134));
#15036=CARTESIAN_POINT('Ctrl Pts',(-6.11223605526311,1.47551981603821,39.7162090549185));
#15037=CARTESIAN_POINT('Ctrl Pts',(-6.22862043180972,1.35959154567892,39.878695624629));
#15038=CARTESIAN_POINT('Ctrl Pts',(-6.35271819128475,1.19136508184035,40.00427412315));
#15039=CARTESIAN_POINT('Ctrl Pts',(-6.44897526335554,1.00988870123543,40.0774162613439));
#15040=CARTESIAN_POINT('Ctrl Pts',(-6.49254276071447,0.855409496607266,
40.1061464438222));
#15041=CARTESIAN_POINT('Ctrl Pts',(-6.50428473898863,0.761140602152695,
40.1136879983768));
#15042=CARTESIAN_POINT('Ctrl Pts',(-6.50726327922272,0.616161592334893,
40.1154956725987));
#15043=CARTESIAN_POINT('Ctrl Pts',(-6.45144765618066,0.41175831315329,40.0806892733395));
#15044=CARTESIAN_POINT('Ctrl Pts',(-6.37204469460506,0.27333435481446,40.0177666881926));
#15045=CARTESIAN_POINT('Ctrl Pts',(-6.33172029273057,0.21182247403208,39.9801657040044));
#15046=CARTESIAN_POINT('',(-6.06120246912766,0.462407932046962,39.9627849090331));
#15047=CARTESIAN_POINT('Ctrl Pts',(-6.5042851692103,0.685054298264821,40.1136639844137));
#15048=CARTESIAN_POINT('Ctrl Pts',(-6.49417646702922,0.673556577343527,
40.10733156155));
#15049=CARTESIAN_POINT('Ctrl Pts',(-6.4834439647301,0.66270925684788,40.1011100079772));
#15050=CARTESIAN_POINT('Ctrl Pts',(-6.47214182146895,0.652429889777364,
40.095036176245));
#15051=CARTESIAN_POINT('Ctrl Pts',(-6.46071568270478,0.642037748053311,
40.0888957086718));
#15052=CARTESIAN_POINT('Ctrl Pts',(-6.44870724415377,0.632227193072634,
40.0829060184608));
#15053=CARTESIAN_POINT('Ctrl Pts',(-6.43612693827312,0.622906692800904,
40.0770785724925));
#15054=CARTESIAN_POINT('Ctrl Pts',(-6.43407302616411,0.621384989866829,
40.0761271598677));
#15055=CARTESIAN_POINT('Ctrl Pts',(-6.43200377781292,0.619876313285709,
40.075180018917));
#15056=CARTESIAN_POINT('Ctrl Pts',(-6.42991913424917,0.618380214285097,
40.0742371386393));
#15057=CARTESIAN_POINT('Ctrl Pts',(-6.41926991795255,0.610737525560917,
40.0694205185739));
#15058=CARTESIAN_POINT('Ctrl Pts',(-6.40833678587246,0.603446775475601,
40.0647645776766));
#15059=CARTESIAN_POINT('Ctrl Pts',(-6.39712957291397,0.596506700592459,
40.0602575213961));
#15060=CARTESIAN_POINT('Ctrl Pts',(-6.39079326846821,0.592582939395199,
40.0577093338268));
#15061=CARTESIAN_POINT('Ctrl Pts',(-6.3843696345932,0.588770404009727,40.0552089714586));
#15062=CARTESIAN_POINT('Ctrl Pts',(-6.37786366803885,0.585062255231635,
40.0527552318274));
#15063=CARTESIAN_POINT('Ctrl Pts',(-6.36628079637654,0.57846046731241,40.0483867262405));
#15064=CARTESIAN_POINT('Ctrl Pts',(-6.35443510528896,0.572191440936053,
40.0441664860715));
#15065=CARTESIAN_POINT('Ctrl Pts',(-6.34238752515954,0.566179921173282,
40.0400755797072));
#15066=CARTESIAN_POINT('Ctrl Pts',(-6.33487969611425,0.562433653275792,
40.0375262025465));
#15067=CARTESIAN_POINT('Ctrl Pts',(-6.32729403610174,0.558786603344656,
40.0350270197626));
#15068=CARTESIAN_POINT('Ctrl Pts',(-6.31965277120199,0.555213943392999,
40.0325705932515));
#15069=CARTESIAN_POINT('Ctrl Pts',(-6.30675237417238,0.549182385472571,
40.0284235210478));
#15070=CARTESIAN_POINT('Ctrl Pts',(-6.29345873472685,0.543274669593956,
40.0243255427255));
#15071=CARTESIAN_POINT('Ctrl Pts',(-6.27972071477479,0.537493562535907,
40.0202452147707));
#15072=CARTESIAN_POINT('Ctrl Pts',(-6.27810470828612,0.536813529565353,
40.0197652448424));
#15073=CARTESIAN_POINT('Ctrl Pts',(-6.27648260834975,0.536135247157425,
40.0192855417391));
#15074=CARTESIAN_POINT('Ctrl Pts',(-6.27485437837154,0.535458719169602,
40.0188060712739));
#15075=CARTESIAN_POINT('Ctrl Pts',(-6.25902036918428,0.528879703601796,
40.0141433762903));
#15076=CARTESIAN_POINT('Ctrl Pts',(-6.24260319035026,0.522467620344386,
40.0095018265978));
#15077=CARTESIAN_POINT('Ctrl Pts',(-6.22550145144403,0.516152560499119,
40.0048278447254));
#15078=CARTESIAN_POINT('Ctrl Pts',(-6.20913465428646,0.510108888326825,
40.000354725726));
#15079=CARTESIAN_POINT('Ctrl Pts',(-6.1921403465388,0.504153822109488,39.9958524137855));
#15080=CARTESIAN_POINT('Ctrl Pts',(-6.17447398127015,0.498218016783193,
39.9912780670364));
#15081=CARTESIAN_POINT('Ctrl Pts',(-6.15772386422252,0.492590066014858,
39.9869409641691));
#15082=CARTESIAN_POINT('Ctrl Pts',(-6.14036945806406,0.486979530161131,
39.9825392396059));
#15083=CARTESIAN_POINT('Ctrl Pts',(-6.12241782751448,0.481320815532132,
39.9780359488412));
#15084=CARTESIAN_POINT('Ctrl Pts',(-6.10449314750099,0.475670596253591,
39.9735394188049));
#15085=CARTESIAN_POINT('Ctrl Pts',(-6.08597262658313,0.469972854276528,
39.9689416531916));
#15086=CARTESIAN_POINT('Ctrl Pts',(-6.06691389498055,0.464151094621527,
39.9642044258675));
#15087=CARTESIAN_POINT('Ctrl Pts',(-6.06500988082631,0.463569486515761,
39.9637311652085));
#15088=CARTESIAN_POINT('Ctrl Pts',(-6.06310592222044,0.462988424512089,
39.9632579715435));
#15089=CARTESIAN_POINT('Ctrl Pts',(-6.06120246900316,0.462407932011336,
39.9627849090041));
#15090=CARTESIAN_POINT('Ctrl Pts',(-6.06120246910565,0.462407932069989,
39.9627849090519));
#15091=CARTESIAN_POINT('Ctrl Pts',(-6.09072650444009,0.47930335458343,39.9765535476913));
#15092=CARTESIAN_POINT('Ctrl Pts',(-6.11997806741392,0.497344854990272,
39.9890785786418));
#15093=CARTESIAN_POINT('Ctrl Pts',(-6.14751438318314,0.516835790577901,
40.000180993136));
#15094=CARTESIAN_POINT('Ctrl Pts',(-6.15541054911589,0.522424906524794,
40.0033646618532));
#15095=CARTESIAN_POINT('Ctrl Pts',(-6.1631654903399,0.528133369267504,40.0064311858883));
#15096=CARTESIAN_POINT('Ctrl Pts',(-6.17074449778503,0.533968766189269,
40.0093759110614));
#15097=CARTESIAN_POINT('Ctrl Pts',(-6.18485768302362,0.544835101694776,
40.01485940638));
#15098=CARTESIAN_POINT('Ctrl Pts',(-6.19832495037291,0.556085078172188,
40.0198933630056));
#15099=CARTESIAN_POINT('Ctrl Pts',(-6.21093276690692,0.56779184470736,40.024470232582));
#15100=CARTESIAN_POINT('Ctrl Pts',(-6.22535335600242,0.581181829355798,
40.0297051719805));
#15101=CARTESIAN_POINT('Ctrl Pts',(-6.23865162786629,0.59516989048389,40.0343425873395));
#15102=CARTESIAN_POINT('Ctrl Pts',(-6.2501335710836,0.609691059878682,40.0382593322838));
#15103=CARTESIAN_POINT('Ctrl Pts',(-6.25520352627696,0.61610301269829,40.039988806206));
#15104=CARTESIAN_POINT('Ctrl Pts',(-6.259918923867,0.622618846911932,40.0415774253585));
#15105=CARTESIAN_POINT('Ctrl Pts',(-6.26421692079969,0.62923238241658,40.0430129909093));
#15106=CARTESIAN_POINT('Ctrl Pts',(-6.27167159318079,0.640703246923944,
40.0455029114537));
#15107=CARTESIAN_POINT('Ctrl Pts',(-6.27791978430226,0.652496029392637,
40.0475365909479));
#15108=CARTESIAN_POINT('Ctrl Pts',(-6.28257774049286,0.664500793967681,
40.049034037075));
#15109=CARTESIAN_POINT('Ctrl Pts',(-6.28664821015256,0.674991452955219,
40.0503426172287));
#15110=CARTESIAN_POINT('Ctrl Pts',(-6.28950382907493,0.685643618390372,
40.051241732619));
#15111=CARTESIAN_POINT('Ctrl Pts',(-6.29093030851405,0.696377531974123,
40.0516915375634));
#15112=CARTESIAN_POINT('Ctrl Pts',(-6.29113619076528,0.697926746237238,
40.0517564574298));
#15113=CARTESIAN_POINT('Ctrl Pts',(-6.291312388057,0.699477656192517,40.0518120430298));
#15114=CARTESIAN_POINT('Ctrl Pts',(-6.29145834683394,0.701030015510067,
40.051858201014));
#15115=CARTESIAN_POINT('Ctrl Pts',(-6.29179300348163,0.704589290095034,
40.0519640327875));
#15116=CARTESIAN_POINT('Ctrl Pts',(-6.29196866691219,0.708156174177928,
40.0520202934605));
#15117=CARTESIAN_POINT('Ctrl Pts',(-6.2919910222677,0.711721226421613,40.0520281917964));
#15118=CARTESIAN_POINT('Ctrl Pts',(-6.29204387336575,0.720149494341317,
40.0520468645356));
#15119=CARTESIAN_POINT('Ctrl Pts',(-6.29123913533169,0.728606716523887,
40.0517953760731));
#15120=CARTESIAN_POINT('Ctrl Pts',(-6.28963443707654,0.736990285745225,
40.0512833444815));
#15121=CARTESIAN_POINT('Ctrl Pts',(-6.28734936464148,0.748928394902897,
40.0505542172003));
#15122=CARTESIAN_POINT('Ctrl Pts',(-6.28344201612404,0.760717008173623,
40.0492968420368));
#15123=CARTESIAN_POINT('Ctrl Pts',(-6.27808643156571,0.772256342744636,
40.047546070401));
#15124=CARTESIAN_POINT('Ctrl Pts',(-6.27360496421857,0.781912273021633,
40.0460810527483));
#15125=CARTESIAN_POINT('Ctrl Pts',(-6.26810954941348,0.79139374506893,40.0442705793492));
#15126=CARTESIAN_POINT('Ctrl Pts',(-6.26181412684379,0.800680465827859,
40.0421538510216));
#15127=CARTESIAN_POINT('Ctrl Pts',(-6.25305704597202,0.813598512840447,
40.0392094321293));
#15128=CARTESIAN_POINT('Ctrl Pts',(-6.24267724837305,0.826140213267309,
40.0356714989984));
#15129=CARTESIAN_POINT('Ctrl Pts',(-6.23124997809946,0.838231924378727,
40.0316515410126));
#15130=CARTESIAN_POINT('Ctrl Pts',(-6.21530448979998,0.855104566176098,
40.0260421354858));
#15131=CARTESIAN_POINT('Ctrl Pts',(-6.19731855214528,0.871099864325838,
40.0194958203319));
#15132=CARTESIAN_POINT('Ctrl Pts',(-6.17805949748625,0.886300182857687,
40.0121149486775));
#15133=CARTESIAN_POINT('Ctrl Pts',(-6.16578452525437,0.895988274573378,
40.0074106682126));
#15134=CARTESIAN_POINT('Ctrl Pts',(-6.15299313060186,0.905354439696031,
40.0023670252468));
#15135=CARTESIAN_POINT('Ctrl Pts',(-6.13989081424105,0.914426307619699,
39.997004867658));
#15136=CARTESIAN_POINT('Ctrl Pts',(-6.12289417486258,0.926194552511787,
39.990048948085));
#15137=CARTESIAN_POINT('Ctrl Pts',(-6.10527618961623,0.937457135309935,
39.9825621833858));
#15138=CARTESIAN_POINT('Ctrl Pts',(-6.08742543848663,0.948252688468689,
39.9746034882912));
#15139=CARTESIAN_POINT('Ctrl Pts',(-6.05092929756811,0.9703243663782,39.958331811229));
#15140=CARTESIAN_POINT('Ctrl Pts',(-6.01345818688422,0.990442576530652,
39.9400898949582));
#15141=CARTESIAN_POINT('Ctrl Pts',(-5.97625234179874,1.00854274525396,39.9199074353302));
#15142=CARTESIAN_POINT('Ctrl Pts',(-5.95924110387817,1.01681849536385,39.9106796212121));
#15143=CARTESIAN_POINT('Ctrl Pts',(-5.9422858688241,1.02467277004059,39.901045641681));
#15144=CARTESIAN_POINT('Ctrl Pts',(-5.92550790290133,1.03210000334337,39.8910061979278));
#15145=CARTESIAN_POINT('Ctrl Pts',(-5.92255053358939,1.03340916512993,39.8892365946873));
#15146=CARTESIAN_POINT('Ctrl Pts',(-5.91959867609552,1.03470505755905,39.8874543915573));
#15147=CARTESIAN_POINT('Ctrl Pts',(-5.91665298469389,1.03598744818611,39.8856596572057));
#15148=CARTESIAN_POINT('Ctrl Pts',(-5.86632811115279,1.05789610640506,39.8549980002388));
#15149=CARTESIAN_POINT('Ctrl Pts',(-5.81775675067702,1.07585026848129,39.8206964572858));
#15150=CARTESIAN_POINT('Ctrl Pts',(-5.77385525193696,1.08865603868218,39.7831808638606));
#15151=CARTESIAN_POINT('Ctrl Pts',(-5.76259036212057,1.09194193083773,39.7735545631999));
#15152=CARTESIAN_POINT('Ctrl Pts',(-5.75163279088415,1.09488887961597,39.7637167054237));
#15153=CARTESIAN_POINT('Ctrl Pts',(-5.74102421473336,1.0974681365693,39.753694398806));
#15154=CARTESIAN_POINT('Ctrl Pts',(-5.71445781765336,1.10392720924969,39.7285961600341));
#15155=CARTESIAN_POINT('Ctrl Pts',(-5.69006612646619,1.1080875667904,39.7023016446584));
#15156=CARTESIAN_POINT('Ctrl Pts',(-5.66857056538531,1.10948053014323,39.6752805146494));
#15157=CARTESIAN_POINT('Ctrl Pts',(-5.66326092192077,1.10982460763601,39.6686059939976));
#15158=CARTESIAN_POINT('Ctrl Pts',(-5.65812782036377,1.11000000000001,39.6618872091897));
#15159=CARTESIAN_POINT('Ctrl Pts',(-5.65318176707222,1.11000000000001,39.655131341741));
#15160=CARTESIAN_POINT('Ctrl Pts',(10.8238024690405,0.462407932011299,39.9627849086346));
#15161=CARTESIAN_POINT('Ctrl Pts',(10.8775612241535,0.493171913660876,39.9878554948375));
#15162=CARTESIAN_POINT('Ctrl Pts',(10.9826235422324,0.560977882300341,40.0296310896136));
#15163=CARTESIAN_POINT('Ctrl Pts',(11.0836532664776,0.700520068301941,40.0609724863577));
#15164=CARTESIAN_POINT('Ctrl Pts',(11.0068907468303,0.845044615448835,40.0375949631926));
#15165=CARTESIAN_POINT('Ctrl Pts',(10.8514199380636,0.95225066650637,39.9787801843151));
#15166=CARTESIAN_POINT('Ctrl Pts',(10.6866963414875,1.03696731181264,39.8951858469314));
#15167=CARTESIAN_POINT('Ctrl Pts',(10.5311378031435,1.09446122746789,39.7867576062532));
#15168=CARTESIAN_POINT('Ctrl Pts',(10.4487430491632,1.11000000000004,39.7001535114787));
#15169=CARTESIAN_POINT('Ctrl Pts',(10.415781767096,1.11000000000001,39.6551313413892));
#15170=CARTESIAN_POINT('Ctrl Pts',(10.8767836758465,0.434583331459308,39.9401097213095));
#15171=CARTESIAN_POINT('Ctrl Pts',(10.9263381515052,0.466082774787582,39.97046513269));
#15172=CARTESIAN_POINT('Ctrl Pts',(11.0241690988115,0.538932464687062,40.0229577222873));
#15173=CARTESIAN_POINT('Ctrl Pts',(11.1193858339918,0.698697086660404,40.0638052789075));
#15174=CARTESIAN_POINT('Ctrl Pts',(11.0469472780942,0.865034027377886,40.0332759545061));
#15175=CARTESIAN_POINT('Ctrl Pts',(10.9017175335073,0.981761902366419,39.9587908322983));
#15176=CARTESIAN_POINT('Ctrl Pts',(10.7507819736078,1.06514055052014,39.8590711748877));
#15177=CARTESIAN_POINT('Ctrl Pts',(10.6123888601043,1.10997305695758,39.7412725674005));
#15178=CARTESIAN_POINT('Ctrl Pts',(10.5416531925957,1.11414204506449,39.6593481736385));
#15179=CARTESIAN_POINT('Ctrl Pts',(10.513297545113,1.11,39.6194257221991));
#15180=CARTESIAN_POINT('Ctrl Pts',(10.9826872698084,0.359000282939283,39.9192831436615));
#15181=CARTESIAN_POINT('Ctrl Pts',(11.023889018059,0.398132166396206,39.9576527434544));
#15182=CARTESIAN_POINT('Ctrl Pts',(11.10745712256,0.489759028456592,40.0249457574917));
#15183=CARTESIAN_POINT('Ctrl Pts',(11.1911194644973,0.694308490587425,40.077818384747));
#15184=CARTESIAN_POINT('Ctrl Pts',(11.1274564873215,0.907336480307833,40.0382952162043));
#15185=CARTESIAN_POINT('Ctrl Pts',(11.0027421208982,1.05498869996145,39.9426043114893));
#15186=CARTESIAN_POINT('Ctrl Pts',(10.8792980142318,1.15692775167286,39.8172257285557));
#15187=CARTESIAN_POINT('Ctrl Pts',(10.7747739920192,1.20548135755738,39.6761263894884));
#15188=CARTESIAN_POINT('Ctrl Pts',(10.726897914909,1.20359053821383,39.5881481278232));
#15189=CARTESIAN_POINT('Ctrl Pts',(10.7074956763775,1.19601293091788,39.5483196441535));
#15190=CARTESIAN_POINT('Ctrl Pts',(11.0642824348328,0.260899905563069,39.9521565337732));
#15191=CARTESIAN_POINT('Ctrl Pts',(11.1032120585914,0.314931646230077,39.9911154790177));
#15192=CARTESIAN_POINT('Ctrl Pts',(11.180900061742,0.4359039937611,40.0576162157188));
#15193=CARTESIAN_POINT('Ctrl Pts',(11.2577237871039,0.690116637228851,40.1086294661155));
#15194=CARTESIAN_POINT('Ctrl Pts',(11.1990913557646,0.953829187331111,40.0705836127883));
#15195=CARTESIAN_POINT('Ctrl Pts',(11.0831418746459,1.14597076997909,39.9765884772616));
#15196=CARTESIAN_POINT('Ctrl Pts',(10.9653704488974,1.29285058376855,39.8479123619881));
#15197=CARTESIAN_POINT('Ctrl Pts',(10.8607921601589,1.38549827356844,39.6906396629606));
#15198=CARTESIAN_POINT('Ctrl Pts',(10.8090819672015,1.40542352994229,39.5758448368536));
#15199=CARTESIAN_POINT('Ctrl Pts',(10.7882646015164,1.40281957617301,39.518745922423));
#15200=CARTESIAN_POINT('Ctrl Pts',(11.0943202927687,0.211822474032078,39.980165703623));
#15201=CARTESIAN_POINT('Ctrl Pts',(11.1346446510144,0.273334288259493,40.0177666471257));
#15202=CARTESIAN_POINT('Ctrl Pts',(11.2134517317109,0.408910631854098,40.08042181467));
#15203=CARTESIAN_POINT('Ctrl Pts',(11.2892339700709,0.687921753365922,40.1274277394117));
#15204=CARTESIAN_POINT('Ctrl Pts',(11.2316545239773,0.976894981755717,40.0923660571415));
#15205=CARTESIAN_POINT('Ctrl Pts',(11.1150361131479,1.19125080772849,40.0041554680547));
#15206=CARTESIAN_POINT('Ctrl Pts',(10.9914772006341,1.36063962766107,39.8787804197146));
#15207=CARTESIAN_POINT('Ctrl Pts',(10.874792983985,1.47559727843841,39.7161594056379));
#15208=CARTESIAN_POINT('Ctrl Pts',(10.8129888077141,1.50666666666673,39.5862703137626));
#15209=CARTESIAN_POINT('Ctrl Pts',(10.7882646015164,1.50666666666668,39.5187459224229));
#15210=CARTESIAN_POINT('',(10.4157817670961,1.11000000000001,39.6551313413894));
#15211=CARTESIAN_POINT('Origin',(10.4157817670961,1.50666666666668,39.6551313413894));
#15212=CARTESIAN_POINT('',(10.8238024740867,0.462407933455198,39.9627849098112));
#15213=CARTESIAN_POINT('Ctrl Pts',(10.4157817670961,1.11000000000001,39.6551313413893));
#15214=CARTESIAN_POINT('Ctrl Pts',(10.4326574163784,1.11000000000002,39.6781819724543));
#15215=CARTESIAN_POINT('Ctrl Pts',(10.4517089585948,1.10796148197089,39.700801646144));
#15216=CARTESIAN_POINT('Ctrl Pts',(10.4725201502722,1.10416376201537,39.722707347207));
#15217=CARTESIAN_POINT('Ctrl Pts',(10.4841286984615,1.10204538187662,39.7349264161749));
#15218=CARTESIAN_POINT('Ctrl Pts',(10.4962826842169,1.09938047683257,39.7469219448487));
#15219=CARTESIAN_POINT('Ctrl Pts',(10.5089125002533,1.09621883190723,39.7586508441269));
#15220=CARTESIAN_POINT('Ctrl Pts',(10.5178637095648,1.09397805932481,39.7669635410126));
#15221=CARTESIAN_POINT('Ctrl Pts',(10.5270559183311,1.09148728014393,39.7751441732752));
#15222=CARTESIAN_POINT('Ctrl Pts',(10.5364655377058,1.08876360132505,39.7831779560059));
#15223=CARTESIAN_POINT('Ctrl Pts',(10.578044673641,1.07672823545685,39.8186775581616));
#15224=CARTESIAN_POINT('Ctrl Pts',(10.6238671886611,1.06014845160412,39.851312383215));
#15225=CARTESIAN_POINT('Ctrl Pts',(10.6712823153095,1.03982271798396,39.8807168018244));
#15226=CARTESIAN_POINT('Ctrl Pts',(10.6738753586779,1.03871114215365,39.8823248737219));
#15227=CARTESIAN_POINT('Ctrl Pts',(10.6764731676214,1.03758835404764,39.8839232757254));
#15228=CARTESIAN_POINT('Ctrl Pts',(10.6790753087171,1.03645448137581,39.8855119450018));
#15229=CARTESIAN_POINT('Ctrl Pts',(10.6821193124502,1.03512806881054,39.8873703819699));
#15230=CARTESIAN_POINT('Ctrl Pts',(10.6851696031318,1.03378677828983,39.8892150976588));
#15231=CARTESIAN_POINT('Ctrl Pts',(10.6882253870798,1.0324308146971,39.8910460318044));
#15232=CARTESIAN_POINT('Ctrl Pts',(10.720800555804,1.01797601567676,39.9105640964757));
#15233=CARTESIAN_POINT('Ctrl Pts',(10.7539966462646,1.00185534394684,39.9285186691121));
#15234=CARTESIAN_POINT('Ctrl Pts',(10.7870408733624,0.984219107519134,39.9449505367517));
#15235=CARTESIAN_POINT('Ctrl Pts',(10.8081614451825,0.972946718033173,39.9554531410219));
#15236=CARTESIAN_POINT('Ctrl Pts',(10.8292208494281,0.961054578811574,39.965333026291));
#15237=CARTESIAN_POINT('Ctrl Pts',(10.8500247338211,0.948582433465158,39.9745923577541));
#15238=CARTESIAN_POINT('Ctrl Pts',(10.8678553358905,0.937892801835682,39.9825283494961));
#15239=CARTESIAN_POINT('Ctrl Pts',(10.8854983318211,0.926776999352612,39.9900083099413));
#15240=CARTESIAN_POINT('Ctrl Pts',(10.9025166953044,0.915141668310996,39.9969633216389));
#15241=CARTESIAN_POINT('Ctrl Pts',(10.9220573827645,0.90178184275534,40.0049491488306));
#15242=CARTESIAN_POINT('Ctrl Pts',(10.940882751183,0.887715413796849,40.0122532410283));
#15243=CARTESIAN_POINT('Ctrl Pts',(10.9582785182454,0.872861672815533,40.0187433711318));
#15244=CARTESIAN_POINT('Ctrl Pts',(10.9710276569374,0.861975553037881,40.0234999057831));
#15245=CARTESIAN_POINT('Ctrl Pts',(10.9830084302306,0.850666647678221,40.0278200267396));
#15246=CARTESIAN_POINT('Ctrl Pts',(10.9939540198611,0.838904138762579,40.0316634480223));
#15247=CARTESIAN_POINT('Ctrl Pts',(11.0053475252686,0.826660284072118,40.0356641499166));
#15248=CARTESIAN_POINT('Ctrl Pts',(11.0156176978561,0.813925730888175,40.0391482594649));
#15249=CARTESIAN_POINT('Ctrl Pts',(11.0243730666697,0.800900393112092,40.0420451008346));
#15250=CARTESIAN_POINT('Ctrl Pts',(11.031830063952,0.789806639043593,40.0445123570611));
#15251=CARTESIAN_POINT('Ctrl Pts',(11.0380775002768,0.778396804857911,40.0465764976714));
#15252=CARTESIAN_POINT('Ctrl Pts',(11.0429335809079,0.766796051267823,40.0481725016465));
#15253=CARTESIAN_POINT('Ctrl Pts',(11.0476472813028,0.755535431658649,40.0497217108007));
#15254=CARTESIAN_POINT('Ctrl Pts',(11.051050207686,0.744094949550633,40.0508306458976));
#15255=CARTESIAN_POINT('Ctrl Pts',(11.0529339097481,0.732564875914689,40.0514439048218));
#15256=CARTESIAN_POINT('Ctrl Pts',(11.0540550359116,0.725702502358332,40.0518088991797));
#15257=CARTESIAN_POINT('Ctrl Pts',(11.0546371842983,0.718807910962864,40.0519983423316));
#15258=CARTESIAN_POINT('Ctrl Pts',(11.0546286191638,0.7118961170103,40.0519993526001));
#15259=CARTESIAN_POINT('Ctrl Pts',(11.0546242555267,0.708374799203599,40.0519998672966));
#15260=CARTESIAN_POINT('Ctrl Pts',(11.0544675124951,0.704856654784872,40.051951431951));
#15261=CARTESIAN_POINT('Ctrl Pts',(11.0541513358813,0.701345043067984,40.0518528836404));
#15262=CARTESIAN_POINT('Ctrl Pts',(11.0529347873451,0.687833461544105,40.0514737006214));
#15263=CARTESIAN_POINT('Ctrl Pts',(11.0493537668183,0.674417569342998,40.05035152362));
#15264=CARTESIAN_POINT('Ctrl Pts',(11.043900142207,0.661261447547452,40.0485941468346));
#15265=CARTESIAN_POINT('Ctrl Pts',(11.0394122790521,0.650435092879574,40.0471479771608));
#15266=CARTESIAN_POINT('Ctrl Pts',(11.0336583805654,0.639785191806805,40.0452718352597));
#15267=CARTESIAN_POINT('Ctrl Pts',(11.026928084764,0.629406985762823,40.0430341624897));
#15268=CARTESIAN_POINT('Ctrl Pts',(11.0181108625357,0.615810711286634,40.0401026333758));
#15269=CARTESIAN_POINT('Ctrl Pts',(11.0075486068176,0.602584828233142,40.0365330329739));
#15270=CARTESIAN_POINT('Ctrl Pts',(10.9957693047802,0.589824458748966,40.0324208513396));
#15271=CARTESIAN_POINT('Ctrl Pts',(10.9886646571194,0.582128083452802,40.0299406023796));
#15272=CARTESIAN_POINT('Ctrl Pts',(10.9811160869036,0.574601020730928,40.0272625039412));
#15273=CARTESIAN_POINT('Ctrl Pts',(10.9732341483395,0.5672655945149,40.0244038131537));
#15274=CARTESIAN_POINT('Ctrl Pts',(10.9608602790851,0.555749695959804,40.0199159494443));
#15275=CARTESIAN_POINT('Ctrl Pts',(10.9476649287244,0.54470604041849,40.0149839062789));
#15276=CARTESIAN_POINT('Ctrl Pts',(10.9337893476479,0.534024916631346,40.0095939531641));
#15277=CARTESIAN_POINT('Ctrl Pts',(10.9108902627052,0.516397693703857,40.0006988306079));
#15278=CARTESIAN_POINT('Ctrl Pts',(10.8863462352644,0.499989436587291,39.9906644709317));
#15279=CARTESIAN_POINT('Ctrl Pts',(10.8611620926467,0.484516028233109,39.979652453321));
#15280=CARTESIAN_POINT('Ctrl Pts',(10.8488225785356,0.476934497917317,39.97425687767));
#15281=CARTESIAN_POINT('Ctrl Pts',(10.8363299145123,0.469576887175591,39.968627127239));
#15282=CARTESIAN_POINT('Ctrl Pts',(10.8238024731967,0.462407934389746,39.9627849105728));
#15283=CARTESIAN_POINT('Ctrl Pts',(10.8238024690405,0.462407932011337,39.9627849086346));
#15284=CARTESIAN_POINT('Ctrl Pts',(10.8257059219058,0.462988424404711,39.9632579710864));
#15285=CARTESIAN_POINT('Ctrl Pts',(10.8276093177464,0.463569780454064,39.963731013931));
#15286=CARTESIAN_POINT('Ctrl Pts',(10.9602190593768,0.504138483980747,39.9966907204418));
#15287=CARTESIAN_POINT('Ctrl Pts',(11.060580993142,0.53921444449943,40.0226099732521));
#15288=CARTESIAN_POINT('Ctrl Pts',(11.1832732997699,0.60949178948725,40.0688677152392));
#15289=CARTESIAN_POINT('Ctrl Pts',(11.2282676688298,0.641434599007991,40.0891392473685));
#15290=CARTESIAN_POINT('Ctrl Pts',(11.2667207224815,0.685860051640367,40.1136288431709));
#15291=CARTESIAN_POINT('Origin',(11.9063,1.50666666666668,39.1093747725325));
#15292=CARTESIAN_POINT('',(10.3190083333333,1.11000000000001,39.1093747725325));
#15293=CARTESIAN_POINT('Origin',(10.3190083333333,1.50666666666668,39.1093747725325));
#15294=CARTESIAN_POINT('Origin',(11.9063,1.11000000000001,39.1093747725325));
#15295=CARTESIAN_POINT('Origin',(10.3190083333333,1.50666666666668,40.299999772793));
#15296=CARTESIAN_POINT('',(10.3190083333333,1.11000000000001,35.9187497725035));
#15297=CARTESIAN_POINT('Origin',(10.3190083333333,1.50666666666668,35.9187497726091));
#15298=CARTESIAN_POINT('',(10.3190083333333,1.11000000000001,40.299999772793));
#15299=CARTESIAN_POINT('Origin',(-5.953075,4.61000000000001,40.299999772793));
#15300=CARTESIAN_POINT('',(53.3797124999994,4.61000000000001,38.29999977246));
#15301=CARTESIAN_POINT('Origin',(-56.3562500353678,0.71312500000001,39.6551313428507));
#15302=CARTESIAN_POINT('',(-56.3562500353611,0.46240793201134,39.9627849101048));
#15303=CARTESIAN_POINT('',(-56.3562500353678,1.11000000000001,39.6551313428507));
#15304=CARTESIAN_POINT('Origin',(10.715675,1.11000000000001,40.299999772793));
#15305=CARTESIAN_POINT('',(-6.89652646554392,1.11000000000001,35.9187497726091));
#15306=CARTESIAN_POINT('Origin',(14.45188956419,1.11000000000001,37.7031306712952));
#15307=CARTESIAN_POINT('',(14.4518932275131,-0.0899999999999902,38.2999997724818));
#15308=CARTESIAN_POINT('',(14.4518895641904,1.11000000000001,38.2999997724818));
#15309=CARTESIAN_POINT('',(14.0298377452519,-0.0899999999999902,38.1251792302217));
#15310=CARTESIAN_POINT('Origin',(14.45188956419,-0.0899999999999904,37.7031306712952));
#15311=CARTESIAN_POINT('',(14.0298377452519,1.11000000000001,38.1251792302217));
#15312=CARTESIAN_POINT('Origin',(11.9396476831881,1.11000000000001,36.0349921681413));
#15313=CARTESIAN_POINT('',(11.9396476831881,-0.0899999999999906,36.0349921681413));
#15314=CARTESIAN_POINT('',(11.9396476831881,-0.0899999999999906,36.0349921681413));
#15315=CARTESIAN_POINT('',(11.9396476831881,1.11000000000001,36.0349921681413));
#15316=CARTESIAN_POINT('Origin',(11.65901641077,1.11000000000001,36.3156196282953));
#15317=CARTESIAN_POINT('',(11.6590169999995,-0.0899999999999908,35.9187497724847));
#15318=CARTESIAN_POINT('Origin',(11.65901641077,-0.0899999999999906,36.3156196282953));
#15319=CARTESIAN_POINT('',(11.6590169999995,1.11000000000001,35.9187497724847));
#15320=CARTESIAN_POINT('Origin',(-6.89652646554392,1.11000000000001,35.9187497726091));
#15321=CARTESIAN_POINT('',(-6.89652646554392,-0.0899999999999908,35.9187497726091));
#15322=CARTESIAN_POINT('',(-6.89652646554392,-0.0899999999999908,35.9187497726091));
#15323=CARTESIAN_POINT('',(-6.89652646554392,1.11000000000001,35.9187497726091));
#15324=CARTESIAN_POINT('Origin',(-6.89658341637998,1.11000000000001,36.3154626904953));
#15325=CARTESIAN_POINT('',(-7.17714162762693,-0.0899999999999906,36.0349841127695));
#15326=CARTESIAN_POINT('Origin',(-6.89658341637998,-0.0899999999999906,
36.3154626904953));
#15327=CARTESIAN_POINT('',(-7.17714162762693,1.11000000000001,36.0349841127695));
#15328=CARTESIAN_POINT('Origin',(-9.26733213231033,1.11000000000001,38.1251746179936));
#15329=CARTESIAN_POINT('',(-9.26733213231033,-0.0899999999999902,38.1251746179936));
#15330=CARTESIAN_POINT('',(-9.26733213231033,-0.0899999999999902,38.1251746179936));
#15331=CARTESIAN_POINT('',(-9.26733213231033,1.11000000000001,38.1251746179936));
#15332=CARTESIAN_POINT('Origin',(-9.68941563903996,1.11000000000001,37.7030653067953));
#15333=CARTESIAN_POINT('',(-9.68938479266804,-0.0899999999999902,38.2999997724953));
#15334=CARTESIAN_POINT('Origin',(-9.68941563903996,-0.0899999999999904,
37.7030653067953));
#15335=CARTESIAN_POINT('',(-9.68938479266804,1.11000000000001,38.2999997724953));
#15336=CARTESIAN_POINT('Origin',(112.7125,1.11000000000001,38.2999997724269));
#15337=CARTESIAN_POINT('',(-112.712500006509,-0.0899999999999902,38.2999997724643));
#15338=CARTESIAN_POINT('',(-9.68938479266804,-0.0899999999999902,38.2999997724953));
#15339=CARTESIAN_POINT('',(-112.712500006509,1.11000000000001,38.2999997724643));
#15340=CARTESIAN_POINT('Origin',(112.7125,1.11000000000001,38.2999997724269));
#15341=CARTESIAN_POINT('',(112.7125,-0.0899999999999902,38.2999997724953));
#15342=CARTESIAN_POINT('',(112.7125,1.11000000000001,38.2999997724953));
#15343=CARTESIAN_POINT('',(-9.68938479266804,-0.0899999999999902,38.2999997724953));
#15344=CARTESIAN_POINT('Origin',(112.71249994833,1.41,-36.5125001759048));
#15345=CARTESIAN_POINT('',(112.712500022784,-0.0900000000000073,-38.8000002275748));
#15346=CARTESIAN_POINT('',(112.712500071606,1.41,-40.3000002275748));
#15347=CARTESIAN_POINT('Origin',(112.712500022784,1.41,-38.8000002275748));
#15348=CARTESIAN_POINT('',(116.5,1.41,-36.5125002275047));
#15349=CARTESIAN_POINT('Origin',(112.71249994833,1.41,-36.5125001759048));
#15350=CARTESIAN_POINT('',(115.,-0.0900000000000067,-36.5125002070691));
#15351=CARTESIAN_POINT('Origin',(115.,1.41,-36.5125002070691));
#15352=CARTESIAN_POINT('Origin',(112.71249994833,-0.0900000000000067,-36.5125001759048));
#15353=CARTESIAN_POINT('Origin',(115.000000000023,1.41000000000001,18.2562498084056));
#15354=CARTESIAN_POINT('',(116.50000000003,1.41000000000001,36.5124998441425));
#15355=CARTESIAN_POINT('',(115.00000000003,-0.0899999999999905,36.5124998441432));
#15356=CARTESIAN_POINT('Origin',(115.00000000003,1.41000000000001,36.5124998441432));
#15357=CARTESIAN_POINT('',(115.000000000023,-0.0899999999999945,18.2562498084056));
#15358=CARTESIAN_POINT('',(116.500000000023,1.41000000000001,18.2562498084049));
#15359=CARTESIAN_POINT('Origin',(112.71249994833,1.41,36.5124997207953));
#15360=CARTESIAN_POINT('',(112.712499999999,1.41,40.2999997724952));
#15361=CARTESIAN_POINT('',(112.712499979536,-0.0899999999999901,38.7999997724952));
#15362=CARTESIAN_POINT('Origin',(112.712499979536,1.41,38.7999997724952));
#15363=CARTESIAN_POINT('Origin',(112.71249994833,-0.0899999999999906,36.5124997207953));
#15364=CARTESIAN_POINT('Origin',(112.71249994833,1.41,36.5124997207953));
#15365=CARTESIAN_POINT('Origin',(-56.3562500353865,1.41000000000001,38.7999997740263));
#15366=CARTESIAN_POINT('',(-112.712500071604,1.41000000000001,40.2999997724643));
#15367=CARTESIAN_POINT('',(-56.3562500353537,1.41000000000001,40.2999997740263));
#15368=CARTESIAN_POINT('',(-112.712500071637,-0.0899999999999901,38.7999997752596));
#15369=CARTESIAN_POINT('Origin',(-112.712500071637,1.41000000000001,38.7999997752596));
#15370=CARTESIAN_POINT('',(-56.3562500353865,-0.0899999999999901,38.7999997740263));
#15371=CARTESIAN_POINT('',(-56.3562500353537,1.41000000000001,40.2999997740263));
#15372=CARTESIAN_POINT('Origin',(-112.712499948331,1.41,36.5124997207953));
#15373=CARTESIAN_POINT('',(-116.5,1.41,36.5124997724953));
#15374=CARTESIAN_POINT('',(-115.,-0.0899999999999906,36.51249975202));
#15375=CARTESIAN_POINT('Origin',(-115.,1.41,36.51249975202));
#15376=CARTESIAN_POINT('Origin',(-112.712499948331,-0.0899999999999906,
36.5124997207953));
#15377=CARTESIAN_POINT('Origin',(-112.712499948331,1.41,36.5124997207953));
#15378=CARTESIAN_POINT('Origin',(-114.999999999948,1.41,-18.2562502632028));
#15379=CARTESIAN_POINT('',(-116.499999999931,1.40999999999999,-36.5125002990134));
#15380=CARTESIAN_POINT('',(-114.999999999931,-0.0900000000000069,-36.512500299012));
#15381=CARTESIAN_POINT('Origin',(-114.999999999931,1.40999999999999,-36.512500299012));
#15382=CARTESIAN_POINT('',(-114.999999999948,-0.0900000000000029,-18.2562502632028));
#15383=CARTESIAN_POINT('',(-116.499999999948,1.41,-18.2562502632042));
#15384=CARTESIAN_POINT('Origin',(-112.712499948331,1.41,-36.5125001759048));
#15385=CARTESIAN_POINT('',(-112.712500000001,1.41,-40.3000002275048));
#15386=CARTESIAN_POINT('',(-112.712499979537,-0.0900000000000073,-38.8000002275048));
#15387=CARTESIAN_POINT('Origin',(-112.712499979537,1.41,-38.8000002275048));
#15388=CARTESIAN_POINT('Origin',(-112.712499948331,-0.0900000000000067,
-36.5125001759048));
#15389=CARTESIAN_POINT('Origin',(-112.712499948331,1.41,-36.5125001759048));
#15390=CARTESIAN_POINT('Origin',(56.3562500358045,1.40999999999999,-38.8000002275573));
#15391=CARTESIAN_POINT('',(-11.9375,0.909999999999992,-40.2142137899092));
#15392=CARTESIAN_POINT('',(-11.4375,1.40999999999999,-40.3000002275398));
#15393=CARTESIAN_POINT('Ctrl Pts',(-11.9375,0.909999999999992,-40.2142137899092));
#15394=CARTESIAN_POINT('Ctrl Pts',(-11.874176969796,0.909999999999992,-40.2142137899092));
#15395=CARTESIAN_POINT('Ctrl Pts',(-11.8069990132682,0.922754830365586,
-40.2189136189717));
#15396=CARTESIAN_POINT('Ctrl Pts',(-11.6839734100211,0.973923546186818,
-40.2354654339173));
#15397=CARTESIAN_POINT('Ctrl Pts',(-11.6280784588133,1.01231476000014,-40.2470346555677));
#15398=CARTESIAN_POINT('Ctrl Pts',(-11.539835228386,1.10055799042749,-40.2684367826146));
#15399=CARTESIAN_POINT('Ctrl Pts',(-11.5014282569417,1.15646109402129,-40.2797187051879));
#15400=CARTESIAN_POINT('Ctrl Pts',(-11.4502477895985,1.27951693138956,-40.2956014172535));
#15401=CARTESIAN_POINT('Ctrl Pts',(-11.4375,1.34670633906631,-40.3000002275362));
#15402=CARTESIAN_POINT('Ctrl Pts',(-11.4375,1.40999999999999,-40.3000002275362));
#15403=CARTESIAN_POINT('',(56.3562500358041,1.40999999999999,-40.3000002275573));
#15404=CARTESIAN_POINT('',(56.3562500358045,-0.0900000000000073,-38.8000002275573));
#15405=CARTESIAN_POINT('',(-17.1375,1.40999999999999,-40.3000002275398));
#15406=CARTESIAN_POINT('',(56.3562500358041,1.40999999999999,-40.3000002275573));
#15407=CARTESIAN_POINT('',(-16.6375,0.909999999999992,-40.2142137899077));
#15408=CARTESIAN_POINT('Ctrl Pts',(-17.1375,1.40999999999999,-40.3000002275344));
#15409=CARTESIAN_POINT('Ctrl Pts',(-17.1375,1.34670633906632,-40.3000002275344));
#15410=CARTESIAN_POINT('Ctrl Pts',(-17.1247522104015,1.27951693138956,-40.2956014172517));
#15411=CARTESIAN_POINT('Ctrl Pts',(-17.0735717430583,1.15646109402129,-40.2797187051862));
#15412=CARTESIAN_POINT('Ctrl Pts',(-17.035164771614,1.10055799042749,-40.2684367826129));
#15413=CARTESIAN_POINT('Ctrl Pts',(-16.9469215411867,1.01231476000014,-40.247034655566));
#15414=CARTESIAN_POINT('Ctrl Pts',(-16.8910265899788,0.973923546186812,
-40.2354654339157));
#15415=CARTESIAN_POINT('Ctrl Pts',(-16.7680009867317,0.922754830365584,
-40.2189136189702));
#15416=CARTESIAN_POINT('Ctrl Pts',(-16.7008230302039,0.909999999999992,
-40.2142137899077));
#15417=CARTESIAN_POINT('Ctrl Pts',(-16.6375,0.909999999999992,-40.2142137899077));
#15418=CARTESIAN_POINT('',(56.3562500358041,0.909999999999992,-40.2142137899304));
#15419=CARTESIAN_POINT('Origin',(112.71249994833,1.11000000000001,36.5124997207953));
#15420=CARTESIAN_POINT('',(116.50000000003,5.31,36.5124998441425));
#15421=CARTESIAN_POINT('',(116.50000000003,1.11000000000001,36.5124998441425));
#15422=CARTESIAN_POINT('',(112.712499999999,5.31000000000001,40.2999997724952));
#15423=CARTESIAN_POINT('Origin',(112.71249994833,5.31,36.5124997207953));
#15424=CARTESIAN_POINT('',(112.712499999999,1.11000000000001,40.2999997724952));
#15425=CARTESIAN_POINT('Origin',(116.50000000003,1.11000000000001,36.5124998441425));
#15426=CARTESIAN_POINT('',(116.5,5.30999999999999,-36.5125002275047));
#15427=CARTESIAN_POINT('',(116.5,1.10999999999999,-36.5125002275047));
#15428=CARTESIAN_POINT('',(116.500000000023,5.31000000000001,18.2562498084049));
#15429=CARTESIAN_POINT('Origin',(112.71249994833,1.10999999999999,-36.5125001759048));
#15430=CARTESIAN_POINT('',(112.712500071606,5.31,-40.3000002275748));
#15431=CARTESIAN_POINT('',(112.712500071606,1.10999999999999,-40.3000002275748));
#15432=CARTESIAN_POINT('Origin',(112.71249994833,5.31,-36.5125001759048));
#15433=CARTESIAN_POINT('Origin',(-11.9375,1.40999999999999,-40.3000002275398));
#15434=CARTESIAN_POINT('',(-11.9375,0.909999999999992,-39.8000002275398));
#15435=CARTESIAN_POINT('',(-11.9375,0.909999999999992,-40.3000002275398));
#15436=CARTESIAN_POINT('',(-11.4375,1.40999999999999,-39.8000002275398));
#15437=CARTESIAN_POINT('Origin',(-11.9375,1.40999999999999,-39.8000002275398));
#15438=CARTESIAN_POINT('',(-11.4375,1.40999999999999,-40.3000002275398));
#15439=CARTESIAN_POINT('Origin',(1.50279788613261E-11,-0.0899999999999987,
-2.27284839837694E-7));
#15440=CARTESIAN_POINT('',(114.50000000003,-0.0899999999999906,36.5124997790087));
#15441=CARTESIAN_POINT('Origin',(112.71249994833,-0.0899999999999906,36.5124997207953));
#15442=CARTESIAN_POINT('',(114.5,-0.0900000000000067,-36.5125002275048));
#15443=CARTESIAN_POINT('',(114.50000000003,-0.0899999999999906,36.5124997790087));
#15444=CARTESIAN_POINT('',(112.71250000651,-0.0900000000000072,-38.3000002275747));
#15445=CARTESIAN_POINT('Origin',(112.71249994833,-0.0900000000000067,-36.5125001759048));
#15446=CARTESIAN_POINT('',(-112.7125,-0.0900000000000072,-38.3000002275048));
#15447=CARTESIAN_POINT('',(112.71250000651,-0.0900000000000072,-38.3000002275747));
#15448=CARTESIAN_POINT('',(-114.499999999931,-0.0900000000000067,-36.5125002340056));
#15449=CARTESIAN_POINT('Origin',(-112.712499948331,-0.0900000000000067,
-36.5125001759048));
#15450=CARTESIAN_POINT('',(-114.5,-0.0899999999999906,36.5124997724953));
#15451=CARTESIAN_POINT('',(-114.499999999931,-0.0900000000000067,-36.5125002340056));
#15452=CARTESIAN_POINT('Origin',(-112.712499948331,-0.0899999999999906,
36.5124997207953));
#15453=CARTESIAN_POINT('Origin',(-112.712499948331,5.31,36.5124997207953));
#15454=CARTESIAN_POINT('',(-115.,6.81000000000001,36.51249975202));
#15455=CARTESIAN_POINT('',(-116.5,5.31,36.5124997724953));
#15456=CARTESIAN_POINT('Origin',(-115.,5.31,36.51249975202));
#15457=CARTESIAN_POINT('',(-112.712500071604,5.31,40.2999997724643));
#15458=CARTESIAN_POINT('Origin',(-112.712499948331,5.31,36.5124997207953));
#15459=CARTESIAN_POINT('',(-112.712500022783,6.81000000000001,38.7999997724643));
#15460=CARTESIAN_POINT('Origin',(-112.712500022783,5.31,38.7999997724643));
#15461=CARTESIAN_POINT('Origin',(-112.712499948331,6.81000000000001,36.5124997207953));
#15462=CARTESIAN_POINT('Origin',(-56.3562500353865,5.31000000000001,38.7999997740263));
#15463=CARTESIAN_POINT('',(112.712499999967,6.81000000000001,38.7999997703264));
#15464=CARTESIAN_POINT('Origin',(112.712499999967,5.31000000000001,38.7999997703264));
#15465=CARTESIAN_POINT('',(-56.3562500353865,6.81000000000001,38.7999997740263));
#15466=CARTESIAN_POINT('',(-56.3562500353537,5.31000000000001,40.2999997740263));
#15467=CARTESIAN_POINT('Origin',(112.71249994833,5.31,36.5124997207953));
#15468=CARTESIAN_POINT('',(115.00000000003,6.81000000000001,36.5124997952921));
#15469=CARTESIAN_POINT('Origin',(115.00000000003,5.31,36.5124997952921));
#15470=CARTESIAN_POINT('Origin',(112.71249994833,6.81000000000001,36.5124997207953));
#15471=CARTESIAN_POINT('Origin',(115.000000000023,5.31000000000001,18.2562498084056));
#15472=CARTESIAN_POINT('',(115.,6.80999999999999,-36.5125002275041));
#15473=CARTESIAN_POINT('Origin',(115.,5.30999999999999,-36.5125002275041));
#15474=CARTESIAN_POINT('',(115.000000000023,6.81000000000001,18.2562498084056));
#15475=CARTESIAN_POINT('Origin',(112.71249994833,5.31,-36.5125001759048));
#15476=CARTESIAN_POINT('',(112.712500022784,6.80999999999999,-38.8000002275748));
#15477=CARTESIAN_POINT('Origin',(112.712500022784,5.31,-38.8000002275748));
#15478=CARTESIAN_POINT('Origin',(112.71249994833,6.80999999999999,-36.5125001759048));
#15479=CARTESIAN_POINT('Origin',(56.3562500358045,5.30999999999999,-38.8000002275573));
#15480=CARTESIAN_POINT('',(-112.712500000001,5.30999999999999,-40.3000002275048));
#15481=CARTESIAN_POINT('',(-112.7125,6.80999999999999,-38.8000002275048));
#15482=CARTESIAN_POINT('Origin',(-112.7125,5.30999999999999,-38.8000002275048));
#15483=CARTESIAN_POINT('',(56.3562500358045,6.80999999999999,-38.8000002275573));
#15484=CARTESIAN_POINT('',(56.3562500358041,5.30999999999999,-40.3000002275573));
#15485=CARTESIAN_POINT('Origin',(-112.712499948331,5.31,-36.5125001759048));
#15486=CARTESIAN_POINT('',(-116.499999999931,5.31,-36.5125002990134));
#15487=CARTESIAN_POINT('',(-114.999999999931,6.80999999999999,-36.5125002502575));
#15488=CARTESIAN_POINT('Origin',(-114.999999999931,5.31,-36.5125002502575));
#15489=CARTESIAN_POINT('Origin',(-112.712499948331,6.80999999999999,-36.5125001759048));
#15490=CARTESIAN_POINT('Origin',(-112.712499948331,5.31,-36.5125001759048));
#15491=CARTESIAN_POINT('Origin',(-114.999999999948,5.31,-18.2562502632028));
#15492=CARTESIAN_POINT('',(-114.999999999948,6.81,-18.2562502632028));
#15493=CARTESIAN_POINT('',(-116.499999999948,5.31,-18.2562502632042));
#15494=CARTESIAN_POINT('Origin',(-112.712500071604,1.11000000000001,40.2999997752596));
#15495=CARTESIAN_POINT('',(-112.712500071604,1.11000000000001,40.2999997724643));
#15496=CARTESIAN_POINT('Origin',(-112.712499948331,1.11000000000001,36.5124997207953));
#15497=CARTESIAN_POINT('',(-116.5,1.11000000000001,36.5124997724953));
#15498=CARTESIAN_POINT('Origin',(1.50279788613261E-11,6.81,-2.27284839837694E-7));
#15499=CARTESIAN_POINT('',(112.7125,6.81000000000001,38.2999997724953));
#15500=CARTESIAN_POINT('',(-112.712500006509,6.81000000000001,38.2999997724643));
#15501=CARTESIAN_POINT('',(-9.68938479266804,6.81000000000001,38.2999997724953));
#15502=CARTESIAN_POINT('',(-114.5,6.81000000000001,36.5124997724953));
#15503=CARTESIAN_POINT('Origin',(-112.712499948331,6.81000000000001,36.5124997207953));
#15504=CARTESIAN_POINT('',(-114.499999999931,6.80999999999999,-36.5125002340056));
#15505=CARTESIAN_POINT('',(-114.499999999931,6.80999999999999,-36.5125002340056));
#15506=CARTESIAN_POINT('',(-112.7125,6.80999999999999,-38.3000002275048));
#15507=CARTESIAN_POINT('Origin',(-112.712499948331,6.80999999999999,-36.5125001759048));
#15508=CARTESIAN_POINT('',(112.71250000651,6.80999999999999,-38.3000002275747));
#15509=CARTESIAN_POINT('',(112.71250000651,6.80999999999999,-38.3000002275747));
#15510=CARTESIAN_POINT('',(114.5,6.80999999999999,-36.5125002275048));
#15511=CARTESIAN_POINT('Origin',(112.71249994833,6.80999999999999,-36.5125001759048));
#15512=CARTESIAN_POINT('',(114.50000000003,6.81000000000001,36.5124997790087));
#15513=CARTESIAN_POINT('',(114.50000000003,6.81000000000001,36.5124997790087));
#15514=CARTESIAN_POINT('Origin',(112.71249994833,6.81000000000001,36.5124997207953));
#15515=CARTESIAN_POINT('Origin',(-17.1375,3.90999999999999,-40.3000002275398));
#15516=CARTESIAN_POINT('',(-17.1375,3.90999999999999,-40.3000002275398));
#15517=CARTESIAN_POINT('',(-17.1375,2.50999999999999,-40.3000002275344));
#15518=CARTESIAN_POINT('',(-17.1375,3.90999999999999,-39.8000002275398));
#15519=CARTESIAN_POINT('',(-17.1375,3.90999999999999,-40.3000002275398));
#15520=CARTESIAN_POINT('',(-17.1375,1.40999999999999,-39.8000002275398));
#15521=CARTESIAN_POINT('',(-17.1375,3.90999999999999,-39.8000002275398));
#15522=CARTESIAN_POINT('',(-17.1375,1.40999999999999,-40.3000002275398));
#15523=CARTESIAN_POINT('Origin',(-16.6375,3.90999999999999,-40.3000002275398));
#15524=CARTESIAN_POINT('',(-16.6375,4.40999999999999,-40.3000002275398));
#15525=CARTESIAN_POINT('Origin',(-16.6375,3.90999999999999,-40.3000002275748));
#15526=CARTESIAN_POINT('',(-16.6375,4.40999999999999,-39.8000002275398));
#15527=CARTESIAN_POINT('',(-16.6375,4.40999999999999,-40.3000002275398));
#15528=CARTESIAN_POINT('Origin',(-16.6375,3.90999999999999,-39.8000002275398));
#15529=CARTESIAN_POINT('Origin',(-11.9375,4.40999999999999,-40.3000002275398));
#15530=CARTESIAN_POINT('',(-11.9375,4.40999999999999,-40.3000002275398));
#15531=CARTESIAN_POINT('',(50.3875000358028,4.40999999999999,-40.3000002275554));
#15532=CARTESIAN_POINT('',(-11.9375,4.40999999999999,-39.8000002275398));
#15533=CARTESIAN_POINT('',(-11.9375,4.40999999999999,-40.3000002275398));
#15534=CARTESIAN_POINT('',(-11.9375,4.40999999999999,-39.8000002275398));
#15535=CARTESIAN_POINT('Origin',(-11.9375,3.90999999999999,-40.3000002275398));
#15536=CARTESIAN_POINT('',(-11.4375,3.90999999999999,-40.3000002275398));
#15537=CARTESIAN_POINT('Origin',(-11.9375,3.90999999999999,-40.3000002275748));
#15538=CARTESIAN_POINT('',(-11.4375,3.90999999999999,-39.8000002275398));
#15539=CARTESIAN_POINT('',(-11.4375,3.90999999999999,-40.3000002275398));
#15540=CARTESIAN_POINT('Origin',(-11.9375,3.90999999999999,-39.8000002275398));
#15541=CARTESIAN_POINT('Origin',(-11.4375,1.40999999999999,-40.3000002275398));
#15542=CARTESIAN_POINT('',(-11.4375,1.25999999999999,-40.3000002275362));
#15543=CARTESIAN_POINT('',(-11.4375,1.40999999999999,-39.8000002275398));
#15544=CARTESIAN_POINT('Origin',(-16.6375,0.909999999999992,-40.3000002275398));
#15545=CARTESIAN_POINT('',(-16.6375,0.909999999999992,-39.8000002275398));
#15546=CARTESIAN_POINT('',(-16.6375,0.909999999999992,-40.3000002275398));
#15547=CARTESIAN_POINT('',(-16.6375,0.909999999999992,-39.8000002275398));
#15548=CARTESIAN_POINT('Origin',(-16.6375,1.40999999999999,-40.3000002275398));
#15549=CARTESIAN_POINT('Origin',(-16.6375,1.40999999999999,-39.8000002275398));
#15550=CARTESIAN_POINT('Origin',(-14.2875,2.65999999999999,-39.8000002275398));
#15551=CARTESIAN_POINT('',(-12.4375,1.90999999999999,-39.8000002275398));
#15552=CARTESIAN_POINT('',(-16.1375,1.90999999999999,-39.8000002275398));
#15553=CARTESIAN_POINT('',(-15.2125,1.90999999999999,-39.8000002275398));
#15554=CARTESIAN_POINT('',(-12.4375,3.40999999999999,-39.8000002275398));
#15555=CARTESIAN_POINT('',(-12.4375,2.28499999999999,-39.8000002275398));
#15556=CARTESIAN_POINT('',(-16.1375,3.40999999999999,-39.8000002275398));
#15557=CARTESIAN_POINT('',(-13.3625,3.40999999999999,-39.8000002275398));
#15558=CARTESIAN_POINT('',(-16.1375,3.03499999999999,-39.8000002275398));
#15559=CARTESIAN_POINT('Origin',(-12.4375,1.90999999999999,-40.3000002275398));
#15560=CARTESIAN_POINT('',(-12.4375,1.90999999999999,-40.3000002275398));
#15561=CARTESIAN_POINT('',(-12.4375,3.40999999999999,-40.3000002275398));
#15562=CARTESIAN_POINT('Origin',(-16.1375,1.90999999999999,-40.3000002275398));
#15563=CARTESIAN_POINT('',(-16.1375,1.90999999999999,-40.3000002275398));
#15564=CARTESIAN_POINT('Origin',(-16.1375,3.40999999999999,-40.3000002275398));
#15565=CARTESIAN_POINT('',(-16.1375,3.40999999999999,-40.3000002275398));
#15566=CARTESIAN_POINT('Origin',(-12.4375,3.40999999999999,-40.3000002275398));
#15567=CARTESIAN_POINT('',(112.71250000651,3.40999999999999,-38.3000002275747));
#15568=CARTESIAN_POINT('Origin',(112.7125,1.11000000000001,38.2999997724269));
#15569=CARTESIAN_POINT('',(-112.712500006509,1.11000000000001,38.2999997724643));
#15570=CARTESIAN_POINT('',(112.7125,1.11000000000001,38.2999997724953));
#15571=CARTESIAN_POINT('Origin',(11.6590170000023,1.11000000000001,34.9187497724952));
#15572=CARTESIAN_POINT('',(-6.89646913782445,1.11000000000001,34.9187497731964));
#15573=CARTESIAN_POINT('Origin',(112.71249994833,1.10999999999999,-36.5125001759048));
#15574=CARTESIAN_POINT('',(114.5,1.10999999999999,-36.5125002275048));
#15575=CARTESIAN_POINT('',(112.71250000651,1.10999999999999,-38.3000002275747));
#15576=CARTESIAN_POINT('Origin',(-112.7125,1.10999999999999,-38.3000002275048));
#15577=CARTESIAN_POINT('',(-112.7125,1.10999999999999,-38.3000002275048));
#15578=CARTESIAN_POINT('Origin',(-112.7125,1.10999999999999,-38.3000002275048));
#15579=CARTESIAN_POINT('',(-112.7125,1.10999999999999,-38.3000002275048));
#15580=CARTESIAN_POINT('',(112.71250000651,1.10999999999999,-38.3000002275747));
#15581=CARTESIAN_POINT('Origin',(114.5,1.10999999999999,-36.5125002275048));
#15582=CARTESIAN_POINT('',(114.5,1.10999999999999,-36.5125002275048));
#15583=CARTESIAN_POINT('',(114.50000000003,1.11000000000001,36.5124997790087));
#15584=CARTESIAN_POINT('Origin',(114.5,1.10999999999999,-36.5125002275048));
#15585=CARTESIAN_POINT('',(114.50000000003,1.11000000000001,36.5124997790087));
#15586=CARTESIAN_POINT('Origin',(-112.712499948331,1.10999999999999,-36.5125001759048));
#15587=CARTESIAN_POINT('',(-114.499999999931,1.10999999999999,-36.5125002340056));
#15588=CARTESIAN_POINT('Origin',(-112.712499948331,1.10999999999999,-36.5125001759048));
#15589=CARTESIAN_POINT('',(-114.499999999931,1.10999999999999,-36.5125002340056));
#15590=CARTESIAN_POINT('Origin',(112.71249994833,1.11000000000001,36.5124997207953));
#15591=CARTESIAN_POINT('Origin',(112.71249994833,1.11000000000001,36.5124997207953));
#15592=CARTESIAN_POINT('Origin',(-114.5,1.11000000000001,36.5124997724953));
#15593=CARTESIAN_POINT('',(-114.5,1.11000000000001,36.5124997724953));
#15594=CARTESIAN_POINT('',(-114.5,1.11000000000001,36.5124997724953));
#15595=CARTESIAN_POINT('Origin',(-112.712499948331,1.11000000000001,36.5124997207953));
#15596=CARTESIAN_POINT('Origin',(-112.712499948331,1.11000000000001,36.5124997207953));
#15597=CARTESIAN_POINT('Origin',(112.71249994833,1.10999999999999,-36.5125001759048));
#15598=CARTESIAN_POINT('Origin',(-116.499999999931,1.10999999999999,-36.5125002990134));
#15599=CARTESIAN_POINT('',(-116.499999999931,1.10999999999999,-36.5125002990134));
#15600=CARTESIAN_POINT('Origin',(-112.712499948331,1.10999999999999,-36.5125001759048));
#15601=CARTESIAN_POINT('',(-112.712500000001,1.10999999999999,-40.3000002275048));
#15602=CARTESIAN_POINT('Origin',(112.712500071606,1.10999999999999,-40.3000002275748));
#15603=CARTESIAN_POINT('Origin',(112.7125,1.11000000000001,37.2999997724953));
#15604=CARTESIAN_POINT('Origin',(-6.89658341637998,1.11000000000001,36.3154626904953));
#15605=CARTESIAN_POINT('Origin',(11.6590170000023,1.11000000000001,34.9187497724952));
#15606=CARTESIAN_POINT('',(11.6590170000023,1.11000000000001,34.9187497724844));
#15607=CARTESIAN_POINT('Origin',(11.65901641077,1.11000000000001,36.3156196282953));
#15608=UNCERTAINTY_MEASURE_WITH_UNIT(LENGTH_MEASURE(0.01),#15612,
'DISTANCE_ACCURACY_VALUE',
'Maximum model space distance between geometric entities at asserted c
onnectivities');
#15609=UNCERTAINTY_MEASURE_WITH_UNIT(LENGTH_MEASURE(0.01),#15612,
'DISTANCE_ACCURACY_VALUE',
'Maximum model space distance between geometric entities at asserted c
onnectivities');
#15610=(
GEOMETRIC_REPRESENTATION_CONTEXT(3)
GLOBAL_UNCERTAINTY_ASSIGNED_CONTEXT((#15608))
GLOBAL_UNIT_ASSIGNED_CONTEXT((#15612,#15614,#15615))
REPRESENTATION_CONTEXT('','3D')
);
#15611=(
GEOMETRIC_REPRESENTATION_CONTEXT(3)
GLOBAL_UNCERTAINTY_ASSIGNED_CONTEXT((#15609))
GLOBAL_UNIT_ASSIGNED_CONTEXT((#15612,#15614,#15615))
REPRESENTATION_CONTEXT('','3D')
);
#15612=(
LENGTH_UNIT()
NAMED_UNIT(*)
SI_UNIT(.MILLI.,.METRE.)
);
#15613=(
LENGTH_UNIT()
NAMED_UNIT(*)
SI_UNIT($,.METRE.)
);
#15614=(
NAMED_UNIT(*)
PLANE_ANGLE_UNIT()
SI_UNIT($,.RADIAN.)
);
#15615=(
NAMED_UNIT(*)
SI_UNIT($,.STERADIAN.)
SOLID_ANGLE_UNIT()
);
#15616=SHAPE_DEFINITION_REPRESENTATION(#15617,#15618);
#15617=PRODUCT_DEFINITION_SHAPE('',$,#15620);
#15618=SHAPE_REPRESENTATION('',(#8991),#15610);
#15619=PRODUCT_DEFINITION_CONTEXT('part definition',#15624,'design');
#15620=PRODUCT_DEFINITION('barda_bumper','barda_bumper',#15621,#15619);
#15621=PRODUCT_DEFINITION_FORMATION('',$,#15626);
#15622=PRODUCT_RELATED_PRODUCT_CATEGORY('barda_bumper','barda_bumper',(#15626));
#15623=APPLICATION_PROTOCOL_DEFINITION('international standard',
'automotive_design',2009,#15624);
#15624=APPLICATION_CONTEXT(
'Core Data for Automotive Mechanical Design Process');
#15625=PRODUCT_CONTEXT('part definition',#15624,'mechanical');
#15626=PRODUCT('barda_bumper','barda_bumper',$,(#15625));
#15627=PRESENTATION_STYLE_ASSIGNMENT((#15629));
#15628=PRESENTATION_STYLE_ASSIGNMENT((#15630));
#15629=SURFACE_STYLE_USAGE(.BOTH.,#15631);
#15630=SURFACE_STYLE_USAGE(.BOTH.,#15632);
#15631=SURFACE_SIDE_STYLE('',(#15633));
#15632=SURFACE_SIDE_STYLE('',(#15634));
#15633=SURFACE_STYLE_FILL_AREA(#15635);
#15634=SURFACE_STYLE_FILL_AREA(#15636);
#15635=FILL_AREA_STYLE('\X2\92FC\X0\ - \X2\30B530C630F3\X0\',(#15637));
#15636=FILL_AREA_STYLE('\X2\30D730E930B930C130C330AF\X0\ - \X2\534A900F660E\X0\ 
\X2\51496CA2\X0\(\X2\70708272\X0\)',(#15638));
#15637=FILL_AREA_STYLE_COLOUR('\X2\92FC\X0\ - \X2\30B530C630F3\X0\',#15639);
#15638=FILL_AREA_STYLE_COLOUR(
'\X2\30D730E930B930C130C330AF\X0\ - \X2\534A900F660E\X0\ \X2\51496CA2\X0\(
\X2\70708272\X0\)',#15640);
#15639=COLOUR_RGB('\X2\92FC\X0\ - \X2\30B530C630F3\X0\',0.627450980392157,
0.627450980392157,0.627450980392157);
#15640=COLOUR_RGB('\X2\30D730E930B930C130C330AF\X0\ - \X2\534A900F660E\X0\ 
\X2\51496CA2\X0\(\X2\70708272\X0\)',0.701960784313725,0.701960784313725,
0.701960784313725);
ENDSEC;
END-ISO-10303-21;
