ISO-10303-21;
HEADER;
/* Generated by software containing ST-Developer
 * from STEP Tools, Inc. (www.steptools.com) 
 */

FILE_DESCRIPTION(
/* description */ (''),
/* implementation_level */ '2;1');

FILE_NAME(
/* name */ 'barda_switch_plate.step',
/* time_stamp */ '2026-08-24T22:03:19+09:00',
/* author */ (''),
/* organization */ (''),
/* preprocessor_version */ 'ST-DEVELOPER v20.1',
/* originating_system */ 'Autodesk Translation Framework v15.8.0.0',
/* authorisation */ '');

FILE_SCHEMA (('AUTOMOTIVE_DESIGN { 1 0 10303 214 3 1 1 }'));
ENDSEC;

DATA;
#10=MECHANICAL_DESIGN_GEOMETRIC_PRESENTATION_REPRESENTATION('',(#13),#13571);
#11=SHAPE_REPRESENTATION_RELATIONSHIP('SRR','None',#13578,#12);
#12=ADVANCED_BREP_SHAPE_REPRESENTATION('',(#14),#13570);
#13=STYLED_ITEM('',(#13588),#14);
#14=MANIFOLD_SOLID_BREP('\X2\30DC30C730A3\X0\1',#8039);
#15=FACE_BOUND('',#699,.T.);
#16=FACE_BOUND('',#700,.T.);
#17=FACE_BOUND('',#701,.T.);
#18=FACE_BOUND('',#702,.T.);
#19=FACE_BOUND('',#703,.T.);
#20=FACE_BOUND('',#704,.T.);
#21=FACE_BOUND('',#705,.T.);
#22=FACE_BOUND('',#706,.T.);
#23=FACE_BOUND('',#707,.T.);
#24=FACE_BOUND('',#708,.T.);
#25=FACE_BOUND('',#709,.T.);
#26=FACE_BOUND('',#710,.T.);
#27=FACE_BOUND('',#711,.T.);
#28=FACE_BOUND('',#712,.T.);
#29=FACE_BOUND('',#713,.T.);
#30=FACE_BOUND('',#714,.T.);
#31=FACE_BOUND('',#715,.T.);
#32=FACE_BOUND('',#716,.T.);
#33=FACE_BOUND('',#717,.T.);
#34=FACE_BOUND('',#718,.T.);
#35=FACE_BOUND('',#719,.T.);
#36=FACE_BOUND('',#720,.T.);
#37=FACE_BOUND('',#721,.T.);
#38=FACE_BOUND('',#722,.T.);
#39=FACE_BOUND('',#723,.T.);
#40=FACE_BOUND('',#724,.T.);
#41=FACE_BOUND('',#725,.T.);
#42=FACE_BOUND('',#726,.T.);
#43=FACE_BOUND('',#727,.T.);
#44=FACE_BOUND('',#728,.T.);
#45=FACE_BOUND('',#729,.T.);
#46=FACE_BOUND('',#730,.T.);
#47=FACE_BOUND('',#731,.T.);
#48=FACE_BOUND('',#732,.T.);
#49=FACE_BOUND('',#733,.T.);
#50=FACE_BOUND('',#734,.T.);
#51=FACE_BOUND('',#735,.T.);
#52=FACE_BOUND('',#736,.T.);
#53=FACE_BOUND('',#737,.T.);
#54=FACE_BOUND('',#738,.T.);
#55=FACE_BOUND('',#739,.T.);
#56=FACE_BOUND('',#740,.T.);
#57=FACE_BOUND('',#741,.T.);
#58=FACE_BOUND('',#742,.T.);
#59=FACE_BOUND('',#743,.T.);
#60=FACE_BOUND('',#744,.T.);
#61=FACE_BOUND('',#746,.T.);
#62=FACE_BOUND('',#747,.T.);
#63=FACE_BOUND('',#748,.T.);
#64=FACE_BOUND('',#749,.T.);
#65=FACE_BOUND('',#750,.T.);
#66=FACE_BOUND('',#751,.T.);
#67=FACE_BOUND('',#752,.T.);
#68=FACE_BOUND('',#753,.T.);
#69=FACE_BOUND('',#754,.T.);
#70=FACE_BOUND('',#755,.T.);
#71=FACE_BOUND('',#756,.T.);
#72=FACE_BOUND('',#757,.T.);
#73=FACE_BOUND('',#758,.T.);
#74=FACE_BOUND('',#759,.T.);
#75=FACE_BOUND('',#760,.T.);
#76=FACE_BOUND('',#761,.T.);
#77=FACE_BOUND('',#762,.T.);
#78=FACE_BOUND('',#763,.T.);
#79=FACE_BOUND('',#764,.T.);
#80=FACE_BOUND('',#765,.T.);
#81=FACE_BOUND('',#766,.T.);
#82=FACE_BOUND('',#767,.T.);
#83=FACE_BOUND('',#768,.T.);
#84=FACE_BOUND('',#769,.T.);
#85=FACE_BOUND('',#770,.T.);
#86=FACE_BOUND('',#771,.T.);
#87=FACE_BOUND('',#772,.T.);
#88=FACE_BOUND('',#773,.T.);
#89=FACE_BOUND('',#774,.T.);
#90=FACE_BOUND('',#775,.T.);
#91=FACE_BOUND('',#776,.T.);
#92=FACE_BOUND('',#777,.T.);
#93=FACE_BOUND('',#778,.T.);
#94=FACE_BOUND('',#779,.T.);
#95=FACE_BOUND('',#780,.T.);
#96=FACE_BOUND('',#781,.T.);
#97=FACE_BOUND('',#782,.T.);
#98=FACE_BOUND('',#783,.T.);
#99=FACE_BOUND('',#784,.T.);
#100=FACE_BOUND('',#785,.T.);
#101=FACE_BOUND('',#786,.T.);
#102=FACE_BOUND('',#787,.T.);
#103=FACE_BOUND('',#788,.T.);
#104=FACE_BOUND('',#789,.T.);
#105=FACE_BOUND('',#790,.T.);
#106=FACE_BOUND('',#791,.T.);
#107=PLANE('',#8056);
#108=PLANE('',#8057);
#109=PLANE('',#8058);
#110=PLANE('',#8258);
#111=PLANE('',#8460);
#112=PLANE('',#8461);
#113=PLANE('',#8464);
#114=PLANE('',#8465);
#115=PLANE('',#8468);
#116=PLANE('',#8469);
#117=PLANE('',#8472);
#118=PLANE('',#8473);
#119=PLANE('',#8476);
#120=PLANE('',#8477);
#121=PLANE('',#8480);
#122=PLANE('',#8481);
#123=PLANE('',#8484);
#124=PLANE('',#8485);
#125=PLANE('',#8489);
#126=PLANE('',#8490);
#127=PLANE('',#8494);
#128=PLANE('',#8495);
#129=PLANE('',#8498);
#130=PLANE('',#8501);
#131=PLANE('',#8502);
#132=PLANE('',#8505);
#133=PLANE('',#8506);
#134=PLANE('',#8509);
#135=PLANE('',#8510);
#136=PLANE('',#8513);
#137=PLANE('',#8514);
#138=PLANE('',#8517);
#139=PLANE('',#8519);
#140=PLANE('',#8520);
#141=PLANE('',#8523);
#142=PLANE('',#8524);
#143=PLANE('',#8527);
#144=PLANE('',#8528);
#145=PLANE('',#8531);
#146=PLANE('',#8532);
#147=PLANE('',#8535);
#148=PLANE('',#8536);
#149=PLANE('',#8539);
#150=PLANE('',#8540);
#151=PLANE('',#8543);
#152=PLANE('',#8544);
#153=PLANE('',#8547);
#154=PLANE('',#8548);
#155=PLANE('',#8551);
#156=PLANE('',#8552);
#157=PLANE('',#8555);
#158=PLANE('',#8556);
#159=PLANE('',#8559);
#160=PLANE('',#8560);
#161=PLANE('',#8564);
#162=PLANE('',#8565);
#163=PLANE('',#8568);
#164=PLANE('',#8571);
#165=PLANE('',#8572);
#166=PLANE('',#8575);
#167=PLANE('',#8576);
#168=PLANE('',#8579);
#169=PLANE('',#8580);
#170=PLANE('',#8583);
#171=PLANE('',#8584);
#172=PLANE('',#8587);
#173=PLANE('',#8590);
#174=PLANE('',#8591);
#175=PLANE('',#8594);
#176=PLANE('',#8595);
#177=PLANE('',#8598);
#178=PLANE('',#8599);
#179=PLANE('',#8602);
#180=PLANE('',#8603);
#181=PLANE('',#8606);
#182=PLANE('',#8607);
#183=PLANE('',#8610);
#184=PLANE('',#8611);
#185=PLANE('',#8614);
#186=PLANE('',#8615);
#187=PLANE('',#8618);
#188=PLANE('',#8619);
#189=PLANE('',#8622);
#190=PLANE('',#8623);
#191=PLANE('',#8626);
#192=PLANE('',#8627);
#193=PLANE('',#8630);
#194=PLANE('',#8631);
#195=PLANE('',#8634);
#196=PLANE('',#8635);
#197=PLANE('',#8638);
#198=PLANE('',#8639);
#199=PLANE('',#8642);
#200=PLANE('',#8643);
#201=PLANE('',#8646);
#202=PLANE('',#8647);
#203=PLANE('',#8650);
#204=PLANE('',#8651);
#205=PLANE('',#8654);
#206=PLANE('',#8655);
#207=PLANE('',#8658);
#208=PLANE('',#8659);
#209=PLANE('',#8662);
#210=PLANE('',#8663);
#211=PLANE('',#8666);
#212=PLANE('',#8667);
#213=PLANE('',#8671);
#214=PLANE('',#8672);
#215=PLANE('',#8675);
#216=PLANE('',#8676);
#217=PLANE('',#8679);
#218=PLANE('',#8680);
#219=PLANE('',#8683);
#220=PLANE('',#8684);
#221=PLANE('',#8687);
#222=PLANE('',#8688);
#223=PLANE('',#8691);
#224=PLANE('',#8692);
#225=PLANE('',#8695);
#226=PLANE('',#8696);
#227=PLANE('',#8699);
#228=PLANE('',#8700);
#229=PLANE('',#8703);
#230=PLANE('',#8704);
#231=PLANE('',#8707);
#232=PLANE('',#8708);
#233=PLANE('',#8711);
#234=PLANE('',#8712);
#235=PLANE('',#8715);
#236=PLANE('',#8716);
#237=PLANE('',#8719);
#238=PLANE('',#8720);
#239=PLANE('',#8723);
#240=PLANE('',#8724);
#241=PLANE('',#8727);
#242=PLANE('',#8728);
#243=PLANE('',#8731);
#244=PLANE('',#8732);
#245=PLANE('',#8735);
#246=PLANE('',#8736);
#247=PLANE('',#8739);
#248=PLANE('',#8740);
#249=PLANE('',#8743);
#250=PLANE('',#8744);
#251=PLANE('',#8747);
#252=PLANE('',#8748);
#253=PLANE('',#8751);
#254=PLANE('',#8752);
#255=PLANE('',#8755);
#256=PLANE('',#8756);
#257=PLANE('',#8759);
#258=PLANE('',#8760);
#259=PLANE('',#8763);
#260=PLANE('',#8764);
#261=PLANE('',#8767);
#262=PLANE('',#8768);
#263=PLANE('',#8771);
#264=PLANE('',#8772);
#265=PLANE('',#8775);
#266=PLANE('',#8776);
#267=PLANE('',#8779);
#268=PLANE('',#8780);
#269=PLANE('',#8783);
#270=PLANE('',#8784);
#271=PLANE('',#8787);
#272=PLANE('',#8788);
#273=PLANE('',#8791);
#274=PLANE('',#8792);
#275=PLANE('',#8795);
#276=PLANE('',#8796);
#277=PLANE('',#8800);
#278=PLANE('',#8801);
#279=PLANE('',#8804);
#280=PLANE('',#8805);
#281=PLANE('',#8808);
#282=PLANE('',#8809);
#283=PLANE('',#8812);
#284=PLANE('',#8813);
#285=PLANE('',#8816);
#286=PLANE('',#8817);
#287=PLANE('',#8820);
#288=PLANE('',#8821);
#289=PLANE('',#8824);
#290=PLANE('',#8825);
#291=PLANE('',#8828);
#292=PLANE('',#8829);
#293=PLANE('',#8832);
#294=PLANE('',#8833);
#295=PLANE('',#8836);
#296=PLANE('',#8837);
#297=PLANE('',#8840);
#298=PLANE('',#8841);
#299=PLANE('',#8844);
#300=PLANE('',#8845);
#301=FACE_OUTER_BOUND('',#695,.T.);
#302=FACE_OUTER_BOUND('',#696,.T.);
#303=FACE_OUTER_BOUND('',#697,.T.);
#304=FACE_OUTER_BOUND('',#698,.T.);
#305=FACE_OUTER_BOUND('',#745,.T.);
#306=FACE_OUTER_BOUND('',#792,.T.);
#307=FACE_OUTER_BOUND('',#793,.T.);
#308=FACE_OUTER_BOUND('',#794,.T.);
#309=FACE_OUTER_BOUND('',#795,.T.);
#310=FACE_OUTER_BOUND('',#796,.T.);
#311=FACE_OUTER_BOUND('',#797,.T.);
#312=FACE_OUTER_BOUND('',#798,.T.);
#313=FACE_OUTER_BOUND('',#799,.T.);
#314=FACE_OUTER_BOUND('',#800,.T.);
#315=FACE_OUTER_BOUND('',#801,.T.);
#316=FACE_OUTER_BOUND('',#802,.T.);
#317=FACE_OUTER_BOUND('',#803,.T.);
#318=FACE_OUTER_BOUND('',#804,.T.);
#319=FACE_OUTER_BOUND('',#805,.T.);
#320=FACE_OUTER_BOUND('',#806,.T.);
#321=FACE_OUTER_BOUND('',#807,.T.);
#322=FACE_OUTER_BOUND('',#808,.T.);
#323=FACE_OUTER_BOUND('',#809,.T.);
#324=FACE_OUTER_BOUND('',#810,.T.);
#325=FACE_OUTER_BOUND('',#811,.T.);
#326=FACE_OUTER_BOUND('',#812,.T.);
#327=FACE_OUTER_BOUND('',#813,.T.);
#328=FACE_OUTER_BOUND('',#814,.T.);
#329=FACE_OUTER_BOUND('',#815,.T.);
#330=FACE_OUTER_BOUND('',#816,.T.);
#331=FACE_OUTER_BOUND('',#817,.T.);
#332=FACE_OUTER_BOUND('',#818,.T.);
#333=FACE_OUTER_BOUND('',#819,.T.);
#334=FACE_OUTER_BOUND('',#820,.T.);
#335=FACE_OUTER_BOUND('',#821,.T.);
#336=FACE_OUTER_BOUND('',#822,.T.);
#337=FACE_OUTER_BOUND('',#823,.T.);
#338=FACE_OUTER_BOUND('',#824,.T.);
#339=FACE_OUTER_BOUND('',#825,.T.);
#340=FACE_OUTER_BOUND('',#826,.T.);
#341=FACE_OUTER_BOUND('',#827,.T.);
#342=FACE_OUTER_BOUND('',#828,.T.);
#343=FACE_OUTER_BOUND('',#829,.T.);
#344=FACE_OUTER_BOUND('',#830,.T.);
#345=FACE_OUTER_BOUND('',#831,.T.);
#346=FACE_OUTER_BOUND('',#832,.T.);
#347=FACE_OUTER_BOUND('',#833,.T.);
#348=FACE_OUTER_BOUND('',#834,.T.);
#349=FACE_OUTER_BOUND('',#835,.T.);
#350=FACE_OUTER_BOUND('',#836,.T.);
#351=FACE_OUTER_BOUND('',#837,.T.);
#352=FACE_OUTER_BOUND('',#838,.T.);
#353=FACE_OUTER_BOUND('',#839,.T.);
#354=FACE_OUTER_BOUND('',#840,.T.);
#355=FACE_OUTER_BOUND('',#841,.T.);
#356=FACE_OUTER_BOUND('',#842,.T.);
#357=FACE_OUTER_BOUND('',#843,.T.);
#358=FACE_OUTER_BOUND('',#844,.T.);
#359=FACE_OUTER_BOUND('',#845,.T.);
#360=FACE_OUTER_BOUND('',#846,.T.);
#361=FACE_OUTER_BOUND('',#847,.T.);
#362=FACE_OUTER_BOUND('',#848,.T.);
#363=FACE_OUTER_BOUND('',#849,.T.);
#364=FACE_OUTER_BOUND('',#850,.T.);
#365=FACE_OUTER_BOUND('',#851,.T.);
#366=FACE_OUTER_BOUND('',#852,.T.);
#367=FACE_OUTER_BOUND('',#853,.T.);
#368=FACE_OUTER_BOUND('',#854,.T.);
#369=FACE_OUTER_BOUND('',#855,.T.);
#370=FACE_OUTER_BOUND('',#856,.T.);
#371=FACE_OUTER_BOUND('',#857,.T.);
#372=FACE_OUTER_BOUND('',#858,.T.);
#373=FACE_OUTER_BOUND('',#859,.T.);
#374=FACE_OUTER_BOUND('',#860,.T.);
#375=FACE_OUTER_BOUND('',#861,.T.);
#376=FACE_OUTER_BOUND('',#862,.T.);
#377=FACE_OUTER_BOUND('',#863,.T.);
#378=FACE_OUTER_BOUND('',#864,.T.);
#379=FACE_OUTER_BOUND('',#865,.T.);
#380=FACE_OUTER_BOUND('',#866,.T.);
#381=FACE_OUTER_BOUND('',#867,.T.);
#382=FACE_OUTER_BOUND('',#868,.T.);
#383=FACE_OUTER_BOUND('',#869,.T.);
#384=FACE_OUTER_BOUND('',#870,.T.);
#385=FACE_OUTER_BOUND('',#871,.T.);
#386=FACE_OUTER_BOUND('',#872,.T.);
#387=FACE_OUTER_BOUND('',#873,.T.);
#388=FACE_OUTER_BOUND('',#874,.T.);
#389=FACE_OUTER_BOUND('',#875,.T.);
#390=FACE_OUTER_BOUND('',#876,.T.);
#391=FACE_OUTER_BOUND('',#877,.T.);
#392=FACE_OUTER_BOUND('',#878,.T.);
#393=FACE_OUTER_BOUND('',#879,.T.);
#394=FACE_OUTER_BOUND('',#880,.T.);
#395=FACE_OUTER_BOUND('',#881,.T.);
#396=FACE_OUTER_BOUND('',#882,.T.);
#397=FACE_OUTER_BOUND('',#883,.T.);
#398=FACE_OUTER_BOUND('',#884,.T.);
#399=FACE_OUTER_BOUND('',#885,.T.);
#400=FACE_OUTER_BOUND('',#886,.T.);
#401=FACE_OUTER_BOUND('',#887,.T.);
#402=FACE_OUTER_BOUND('',#888,.T.);
#403=FACE_OUTER_BOUND('',#889,.T.);
#404=FACE_OUTER_BOUND('',#890,.T.);
#405=FACE_OUTER_BOUND('',#891,.T.);
#406=FACE_OUTER_BOUND('',#892,.T.);
#407=FACE_OUTER_BOUND('',#893,.T.);
#408=FACE_OUTER_BOUND('',#894,.T.);
#409=FACE_OUTER_BOUND('',#895,.T.);
#410=FACE_OUTER_BOUND('',#896,.T.);
#411=FACE_OUTER_BOUND('',#897,.T.);
#412=FACE_OUTER_BOUND('',#898,.T.);
#413=FACE_OUTER_BOUND('',#899,.T.);
#414=FACE_OUTER_BOUND('',#900,.T.);
#415=FACE_OUTER_BOUND('',#901,.T.);
#416=FACE_OUTER_BOUND('',#902,.T.);
#417=FACE_OUTER_BOUND('',#903,.T.);
#418=FACE_OUTER_BOUND('',#904,.T.);
#419=FACE_OUTER_BOUND('',#905,.T.);
#420=FACE_OUTER_BOUND('',#906,.T.);
#421=FACE_OUTER_BOUND('',#907,.T.);
#422=FACE_OUTER_BOUND('',#908,.T.);
#423=FACE_OUTER_BOUND('',#909,.T.);
#424=FACE_OUTER_BOUND('',#910,.T.);
#425=FACE_OUTER_BOUND('',#911,.T.);
#426=FACE_OUTER_BOUND('',#912,.T.);
#427=FACE_OUTER_BOUND('',#913,.T.);
#428=FACE_OUTER_BOUND('',#914,.T.);
#429=FACE_OUTER_BOUND('',#915,.T.);
#430=FACE_OUTER_BOUND('',#916,.T.);
#431=FACE_OUTER_BOUND('',#917,.T.);
#432=FACE_OUTER_BOUND('',#918,.T.);
#433=FACE_OUTER_BOUND('',#919,.T.);
#434=FACE_OUTER_BOUND('',#920,.T.);
#435=FACE_OUTER_BOUND('',#921,.T.);
#436=FACE_OUTER_BOUND('',#922,.T.);
#437=FACE_OUTER_BOUND('',#923,.T.);
#438=FACE_OUTER_BOUND('',#924,.T.);
#439=FACE_OUTER_BOUND('',#925,.T.);
#440=FACE_OUTER_BOUND('',#926,.T.);
#441=FACE_OUTER_BOUND('',#927,.T.);
#442=FACE_OUTER_BOUND('',#928,.T.);
#443=FACE_OUTER_BOUND('',#929,.T.);
#444=FACE_OUTER_BOUND('',#930,.T.);
#445=FACE_OUTER_BOUND('',#931,.T.);
#446=FACE_OUTER_BOUND('',#932,.T.);
#447=FACE_OUTER_BOUND('',#933,.T.);
#448=FACE_OUTER_BOUND('',#934,.T.);
#449=FACE_OUTER_BOUND('',#935,.T.);
#450=FACE_OUTER_BOUND('',#936,.T.);
#451=FACE_OUTER_BOUND('',#937,.T.);
#452=FACE_OUTER_BOUND('',#938,.T.);
#453=FACE_OUTER_BOUND('',#939,.T.);
#454=FACE_OUTER_BOUND('',#940,.T.);
#455=FACE_OUTER_BOUND('',#941,.T.);
#456=FACE_OUTER_BOUND('',#942,.T.);
#457=FACE_OUTER_BOUND('',#943,.T.);
#458=FACE_OUTER_BOUND('',#944,.T.);
#459=FACE_OUTER_BOUND('',#945,.T.);
#460=FACE_OUTER_BOUND('',#946,.T.);
#461=FACE_OUTER_BOUND('',#947,.T.);
#462=FACE_OUTER_BOUND('',#948,.T.);
#463=FACE_OUTER_BOUND('',#949,.T.);
#464=FACE_OUTER_BOUND('',#950,.T.);
#465=FACE_OUTER_BOUND('',#951,.T.);
#466=FACE_OUTER_BOUND('',#952,.T.);
#467=FACE_OUTER_BOUND('',#953,.T.);
#468=FACE_OUTER_BOUND('',#954,.T.);
#469=FACE_OUTER_BOUND('',#955,.T.);
#470=FACE_OUTER_BOUND('',#956,.T.);
#471=FACE_OUTER_BOUND('',#957,.T.);
#472=FACE_OUTER_BOUND('',#958,.T.);
#473=FACE_OUTER_BOUND('',#959,.T.);
#474=FACE_OUTER_BOUND('',#960,.T.);
#475=FACE_OUTER_BOUND('',#961,.T.);
#476=FACE_OUTER_BOUND('',#962,.T.);
#477=FACE_OUTER_BOUND('',#963,.T.);
#478=FACE_OUTER_BOUND('',#964,.T.);
#479=FACE_OUTER_BOUND('',#965,.T.);
#480=FACE_OUTER_BOUND('',#966,.T.);
#481=FACE_OUTER_BOUND('',#967,.T.);
#482=FACE_OUTER_BOUND('',#968,.T.);
#483=FACE_OUTER_BOUND('',#969,.T.);
#484=FACE_OUTER_BOUND('',#970,.T.);
#485=FACE_OUTER_BOUND('',#971,.T.);
#486=FACE_OUTER_BOUND('',#972,.T.);
#487=FACE_OUTER_BOUND('',#973,.T.);
#488=FACE_OUTER_BOUND('',#974,.T.);
#489=FACE_OUTER_BOUND('',#975,.T.);
#490=FACE_OUTER_BOUND('',#976,.T.);
#491=FACE_OUTER_BOUND('',#977,.T.);
#492=FACE_OUTER_BOUND('',#978,.T.);
#493=FACE_OUTER_BOUND('',#979,.T.);
#494=FACE_OUTER_BOUND('',#980,.T.);
#495=FACE_OUTER_BOUND('',#981,.T.);
#496=FACE_OUTER_BOUND('',#982,.T.);
#497=FACE_OUTER_BOUND('',#983,.T.);
#498=FACE_OUTER_BOUND('',#984,.T.);
#499=FACE_OUTER_BOUND('',#985,.T.);
#500=FACE_OUTER_BOUND('',#986,.T.);
#501=FACE_OUTER_BOUND('',#987,.T.);
#502=FACE_OUTER_BOUND('',#988,.T.);
#503=FACE_OUTER_BOUND('',#989,.T.);
#504=FACE_OUTER_BOUND('',#990,.T.);
#505=FACE_OUTER_BOUND('',#991,.T.);
#506=FACE_OUTER_BOUND('',#992,.T.);
#507=FACE_OUTER_BOUND('',#993,.T.);
#508=FACE_OUTER_BOUND('',#994,.T.);
#509=FACE_OUTER_BOUND('',#995,.T.);
#510=FACE_OUTER_BOUND('',#996,.T.);
#511=FACE_OUTER_BOUND('',#997,.T.);
#512=FACE_OUTER_BOUND('',#998,.T.);
#513=FACE_OUTER_BOUND('',#999,.T.);
#514=FACE_OUTER_BOUND('',#1000,.T.);
#515=FACE_OUTER_BOUND('',#1001,.T.);
#516=FACE_OUTER_BOUND('',#1002,.T.);
#517=FACE_OUTER_BOUND('',#1003,.T.);
#518=FACE_OUTER_BOUND('',#1004,.T.);
#519=FACE_OUTER_BOUND('',#1005,.T.);
#520=FACE_OUTER_BOUND('',#1006,.T.);
#521=FACE_OUTER_BOUND('',#1007,.T.);
#522=FACE_OUTER_BOUND('',#1008,.T.);
#523=FACE_OUTER_BOUND('',#1009,.T.);
#524=FACE_OUTER_BOUND('',#1010,.T.);
#525=FACE_OUTER_BOUND('',#1011,.T.);
#526=FACE_OUTER_BOUND('',#1012,.T.);
#527=FACE_OUTER_BOUND('',#1013,.T.);
#528=FACE_OUTER_BOUND('',#1014,.T.);
#529=FACE_OUTER_BOUND('',#1015,.T.);
#530=FACE_OUTER_BOUND('',#1016,.T.);
#531=FACE_OUTER_BOUND('',#1017,.T.);
#532=FACE_OUTER_BOUND('',#1018,.T.);
#533=FACE_OUTER_BOUND('',#1019,.T.);
#534=FACE_OUTER_BOUND('',#1020,.T.);
#535=FACE_OUTER_BOUND('',#1021,.T.);
#536=FACE_OUTER_BOUND('',#1022,.T.);
#537=FACE_OUTER_BOUND('',#1023,.T.);
#538=FACE_OUTER_BOUND('',#1024,.T.);
#539=FACE_OUTER_BOUND('',#1025,.T.);
#540=FACE_OUTER_BOUND('',#1026,.T.);
#541=FACE_OUTER_BOUND('',#1027,.T.);
#542=FACE_OUTER_BOUND('',#1028,.T.);
#543=FACE_OUTER_BOUND('',#1029,.T.);
#544=FACE_OUTER_BOUND('',#1030,.T.);
#545=FACE_OUTER_BOUND('',#1031,.T.);
#546=FACE_OUTER_BOUND('',#1032,.T.);
#547=FACE_OUTER_BOUND('',#1033,.T.);
#548=FACE_OUTER_BOUND('',#1034,.T.);
#549=FACE_OUTER_BOUND('',#1035,.T.);
#550=FACE_OUTER_BOUND('',#1036,.T.);
#551=FACE_OUTER_BOUND('',#1037,.T.);
#552=FACE_OUTER_BOUND('',#1038,.T.);
#553=FACE_OUTER_BOUND('',#1039,.T.);
#554=FACE_OUTER_BOUND('',#1040,.T.);
#555=FACE_OUTER_BOUND('',#1041,.T.);
#556=FACE_OUTER_BOUND('',#1042,.T.);
#557=FACE_OUTER_BOUND('',#1043,.T.);
#558=FACE_OUTER_BOUND('',#1044,.T.);
#559=FACE_OUTER_BOUND('',#1045,.T.);
#560=FACE_OUTER_BOUND('',#1046,.T.);
#561=FACE_OUTER_BOUND('',#1047,.T.);
#562=FACE_OUTER_BOUND('',#1048,.T.);
#563=FACE_OUTER_BOUND('',#1049,.T.);
#564=FACE_OUTER_BOUND('',#1050,.T.);
#565=FACE_OUTER_BOUND('',#1051,.T.);
#566=FACE_OUTER_BOUND('',#1052,.T.);
#567=FACE_OUTER_BOUND('',#1053,.T.);
#568=FACE_OUTER_BOUND('',#1054,.T.);
#569=FACE_OUTER_BOUND('',#1055,.T.);
#570=FACE_OUTER_BOUND('',#1056,.T.);
#571=FACE_OUTER_BOUND('',#1057,.T.);
#572=FACE_OUTER_BOUND('',#1058,.T.);
#573=FACE_OUTER_BOUND('',#1059,.T.);
#574=FACE_OUTER_BOUND('',#1060,.T.);
#575=FACE_OUTER_BOUND('',#1061,.T.);
#576=FACE_OUTER_BOUND('',#1062,.T.);
#577=FACE_OUTER_BOUND('',#1063,.T.);
#578=FACE_OUTER_BOUND('',#1064,.T.);
#579=FACE_OUTER_BOUND('',#1065,.T.);
#580=FACE_OUTER_BOUND('',#1066,.T.);
#581=FACE_OUTER_BOUND('',#1067,.T.);
#582=FACE_OUTER_BOUND('',#1068,.T.);
#583=FACE_OUTER_BOUND('',#1069,.T.);
#584=FACE_OUTER_BOUND('',#1070,.T.);
#585=FACE_OUTER_BOUND('',#1071,.T.);
#586=FACE_OUTER_BOUND('',#1072,.T.);
#587=FACE_OUTER_BOUND('',#1073,.T.);
#588=FACE_OUTER_BOUND('',#1074,.T.);
#589=FACE_OUTER_BOUND('',#1075,.T.);
#590=FACE_OUTER_BOUND('',#1076,.T.);
#591=FACE_OUTER_BOUND('',#1077,.T.);
#592=FACE_OUTER_BOUND('',#1078,.T.);
#593=FACE_OUTER_BOUND('',#1079,.T.);
#594=FACE_OUTER_BOUND('',#1080,.T.);
#595=FACE_OUTER_BOUND('',#1081,.T.);
#596=FACE_OUTER_BOUND('',#1082,.T.);
#597=FACE_OUTER_BOUND('',#1083,.T.);
#598=FACE_OUTER_BOUND('',#1084,.T.);
#599=FACE_OUTER_BOUND('',#1085,.T.);
#600=FACE_OUTER_BOUND('',#1086,.T.);
#601=FACE_OUTER_BOUND('',#1087,.T.);
#602=FACE_OUTER_BOUND('',#1088,.T.);
#603=FACE_OUTER_BOUND('',#1089,.T.);
#604=FACE_OUTER_BOUND('',#1090,.T.);
#605=FACE_OUTER_BOUND('',#1091,.T.);
#606=FACE_OUTER_BOUND('',#1092,.T.);
#607=FACE_OUTER_BOUND('',#1093,.T.);
#608=FACE_OUTER_BOUND('',#1094,.T.);
#609=FACE_OUTER_BOUND('',#1095,.T.);
#610=FACE_OUTER_BOUND('',#1096,.T.);
#611=FACE_OUTER_BOUND('',#1097,.T.);
#612=FACE_OUTER_BOUND('',#1098,.T.);
#613=FACE_OUTER_BOUND('',#1099,.T.);
#614=FACE_OUTER_BOUND('',#1100,.T.);
#615=FACE_OUTER_BOUND('',#1101,.T.);
#616=FACE_OUTER_BOUND('',#1102,.T.);
#617=FACE_OUTER_BOUND('',#1103,.T.);
#618=FACE_OUTER_BOUND('',#1104,.T.);
#619=FACE_OUTER_BOUND('',#1105,.T.);
#620=FACE_OUTER_BOUND('',#1106,.T.);
#621=FACE_OUTER_BOUND('',#1107,.T.);
#622=FACE_OUTER_BOUND('',#1108,.T.);
#623=FACE_OUTER_BOUND('',#1109,.T.);
#624=FACE_OUTER_BOUND('',#1110,.T.);
#625=FACE_OUTER_BOUND('',#1111,.T.);
#626=FACE_OUTER_BOUND('',#1112,.T.);
#627=FACE_OUTER_BOUND('',#1113,.T.);
#628=FACE_OUTER_BOUND('',#1114,.T.);
#629=FACE_OUTER_BOUND('',#1115,.T.);
#630=FACE_OUTER_BOUND('',#1116,.T.);
#631=FACE_OUTER_BOUND('',#1117,.T.);
#632=FACE_OUTER_BOUND('',#1118,.T.);
#633=FACE_OUTER_BOUND('',#1119,.T.);
#634=FACE_OUTER_BOUND('',#1120,.T.);
#635=FACE_OUTER_BOUND('',#1121,.T.);
#636=FACE_OUTER_BOUND('',#1122,.T.);
#637=FACE_OUTER_BOUND('',#1123,.T.);
#638=FACE_OUTER_BOUND('',#1124,.T.);
#639=FACE_OUTER_BOUND('',#1125,.T.);
#640=FACE_OUTER_BOUND('',#1126,.T.);
#641=FACE_OUTER_BOUND('',#1127,.T.);
#642=FACE_OUTER_BOUND('',#1128,.T.);
#643=FACE_OUTER_BOUND('',#1129,.T.);
#644=FACE_OUTER_BOUND('',#1130,.T.);
#645=FACE_OUTER_BOUND('',#1131,.T.);
#646=FACE_OUTER_BOUND('',#1132,.T.);
#647=FACE_OUTER_BOUND('',#1133,.T.);
#648=FACE_OUTER_BOUND('',#1134,.T.);
#649=FACE_OUTER_BOUND('',#1135,.T.);
#650=FACE_OUTER_BOUND('',#1136,.T.);
#651=FACE_OUTER_BOUND('',#1137,.T.);
#652=FACE_OUTER_BOUND('',#1138,.T.);
#653=FACE_OUTER_BOUND('',#1139,.T.);
#654=FACE_OUTER_BOUND('',#1140,.T.);
#655=FACE_OUTER_BOUND('',#1141,.T.);
#656=FACE_OUTER_BOUND('',#1142,.T.);
#657=FACE_OUTER_BOUND('',#1143,.T.);
#658=FACE_OUTER_BOUND('',#1144,.T.);
#659=FACE_OUTER_BOUND('',#1145,.T.);
#660=FACE_OUTER_BOUND('',#1146,.T.);
#661=FACE_OUTER_BOUND('',#1147,.T.);
#662=FACE_OUTER_BOUND('',#1148,.T.);
#663=FACE_OUTER_BOUND('',#1149,.T.);
#664=FACE_OUTER_BOUND('',#1150,.T.);
#665=FACE_OUTER_BOUND('',#1151,.T.);
#666=FACE_OUTER_BOUND('',#1152,.T.);
#667=FACE_OUTER_BOUND('',#1153,.T.);
#668=FACE_OUTER_BOUND('',#1154,.T.);
#669=FACE_OUTER_BOUND('',#1155,.T.);
#670=FACE_OUTER_BOUND('',#1156,.T.);
#671=FACE_OUTER_BOUND('',#1157,.T.);
#672=FACE_OUTER_BOUND('',#1158,.T.);
#673=FACE_OUTER_BOUND('',#1159,.T.);
#674=FACE_OUTER_BOUND('',#1160,.T.);
#675=FACE_OUTER_BOUND('',#1161,.T.);
#676=FACE_OUTER_BOUND('',#1162,.T.);
#677=FACE_OUTER_BOUND('',#1163,.T.);
#678=FACE_OUTER_BOUND('',#1164,.T.);
#679=FACE_OUTER_BOUND('',#1165,.T.);
#680=FACE_OUTER_BOUND('',#1166,.T.);
#681=FACE_OUTER_BOUND('',#1167,.T.);
#682=FACE_OUTER_BOUND('',#1168,.T.);
#683=FACE_OUTER_BOUND('',#1169,.T.);
#684=FACE_OUTER_BOUND('',#1170,.T.);
#685=FACE_OUTER_BOUND('',#1171,.T.);
#686=FACE_OUTER_BOUND('',#1172,.T.);
#687=FACE_OUTER_BOUND('',#1173,.T.);
#688=FACE_OUTER_BOUND('',#1174,.T.);
#689=FACE_OUTER_BOUND('',#1175,.T.);
#690=FACE_OUTER_BOUND('',#1176,.T.);
#691=FACE_OUTER_BOUND('',#1177,.T.);
#692=FACE_OUTER_BOUND('',#1178,.T.);
#693=FACE_OUTER_BOUND('',#1179,.T.);
#694=FACE_OUTER_BOUND('',#1180,.T.);
#695=EDGE_LOOP('',(#5093,#5094,#5095,#5096));
#696=EDGE_LOOP('',(#5097,#5098,#5099,#5100));
#697=EDGE_LOOP('',(#5101,#5102,#5103,#5104));
#698=EDGE_LOOP('',(#5105,#5106,#5107,#5108,#5109,#5110,#5111,#5112));
#699=EDGE_LOOP('',(#5113,#5114,#5115,#5116,#5117,#5118,#5119,#5120));
#700=EDGE_LOOP('',(#5121,#5122,#5123,#5124,#5125,#5126,#5127,#5128));
#701=EDGE_LOOP('',(#5129,#5130,#5131,#5132,#5133,#5134,#5135,#5136));
#702=EDGE_LOOP('',(#5137));
#703=EDGE_LOOP('',(#5138,#5139,#5140,#5141,#5142,#5143,#5144,#5145,#5146,
#5147,#5148,#5149,#5150,#5151,#5152,#5153,#5154,#5155,#5156,#5157,#5158,
#5159,#5160,#5161,#5162,#5163,#5164,#5165,#5166,#5167));
#704=EDGE_LOOP('',(#5168,#5169,#5170,#5171,#5172,#5173,#5174,#5175));
#705=EDGE_LOOP('',(#5176,#5177,#5178,#5179,#5180,#5181,#5182,#5183));
#706=EDGE_LOOP('',(#5184,#5185,#5186,#5187,#5188,#5189,#5190,#5191));
#707=EDGE_LOOP('',(#5192,#5193,#5194,#5195,#5196,#5197,#5198,#5199));
#708=EDGE_LOOP('',(#5200,#5201,#5202,#5203,#5204,#5205,#5206,#5207));
#709=EDGE_LOOP('',(#5208,#5209,#5210,#5211,#5212,#5213,#5214,#5215,#5216,
#5217,#5218,#5219,#5220,#5221,#5222,#5223,#5224,#5225,#5226,#5227,#5228,
#5229,#5230,#5231,#5232,#5233,#5234,#5235,#5236,#5237));
#710=EDGE_LOOP('',(#5238));
#711=EDGE_LOOP('',(#5239,#5240,#5241,#5242,#5243,#5244,#5245,#5246));
#712=EDGE_LOOP('',(#5247,#5248,#5249,#5250,#5251,#5252,#5253,#5254));
#713=EDGE_LOOP('',(#5255,#5256,#5257,#5258,#5259,#5260,#5261,#5262));
#714=EDGE_LOOP('',(#5263,#5264,#5265,#5266,#5267,#5268,#5269,#5270));
#715=EDGE_LOOP('',(#5271,#5272,#5273,#5274,#5275,#5276,#5277,#5278));
#716=EDGE_LOOP('',(#5279,#5280,#5281,#5282,#5283,#5284,#5285,#5286));
#717=EDGE_LOOP('',(#5287,#5288,#5289,#5290,#5291,#5292,#5293,#5294));
#718=EDGE_LOOP('',(#5295,#5296,#5297,#5298,#5299,#5300,#5301,#5302));
#719=EDGE_LOOP('',(#5303,#5304,#5305,#5306,#5307,#5308,#5309,#5310));
#720=EDGE_LOOP('',(#5311,#5312,#5313,#5314,#5315,#5316,#5317,#5318));
#721=EDGE_LOOP('',(#5319));
#722=EDGE_LOOP('',(#5320,#5321,#5322,#5323,#5324,#5325,#5326,#5327));
#723=EDGE_LOOP('',(#5328,#5329,#5330,#5331,#5332,#5333,#5334,#5335));
#724=EDGE_LOOP('',(#5336,#5337,#5338,#5339,#5340,#5341,#5342,#5343));
#725=EDGE_LOOP('',(#5344,#5345,#5346,#5347,#5348,#5349,#5350,#5351));
#726=EDGE_LOOP('',(#5352,#5353,#5354,#5355,#5356,#5357,#5358,#5359));
#727=EDGE_LOOP('',(#5360,#5361,#5362,#5363,#5364,#5365,#5366,#5367));
#728=EDGE_LOOP('',(#5368,#5369,#5370,#5371,#5372,#5373,#5374,#5375));
#729=EDGE_LOOP('',(#5376,#5377,#5378,#5379,#5380,#5381,#5382,#5383));
#730=EDGE_LOOP('',(#5384,#5385,#5386,#5387,#5388,#5389,#5390,#5391));
#731=EDGE_LOOP('',(#5392,#5393,#5394,#5395,#5396,#5397,#5398,#5399));
#732=EDGE_LOOP('',(#5400,#5401,#5402,#5403,#5404,#5405,#5406,#5407));
#733=EDGE_LOOP('',(#5408,#5409,#5410,#5411,#5412,#5413,#5414,#5415));
#734=EDGE_LOOP('',(#5416,#5417,#5418,#5419,#5420,#5421,#5422,#5423));
#735=EDGE_LOOP('',(#5424,#5425,#5426,#5427,#5428,#5429,#5430,#5431));
#736=EDGE_LOOP('',(#5432,#5433,#5434,#5435,#5436,#5437,#5438,#5439));
#737=EDGE_LOOP('',(#5440,#5441,#5442,#5443,#5444,#5445,#5446,#5447));
#738=EDGE_LOOP('',(#5448));
#739=EDGE_LOOP('',(#5449,#5450,#5451,#5452,#5453,#5454,#5455,#5456));
#740=EDGE_LOOP('',(#5457,#5458,#5459,#5460,#5461,#5462,#5463,#5464));
#741=EDGE_LOOP('',(#5465,#5466,#5467,#5468,#5469,#5470,#5471,#5472));
#742=EDGE_LOOP('',(#5473,#5474,#5475,#5476,#5477,#5478,#5479,#5480));
#743=EDGE_LOOP('',(#5481,#5482,#5483,#5484,#5485,#5486,#5487,#5488));
#744=EDGE_LOOP('',(#5489,#5490,#5491,#5492,#5493,#5494,#5495,#5496));
#745=EDGE_LOOP('',(#5497,#5498,#5499,#5500,#5501,#5502,#5503,#5504));
#746=EDGE_LOOP('',(#5505,#5506,#5507,#5508,#5509,#5510,#5511,#5512));
#747=EDGE_LOOP('',(#5513,#5514,#5515,#5516,#5517,#5518,#5519,#5520));
#748=EDGE_LOOP('',(#5521,#5522,#5523,#5524,#5525,#5526,#5527,#5528));
#749=EDGE_LOOP('',(#5529));
#750=EDGE_LOOP('',(#5530,#5531,#5532,#5533,#5534,#5535,#5536,#5537,#5538,
#5539,#5540,#5541,#5542,#5543,#5544,#5545,#5546,#5547,#5548,#5549,#5550,
#5551,#5552,#5553,#5554,#5555,#5556,#5557,#5558,#5559));
#751=EDGE_LOOP('',(#5560,#5561,#5562,#5563,#5564,#5565,#5566,#5567));
#752=EDGE_LOOP('',(#5568,#5569,#5570,#5571,#5572,#5573,#5574,#5575));
#753=EDGE_LOOP('',(#5576,#5577,#5578,#5579,#5580,#5581,#5582,#5583));
#754=EDGE_LOOP('',(#5584,#5585,#5586,#5587,#5588,#5589,#5590,#5591));
#755=EDGE_LOOP('',(#5592,#5593,#5594,#5595,#5596,#5597,#5598,#5599));
#756=EDGE_LOOP('',(#5600,#5601,#5602,#5603,#5604,#5605,#5606,#5607,#5608,
#5609,#5610,#5611,#5612,#5613,#5614,#5615,#5616,#5617,#5618,#5619,#5620,
#5621,#5622,#5623,#5624,#5625,#5626,#5627,#5628,#5629));
#757=EDGE_LOOP('',(#5630));
#758=EDGE_LOOP('',(#5631,#5632,#5633,#5634,#5635,#5636,#5637,#5638));
#759=EDGE_LOOP('',(#5639,#5640,#5641,#5642,#5643,#5644,#5645,#5646));
#760=EDGE_LOOP('',(#5647,#5648,#5649,#5650,#5651,#5652,#5653,#5654));
#761=EDGE_LOOP('',(#5655,#5656,#5657,#5658,#5659,#5660,#5661,#5662));
#762=EDGE_LOOP('',(#5663,#5664,#5665,#5666,#5667,#5668,#5669,#5670));
#763=EDGE_LOOP('',(#5671,#5672,#5673,#5674,#5675,#5676,#5677,#5678));
#764=EDGE_LOOP('',(#5679,#5680,#5681,#5682,#5683,#5684,#5685,#5686));
#765=EDGE_LOOP('',(#5687,#5688,#5689,#5690,#5691,#5692,#5693,#5694));
#766=EDGE_LOOP('',(#5695,#5696,#5697,#5698,#5699,#5700,#5701,#5702));
#767=EDGE_LOOP('',(#5703,#5704,#5705,#5706,#5707,#5708,#5709,#5710));
#768=EDGE_LOOP('',(#5711));
#769=EDGE_LOOP('',(#5712,#5713,#5714,#5715,#5716,#5717,#5718,#5719));
#770=EDGE_LOOP('',(#5720,#5721,#5722,#5723,#5724,#5725,#5726,#5727));
#771=EDGE_LOOP('',(#5728,#5729,#5730,#5731,#5732,#5733,#5734,#5735));
#772=EDGE_LOOP('',(#5736,#5737,#5738,#5739,#5740,#5741,#5742,#5743));
#773=EDGE_LOOP('',(#5744,#5745,#5746,#5747,#5748,#5749,#5750,#5751));
#774=EDGE_LOOP('',(#5752,#5753,#5754,#5755,#5756,#5757,#5758,#5759));
#775=EDGE_LOOP('',(#5760,#5761,#5762,#5763,#5764,#5765,#5766,#5767));
#776=EDGE_LOOP('',(#5768,#5769,#5770,#5771,#5772,#5773,#5774,#5775));
#777=EDGE_LOOP('',(#5776,#5777,#5778,#5779,#5780,#5781,#5782,#5783));
#778=EDGE_LOOP('',(#5784,#5785,#5786,#5787,#5788,#5789,#5790,#5791));
#779=EDGE_LOOP('',(#5792,#5793,#5794,#5795,#5796,#5797,#5798,#5799));
#780=EDGE_LOOP('',(#5800,#5801,#5802,#5803,#5804,#5805,#5806,#5807));
#781=EDGE_LOOP('',(#5808,#5809,#5810,#5811,#5812,#5813,#5814,#5815));
#782=EDGE_LOOP('',(#5816,#5817,#5818,#5819,#5820,#5821,#5822,#5823));
#783=EDGE_LOOP('',(#5824,#5825,#5826,#5827,#5828,#5829,#5830,#5831));
#784=EDGE_LOOP('',(#5832,#5833,#5834,#5835,#5836,#5837,#5838,#5839));
#785=EDGE_LOOP('',(#5840));
#786=EDGE_LOOP('',(#5841,#5842,#5843,#5844,#5845,#5846,#5847,#5848));
#787=EDGE_LOOP('',(#5849,#5850,#5851,#5852,#5853,#5854,#5855,#5856));
#788=EDGE_LOOP('',(#5857,#5858,#5859,#5860,#5861,#5862,#5863,#5864));
#789=EDGE_LOOP('',(#5865,#5866,#5867,#5868,#5869,#5870,#5871,#5872));
#790=EDGE_LOOP('',(#5873,#5874,#5875,#5876,#5877,#5878,#5879,#5880));
#791=EDGE_LOOP('',(#5881,#5882,#5883,#5884,#5885,#5886,#5887,#5888));
#792=EDGE_LOOP('',(#5889,#5890,#5891,#5892));
#793=EDGE_LOOP('',(#5893,#5894,#5895,#5896));
#794=EDGE_LOOP('',(#5897,#5898,#5899,#5900));
#795=EDGE_LOOP('',(#5901,#5902,#5903,#5904));
#796=EDGE_LOOP('',(#5905,#5906,#5907,#5908));
#797=EDGE_LOOP('',(#5909,#5910,#5911,#5912));
#798=EDGE_LOOP('',(#5913,#5914,#5915,#5916));
#799=EDGE_LOOP('',(#5917,#5918,#5919,#5920));
#800=EDGE_LOOP('',(#5921,#5922,#5923,#5924));
#801=EDGE_LOOP('',(#5925,#5926,#5927,#5928));
#802=EDGE_LOOP('',(#5929,#5930,#5931,#5932));
#803=EDGE_LOOP('',(#5933,#5934,#5935,#5936));
#804=EDGE_LOOP('',(#5937,#5938,#5939,#5940));
#805=EDGE_LOOP('',(#5941,#5942,#5943,#5944));
#806=EDGE_LOOP('',(#5945,#5946,#5947,#5948));
#807=EDGE_LOOP('',(#5949,#5950,#5951,#5952));
#808=EDGE_LOOP('',(#5953,#5954,#5955,#5956));
#809=EDGE_LOOP('',(#5957,#5958,#5959,#5960));
#810=EDGE_LOOP('',(#5961,#5962,#5963,#5964));
#811=EDGE_LOOP('',(#5965,#5966,#5967,#5968));
#812=EDGE_LOOP('',(#5969,#5970,#5971,#5972));
#813=EDGE_LOOP('',(#5973,#5974,#5975,#5976));
#814=EDGE_LOOP('',(#5977,#5978,#5979,#5980));
#815=EDGE_LOOP('',(#5981,#5982,#5983,#5984));
#816=EDGE_LOOP('',(#5985,#5986,#5987,#5988));
#817=EDGE_LOOP('',(#5989,#5990,#5991,#5992));
#818=EDGE_LOOP('',(#5993,#5994,#5995,#5996));
#819=EDGE_LOOP('',(#5997,#5998,#5999,#6000));
#820=EDGE_LOOP('',(#6001,#6002,#6003,#6004));
#821=EDGE_LOOP('',(#6005,#6006,#6007,#6008));
#822=EDGE_LOOP('',(#6009,#6010,#6011,#6012));
#823=EDGE_LOOP('',(#6013,#6014,#6015,#6016));
#824=EDGE_LOOP('',(#6017,#6018,#6019,#6020));
#825=EDGE_LOOP('',(#6021,#6022,#6023,#6024));
#826=EDGE_LOOP('',(#6025,#6026,#6027,#6028));
#827=EDGE_LOOP('',(#6029,#6030,#6031,#6032));
#828=EDGE_LOOP('',(#6033,#6034,#6035,#6036));
#829=EDGE_LOOP('',(#6037,#6038,#6039,#6040));
#830=EDGE_LOOP('',(#6041,#6042,#6043,#6044));
#831=EDGE_LOOP('',(#6045,#6046,#6047,#6048));
#832=EDGE_LOOP('',(#6049,#6050,#6051,#6052));
#833=EDGE_LOOP('',(#6053,#6054,#6055,#6056));
#834=EDGE_LOOP('',(#6057,#6058,#6059,#6060));
#835=EDGE_LOOP('',(#6061,#6062,#6063,#6064));
#836=EDGE_LOOP('',(#6065,#6066,#6067,#6068));
#837=EDGE_LOOP('',(#6069,#6070,#6071,#6072));
#838=EDGE_LOOP('',(#6073,#6074,#6075,#6076));
#839=EDGE_LOOP('',(#6077,#6078,#6079,#6080));
#840=EDGE_LOOP('',(#6081,#6082,#6083,#6084));
#841=EDGE_LOOP('',(#6085,#6086,#6087,#6088));
#842=EDGE_LOOP('',(#6089,#6090,#6091,#6092));
#843=EDGE_LOOP('',(#6093,#6094,#6095,#6096));
#844=EDGE_LOOP('',(#6097,#6098,#6099,#6100));
#845=EDGE_LOOP('',(#6101,#6102,#6103,#6104));
#846=EDGE_LOOP('',(#6105,#6106,#6107,#6108));
#847=EDGE_LOOP('',(#6109,#6110,#6111,#6112));
#848=EDGE_LOOP('',(#6113,#6114,#6115,#6116));
#849=EDGE_LOOP('',(#6117,#6118,#6119,#6120));
#850=EDGE_LOOP('',(#6121,#6122,#6123,#6124));
#851=EDGE_LOOP('',(#6125,#6126,#6127,#6128));
#852=EDGE_LOOP('',(#6129,#6130,#6131,#6132));
#853=EDGE_LOOP('',(#6133,#6134,#6135,#6136));
#854=EDGE_LOOP('',(#6137,#6138,#6139,#6140));
#855=EDGE_LOOP('',(#6141,#6142,#6143,#6144));
#856=EDGE_LOOP('',(#6145,#6146,#6147,#6148));
#857=EDGE_LOOP('',(#6149,#6150,#6151,#6152));
#858=EDGE_LOOP('',(#6153,#6154,#6155,#6156));
#859=EDGE_LOOP('',(#6157,#6158,#6159,#6160));
#860=EDGE_LOOP('',(#6161,#6162,#6163,#6164));
#861=EDGE_LOOP('',(#6165,#6166,#6167,#6168));
#862=EDGE_LOOP('',(#6169,#6170,#6171,#6172));
#863=EDGE_LOOP('',(#6173,#6174,#6175,#6176));
#864=EDGE_LOOP('',(#6177,#6178,#6179,#6180));
#865=EDGE_LOOP('',(#6181,#6182,#6183,#6184));
#866=EDGE_LOOP('',(#6185,#6186,#6187,#6188));
#867=EDGE_LOOP('',(#6189,#6190,#6191,#6192));
#868=EDGE_LOOP('',(#6193,#6194,#6195,#6196));
#869=EDGE_LOOP('',(#6197,#6198,#6199,#6200));
#870=EDGE_LOOP('',(#6201,#6202,#6203,#6204));
#871=EDGE_LOOP('',(#6205,#6206,#6207,#6208));
#872=EDGE_LOOP('',(#6209,#6210,#6211,#6212));
#873=EDGE_LOOP('',(#6213,#6214,#6215,#6216));
#874=EDGE_LOOP('',(#6217,#6218,#6219,#6220));
#875=EDGE_LOOP('',(#6221,#6222,#6223,#6224));
#876=EDGE_LOOP('',(#6225,#6226,#6227,#6228));
#877=EDGE_LOOP('',(#6229,#6230,#6231,#6232));
#878=EDGE_LOOP('',(#6233,#6234,#6235,#6236));
#879=EDGE_LOOP('',(#6237,#6238,#6239,#6240));
#880=EDGE_LOOP('',(#6241,#6242,#6243,#6244));
#881=EDGE_LOOP('',(#6245,#6246,#6247,#6248));
#882=EDGE_LOOP('',(#6249,#6250,#6251,#6252));
#883=EDGE_LOOP('',(#6253,#6254,#6255,#6256));
#884=EDGE_LOOP('',(#6257,#6258,#6259,#6260));
#885=EDGE_LOOP('',(#6261,#6262,#6263,#6264));
#886=EDGE_LOOP('',(#6265,#6266,#6267,#6268));
#887=EDGE_LOOP('',(#6269,#6270,#6271,#6272));
#888=EDGE_LOOP('',(#6273,#6274,#6275,#6276));
#889=EDGE_LOOP('',(#6277,#6278,#6279,#6280));
#890=EDGE_LOOP('',(#6281,#6282,#6283,#6284));
#891=EDGE_LOOP('',(#6285,#6286,#6287,#6288));
#892=EDGE_LOOP('',(#6289,#6290,#6291,#6292));
#893=EDGE_LOOP('',(#6293,#6294,#6295,#6296));
#894=EDGE_LOOP('',(#6297,#6298,#6299,#6300));
#895=EDGE_LOOP('',(#6301,#6302,#6303,#6304));
#896=EDGE_LOOP('',(#6305,#6306,#6307,#6308));
#897=EDGE_LOOP('',(#6309,#6310,#6311,#6312));
#898=EDGE_LOOP('',(#6313,#6314,#6315,#6316));
#899=EDGE_LOOP('',(#6317,#6318,#6319,#6320));
#900=EDGE_LOOP('',(#6321,#6322,#6323,#6324));
#901=EDGE_LOOP('',(#6325,#6326,#6327,#6328));
#902=EDGE_LOOP('',(#6329,#6330,#6331,#6332));
#903=EDGE_LOOP('',(#6333,#6334,#6335,#6336));
#904=EDGE_LOOP('',(#6337,#6338,#6339,#6340));
#905=EDGE_LOOP('',(#6341,#6342,#6343,#6344));
#906=EDGE_LOOP('',(#6345,#6346,#6347,#6348));
#907=EDGE_LOOP('',(#6349,#6350,#6351,#6352));
#908=EDGE_LOOP('',(#6353,#6354,#6355,#6356));
#909=EDGE_LOOP('',(#6357,#6358,#6359,#6360));
#910=EDGE_LOOP('',(#6361,#6362,#6363,#6364));
#911=EDGE_LOOP('',(#6365,#6366,#6367,#6368));
#912=EDGE_LOOP('',(#6369,#6370,#6371,#6372));
#913=EDGE_LOOP('',(#6373,#6374,#6375,#6376));
#914=EDGE_LOOP('',(#6377,#6378,#6379,#6380));
#915=EDGE_LOOP('',(#6381,#6382,#6383,#6384));
#916=EDGE_LOOP('',(#6385,#6386,#6387,#6388));
#917=EDGE_LOOP('',(#6389,#6390,#6391,#6392));
#918=EDGE_LOOP('',(#6393,#6394,#6395,#6396));
#919=EDGE_LOOP('',(#6397,#6398,#6399,#6400));
#920=EDGE_LOOP('',(#6401,#6402,#6403,#6404));
#921=EDGE_LOOP('',(#6405,#6406,#6407,#6408));
#922=EDGE_LOOP('',(#6409,#6410,#6411,#6412));
#923=EDGE_LOOP('',(#6413,#6414,#6415,#6416));
#924=EDGE_LOOP('',(#6417,#6418,#6419,#6420));
#925=EDGE_LOOP('',(#6421,#6422,#6423,#6424));
#926=EDGE_LOOP('',(#6425,#6426,#6427,#6428));
#927=EDGE_LOOP('',(#6429,#6430,#6431,#6432));
#928=EDGE_LOOP('',(#6433,#6434,#6435,#6436));
#929=EDGE_LOOP('',(#6437,#6438,#6439,#6440));
#930=EDGE_LOOP('',(#6441,#6442,#6443,#6444));
#931=EDGE_LOOP('',(#6445,#6446,#6447,#6448));
#932=EDGE_LOOP('',(#6449,#6450,#6451,#6452));
#933=EDGE_LOOP('',(#6453,#6454,#6455,#6456));
#934=EDGE_LOOP('',(#6457,#6458,#6459,#6460));
#935=EDGE_LOOP('',(#6461,#6462,#6463,#6464));
#936=EDGE_LOOP('',(#6465,#6466,#6467,#6468));
#937=EDGE_LOOP('',(#6469,#6470,#6471,#6472));
#938=EDGE_LOOP('',(#6473,#6474,#6475,#6476));
#939=EDGE_LOOP('',(#6477,#6478,#6479,#6480));
#940=EDGE_LOOP('',(#6481,#6482,#6483,#6484));
#941=EDGE_LOOP('',(#6485,#6486,#6487,#6488));
#942=EDGE_LOOP('',(#6489,#6490,#6491,#6492));
#943=EDGE_LOOP('',(#6493,#6494,#6495,#6496));
#944=EDGE_LOOP('',(#6497,#6498,#6499,#6500));
#945=EDGE_LOOP('',(#6501,#6502,#6503,#6504));
#946=EDGE_LOOP('',(#6505,#6506,#6507,#6508));
#947=EDGE_LOOP('',(#6509,#6510,#6511,#6512));
#948=EDGE_LOOP('',(#6513,#6514,#6515,#6516));
#949=EDGE_LOOP('',(#6517,#6518,#6519,#6520));
#950=EDGE_LOOP('',(#6521,#6522,#6523,#6524));
#951=EDGE_LOOP('',(#6525,#6526,#6527,#6528));
#952=EDGE_LOOP('',(#6529,#6530,#6531,#6532));
#953=EDGE_LOOP('',(#6533,#6534,#6535,#6536));
#954=EDGE_LOOP('',(#6537,#6538,#6539,#6540));
#955=EDGE_LOOP('',(#6541,#6542,#6543,#6544));
#956=EDGE_LOOP('',(#6545,#6546,#6547,#6548));
#957=EDGE_LOOP('',(#6549,#6550,#6551,#6552));
#958=EDGE_LOOP('',(#6553,#6554,#6555,#6556));
#959=EDGE_LOOP('',(#6557,#6558,#6559,#6560));
#960=EDGE_LOOP('',(#6561,#6562,#6563,#6564));
#961=EDGE_LOOP('',(#6565,#6566,#6567,#6568));
#962=EDGE_LOOP('',(#6569,#6570,#6571,#6572));
#963=EDGE_LOOP('',(#6573,#6574,#6575,#6576));
#964=EDGE_LOOP('',(#6577,#6578,#6579,#6580));
#965=EDGE_LOOP('',(#6581,#6582,#6583,#6584));
#966=EDGE_LOOP('',(#6585,#6586,#6587,#6588));
#967=EDGE_LOOP('',(#6589,#6590,#6591,#6592));
#968=EDGE_LOOP('',(#6593,#6594,#6595,#6596));
#969=EDGE_LOOP('',(#6597,#6598,#6599,#6600));
#970=EDGE_LOOP('',(#6601,#6602,#6603,#6604));
#971=EDGE_LOOP('',(#6605,#6606,#6607,#6608));
#972=EDGE_LOOP('',(#6609,#6610,#6611,#6612));
#973=EDGE_LOOP('',(#6613,#6614,#6615,#6616));
#974=EDGE_LOOP('',(#6617,#6618,#6619,#6620));
#975=EDGE_LOOP('',(#6621,#6622,#6623,#6624));
#976=EDGE_LOOP('',(#6625,#6626,#6627,#6628));
#977=EDGE_LOOP('',(#6629,#6630,#6631,#6632));
#978=EDGE_LOOP('',(#6633,#6634,#6635,#6636));
#979=EDGE_LOOP('',(#6637,#6638,#6639,#6640));
#980=EDGE_LOOP('',(#6641,#6642,#6643,#6644));
#981=EDGE_LOOP('',(#6645,#6646,#6647,#6648));
#982=EDGE_LOOP('',(#6649,#6650,#6651,#6652));
#983=EDGE_LOOP('',(#6653,#6654,#6655,#6656));
#984=EDGE_LOOP('',(#6657,#6658,#6659,#6660));
#985=EDGE_LOOP('',(#6661,#6662,#6663,#6664));
#986=EDGE_LOOP('',(#6665,#6666,#6667,#6668));
#987=EDGE_LOOP('',(#6669,#6670,#6671,#6672));
#988=EDGE_LOOP('',(#6673,#6674,#6675,#6676));
#989=EDGE_LOOP('',(#6677,#6678,#6679,#6680));
#990=EDGE_LOOP('',(#6681,#6682,#6683,#6684));
#991=EDGE_LOOP('',(#6685,#6686,#6687,#6688));
#992=EDGE_LOOP('',(#6689,#6690,#6691,#6692));
#993=EDGE_LOOP('',(#6693,#6694,#6695,#6696));
#994=EDGE_LOOP('',(#6697,#6698,#6699,#6700));
#995=EDGE_LOOP('',(#6701,#6702,#6703,#6704));
#996=EDGE_LOOP('',(#6705,#6706,#6707,#6708));
#997=EDGE_LOOP('',(#6709,#6710,#6711,#6712));
#998=EDGE_LOOP('',(#6713,#6714,#6715,#6716));
#999=EDGE_LOOP('',(#6717,#6718,#6719,#6720));
#1000=EDGE_LOOP('',(#6721,#6722,#6723,#6724));
#1001=EDGE_LOOP('',(#6725,#6726,#6727,#6728));
#1002=EDGE_LOOP('',(#6729,#6730,#6731,#6732));
#1003=EDGE_LOOP('',(#6733,#6734,#6735,#6736));
#1004=EDGE_LOOP('',(#6737,#6738,#6739,#6740));
#1005=EDGE_LOOP('',(#6741,#6742,#6743,#6744));
#1006=EDGE_LOOP('',(#6745,#6746,#6747,#6748));
#1007=EDGE_LOOP('',(#6749,#6750,#6751,#6752));
#1008=EDGE_LOOP('',(#6753,#6754,#6755,#6756));
#1009=EDGE_LOOP('',(#6757,#6758,#6759,#6760));
#1010=EDGE_LOOP('',(#6761,#6762,#6763,#6764));
#1011=EDGE_LOOP('',(#6765,#6766,#6767,#6768));
#1012=EDGE_LOOP('',(#6769,#6770,#6771,#6772));
#1013=EDGE_LOOP('',(#6773,#6774,#6775,#6776));
#1014=EDGE_LOOP('',(#6777,#6778,#6779,#6780));
#1015=EDGE_LOOP('',(#6781,#6782,#6783,#6784));
#1016=EDGE_LOOP('',(#6785,#6786,#6787,#6788));
#1017=EDGE_LOOP('',(#6789,#6790,#6791,#6792));
#1018=EDGE_LOOP('',(#6793,#6794,#6795,#6796));
#1019=EDGE_LOOP('',(#6797,#6798,#6799,#6800));
#1020=EDGE_LOOP('',(#6801,#6802,#6803,#6804));
#1021=EDGE_LOOP('',(#6805,#6806,#6807,#6808));
#1022=EDGE_LOOP('',(#6809,#6810,#6811,#6812));
#1023=EDGE_LOOP('',(#6813,#6814,#6815,#6816));
#1024=EDGE_LOOP('',(#6817,#6818,#6819,#6820));
#1025=EDGE_LOOP('',(#6821,#6822,#6823,#6824));
#1026=EDGE_LOOP('',(#6825,#6826,#6827,#6828));
#1027=EDGE_LOOP('',(#6829,#6830,#6831,#6832));
#1028=EDGE_LOOP('',(#6833,#6834,#6835,#6836));
#1029=EDGE_LOOP('',(#6837,#6838,#6839,#6840));
#1030=EDGE_LOOP('',(#6841,#6842,#6843,#6844));
#1031=EDGE_LOOP('',(#6845,#6846,#6847,#6848));
#1032=EDGE_LOOP('',(#6849,#6850,#6851,#6852));
#1033=EDGE_LOOP('',(#6853,#6854,#6855,#6856));
#1034=EDGE_LOOP('',(#6857,#6858,#6859,#6860));
#1035=EDGE_LOOP('',(#6861,#6862,#6863,#6864));
#1036=EDGE_LOOP('',(#6865,#6866,#6867,#6868));
#1037=EDGE_LOOP('',(#6869,#6870,#6871,#6872));
#1038=EDGE_LOOP('',(#6873,#6874,#6875,#6876));
#1039=EDGE_LOOP('',(#6877,#6878,#6879,#6880));
#1040=EDGE_LOOP('',(#6881,#6882,#6883,#6884));
#1041=EDGE_LOOP('',(#6885,#6886,#6887,#6888));
#1042=EDGE_LOOP('',(#6889,#6890,#6891,#6892));
#1043=EDGE_LOOP('',(#6893,#6894,#6895,#6896));
#1044=EDGE_LOOP('',(#6897,#6898,#6899,#6900));
#1045=EDGE_LOOP('',(#6901,#6902,#6903,#6904));
#1046=EDGE_LOOP('',(#6905,#6906,#6907,#6908));
#1047=EDGE_LOOP('',(#6909,#6910,#6911,#6912));
#1048=EDGE_LOOP('',(#6913,#6914,#6915,#6916));
#1049=EDGE_LOOP('',(#6917,#6918,#6919,#6920));
#1050=EDGE_LOOP('',(#6921,#6922,#6923,#6924));
#1051=EDGE_LOOP('',(#6925,#6926,#6927,#6928));
#1052=EDGE_LOOP('',(#6929,#6930,#6931,#6932));
#1053=EDGE_LOOP('',(#6933,#6934,#6935,#6936));
#1054=EDGE_LOOP('',(#6937,#6938,#6939,#6940));
#1055=EDGE_LOOP('',(#6941,#6942,#6943,#6944));
#1056=EDGE_LOOP('',(#6945,#6946,#6947,#6948));
#1057=EDGE_LOOP('',(#6949,#6950,#6951,#6952));
#1058=EDGE_LOOP('',(#6953,#6954,#6955,#6956));
#1059=EDGE_LOOP('',(#6957,#6958,#6959,#6960));
#1060=EDGE_LOOP('',(#6961,#6962,#6963,#6964));
#1061=EDGE_LOOP('',(#6965,#6966,#6967,#6968));
#1062=EDGE_LOOP('',(#6969,#6970,#6971,#6972));
#1063=EDGE_LOOP('',(#6973,#6974,#6975,#6976));
#1064=EDGE_LOOP('',(#6977,#6978,#6979,#6980));
#1065=EDGE_LOOP('',(#6981,#6982,#6983,#6984));
#1066=EDGE_LOOP('',(#6985,#6986,#6987,#6988));
#1067=EDGE_LOOP('',(#6989,#6990,#6991,#6992));
#1068=EDGE_LOOP('',(#6993,#6994,#6995,#6996));
#1069=EDGE_LOOP('',(#6997,#6998,#6999,#7000));
#1070=EDGE_LOOP('',(#7001,#7002,#7003,#7004));
#1071=EDGE_LOOP('',(#7005,#7006,#7007,#7008));
#1072=EDGE_LOOP('',(#7009,#7010,#7011,#7012));
#1073=EDGE_LOOP('',(#7013,#7014,#7015,#7016));
#1074=EDGE_LOOP('',(#7017,#7018,#7019,#7020));
#1075=EDGE_LOOP('',(#7021,#7022,#7023,#7024));
#1076=EDGE_LOOP('',(#7025,#7026,#7027,#7028));
#1077=EDGE_LOOP('',(#7029,#7030,#7031,#7032));
#1078=EDGE_LOOP('',(#7033,#7034,#7035,#7036));
#1079=EDGE_LOOP('',(#7037,#7038,#7039,#7040));
#1080=EDGE_LOOP('',(#7041,#7042,#7043,#7044));
#1081=EDGE_LOOP('',(#7045,#7046,#7047,#7048));
#1082=EDGE_LOOP('',(#7049,#7050,#7051,#7052));
#1083=EDGE_LOOP('',(#7053,#7054,#7055,#7056));
#1084=EDGE_LOOP('',(#7057,#7058,#7059,#7060));
#1085=EDGE_LOOP('',(#7061,#7062,#7063,#7064));
#1086=EDGE_LOOP('',(#7065,#7066,#7067,#7068));
#1087=EDGE_LOOP('',(#7069,#7070,#7071,#7072));
#1088=EDGE_LOOP('',(#7073,#7074,#7075,#7076));
#1089=EDGE_LOOP('',(#7077,#7078,#7079,#7080));
#1090=EDGE_LOOP('',(#7081,#7082,#7083,#7084));
#1091=EDGE_LOOP('',(#7085,#7086,#7087,#7088));
#1092=EDGE_LOOP('',(#7089,#7090,#7091,#7092));
#1093=EDGE_LOOP('',(#7093,#7094,#7095,#7096));
#1094=EDGE_LOOP('',(#7097,#7098,#7099,#7100));
#1095=EDGE_LOOP('',(#7101,#7102,#7103,#7104));
#1096=EDGE_LOOP('',(#7105,#7106,#7107,#7108));
#1097=EDGE_LOOP('',(#7109,#7110,#7111,#7112));
#1098=EDGE_LOOP('',(#7113,#7114,#7115,#7116));
#1099=EDGE_LOOP('',(#7117,#7118,#7119,#7120));
#1100=EDGE_LOOP('',(#7121,#7122,#7123,#7124));
#1101=EDGE_LOOP('',(#7125,#7126,#7127,#7128));
#1102=EDGE_LOOP('',(#7129,#7130,#7131,#7132));
#1103=EDGE_LOOP('',(#7133,#7134,#7135,#7136));
#1104=EDGE_LOOP('',(#7137,#7138,#7139,#7140));
#1105=EDGE_LOOP('',(#7141,#7142,#7143,#7144));
#1106=EDGE_LOOP('',(#7145,#7146,#7147,#7148));
#1107=EDGE_LOOP('',(#7149,#7150,#7151,#7152));
#1108=EDGE_LOOP('',(#7153,#7154,#7155,#7156));
#1109=EDGE_LOOP('',(#7157,#7158,#7159,#7160));
#1110=EDGE_LOOP('',(#7161,#7162,#7163,#7164));
#1111=EDGE_LOOP('',(#7165,#7166,#7167,#7168));
#1112=EDGE_LOOP('',(#7169,#7170,#7171,#7172));
#1113=EDGE_LOOP('',(#7173,#7174,#7175,#7176));
#1114=EDGE_LOOP('',(#7177,#7178,#7179,#7180));
#1115=EDGE_LOOP('',(#7181,#7182,#7183,#7184));
#1116=EDGE_LOOP('',(#7185,#7186,#7187,#7188));
#1117=EDGE_LOOP('',(#7189,#7190,#7191,#7192));
#1118=EDGE_LOOP('',(#7193,#7194,#7195,#7196));
#1119=EDGE_LOOP('',(#7197,#7198,#7199,#7200));
#1120=EDGE_LOOP('',(#7201,#7202,#7203,#7204));
#1121=EDGE_LOOP('',(#7205,#7206,#7207,#7208));
#1122=EDGE_LOOP('',(#7209,#7210,#7211,#7212));
#1123=EDGE_LOOP('',(#7213,#7214,#7215,#7216));
#1124=EDGE_LOOP('',(#7217,#7218,#7219,#7220));
#1125=EDGE_LOOP('',(#7221,#7222,#7223,#7224));
#1126=EDGE_LOOP('',(#7225,#7226,#7227,#7228));
#1127=EDGE_LOOP('',(#7229,#7230,#7231,#7232));
#1128=EDGE_LOOP('',(#7233,#7234,#7235,#7236));
#1129=EDGE_LOOP('',(#7237,#7238,#7239,#7240));
#1130=EDGE_LOOP('',(#7241,#7242,#7243,#7244));
#1131=EDGE_LOOP('',(#7245,#7246,#7247,#7248));
#1132=EDGE_LOOP('',(#7249,#7250,#7251,#7252));
#1133=EDGE_LOOP('',(#7253,#7254,#7255,#7256));
#1134=EDGE_LOOP('',(#7257,#7258,#7259,#7260));
#1135=EDGE_LOOP('',(#7261,#7262,#7263,#7264));
#1136=EDGE_LOOP('',(#7265,#7266,#7267,#7268));
#1137=EDGE_LOOP('',(#7269,#7270,#7271,#7272));
#1138=EDGE_LOOP('',(#7273,#7274,#7275,#7276));
#1139=EDGE_LOOP('',(#7277,#7278,#7279,#7280));
#1140=EDGE_LOOP('',(#7281,#7282,#7283,#7284));
#1141=EDGE_LOOP('',(#7285,#7286,#7287,#7288));
#1142=EDGE_LOOP('',(#7289,#7290,#7291,#7292));
#1143=EDGE_LOOP('',(#7293,#7294,#7295,#7296));
#1144=EDGE_LOOP('',(#7297,#7298,#7299,#7300));
#1145=EDGE_LOOP('',(#7301,#7302,#7303,#7304));
#1146=EDGE_LOOP('',(#7305,#7306,#7307,#7308));
#1147=EDGE_LOOP('',(#7309,#7310,#7311,#7312));
#1148=EDGE_LOOP('',(#7313,#7314,#7315,#7316));
#1149=EDGE_LOOP('',(#7317,#7318,#7319,#7320));
#1150=EDGE_LOOP('',(#7321,#7322,#7323,#7324));
#1151=EDGE_LOOP('',(#7325,#7326,#7327,#7328));
#1152=EDGE_LOOP('',(#7329,#7330,#7331,#7332));
#1153=EDGE_LOOP('',(#7333,#7334,#7335,#7336));
#1154=EDGE_LOOP('',(#7337,#7338,#7339,#7340));
#1155=EDGE_LOOP('',(#7341,#7342,#7343,#7344));
#1156=EDGE_LOOP('',(#7345,#7346,#7347,#7348));
#1157=EDGE_LOOP('',(#7349,#7350,#7351,#7352));
#1158=EDGE_LOOP('',(#7353,#7354,#7355,#7356));
#1159=EDGE_LOOP('',(#7357,#7358,#7359,#7360));
#1160=EDGE_LOOP('',(#7361,#7362,#7363,#7364));
#1161=EDGE_LOOP('',(#7365,#7366,#7367,#7368));
#1162=EDGE_LOOP('',(#7369,#7370,#7371,#7372));
#1163=EDGE_LOOP('',(#7373,#7374,#7375,#7376));
#1164=EDGE_LOOP('',(#7377,#7378,#7379,#7380));
#1165=EDGE_LOOP('',(#7381,#7382,#7383,#7384));
#1166=EDGE_LOOP('',(#7385,#7386,#7387,#7388));
#1167=EDGE_LOOP('',(#7389,#7390,#7391,#7392));
#1168=EDGE_LOOP('',(#7393,#7394,#7395,#7396));
#1169=EDGE_LOOP('',(#7397,#7398,#7399,#7400));
#1170=EDGE_LOOP('',(#7401,#7402,#7403,#7404));
#1171=EDGE_LOOP('',(#7405,#7406,#7407,#7408));
#1172=EDGE_LOOP('',(#7409,#7410,#7411,#7412));
#1173=EDGE_LOOP('',(#7413,#7414,#7415,#7416));
#1174=EDGE_LOOP('',(#7417,#7418,#7419,#7420));
#1175=EDGE_LOOP('',(#7421,#7422,#7423,#7424));
#1176=EDGE_LOOP('',(#7425,#7426,#7427,#7428));
#1177=EDGE_LOOP('',(#7429,#7430,#7431,#7432));
#1178=EDGE_LOOP('',(#7433,#7434,#7435,#7436));
#1179=EDGE_LOOP('',(#7437,#7438,#7439,#7440));
#1180=EDGE_LOOP('',(#7441,#7442,#7443,#7444));
#1181=CIRCLE('',#8054,2.381250077504);
#1182=CIRCLE('',#8055,2.381250077504);
#1183=CIRCLE('',#8059,2.381248370398);
#1184=CIRCLE('',#8060,2.381250077504);
#1185=CIRCLE('',#8061,2.381250077504);
#1186=CIRCLE('',#8062,0.500001333575);
#1187=CIRCLE('',#8063,0.500001333599);
#1188=CIRCLE('',#8064,0.500001333599);
#1189=CIRCLE('',#8065,0.500001333599);
#1190=CIRCLE('',#8066,0.500001333575);
#1191=CIRCLE('',#8067,0.500001333599);
#1192=CIRCLE('',#8068,0.500001333599);
#1193=CIRCLE('',#8069,0.500001333599);
#1194=CIRCLE('',#8070,0.500001333575);
#1195=CIRCLE('',#8071,0.500001333599);
#1196=CIRCLE('',#8072,0.500001333599);
#1197=CIRCLE('',#8073,0.500001333599);
#1198=CIRCLE('',#8074,1.1);
#1199=CIRCLE('',#8075,0.500100380151);
#1200=CIRCLE('',#8076,0.499898924606);
#1201=CIRCLE('',#8077,0.500100362954);
#1202=CIRCLE('',#8078,0.500085006192);
#1203=CIRCLE('',#8079,0.500049140802);
#1204=CIRCLE('',#8080,0.50000133357);
#1205=CIRCLE('',#8081,0.50000133357);
#1206=CIRCLE('',#8082,0.499912590112);
#1207=CIRCLE('',#8083,0.500134549674);
#1208=CIRCLE('',#8084,0.500100362954);
#1209=CIRCLE('',#8085,0.499898942044);
#1210=CIRCLE('',#8086,0.500049140802);
#1211=CIRCLE('',#8087,0.500049140802);
#1212=CIRCLE('',#8088,0.500049140802);
#1213=CIRCLE('',#8089,0.499898942044);
#1214=CIRCLE('',#8090,0.499898942044);
#1215=CIRCLE('',#8091,0.500001333575);
#1216=CIRCLE('',#8092,0.500001333599);
#1217=CIRCLE('',#8093,0.500001333599);
#1218=CIRCLE('',#8094,0.500001333599);
#1219=CIRCLE('',#8095,0.500001333575);
#1220=CIRCLE('',#8096,0.500001333599);
#1221=CIRCLE('',#8097,0.500001333599);
#1222=CIRCLE('',#8098,0.500001333599);
#1223=CIRCLE('',#8099,0.500001333575);
#1224=CIRCLE('',#8100,0.500001333599);
#1225=CIRCLE('',#8101,0.500001333599);
#1226=CIRCLE('',#8102,0.500001333599);
#1227=CIRCLE('',#8103,0.500001333575);
#1228=CIRCLE('',#8104,0.500001333599);
#1229=CIRCLE('',#8105,0.500001333599);
#1230=CIRCLE('',#8106,0.500001333599);
#1231=CIRCLE('',#8107,0.500001333575);
#1232=CIRCLE('',#8108,0.500001333599);
#1233=CIRCLE('',#8109,0.500001333599);
#1234=CIRCLE('',#8110,0.500001333599);
#1235=CIRCLE('',#8111,0.500100380151);
#1236=CIRCLE('',#8112,0.499898942044);
#1237=CIRCLE('',#8113,0.500100362954);
#1238=CIRCLE('',#8114,0.500085006192);
#1239=CIRCLE('',#8115,0.500049140802);
#1240=CIRCLE('',#8116,0.500001333599);
#1241=CIRCLE('',#8117,0.500001333599);
#1242=CIRCLE('',#8118,0.499912590112);
#1243=CIRCLE('',#8119,0.500134549674);
#1244=CIRCLE('',#8120,0.500100380151);
#1245=CIRCLE('',#8121,0.499898924606);
#1246=CIRCLE('',#8122,0.500049140802);
#1247=CIRCLE('',#8123,0.500049140802);
#1248=CIRCLE('',#8124,0.500049140802);
#1249=CIRCLE('',#8125,0.499898942044);
#1250=CIRCLE('',#8126,0.499898942044);
#1251=CIRCLE('',#8127,1.1);
#1252=CIRCLE('',#8128,0.500001333575);
#1253=CIRCLE('',#8129,0.500001333599);
#1254=CIRCLE('',#8130,0.500001333599);
#1255=CIRCLE('',#8131,0.500001333599);
#1256=CIRCLE('',#8132,0.500001333575);
#1257=CIRCLE('',#8133,0.500001333599);
#1258=CIRCLE('',#8134,0.500001333599);
#1259=CIRCLE('',#8135,0.500001333599);
#1260=CIRCLE('',#8136,0.500001333575);
#1261=CIRCLE('',#8137,0.500001333599);
#1262=CIRCLE('',#8138,0.500001333599);
#1263=CIRCLE('',#8139,0.500001333599);
#1264=CIRCLE('',#8140,0.500001333575);
#1265=CIRCLE('',#8141,0.500001333599);
#1266=CIRCLE('',#8142,0.500001333599);
#1267=CIRCLE('',#8143,0.50000133357);
#1268=CIRCLE('',#8144,0.500001333575);
#1269=CIRCLE('',#8145,0.500001333599);
#1270=CIRCLE('',#8146,0.500001333599);
#1271=CIRCLE('',#8147,0.500001333599);
#1272=CIRCLE('',#8148,0.500001333575);
#1273=CIRCLE('',#8149,0.500001333599);
#1274=CIRCLE('',#8150,0.500001333599);
#1275=CIRCLE('',#8151,0.500001333599);
#1276=CIRCLE('',#8152,0.500001333575);
#1277=CIRCLE('',#8153,0.500001333599);
#1278=CIRCLE('',#8154,0.500001333599);
#1279=CIRCLE('',#8155,0.500001333599);
#1280=CIRCLE('',#8156,0.500001333575);
#1281=CIRCLE('',#8157,0.500001333599);
#1282=CIRCLE('',#8158,0.500001333599);
#1283=CIRCLE('',#8159,0.500001333599);
#1284=CIRCLE('',#8160,0.500001333575);
#1285=CIRCLE('',#8161,0.500001333599);
#1286=CIRCLE('',#8162,0.500001333599);
#1287=CIRCLE('',#8163,0.500001333599);
#1288=CIRCLE('',#8164,0.500001333575);
#1289=CIRCLE('',#8165,0.500001333599);
#1290=CIRCLE('',#8166,0.50000133357);
#1291=CIRCLE('',#8167,0.500001333599);
#1292=CIRCLE('',#8168,1.1);
#1293=CIRCLE('',#8169,0.500001333575);
#1294=CIRCLE('',#8170,0.500001333599);
#1295=CIRCLE('',#8171,0.500001333599);
#1296=CIRCLE('',#8172,0.500001333599);
#1297=CIRCLE('',#8173,0.500001333575);
#1298=CIRCLE('',#8174,0.500001333599);
#1299=CIRCLE('',#8175,0.50000133357);
#1300=CIRCLE('',#8176,0.500001333599);
#1301=CIRCLE('',#8177,0.500001333575);
#1302=CIRCLE('',#8178,0.500001333599);
#1303=CIRCLE('',#8179,0.50000133357);
#1304=CIRCLE('',#8180,0.500001333599);
#1305=CIRCLE('',#8181,0.500001333575);
#1306=CIRCLE('',#8182,0.500001333599);
#1307=CIRCLE('',#8183,0.500001333599);
#1308=CIRCLE('',#8184,0.50000133357);
#1309=CIRCLE('',#8185,0.500001333575);
#1310=CIRCLE('',#8186,0.500001333599);
#1311=CIRCLE('',#8187,0.50000133357);
#1312=CIRCLE('',#8188,0.500001333599);
#1313=CIRCLE('',#8189,0.500001333575);
#1314=CIRCLE('',#8190,0.500001333599);
#1315=CIRCLE('',#8191,0.500001333599);
#1316=CIRCLE('',#8192,0.50000133357);
#1317=CIRCLE('',#8193,0.500001333575);
#1318=CIRCLE('',#8194,0.500001333599);
#1319=CIRCLE('',#8195,0.500001333599);
#1320=CIRCLE('',#8196,0.50000133357);
#1321=CIRCLE('',#8197,0.500001333575);
#1322=CIRCLE('',#8198,0.500001333599);
#1323=CIRCLE('',#8199,0.500001333599);
#1324=CIRCLE('',#8200,0.500001333599);
#1325=CIRCLE('',#8201,0.500001333575);
#1326=CIRCLE('',#8202,0.500001333599);
#1327=CIRCLE('',#8203,0.500001333599);
#1328=CIRCLE('',#8204,0.500001333599);
#1329=CIRCLE('',#8205,0.500001333575);
#1330=CIRCLE('',#8206,0.500001333599);
#1331=CIRCLE('',#8207,0.50000133357);
#1332=CIRCLE('',#8208,0.500001333599);
#1333=CIRCLE('',#8209,0.500001333575);
#1334=CIRCLE('',#8210,0.500001333599);
#1335=CIRCLE('',#8211,0.50000133357);
#1336=CIRCLE('',#8212,0.500001333599);
#1337=CIRCLE('',#8213,0.500001333575);
#1338=CIRCLE('',#8214,0.500001333599);
#1339=CIRCLE('',#8215,0.500001333599);
#1340=CIRCLE('',#8216,0.50000133357);
#1341=CIRCLE('',#8217,0.500001333575);
#1342=CIRCLE('',#8218,0.500001333599);
#1343=CIRCLE('',#8219,0.500001333599);
#1344=CIRCLE('',#8220,0.500001333599);
#1345=CIRCLE('',#8221,0.500001333575);
#1346=CIRCLE('',#8222,0.500001333599);
#1347=CIRCLE('',#8223,0.500001333599);
#1348=CIRCLE('',#8224,0.500001333599);
#1349=CIRCLE('',#8225,0.500001333575);
#1350=CIRCLE('',#8226,0.500001333599);
#1351=CIRCLE('',#8227,0.500001333599);
#1352=CIRCLE('',#8228,0.500001333599);
#1353=CIRCLE('',#8229,0.500001333575);
#1354=CIRCLE('',#8230,0.500001333599);
#1355=CIRCLE('',#8231,0.500001333599);
#1356=CIRCLE('',#8232,0.500001333599);
#1357=CIRCLE('',#8233,1.1);
#1358=CIRCLE('',#8234,0.500001333575);
#1359=CIRCLE('',#8235,0.500001333599);
#1360=CIRCLE('',#8236,0.500001333599);
#1361=CIRCLE('',#8237,0.50000133357);
#1362=CIRCLE('',#8238,0.500001333575);
#1363=CIRCLE('',#8239,0.500001333599);
#1364=CIRCLE('',#8240,0.500001333599);
#1365=CIRCLE('',#8241,0.500001333599);
#1366=CIRCLE('',#8242,0.500001333575);
#1367=CIRCLE('',#8243,0.500001333599);
#1368=CIRCLE('',#8244,0.500001333599);
#1369=CIRCLE('',#8245,0.50000133357);
#1370=CIRCLE('',#8246,0.500001333575);
#1371=CIRCLE('',#8247,0.500001333599);
#1372=CIRCLE('',#8248,0.50000133357);
#1373=CIRCLE('',#8249,0.500001333599);
#1374=CIRCLE('',#8250,0.500001333575);
#1375=CIRCLE('',#8251,0.500001333599);
#1376=CIRCLE('',#8252,0.500001333599);
#1377=CIRCLE('',#8253,0.50000133357);
#1378=CIRCLE('',#8254,0.500001333575);
#1379=CIRCLE('',#8255,0.500001333599);
#1380=CIRCLE('',#8256,0.500001333599);
#1381=CIRCLE('',#8257,0.500001333599);
#1382=CIRCLE('',#8259,2.381250077504);
#1383=CIRCLE('',#8260,2.381250077504);
#1384=CIRCLE('',#8261,2.381248370398);
#1385=CIRCLE('',#8262,0.500001333575);
#1386=CIRCLE('',#8263,0.500001333599);
#1387=CIRCLE('',#8264,0.500001333599);
#1388=CIRCLE('',#8265,0.500001333599);
#1389=CIRCLE('',#8266,0.500001333575);
#1390=CIRCLE('',#8267,0.500001333599);
#1391=CIRCLE('',#8268,0.500001333599);
#1392=CIRCLE('',#8269,0.500001333599);
#1393=CIRCLE('',#8270,0.500001333575);
#1394=CIRCLE('',#8271,0.500001333599);
#1395=CIRCLE('',#8272,0.500001333599);
#1396=CIRCLE('',#8273,0.500001333599);
#1397=CIRCLE('',#8274,1.1);
#1398=CIRCLE('',#8275,0.500100380151);
#1399=CIRCLE('',#8276,0.499898942044);
#1400=CIRCLE('',#8277,0.499898942044);
#1401=CIRCLE('',#8278,0.500049140802);
#1402=CIRCLE('',#8279,0.500049140802);
#1403=CIRCLE('',#8280,0.500049140802);
#1404=CIRCLE('',#8281,0.499898942044);
#1405=CIRCLE('',#8282,0.500100362954);
#1406=CIRCLE('',#8283,0.500134549674);
#1407=CIRCLE('',#8284,0.499912590112);
#1408=CIRCLE('',#8285,0.50000133357);
#1409=CIRCLE('',#8286,0.50000133357);
#1410=CIRCLE('',#8287,0.500049140802);
#1411=CIRCLE('',#8288,0.500085006192);
#1412=CIRCLE('',#8289,0.500100362954);
#1413=CIRCLE('',#8290,0.499898924606);
#1414=CIRCLE('',#8291,0.500001333575);
#1415=CIRCLE('',#8292,0.500001333599);
#1416=CIRCLE('',#8293,0.500001333599);
#1417=CIRCLE('',#8294,0.500001333599);
#1418=CIRCLE('',#8295,0.500001333575);
#1419=CIRCLE('',#8296,0.500001333599);
#1420=CIRCLE('',#8297,0.500001333599);
#1421=CIRCLE('',#8298,0.500001333599);
#1422=CIRCLE('',#8299,0.500001333575);
#1423=CIRCLE('',#8300,0.500001333599);
#1424=CIRCLE('',#8301,0.500001333599);
#1425=CIRCLE('',#8302,0.500001333599);
#1426=CIRCLE('',#8303,0.500001333575);
#1427=CIRCLE('',#8304,0.500001333599);
#1428=CIRCLE('',#8305,0.500001333599);
#1429=CIRCLE('',#8306,0.500001333599);
#1430=CIRCLE('',#8307,0.500001333575);
#1431=CIRCLE('',#8308,0.500001333599);
#1432=CIRCLE('',#8309,0.500001333599);
#1433=CIRCLE('',#8310,0.500001333599);
#1434=CIRCLE('',#8311,0.500100380151);
#1435=CIRCLE('',#8312,0.499898942044);
#1436=CIRCLE('',#8313,0.499898942044);
#1437=CIRCLE('',#8314,0.500049140802);
#1438=CIRCLE('',#8315,0.500049140802);
#1439=CIRCLE('',#8316,0.500049140802);
#1440=CIRCLE('',#8317,0.499898924606);
#1441=CIRCLE('',#8318,0.500100380151);
#1442=CIRCLE('',#8319,0.500134549674);
#1443=CIRCLE('',#8320,0.499912590112);
#1444=CIRCLE('',#8321,0.500001333599);
#1445=CIRCLE('',#8322,0.500001333599);
#1446=CIRCLE('',#8323,0.500049140802);
#1447=CIRCLE('',#8324,0.500085006192);
#1448=CIRCLE('',#8325,0.500100362954);
#1449=CIRCLE('',#8326,0.499898942044);
#1450=CIRCLE('',#8327,1.1);
#1451=CIRCLE('',#8328,0.500001333575);
#1452=CIRCLE('',#8329,0.500001333599);
#1453=CIRCLE('',#8330,0.500001333599);
#1454=CIRCLE('',#8331,0.500001333599);
#1455=CIRCLE('',#8332,0.500001333575);
#1456=CIRCLE('',#8333,0.500001333599);
#1457=CIRCLE('',#8334,0.500001333599);
#1458=CIRCLE('',#8335,0.500001333599);
#1459=CIRCLE('',#8336,0.500001333575);
#1460=CIRCLE('',#8337,0.500001333599);
#1461=CIRCLE('',#8338,0.500001333599);
#1462=CIRCLE('',#8339,0.500001333599);
#1463=CIRCLE('',#8340,0.500001333575);
#1464=CIRCLE('',#8341,0.50000133357);
#1465=CIRCLE('',#8342,0.500001333599);
#1466=CIRCLE('',#8343,0.500001333599);
#1467=CIRCLE('',#8344,0.500001333575);
#1468=CIRCLE('',#8345,0.500001333599);
#1469=CIRCLE('',#8346,0.500001333599);
#1470=CIRCLE('',#8347,0.500001333599);
#1471=CIRCLE('',#8348,0.500001333575);
#1472=CIRCLE('',#8349,0.500001333599);
#1473=CIRCLE('',#8350,0.500001333599);
#1474=CIRCLE('',#8351,0.500001333599);
#1475=CIRCLE('',#8352,0.500001333575);
#1476=CIRCLE('',#8353,0.500001333599);
#1477=CIRCLE('',#8354,0.500001333599);
#1478=CIRCLE('',#8355,0.500001333599);
#1479=CIRCLE('',#8356,0.500001333575);
#1480=CIRCLE('',#8357,0.500001333599);
#1481=CIRCLE('',#8358,0.500001333599);
#1482=CIRCLE('',#8359,0.500001333599);
#1483=CIRCLE('',#8360,0.500001333575);
#1484=CIRCLE('',#8361,0.500001333599);
#1485=CIRCLE('',#8362,0.500001333599);
#1486=CIRCLE('',#8363,0.500001333599);
#1487=CIRCLE('',#8364,0.500001333575);
#1488=CIRCLE('',#8365,0.500001333599);
#1489=CIRCLE('',#8366,0.50000133357);
#1490=CIRCLE('',#8367,0.500001333599);
#1491=CIRCLE('',#8368,1.1);
#1492=CIRCLE('',#8369,0.500001333575);
#1493=CIRCLE('',#8370,0.500001333599);
#1494=CIRCLE('',#8371,0.500001333599);
#1495=CIRCLE('',#8372,0.500001333599);
#1496=CIRCLE('',#8373,0.500001333575);
#1497=CIRCLE('',#8374,0.500001333599);
#1498=CIRCLE('',#8375,0.50000133357);
#1499=CIRCLE('',#8376,0.500001333599);
#1500=CIRCLE('',#8377,0.500001333575);
#1501=CIRCLE('',#8378,0.500001333599);
#1502=CIRCLE('',#8379,0.50000133357);
#1503=CIRCLE('',#8380,0.500001333599);
#1504=CIRCLE('',#8381,0.500001333575);
#1505=CIRCLE('',#8382,0.50000133357);
#1506=CIRCLE('',#8383,0.500001333599);
#1507=CIRCLE('',#8384,0.500001333599);
#1508=CIRCLE('',#8385,0.500001333575);
#1509=CIRCLE('',#8386,0.500001333599);
#1510=CIRCLE('',#8387,0.50000133357);
#1511=CIRCLE('',#8388,0.500001333599);
#1512=CIRCLE('',#8389,0.500001333575);
#1513=CIRCLE('',#8390,0.50000133357);
#1514=CIRCLE('',#8391,0.500001333599);
#1515=CIRCLE('',#8392,0.500001333599);
#1516=CIRCLE('',#8393,0.500001333575);
#1517=CIRCLE('',#8394,0.50000133357);
#1518=CIRCLE('',#8395,0.500001333599);
#1519=CIRCLE('',#8396,0.500001333599);
#1520=CIRCLE('',#8397,0.500001333575);
#1521=CIRCLE('',#8398,0.500001333599);
#1522=CIRCLE('',#8399,0.500001333599);
#1523=CIRCLE('',#8400,0.500001333599);
#1524=CIRCLE('',#8401,0.500001333575);
#1525=CIRCLE('',#8402,0.500001333599);
#1526=CIRCLE('',#8403,0.500001333599);
#1527=CIRCLE('',#8404,0.500001333599);
#1528=CIRCLE('',#8405,0.500001333575);
#1529=CIRCLE('',#8406,0.500001333599);
#1530=CIRCLE('',#8407,0.50000133357);
#1531=CIRCLE('',#8408,0.500001333599);
#1532=CIRCLE('',#8409,0.500001333575);
#1533=CIRCLE('',#8410,0.500001333599);
#1534=CIRCLE('',#8411,0.50000133357);
#1535=CIRCLE('',#8412,0.500001333599);
#1536=CIRCLE('',#8413,0.500001333575);
#1537=CIRCLE('',#8414,0.50000133357);
#1538=CIRCLE('',#8415,0.500001333599);
#1539=CIRCLE('',#8416,0.500001333599);
#1540=CIRCLE('',#8417,0.500001333575);
#1541=CIRCLE('',#8418,0.500001333599);
#1542=CIRCLE('',#8419,0.500001333599);
#1543=CIRCLE('',#8420,0.500001333599);
#1544=CIRCLE('',#8421,0.500001333575);
#1545=CIRCLE('',#8422,0.500001333599);
#1546=CIRCLE('',#8423,0.500001333599);
#1547=CIRCLE('',#8424,0.500001333599);
#1548=CIRCLE('',#8425,0.500001333575);
#1549=CIRCLE('',#8426,0.500001333599);
#1550=CIRCLE('',#8427,0.500001333599);
#1551=CIRCLE('',#8428,0.500001333599);
#1552=CIRCLE('',#8429,0.500001333575);
#1553=CIRCLE('',#8430,0.500001333599);
#1554=CIRCLE('',#8431,0.500001333599);
#1555=CIRCLE('',#8432,0.500001333599);
#1556=CIRCLE('',#8433,1.1);
#1557=CIRCLE('',#8434,0.500001333575);
#1558=CIRCLE('',#8435,0.50000133357);
#1559=CIRCLE('',#8436,0.500001333599);
#1560=CIRCLE('',#8437,0.500001333599);
#1561=CIRCLE('',#8438,0.500001333575);
#1562=CIRCLE('',#8439,0.500001333599);
#1563=CIRCLE('',#8440,0.500001333599);
#1564=CIRCLE('',#8441,0.500001333599);
#1565=CIRCLE('',#8442,0.500001333575);
#1566=CIRCLE('',#8443,0.50000133357);
#1567=CIRCLE('',#8444,0.500001333599);
#1568=CIRCLE('',#8445,0.500001333599);
#1569=CIRCLE('',#8446,0.500001333575);
#1570=CIRCLE('',#8447,0.500001333599);
#1571=CIRCLE('',#8448,0.50000133357);
#1572=CIRCLE('',#8449,0.500001333599);
#1573=CIRCLE('',#8450,0.500001333575);
#1574=CIRCLE('',#8451,0.50000133357);
#1575=CIRCLE('',#8452,0.500001333599);
#1576=CIRCLE('',#8453,0.500001333599);
#1577=CIRCLE('',#8454,0.500001333575);
#1578=CIRCLE('',#8455,0.500001333599);
#1579=CIRCLE('',#8456,0.500001333599);
#1580=CIRCLE('',#8457,0.500001333599);
#1581=LINE('',#11217,#2357);
#1582=LINE('',#11221,#2358);
#1583=LINE('',#11226,#2359);
#1584=LINE('',#11227,#2360);
#1585=LINE('',#11228,#2361);
#1586=LINE('',#11231,#2362);
#1587=LINE('',#11233,#2363);
#1588=LINE('',#11234,#2364);
#1589=LINE('',#11239,#2365);
#1590=LINE('',#11243,#2366);
#1591=LINE('',#11249,#2367);
#1592=LINE('',#11253,#2368);
#1593=LINE('',#11257,#2369);
#1594=LINE('',#11260,#2370);
#1595=LINE('',#11265,#2371);
#1596=LINE('',#11269,#2372);
#1597=LINE('',#11273,#2373);
#1598=LINE('',#11276,#2374);
#1599=LINE('',#11281,#2375);
#1600=LINE('',#11285,#2376);
#1601=LINE('',#11289,#2377);
#1602=LINE('',#11292,#2378);
#1603=LINE('',#11299,#2379);
#1604=LINE('',#11303,#2380);
#1605=LINE('',#11307,#2381);
#1606=LINE('',#11311,#2382);
#1607=LINE('',#11315,#2383);
#1608=LINE('',#11319,#2384);
#1609=LINE('',#11323,#2385);
#1610=LINE('',#11327,#2386);
#1611=LINE('',#11331,#2387);
#1612=LINE('',#11335,#2388);
#1613=LINE('',#11339,#2389);
#1614=LINE('',#11343,#2390);
#1615=LINE('',#11349,#2391);
#1616=LINE('',#11354,#2392);
#1617=LINE('',#11359,#2393);
#1618=LINE('',#11363,#2394);
#1619=LINE('',#11367,#2395);
#1620=LINE('',#11370,#2396);
#1621=LINE('',#11375,#2397);
#1622=LINE('',#11379,#2398);
#1623=LINE('',#11383,#2399);
#1624=LINE('',#11386,#2400);
#1625=LINE('',#11391,#2401);
#1626=LINE('',#11395,#2402);
#1627=LINE('',#11399,#2403);
#1628=LINE('',#11402,#2404);
#1629=LINE('',#11407,#2405);
#1630=LINE('',#11411,#2406);
#1631=LINE('',#11415,#2407);
#1632=LINE('',#11418,#2408);
#1633=LINE('',#11423,#2409);
#1634=LINE('',#11427,#2410);
#1635=LINE('',#11431,#2411);
#1636=LINE('',#11434,#2412);
#1637=LINE('',#11439,#2413);
#1638=LINE('',#11443,#2414);
#1639=LINE('',#11447,#2415);
#1640=LINE('',#11451,#2416);
#1641=LINE('',#11455,#2417);
#1642=LINE('',#11459,#2418);
#1643=LINE('',#11463,#2419);
#1644=LINE('',#11467,#2420);
#1645=LINE('',#11471,#2421);
#1646=LINE('',#11475,#2422);
#1647=LINE('',#11479,#2423);
#1648=LINE('',#11483,#2424);
#1649=LINE('',#11489,#2425);
#1650=LINE('',#11494,#2426);
#1651=LINE('',#11501,#2427);
#1652=LINE('',#11505,#2428);
#1653=LINE('',#11509,#2429);
#1654=LINE('',#11512,#2430);
#1655=LINE('',#11517,#2431);
#1656=LINE('',#11521,#2432);
#1657=LINE('',#11525,#2433);
#1658=LINE('',#11528,#2434);
#1659=LINE('',#11533,#2435);
#1660=LINE('',#11537,#2436);
#1661=LINE('',#11541,#2437);
#1662=LINE('',#11544,#2438);
#1663=LINE('',#11549,#2439);
#1664=LINE('',#11553,#2440);
#1665=LINE('',#11557,#2441);
#1666=LINE('',#11560,#2442);
#1667=LINE('',#11565,#2443);
#1668=LINE('',#11569,#2444);
#1669=LINE('',#11573,#2445);
#1670=LINE('',#11576,#2446);
#1671=LINE('',#11581,#2447);
#1672=LINE('',#11585,#2448);
#1673=LINE('',#11589,#2449);
#1674=LINE('',#11592,#2450);
#1675=LINE('',#11597,#2451);
#1676=LINE('',#11601,#2452);
#1677=LINE('',#11605,#2453);
#1678=LINE('',#11608,#2454);
#1679=LINE('',#11613,#2455);
#1680=LINE('',#11617,#2456);
#1681=LINE('',#11621,#2457);
#1682=LINE('',#11624,#2458);
#1683=LINE('',#11629,#2459);
#1684=LINE('',#11633,#2460);
#1685=LINE('',#11637,#2461);
#1686=LINE('',#11640,#2462);
#1687=LINE('',#11645,#2463);
#1688=LINE('',#11649,#2464);
#1689=LINE('',#11653,#2465);
#1690=LINE('',#11656,#2466);
#1691=LINE('',#11663,#2467);
#1692=LINE('',#11667,#2468);
#1693=LINE('',#11671,#2469);
#1694=LINE('',#11674,#2470);
#1695=LINE('',#11679,#2471);
#1696=LINE('',#11683,#2472);
#1697=LINE('',#11687,#2473);
#1698=LINE('',#11690,#2474);
#1699=LINE('',#11695,#2475);
#1700=LINE('',#11699,#2476);
#1701=LINE('',#11703,#2477);
#1702=LINE('',#11706,#2478);
#1703=LINE('',#11711,#2479);
#1704=LINE('',#11715,#2480);
#1705=LINE('',#11719,#2481);
#1706=LINE('',#11722,#2482);
#1707=LINE('',#11727,#2483);
#1708=LINE('',#11731,#2484);
#1709=LINE('',#11735,#2485);
#1710=LINE('',#11738,#2486);
#1711=LINE('',#11743,#2487);
#1712=LINE('',#11747,#2488);
#1713=LINE('',#11751,#2489);
#1714=LINE('',#11754,#2490);
#1715=LINE('',#11759,#2491);
#1716=LINE('',#11763,#2492);
#1717=LINE('',#11767,#2493);
#1718=LINE('',#11770,#2494);
#1719=LINE('',#11775,#2495);
#1720=LINE('',#11779,#2496);
#1721=LINE('',#11783,#2497);
#1722=LINE('',#11786,#2498);
#1723=LINE('',#11791,#2499);
#1724=LINE('',#11795,#2500);
#1725=LINE('',#11799,#2501);
#1726=LINE('',#11802,#2502);
#1727=LINE('',#11807,#2503);
#1728=LINE('',#11811,#2504);
#1729=LINE('',#11815,#2505);
#1730=LINE('',#11818,#2506);
#1731=LINE('',#11823,#2507);
#1732=LINE('',#11827,#2508);
#1733=LINE('',#11831,#2509);
#1734=LINE('',#11834,#2510);
#1735=LINE('',#11839,#2511);
#1736=LINE('',#11843,#2512);
#1737=LINE('',#11847,#2513);
#1738=LINE('',#11850,#2514);
#1739=LINE('',#11855,#2515);
#1740=LINE('',#11859,#2516);
#1741=LINE('',#11863,#2517);
#1742=LINE('',#11866,#2518);
#1743=LINE('',#11871,#2519);
#1744=LINE('',#11875,#2520);
#1745=LINE('',#11879,#2521);
#1746=LINE('',#11882,#2522);
#1747=LINE('',#11887,#2523);
#1748=LINE('',#11891,#2524);
#1749=LINE('',#11895,#2525);
#1750=LINE('',#11898,#2526);
#1751=LINE('',#11903,#2527);
#1752=LINE('',#11907,#2528);
#1753=LINE('',#11911,#2529);
#1754=LINE('',#11914,#2530);
#1755=LINE('',#11921,#2531);
#1756=LINE('',#11925,#2532);
#1757=LINE('',#11929,#2533);
#1758=LINE('',#11932,#2534);
#1759=LINE('',#11937,#2535);
#1760=LINE('',#11941,#2536);
#1761=LINE('',#11945,#2537);
#1762=LINE('',#11948,#2538);
#1763=LINE('',#11953,#2539);
#1764=LINE('',#11957,#2540);
#1765=LINE('',#11961,#2541);
#1766=LINE('',#11964,#2542);
#1767=LINE('',#11969,#2543);
#1768=LINE('',#11973,#2544);
#1769=LINE('',#11977,#2545);
#1770=LINE('',#11980,#2546);
#1771=LINE('',#11985,#2547);
#1772=LINE('',#11989,#2548);
#1773=LINE('',#11993,#2549);
#1774=LINE('',#11996,#2550);
#1775=LINE('',#12001,#2551);
#1776=LINE('',#12005,#2552);
#1777=LINE('',#12009,#2553);
#1778=LINE('',#12012,#2554);
#1779=LINE('',#12017,#2555);
#1780=LINE('',#12021,#2556);
#1781=LINE('',#12027,#2557);
#1782=LINE('',#12031,#2558);
#1783=LINE('',#12035,#2559);
#1784=LINE('',#12038,#2560);
#1785=LINE('',#12043,#2561);
#1786=LINE('',#12047,#2562);
#1787=LINE('',#12051,#2563);
#1788=LINE('',#12054,#2564);
#1789=LINE('',#12059,#2565);
#1790=LINE('',#12063,#2566);
#1791=LINE('',#12067,#2567);
#1792=LINE('',#12070,#2568);
#1793=LINE('',#12077,#2569);
#1794=LINE('',#12083,#2570);
#1795=LINE('',#12089,#2571);
#1796=LINE('',#12093,#2572);
#1797=LINE('',#12097,#2573);
#1798=LINE('',#12101,#2574);
#1799=LINE('',#12105,#2575);
#1800=LINE('',#12109,#2576);
#1801=LINE('',#12113,#2577);
#1802=LINE('',#12117,#2578);
#1803=LINE('',#12121,#2579);
#1804=LINE('',#12125,#2580);
#1805=LINE('',#12129,#2581);
#1806=LINE('',#12132,#2582);
#1807=LINE('',#12137,#2583);
#1808=LINE('',#12141,#2584);
#1809=LINE('',#12145,#2585);
#1810=LINE('',#12148,#2586);
#1811=LINE('',#12153,#2587);
#1812=LINE('',#12157,#2588);
#1813=LINE('',#12161,#2589);
#1814=LINE('',#12164,#2590);
#1815=LINE('',#12169,#2591);
#1816=LINE('',#12173,#2592);
#1817=LINE('',#12177,#2593);
#1818=LINE('',#12180,#2594);
#1819=LINE('',#12185,#2595);
#1820=LINE('',#12189,#2596);
#1821=LINE('',#12193,#2597);
#1822=LINE('',#12196,#2598);
#1823=LINE('',#12201,#2599);
#1824=LINE('',#12205,#2600);
#1825=LINE('',#12209,#2601);
#1826=LINE('',#12212,#2602);
#1827=LINE('',#12217,#2603);
#1828=LINE('',#12223,#2604);
#1829=LINE('',#12229,#2605);
#1830=LINE('',#12233,#2606);
#1831=LINE('',#12237,#2607);
#1832=LINE('',#12241,#2608);
#1833=LINE('',#12245,#2609);
#1834=LINE('',#12249,#2610);
#1835=LINE('',#12253,#2611);
#1836=LINE('',#12257,#2612);
#1837=LINE('',#12261,#2613);
#1838=LINE('',#12265,#2614);
#1839=LINE('',#12269,#2615);
#1840=LINE('',#12272,#2616);
#1841=LINE('',#12279,#2617);
#1842=LINE('',#12283,#2618);
#1843=LINE('',#12287,#2619);
#1844=LINE('',#12290,#2620);
#1845=LINE('',#12295,#2621);
#1846=LINE('',#12299,#2622);
#1847=LINE('',#12303,#2623);
#1848=LINE('',#12306,#2624);
#1849=LINE('',#12311,#2625);
#1850=LINE('',#12315,#2626);
#1851=LINE('',#12319,#2627);
#1852=LINE('',#12322,#2628);
#1853=LINE('',#12327,#2629);
#1854=LINE('',#12331,#2630);
#1855=LINE('',#12335,#2631);
#1856=LINE('',#12338,#2632);
#1857=LINE('',#12343,#2633);
#1858=LINE('',#12347,#2634);
#1859=LINE('',#12351,#2635);
#1860=LINE('',#12354,#2636);
#1861=LINE('',#12359,#2637);
#1862=LINE('',#12363,#2638);
#1863=LINE('',#12367,#2639);
#1864=LINE('',#12370,#2640);
#1865=LINE('',#12375,#2641);
#1866=LINE('',#12379,#2642);
#1867=LINE('',#12383,#2643);
#1868=LINE('',#12386,#2644);
#1869=LINE('',#12391,#2645);
#1870=LINE('',#12395,#2646);
#1871=LINE('',#12399,#2647);
#1872=LINE('',#12402,#2648);
#1873=LINE('',#12407,#2649);
#1874=LINE('',#12411,#2650);
#1875=LINE('',#12415,#2651);
#1876=LINE('',#12418,#2652);
#1877=LINE('',#12423,#2653);
#1878=LINE('',#12427,#2654);
#1879=LINE('',#12431,#2655);
#1880=LINE('',#12434,#2656);
#1881=LINE('',#12441,#2657);
#1882=LINE('',#12445,#2658);
#1883=LINE('',#12449,#2659);
#1884=LINE('',#12452,#2660);
#1885=LINE('',#12457,#2661);
#1886=LINE('',#12461,#2662);
#1887=LINE('',#12465,#2663);
#1888=LINE('',#12468,#2664);
#1889=LINE('',#12473,#2665);
#1890=LINE('',#12477,#2666);
#1891=LINE('',#12481,#2667);
#1892=LINE('',#12484,#2668);
#1893=LINE('',#12489,#2669);
#1894=LINE('',#12493,#2670);
#1895=LINE('',#12497,#2671);
#1896=LINE('',#12500,#2672);
#1897=LINE('',#12505,#2673);
#1898=LINE('',#12509,#2674);
#1899=LINE('',#12513,#2675);
#1900=LINE('',#12516,#2676);
#1901=LINE('',#12521,#2677);
#1902=LINE('',#12525,#2678);
#1903=LINE('',#12529,#2679);
#1904=LINE('',#12532,#2680);
#1905=LINE('',#12537,#2681);
#1906=LINE('',#12541,#2682);
#1907=LINE('',#12545,#2683);
#1908=LINE('',#12548,#2684);
#1909=LINE('',#12553,#2685);
#1910=LINE('',#12557,#2686);
#1911=LINE('',#12561,#2687);
#1912=LINE('',#12564,#2688);
#1913=LINE('',#12569,#2689);
#1914=LINE('',#12573,#2690);
#1915=LINE('',#12577,#2691);
#1916=LINE('',#12580,#2692);
#1917=LINE('',#12585,#2693);
#1918=LINE('',#12589,#2694);
#1919=LINE('',#12593,#2695);
#1920=LINE('',#12596,#2696);
#1921=LINE('',#12601,#2697);
#1922=LINE('',#12605,#2698);
#1923=LINE('',#12609,#2699);
#1924=LINE('',#12612,#2700);
#1925=LINE('',#12617,#2701);
#1926=LINE('',#12621,#2702);
#1927=LINE('',#12625,#2703);
#1928=LINE('',#12628,#2704);
#1929=LINE('',#12633,#2705);
#1930=LINE('',#12637,#2706);
#1931=LINE('',#12641,#2707);
#1932=LINE('',#12644,#2708);
#1933=LINE('',#12649,#2709);
#1934=LINE('',#12653,#2710);
#1935=LINE('',#12657,#2711);
#1936=LINE('',#12660,#2712);
#1937=LINE('',#12665,#2713);
#1938=LINE('',#12669,#2714);
#1939=LINE('',#12673,#2715);
#1940=LINE('',#12676,#2716);
#1941=LINE('',#12681,#2717);
#1942=LINE('',#12685,#2718);
#1943=LINE('',#12689,#2719);
#1944=LINE('',#12692,#2720);
#1945=LINE('',#12699,#2721);
#1946=LINE('',#12703,#2722);
#1947=LINE('',#12707,#2723);
#1948=LINE('',#12710,#2724);
#1949=LINE('',#12715,#2725);
#1950=LINE('',#12719,#2726);
#1951=LINE('',#12723,#2727);
#1952=LINE('',#12726,#2728);
#1953=LINE('',#12731,#2729);
#1954=LINE('',#12735,#2730);
#1955=LINE('',#12739,#2731);
#1956=LINE('',#12742,#2732);
#1957=LINE('',#12747,#2733);
#1958=LINE('',#12751,#2734);
#1959=LINE('',#12755,#2735);
#1960=LINE('',#12758,#2736);
#1961=LINE('',#12763,#2737);
#1962=LINE('',#12767,#2738);
#1963=LINE('',#12771,#2739);
#1964=LINE('',#12774,#2740);
#1965=LINE('',#12779,#2741);
#1966=LINE('',#12783,#2742);
#1967=LINE('',#12787,#2743);
#1968=LINE('',#12790,#2744);
#1969=LINE('',#12792,#2745);
#1970=LINE('',#12794,#2746);
#1971=LINE('',#12796,#2747);
#1972=LINE('',#12798,#2748);
#1973=LINE('',#12801,#2749);
#1974=LINE('',#12802,#2750);
#1975=LINE('',#12804,#2751);
#1976=LINE('',#12806,#2752);
#1977=LINE('',#12808,#2753);
#1978=LINE('',#12810,#2754);
#1979=LINE('',#12812,#2755);
#1980=LINE('',#12814,#2756);
#1981=LINE('',#12817,#2757);
#1982=LINE('',#12818,#2758);
#1983=LINE('',#12820,#2759);
#1984=LINE('',#12822,#2760);
#1985=LINE('',#12824,#2761);
#1986=LINE('',#12826,#2762);
#1987=LINE('',#12828,#2763);
#1988=LINE('',#12830,#2764);
#1989=LINE('',#12833,#2765);
#1990=LINE('',#12834,#2766);
#1991=LINE('',#12836,#2767);
#1992=LINE('',#12838,#2768);
#1993=LINE('',#12840,#2769);
#1994=LINE('',#12842,#2770);
#1995=LINE('',#12844,#2771);
#1996=LINE('',#12846,#2772);
#1997=LINE('',#12849,#2773);
#1998=LINE('',#12851,#2774);
#1999=LINE('',#12852,#2775);
#2000=LINE('',#12854,#2776);
#2001=LINE('',#12856,#2777);
#2002=LINE('',#12858,#2778);
#2003=LINE('',#12860,#2779);
#2004=LINE('',#12862,#2780);
#2005=LINE('',#12864,#2781);
#2006=LINE('',#12866,#2782);
#2007=LINE('',#12868,#2783);
#2008=LINE('',#12870,#2784);
#2009=LINE('',#12872,#2785);
#2010=LINE('',#12874,#2786);
#2011=LINE('',#12876,#2787);
#2012=LINE('',#12878,#2788);
#2013=LINE('',#12880,#2789);
#2014=LINE('',#12882,#2790);
#2015=LINE('',#12884,#2791);
#2016=LINE('',#12886,#2792);
#2017=LINE('',#12888,#2793);
#2018=LINE('',#12890,#2794);
#2019=LINE('',#12892,#2795);
#2020=LINE('',#12894,#2796);
#2021=LINE('',#12896,#2797);
#2022=LINE('',#12898,#2798);
#2023=LINE('',#12900,#2799);
#2024=LINE('',#12902,#2800);
#2025=LINE('',#12904,#2801);
#2026=LINE('',#12906,#2802);
#2027=LINE('',#12908,#2803);
#2028=LINE('',#12911,#2804);
#2029=LINE('',#12912,#2805);
#2030=LINE('',#12914,#2806);
#2031=LINE('',#12916,#2807);
#2032=LINE('',#12918,#2808);
#2033=LINE('',#12920,#2809);
#2034=LINE('',#12922,#2810);
#2035=LINE('',#12924,#2811);
#2036=LINE('',#12927,#2812);
#2037=LINE('',#12928,#2813);
#2038=LINE('',#12930,#2814);
#2039=LINE('',#12932,#2815);
#2040=LINE('',#12934,#2816);
#2041=LINE('',#12936,#2817);
#2042=LINE('',#12938,#2818);
#2043=LINE('',#12940,#2819);
#2044=LINE('',#12943,#2820);
#2045=LINE('',#12944,#2821);
#2046=LINE('',#12946,#2822);
#2047=LINE('',#12948,#2823);
#2048=LINE('',#12950,#2824);
#2049=LINE('',#12952,#2825);
#2050=LINE('',#12954,#2826);
#2051=LINE('',#12956,#2827);
#2052=LINE('',#12959,#2828);
#2053=LINE('',#12960,#2829);
#2054=LINE('',#12962,#2830);
#2055=LINE('',#12964,#2831);
#2056=LINE('',#12966,#2832);
#2057=LINE('',#12968,#2833);
#2058=LINE('',#12970,#2834);
#2059=LINE('',#12972,#2835);
#2060=LINE('',#12975,#2836);
#2061=LINE('',#12976,#2837);
#2062=LINE('',#12978,#2838);
#2063=LINE('',#12980,#2839);
#2064=LINE('',#12982,#2840);
#2065=LINE('',#12984,#2841);
#2066=LINE('',#12986,#2842);
#2067=LINE('',#12988,#2843);
#2068=LINE('',#12991,#2844);
#2069=LINE('',#12992,#2845);
#2070=LINE('',#12994,#2846);
#2071=LINE('',#12996,#2847);
#2072=LINE('',#12998,#2848);
#2073=LINE('',#13000,#2849);
#2074=LINE('',#13002,#2850);
#2075=LINE('',#13004,#2851);
#2076=LINE('',#13006,#2852);
#2077=LINE('',#13008,#2853);
#2078=LINE('',#13010,#2854);
#2079=LINE('',#13012,#2855);
#2080=LINE('',#13014,#2856);
#2081=LINE('',#13016,#2857);
#2082=LINE('',#13018,#2858);
#2083=LINE('',#13020,#2859);
#2084=LINE('',#13022,#2860);
#2085=LINE('',#13024,#2861);
#2086=LINE('',#13026,#2862);
#2087=LINE('',#13028,#2863);
#2088=LINE('',#13030,#2864);
#2089=LINE('',#13032,#2865);
#2090=LINE('',#13034,#2866);
#2091=LINE('',#13036,#2867);
#2092=LINE('',#13038,#2868);
#2093=LINE('',#13040,#2869);
#2094=LINE('',#13042,#2870);
#2095=LINE('',#13044,#2871);
#2096=LINE('',#13046,#2872);
#2097=LINE('',#13048,#2873);
#2098=LINE('',#13051,#2874);
#2099=LINE('',#13053,#2875);
#2100=LINE('',#13054,#2876);
#2101=LINE('',#13056,#2877);
#2102=LINE('',#13058,#2878);
#2103=LINE('',#13060,#2879);
#2104=LINE('',#13062,#2880);
#2105=LINE('',#13064,#2881);
#2106=LINE('',#13066,#2882);
#2107=LINE('',#13069,#2883);
#2108=LINE('',#13070,#2884);
#2109=LINE('',#13072,#2885);
#2110=LINE('',#13074,#2886);
#2111=LINE('',#13076,#2887);
#2112=LINE('',#13078,#2888);
#2113=LINE('',#13080,#2889);
#2114=LINE('',#13082,#2890);
#2115=LINE('',#13085,#2891);
#2116=LINE('',#13086,#2892);
#2117=LINE('',#13088,#2893);
#2118=LINE('',#13090,#2894);
#2119=LINE('',#13092,#2895);
#2120=LINE('',#13094,#2896);
#2121=LINE('',#13096,#2897);
#2122=LINE('',#13098,#2898);
#2123=LINE('',#13101,#2899);
#2124=LINE('',#13102,#2900);
#2125=LINE('',#13104,#2901);
#2126=LINE('',#13106,#2902);
#2127=LINE('',#13108,#2903);
#2128=LINE('',#13110,#2904);
#2129=LINE('',#13112,#2905);
#2130=LINE('',#13114,#2906);
#2131=LINE('',#13117,#2907);
#2132=LINE('',#13118,#2908);
#2133=LINE('',#13120,#2909);
#2134=LINE('',#13122,#2910);
#2135=LINE('',#13124,#2911);
#2136=LINE('',#13126,#2912);
#2137=LINE('',#13128,#2913);
#2138=LINE('',#13130,#2914);
#2139=LINE('',#13133,#2915);
#2140=LINE('',#13134,#2916);
#2141=LINE('',#13136,#2917);
#2142=LINE('',#13138,#2918);
#2143=LINE('',#13140,#2919);
#2144=LINE('',#13142,#2920);
#2145=LINE('',#13144,#2921);
#2146=LINE('',#13146,#2922);
#2147=LINE('',#13149,#2923);
#2148=LINE('',#13150,#2924);
#2149=LINE('',#13152,#2925);
#2150=LINE('',#13154,#2926);
#2151=LINE('',#13156,#2927);
#2152=LINE('',#13158,#2928);
#2153=LINE('',#13160,#2929);
#2154=LINE('',#13162,#2930);
#2155=LINE('',#13165,#2931);
#2156=LINE('',#13166,#2932);
#2157=LINE('',#13168,#2933);
#2158=LINE('',#13170,#2934);
#2159=LINE('',#13172,#2935);
#2160=LINE('',#13174,#2936);
#2161=LINE('',#13176,#2937);
#2162=LINE('',#13178,#2938);
#2163=LINE('',#13181,#2939);
#2164=LINE('',#13182,#2940);
#2165=LINE('',#13184,#2941);
#2166=LINE('',#13186,#2942);
#2167=LINE('',#13188,#2943);
#2168=LINE('',#13190,#2944);
#2169=LINE('',#13192,#2945);
#2170=LINE('',#13194,#2946);
#2171=LINE('',#13197,#2947);
#2172=LINE('',#13198,#2948);
#2173=LINE('',#13200,#2949);
#2174=LINE('',#13202,#2950);
#2175=LINE('',#13204,#2951);
#2176=LINE('',#13206,#2952);
#2177=LINE('',#13208,#2953);
#2178=LINE('',#13210,#2954);
#2179=LINE('',#13213,#2955);
#2180=LINE('',#13215,#2956);
#2181=LINE('',#13216,#2957);
#2182=LINE('',#13218,#2958);
#2183=LINE('',#13220,#2959);
#2184=LINE('',#13222,#2960);
#2185=LINE('',#13224,#2961);
#2186=LINE('',#13226,#2962);
#2187=LINE('',#13228,#2963);
#2188=LINE('',#13231,#2964);
#2189=LINE('',#13232,#2965);
#2190=LINE('',#13234,#2966);
#2191=LINE('',#13236,#2967);
#2192=LINE('',#13238,#2968);
#2193=LINE('',#13240,#2969);
#2194=LINE('',#13242,#2970);
#2195=LINE('',#13244,#2971);
#2196=LINE('',#13247,#2972);
#2197=LINE('',#13248,#2973);
#2198=LINE('',#13250,#2974);
#2199=LINE('',#13252,#2975);
#2200=LINE('',#13254,#2976);
#2201=LINE('',#13256,#2977);
#2202=LINE('',#13258,#2978);
#2203=LINE('',#13260,#2979);
#2204=LINE('',#13263,#2980);
#2205=LINE('',#13264,#2981);
#2206=LINE('',#13266,#2982);
#2207=LINE('',#13268,#2983);
#2208=LINE('',#13270,#2984);
#2209=LINE('',#13272,#2985);
#2210=LINE('',#13274,#2986);
#2211=LINE('',#13276,#2987);
#2212=LINE('',#13279,#2988);
#2213=LINE('',#13280,#2989);
#2214=LINE('',#13282,#2990);
#2215=LINE('',#13284,#2991);
#2216=LINE('',#13286,#2992);
#2217=LINE('',#13288,#2993);
#2218=LINE('',#13290,#2994);
#2219=LINE('',#13292,#2995);
#2220=LINE('',#13295,#2996);
#2221=LINE('',#13296,#2997);
#2222=LINE('',#13298,#2998);
#2223=LINE('',#13300,#2999);
#2224=LINE('',#13302,#3000);
#2225=LINE('',#13304,#3001);
#2226=LINE('',#13306,#3002);
#2227=LINE('',#13308,#3003);
#2228=LINE('',#13311,#3004);
#2229=LINE('',#13312,#3005);
#2230=LINE('',#13314,#3006);
#2231=LINE('',#13316,#3007);
#2232=LINE('',#13318,#3008);
#2233=LINE('',#13320,#3009);
#2234=LINE('',#13322,#3010);
#2235=LINE('',#13324,#3011);
#2236=LINE('',#13327,#3012);
#2237=LINE('',#13328,#3013);
#2238=LINE('',#13330,#3014);
#2239=LINE('',#13332,#3015);
#2240=LINE('',#13334,#3016);
#2241=LINE('',#13336,#3017);
#2242=LINE('',#13338,#3018);
#2243=LINE('',#13340,#3019);
#2244=LINE('',#13343,#3020);
#2245=LINE('',#13344,#3021);
#2246=LINE('',#13346,#3022);
#2247=LINE('',#13348,#3023);
#2248=LINE('',#13350,#3024);
#2249=LINE('',#13352,#3025);
#2250=LINE('',#13354,#3026);
#2251=LINE('',#13356,#3027);
#2252=LINE('',#13359,#3028);
#2253=LINE('',#13360,#3029);
#2254=LINE('',#13362,#3030);
#2255=LINE('',#13364,#3031);
#2256=LINE('',#13366,#3032);
#2257=LINE('',#13368,#3033);
#2258=LINE('',#13370,#3034);
#2259=LINE('',#13372,#3035);
#2260=LINE('',#13375,#3036);
#2261=LINE('',#13376,#3037);
#2262=LINE('',#13378,#3038);
#2263=LINE('',#13380,#3039);
#2264=LINE('',#13382,#3040);
#2265=LINE('',#13384,#3041);
#2266=LINE('',#13386,#3042);
#2267=LINE('',#13388,#3043);
#2268=LINE('',#13391,#3044);
#2269=LINE('',#13392,#3045);
#2270=LINE('',#13394,#3046);
#2271=LINE('',#13396,#3047);
#2272=LINE('',#13398,#3048);
#2273=LINE('',#13400,#3049);
#2274=LINE('',#13402,#3050);
#2275=LINE('',#13404,#3051);
#2276=LINE('',#13407,#3052);
#2277=LINE('',#13408,#3053);
#2278=LINE('',#13410,#3054);
#2279=LINE('',#13412,#3055);
#2280=LINE('',#13414,#3056);
#2281=LINE('',#13416,#3057);
#2282=LINE('',#13418,#3058);
#2283=LINE('',#13420,#3059);
#2284=LINE('',#13423,#3060);
#2285=LINE('',#13424,#3061);
#2286=LINE('',#13426,#3062);
#2287=LINE('',#13428,#3063);
#2288=LINE('',#13430,#3064);
#2289=LINE('',#13432,#3065);
#2290=LINE('',#13434,#3066);
#2291=LINE('',#13436,#3067);
#2292=LINE('',#13439,#3068);
#2293=LINE('',#13440,#3069);
#2294=LINE('',#13442,#3070);
#2295=LINE('',#13444,#3071);
#2296=LINE('',#13446,#3072);
#2297=LINE('',#13448,#3073);
#2298=LINE('',#13450,#3074);
#2299=LINE('',#13452,#3075);
#2300=LINE('',#13455,#3076);
#2301=LINE('',#13456,#3077);
#2302=LINE('',#13458,#3078);
#2303=LINE('',#13460,#3079);
#2304=LINE('',#13462,#3080);
#2305=LINE('',#13464,#3081);
#2306=LINE('',#13466,#3082);
#2307=LINE('',#13468,#3083);
#2308=LINE('',#13471,#3084);
#2309=LINE('',#13473,#3085);
#2310=LINE('',#13474,#3086);
#2311=LINE('',#13476,#3087);
#2312=LINE('',#13478,#3088);
#2313=LINE('',#13480,#3089);
#2314=LINE('',#13482,#3090);
#2315=LINE('',#13484,#3091);
#2316=LINE('',#13486,#3092);
#2317=LINE('',#13489,#3093);
#2318=LINE('',#13490,#3094);
#2319=LINE('',#13492,#3095);
#2320=LINE('',#13494,#3096);
#2321=LINE('',#13496,#3097);
#2322=LINE('',#13498,#3098);
#2323=LINE('',#13500,#3099);
#2324=LINE('',#13502,#3100);
#2325=LINE('',#13505,#3101);
#2326=LINE('',#13506,#3102);
#2327=LINE('',#13508,#3103);
#2328=LINE('',#13510,#3104);
#2329=LINE('',#13512,#3105);
#2330=LINE('',#13514,#3106);
#2331=LINE('',#13516,#3107);
#2332=LINE('',#13518,#3108);
#2333=LINE('',#13521,#3109);
#2334=LINE('',#13522,#3110);
#2335=LINE('',#13524,#3111);
#2336=LINE('',#13526,#3112);
#2337=LINE('',#13528,#3113);
#2338=LINE('',#13530,#3114);
#2339=LINE('',#13532,#3115);
#2340=LINE('',#13534,#3116);
#2341=LINE('',#13537,#3117);
#2342=LINE('',#13538,#3118);
#2343=LINE('',#13540,#3119);
#2344=LINE('',#13542,#3120);
#2345=LINE('',#13544,#3121);
#2346=LINE('',#13546,#3122);
#2347=LINE('',#13548,#3123);
#2348=LINE('',#13550,#3124);
#2349=LINE('',#13553,#3125);
#2350=LINE('',#13554,#3126);
#2351=LINE('',#13556,#3127);
#2352=LINE('',#13558,#3128);
#2353=LINE('',#13560,#3129);
#2354=LINE('',#13562,#3130);
#2355=LINE('',#13564,#3131);
#2356=LINE('',#13566,#3132);
#2357=VECTOR('',#8851,1.);
#2358=VECTOR('',#8854,1.);
#2359=VECTOR('',#8859,1.);
#2360=VECTOR('',#8860,1.);
#2361=VECTOR('',#8861,1.);
#2362=VECTOR('',#8864,1.);
#2363=VECTOR('',#8865,1.);
#2364=VECTOR('',#8866,1.);
#2365=VECTOR('',#8871,1.);
#2366=VECTOR('',#8874,1.);
#2367=VECTOR('',#8879,1.);
#2368=VECTOR('',#8882,1.);
#2369=VECTOR('',#8885,1.);
#2370=VECTOR('',#8888,1.);
#2371=VECTOR('',#8891,1.);
#2372=VECTOR('',#8894,1.);
#2373=VECTOR('',#8897,1.);
#2374=VECTOR('',#8900,1.);
#2375=VECTOR('',#8903,1.);
#2376=VECTOR('',#8906,1.);
#2377=VECTOR('',#8909,1.);
#2378=VECTOR('',#8912,1.);
#2379=VECTOR('',#8917,1.);
#2380=VECTOR('',#8920,1.);
#2381=VECTOR('',#8923,1.);
#2382=VECTOR('',#8926,1.);
#2383=VECTOR('',#8929,1.);
#2384=VECTOR('',#8932,1.);
#2385=VECTOR('',#8935,1.);
#2386=VECTOR('',#8938,1.);
#2387=VECTOR('',#8941,1.);
#2388=VECTOR('',#8944,1.);
#2389=VECTOR('',#8947,1.);
#2390=VECTOR('',#8950,1.);
#2391=VECTOR('',#8955,1.);
#2392=VECTOR('',#8960,1.);
#2393=VECTOR('',#8963,1.);
#2394=VECTOR('',#8966,1.);
#2395=VECTOR('',#8969,1.);
#2396=VECTOR('',#8972,1.);
#2397=VECTOR('',#8975,1.);
#2398=VECTOR('',#8978,1.);
#2399=VECTOR('',#8981,1.);
#2400=VECTOR('',#8984,1.);
#2401=VECTOR('',#8987,1.);
#2402=VECTOR('',#8990,1.);
#2403=VECTOR('',#8993,1.);
#2404=VECTOR('',#8996,1.);
#2405=VECTOR('',#8999,1.);
#2406=VECTOR('',#9002,1.);
#2407=VECTOR('',#9005,1.);
#2408=VECTOR('',#9008,1.);
#2409=VECTOR('',#9011,1.);
#2410=VECTOR('',#9014,1.);
#2411=VECTOR('',#9017,1.);
#2412=VECTOR('',#9020,1.);
#2413=VECTOR('',#9023,1.);
#2414=VECTOR('',#9026,1.);
#2415=VECTOR('',#9029,1.);
#2416=VECTOR('',#9032,1.);
#2417=VECTOR('',#9035,1.);
#2418=VECTOR('',#9038,1.);
#2419=VECTOR('',#9041,1.);
#2420=VECTOR('',#9044,1.);
#2421=VECTOR('',#9047,1.);
#2422=VECTOR('',#9050,1.);
#2423=VECTOR('',#9053,1.);
#2424=VECTOR('',#9056,1.);
#2425=VECTOR('',#9061,1.);
#2426=VECTOR('',#9066,1.);
#2427=VECTOR('',#9071,1.);
#2428=VECTOR('',#9074,1.);
#2429=VECTOR('',#9077,1.);
#2430=VECTOR('',#9080,1.);
#2431=VECTOR('',#9083,1.);
#2432=VECTOR('',#9086,1.);
#2433=VECTOR('',#9089,1.);
#2434=VECTOR('',#9092,1.);
#2435=VECTOR('',#9095,1.);
#2436=VECTOR('',#9098,1.);
#2437=VECTOR('',#9101,1.);
#2438=VECTOR('',#9104,1.);
#2439=VECTOR('',#9107,1.);
#2440=VECTOR('',#9110,1.);
#2441=VECTOR('',#9113,1.);
#2442=VECTOR('',#9116,1.);
#2443=VECTOR('',#9119,1.);
#2444=VECTOR('',#9122,1.);
#2445=VECTOR('',#9125,1.);
#2446=VECTOR('',#9128,1.);
#2447=VECTOR('',#9131,1.);
#2448=VECTOR('',#9134,1.);
#2449=VECTOR('',#9137,1.);
#2450=VECTOR('',#9140,1.);
#2451=VECTOR('',#9143,1.);
#2452=VECTOR('',#9146,1.);
#2453=VECTOR('',#9149,1.);
#2454=VECTOR('',#9152,1.);
#2455=VECTOR('',#9155,1.);
#2456=VECTOR('',#9158,1.);
#2457=VECTOR('',#9161,1.);
#2458=VECTOR('',#9164,1.);
#2459=VECTOR('',#9167,1.);
#2460=VECTOR('',#9170,1.);
#2461=VECTOR('',#9173,1.);
#2462=VECTOR('',#9176,1.);
#2463=VECTOR('',#9179,1.);
#2464=VECTOR('',#9182,1.);
#2465=VECTOR('',#9185,1.);
#2466=VECTOR('',#9188,1.);
#2467=VECTOR('',#9193,1.);
#2468=VECTOR('',#9196,1.);
#2469=VECTOR('',#9199,1.);
#2470=VECTOR('',#9202,1.);
#2471=VECTOR('',#9205,1.);
#2472=VECTOR('',#9208,1.);
#2473=VECTOR('',#9211,1.);
#2474=VECTOR('',#9214,1.);
#2475=VECTOR('',#9217,1.);
#2476=VECTOR('',#9220,1.);
#2477=VECTOR('',#9223,1.);
#2478=VECTOR('',#9226,1.);
#2479=VECTOR('',#9229,1.);
#2480=VECTOR('',#9232,1.);
#2481=VECTOR('',#9235,1.);
#2482=VECTOR('',#9238,1.);
#2483=VECTOR('',#9241,1.);
#2484=VECTOR('',#9244,1.);
#2485=VECTOR('',#9247,1.);
#2486=VECTOR('',#9250,1.);
#2487=VECTOR('',#9253,1.);
#2488=VECTOR('',#9256,1.);
#2489=VECTOR('',#9259,1.);
#2490=VECTOR('',#9262,1.);
#2491=VECTOR('',#9265,1.);
#2492=VECTOR('',#9268,1.);
#2493=VECTOR('',#9271,1.);
#2494=VECTOR('',#9274,1.);
#2495=VECTOR('',#9277,1.);
#2496=VECTOR('',#9280,1.);
#2497=VECTOR('',#9283,1.);
#2498=VECTOR('',#9286,1.);
#2499=VECTOR('',#9289,1.);
#2500=VECTOR('',#9292,1.);
#2501=VECTOR('',#9295,1.);
#2502=VECTOR('',#9298,1.);
#2503=VECTOR('',#9301,1.);
#2504=VECTOR('',#9304,1.);
#2505=VECTOR('',#9307,1.);
#2506=VECTOR('',#9310,1.);
#2507=VECTOR('',#9313,1.);
#2508=VECTOR('',#9316,1.);
#2509=VECTOR('',#9319,1.);
#2510=VECTOR('',#9322,1.);
#2511=VECTOR('',#9325,1.);
#2512=VECTOR('',#9328,1.);
#2513=VECTOR('',#9331,1.);
#2514=VECTOR('',#9334,1.);
#2515=VECTOR('',#9337,1.);
#2516=VECTOR('',#9340,1.);
#2517=VECTOR('',#9343,1.);
#2518=VECTOR('',#9346,1.);
#2519=VECTOR('',#9349,1.);
#2520=VECTOR('',#9352,1.);
#2521=VECTOR('',#9355,1.);
#2522=VECTOR('',#9358,1.);
#2523=VECTOR('',#9361,1.);
#2524=VECTOR('',#9364,1.);
#2525=VECTOR('',#9367,1.);
#2526=VECTOR('',#9370,1.);
#2527=VECTOR('',#9373,1.);
#2528=VECTOR('',#9376,1.);
#2529=VECTOR('',#9379,1.);
#2530=VECTOR('',#9382,1.);
#2531=VECTOR('',#9387,1.);
#2532=VECTOR('',#9390,1.);
#2533=VECTOR('',#9393,1.);
#2534=VECTOR('',#9396,1.);
#2535=VECTOR('',#9399,1.);
#2536=VECTOR('',#9402,1.);
#2537=VECTOR('',#9405,1.);
#2538=VECTOR('',#9408,1.);
#2539=VECTOR('',#9411,1.);
#2540=VECTOR('',#9414,1.);
#2541=VECTOR('',#9417,1.);
#2542=VECTOR('',#9420,1.);
#2543=VECTOR('',#9423,1.);
#2544=VECTOR('',#9426,1.);
#2545=VECTOR('',#9429,1.);
#2546=VECTOR('',#9432,1.);
#2547=VECTOR('',#9435,1.);
#2548=VECTOR('',#9438,1.);
#2549=VECTOR('',#9441,1.);
#2550=VECTOR('',#9444,1.);
#2551=VECTOR('',#9447,1.);
#2552=VECTOR('',#9450,1.);
#2553=VECTOR('',#9453,1.);
#2554=VECTOR('',#9456,1.);
#2555=VECTOR('',#9461,1.);
#2556=VECTOR('',#9464,1.);
#2557=VECTOR('',#9469,1.);
#2558=VECTOR('',#9472,1.);
#2559=VECTOR('',#9475,1.);
#2560=VECTOR('',#9478,1.);
#2561=VECTOR('',#9481,1.);
#2562=VECTOR('',#9484,1.);
#2563=VECTOR('',#9487,1.);
#2564=VECTOR('',#9490,1.);
#2565=VECTOR('',#9493,1.);
#2566=VECTOR('',#9496,1.);
#2567=VECTOR('',#9499,1.);
#2568=VECTOR('',#9502,1.);
#2569=VECTOR('',#9507,1.);
#2570=VECTOR('',#9512,1.);
#2571=VECTOR('',#9517,1.);
#2572=VECTOR('',#9520,1.);
#2573=VECTOR('',#9523,1.);
#2574=VECTOR('',#9526,1.);
#2575=VECTOR('',#9529,1.);
#2576=VECTOR('',#9532,1.);
#2577=VECTOR('',#9535,1.);
#2578=VECTOR('',#9538,1.);
#2579=VECTOR('',#9541,1.);
#2580=VECTOR('',#9544,1.);
#2581=VECTOR('',#9547,1.);
#2582=VECTOR('',#9550,1.);
#2583=VECTOR('',#9553,1.);
#2584=VECTOR('',#9556,1.);
#2585=VECTOR('',#9559,1.);
#2586=VECTOR('',#9562,1.);
#2587=VECTOR('',#9565,1.);
#2588=VECTOR('',#9568,1.);
#2589=VECTOR('',#9571,1.);
#2590=VECTOR('',#9574,1.);
#2591=VECTOR('',#9577,1.);
#2592=VECTOR('',#9580,1.);
#2593=VECTOR('',#9583,1.);
#2594=VECTOR('',#9586,1.);
#2595=VECTOR('',#9589,1.);
#2596=VECTOR('',#9592,1.);
#2597=VECTOR('',#9595,1.);
#2598=VECTOR('',#9598,1.);
#2599=VECTOR('',#9601,1.);
#2600=VECTOR('',#9604,1.);
#2601=VECTOR('',#9607,1.);
#2602=VECTOR('',#9610,1.);
#2603=VECTOR('',#9613,1.);
#2604=VECTOR('',#9618,1.);
#2605=VECTOR('',#9623,1.);
#2606=VECTOR('',#9626,1.);
#2607=VECTOR('',#9629,1.);
#2608=VECTOR('',#9632,1.);
#2609=VECTOR('',#9635,1.);
#2610=VECTOR('',#9638,1.);
#2611=VECTOR('',#9641,1.);
#2612=VECTOR('',#9644,1.);
#2613=VECTOR('',#9647,1.);
#2614=VECTOR('',#9650,1.);
#2615=VECTOR('',#9653,1.);
#2616=VECTOR('',#9656,1.);
#2617=VECTOR('',#9661,1.);
#2618=VECTOR('',#9664,1.);
#2619=VECTOR('',#9667,1.);
#2620=VECTOR('',#9670,1.);
#2621=VECTOR('',#9673,1.);
#2622=VECTOR('',#9676,1.);
#2623=VECTOR('',#9679,1.);
#2624=VECTOR('',#9682,1.);
#2625=VECTOR('',#9685,1.);
#2626=VECTOR('',#9688,1.);
#2627=VECTOR('',#9691,1.);
#2628=VECTOR('',#9694,1.);
#2629=VECTOR('',#9697,1.);
#2630=VECTOR('',#9700,1.);
#2631=VECTOR('',#9703,1.);
#2632=VECTOR('',#9706,1.);
#2633=VECTOR('',#9709,1.);
#2634=VECTOR('',#9712,1.);
#2635=VECTOR('',#9715,1.);
#2636=VECTOR('',#9718,1.);
#2637=VECTOR('',#9721,1.);
#2638=VECTOR('',#9724,1.);
#2639=VECTOR('',#9727,1.);
#2640=VECTOR('',#9730,1.);
#2641=VECTOR('',#9733,1.);
#2642=VECTOR('',#9736,1.);
#2643=VECTOR('',#9739,1.);
#2644=VECTOR('',#9742,1.);
#2645=VECTOR('',#9745,1.);
#2646=VECTOR('',#9748,1.);
#2647=VECTOR('',#9751,1.);
#2648=VECTOR('',#9754,1.);
#2649=VECTOR('',#9757,1.);
#2650=VECTOR('',#9760,1.);
#2651=VECTOR('',#9763,1.);
#2652=VECTOR('',#9766,1.);
#2653=VECTOR('',#9769,1.);
#2654=VECTOR('',#9772,1.);
#2655=VECTOR('',#9775,1.);
#2656=VECTOR('',#9778,1.);
#2657=VECTOR('',#9783,1.);
#2658=VECTOR('',#9786,1.);
#2659=VECTOR('',#9789,1.);
#2660=VECTOR('',#9792,1.);
#2661=VECTOR('',#9795,1.);
#2662=VECTOR('',#9798,1.);
#2663=VECTOR('',#9801,1.);
#2664=VECTOR('',#9804,1.);
#2665=VECTOR('',#9807,1.);
#2666=VECTOR('',#9810,1.);
#2667=VECTOR('',#9813,1.);
#2668=VECTOR('',#9816,1.);
#2669=VECTOR('',#9819,1.);
#2670=VECTOR('',#9822,1.);
#2671=VECTOR('',#9825,1.);
#2672=VECTOR('',#9828,1.);
#2673=VECTOR('',#9831,1.);
#2674=VECTOR('',#9834,1.);
#2675=VECTOR('',#9837,1.);
#2676=VECTOR('',#9840,1.);
#2677=VECTOR('',#9843,1.);
#2678=VECTOR('',#9846,1.);
#2679=VECTOR('',#9849,1.);
#2680=VECTOR('',#9852,1.);
#2681=VECTOR('',#9855,1.);
#2682=VECTOR('',#9858,1.);
#2683=VECTOR('',#9861,1.);
#2684=VECTOR('',#9864,1.);
#2685=VECTOR('',#9867,1.);
#2686=VECTOR('',#9870,1.);
#2687=VECTOR('',#9873,1.);
#2688=VECTOR('',#9876,1.);
#2689=VECTOR('',#9879,1.);
#2690=VECTOR('',#9882,1.);
#2691=VECTOR('',#9885,1.);
#2692=VECTOR('',#9888,1.);
#2693=VECTOR('',#9891,1.);
#2694=VECTOR('',#9894,1.);
#2695=VECTOR('',#9897,1.);
#2696=VECTOR('',#9900,1.);
#2697=VECTOR('',#9903,1.);
#2698=VECTOR('',#9906,1.);
#2699=VECTOR('',#9909,1.);
#2700=VECTOR('',#9912,1.);
#2701=VECTOR('',#9915,1.);
#2702=VECTOR('',#9918,1.);
#2703=VECTOR('',#9921,1.);
#2704=VECTOR('',#9924,1.);
#2705=VECTOR('',#9927,1.);
#2706=VECTOR('',#9930,1.);
#2707=VECTOR('',#9933,1.);
#2708=VECTOR('',#9936,1.);
#2709=VECTOR('',#9939,1.);
#2710=VECTOR('',#9942,1.);
#2711=VECTOR('',#9945,1.);
#2712=VECTOR('',#9948,1.);
#2713=VECTOR('',#9951,1.);
#2714=VECTOR('',#9954,1.);
#2715=VECTOR('',#9957,1.);
#2716=VECTOR('',#9960,1.);
#2717=VECTOR('',#9963,1.);
#2718=VECTOR('',#9966,1.);
#2719=VECTOR('',#9969,1.);
#2720=VECTOR('',#9972,1.);
#2721=VECTOR('',#9977,1.);
#2722=VECTOR('',#9980,1.);
#2723=VECTOR('',#9983,1.);
#2724=VECTOR('',#9986,1.);
#2725=VECTOR('',#9989,1.);
#2726=VECTOR('',#9992,1.);
#2727=VECTOR('',#9995,1.);
#2728=VECTOR('',#9998,1.);
#2729=VECTOR('',#10001,1.);
#2730=VECTOR('',#10004,1.);
#2731=VECTOR('',#10007,1.);
#2732=VECTOR('',#10010,1.);
#2733=VECTOR('',#10013,1.);
#2734=VECTOR('',#10016,1.);
#2735=VECTOR('',#10019,1.);
#2736=VECTOR('',#10022,1.);
#2737=VECTOR('',#10025,1.);
#2738=VECTOR('',#10028,1.);
#2739=VECTOR('',#10031,1.);
#2740=VECTOR('',#10034,1.);
#2741=VECTOR('',#10037,1.);
#2742=VECTOR('',#10040,1.);
#2743=VECTOR('',#10043,1.);
#2744=VECTOR('',#10046,1.);
#2745=VECTOR('',#10049,1.);
#2746=VECTOR('',#10052,1.);
#2747=VECTOR('',#10055,1.);
#2748=VECTOR('',#10058,1.);
#2749=VECTOR('',#10063,1.);
#2750=VECTOR('',#10064,1.);
#2751=VECTOR('',#10067,1.);
#2752=VECTOR('',#10070,1.);
#2753=VECTOR('',#10073,1.);
#2754=VECTOR('',#10076,1.);
#2755=VECTOR('',#10079,1.);
#2756=VECTOR('',#10082,1.);
#2757=VECTOR('',#10087,1.);
#2758=VECTOR('',#10088,1.);
#2759=VECTOR('',#10091,1.);
#2760=VECTOR('',#10094,1.);
#2761=VECTOR('',#10097,1.);
#2762=VECTOR('',#10100,1.);
#2763=VECTOR('',#10103,1.);
#2764=VECTOR('',#10106,1.);
#2765=VECTOR('',#10111,1.);
#2766=VECTOR('',#10112,1.);
#2767=VECTOR('',#10115,1.);
#2768=VECTOR('',#10118,1.);
#2769=VECTOR('',#10121,1.);
#2770=VECTOR('',#10124,1.);
#2771=VECTOR('',#10127,1.);
#2772=VECTOR('',#10130,1.);
#2773=VECTOR('',#10135,1.1);
#2774=VECTOR('',#10138,1.);
#2775=VECTOR('',#10139,1.);
#2776=VECTOR('',#10142,1.);
#2777=VECTOR('',#10145,1.);
#2778=VECTOR('',#10148,1.);
#2779=VECTOR('',#10151,1.);
#2780=VECTOR('',#10154,1.);
#2781=VECTOR('',#10157,1.);
#2782=VECTOR('',#10160,1.);
#2783=VECTOR('',#10163,1.);
#2784=VECTOR('',#10166,1.);
#2785=VECTOR('',#10169,1.);
#2786=VECTOR('',#10172,1.);
#2787=VECTOR('',#10175,1.);
#2788=VECTOR('',#10178,1.);
#2789=VECTOR('',#10181,1.);
#2790=VECTOR('',#10184,1.);
#2791=VECTOR('',#10187,1.);
#2792=VECTOR('',#10190,1.);
#2793=VECTOR('',#10193,1.);
#2794=VECTOR('',#10196,1.);
#2795=VECTOR('',#10199,1.);
#2796=VECTOR('',#10202,1.);
#2797=VECTOR('',#10205,1.);
#2798=VECTOR('',#10208,1.);
#2799=VECTOR('',#10211,1.);
#2800=VECTOR('',#10214,1.);
#2801=VECTOR('',#10217,1.);
#2802=VECTOR('',#10220,1.);
#2803=VECTOR('',#10223,1.);
#2804=VECTOR('',#10228,1.);
#2805=VECTOR('',#10229,1.);
#2806=VECTOR('',#10232,1.);
#2807=VECTOR('',#10235,1.);
#2808=VECTOR('',#10238,1.);
#2809=VECTOR('',#10241,1.);
#2810=VECTOR('',#10244,1.);
#2811=VECTOR('',#10247,1.);
#2812=VECTOR('',#10252,1.);
#2813=VECTOR('',#10253,1.);
#2814=VECTOR('',#10256,1.);
#2815=VECTOR('',#10259,1.);
#2816=VECTOR('',#10262,1.);
#2817=VECTOR('',#10265,1.);
#2818=VECTOR('',#10268,1.);
#2819=VECTOR('',#10271,1.);
#2820=VECTOR('',#10276,1.);
#2821=VECTOR('',#10277,1.);
#2822=VECTOR('',#10280,1.);
#2823=VECTOR('',#10283,1.);
#2824=VECTOR('',#10286,1.);
#2825=VECTOR('',#10289,1.);
#2826=VECTOR('',#10292,1.);
#2827=VECTOR('',#10295,1.);
#2828=VECTOR('',#10300,1.);
#2829=VECTOR('',#10301,1.);
#2830=VECTOR('',#10304,1.);
#2831=VECTOR('',#10307,1.);
#2832=VECTOR('',#10310,1.);
#2833=VECTOR('',#10313,1.);
#2834=VECTOR('',#10316,1.);
#2835=VECTOR('',#10319,1.);
#2836=VECTOR('',#10324,1.);
#2837=VECTOR('',#10325,1.);
#2838=VECTOR('',#10328,1.);
#2839=VECTOR('',#10331,1.);
#2840=VECTOR('',#10334,1.);
#2841=VECTOR('',#10337,1.);
#2842=VECTOR('',#10340,1.);
#2843=VECTOR('',#10343,1.);
#2844=VECTOR('',#10348,1.);
#2845=VECTOR('',#10349,1.);
#2846=VECTOR('',#10352,1.);
#2847=VECTOR('',#10355,1.);
#2848=VECTOR('',#10358,1.);
#2849=VECTOR('',#10361,1.);
#2850=VECTOR('',#10364,1.);
#2851=VECTOR('',#10367,1.);
#2852=VECTOR('',#10370,1.);
#2853=VECTOR('',#10373,1.);
#2854=VECTOR('',#10376,1.);
#2855=VECTOR('',#10379,1.);
#2856=VECTOR('',#10382,1.);
#2857=VECTOR('',#10385,1.);
#2858=VECTOR('',#10388,1.);
#2859=VECTOR('',#10391,1.);
#2860=VECTOR('',#10394,1.);
#2861=VECTOR('',#10397,1.);
#2862=VECTOR('',#10400,1.);
#2863=VECTOR('',#10403,1.);
#2864=VECTOR('',#10406,1.);
#2865=VECTOR('',#10409,1.);
#2866=VECTOR('',#10412,1.);
#2867=VECTOR('',#10415,1.);
#2868=VECTOR('',#10418,1.);
#2869=VECTOR('',#10421,1.);
#2870=VECTOR('',#10424,1.);
#2871=VECTOR('',#10427,1.);
#2872=VECTOR('',#10430,1.);
#2873=VECTOR('',#10433,1.);
#2874=VECTOR('',#10438,1.1);
#2875=VECTOR('',#10441,1.);
#2876=VECTOR('',#10442,1.);
#2877=VECTOR('',#10445,1.);
#2878=VECTOR('',#10448,1.);
#2879=VECTOR('',#10451,1.);
#2880=VECTOR('',#10454,1.);
#2881=VECTOR('',#10457,1.);
#2882=VECTOR('',#10460,1.);
#2883=VECTOR('',#10465,1.);
#2884=VECTOR('',#10466,1.);
#2885=VECTOR('',#10469,1.);
#2886=VECTOR('',#10472,1.);
#2887=VECTOR('',#10475,1.);
#2888=VECTOR('',#10478,1.);
#2889=VECTOR('',#10481,1.);
#2890=VECTOR('',#10484,1.);
#2891=VECTOR('',#10489,1.);
#2892=VECTOR('',#10490,1.);
#2893=VECTOR('',#10493,1.);
#2894=VECTOR('',#10496,1.);
#2895=VECTOR('',#10499,1.);
#2896=VECTOR('',#10502,1.);
#2897=VECTOR('',#10505,1.);
#2898=VECTOR('',#10508,1.);
#2899=VECTOR('',#10513,1.);
#2900=VECTOR('',#10514,1.);
#2901=VECTOR('',#10517,1.);
#2902=VECTOR('',#10520,1.);
#2903=VECTOR('',#10523,1.);
#2904=VECTOR('',#10526,1.);
#2905=VECTOR('',#10529,1.);
#2906=VECTOR('',#10532,1.);
#2907=VECTOR('',#10537,1.);
#2908=VECTOR('',#10538,1.);
#2909=VECTOR('',#10541,1.);
#2910=VECTOR('',#10544,1.);
#2911=VECTOR('',#10547,1.);
#2912=VECTOR('',#10550,1.);
#2913=VECTOR('',#10553,1.);
#2914=VECTOR('',#10556,1.);
#2915=VECTOR('',#10561,1.);
#2916=VECTOR('',#10562,1.);
#2917=VECTOR('',#10565,1.);
#2918=VECTOR('',#10568,1.);
#2919=VECTOR('',#10571,1.);
#2920=VECTOR('',#10574,1.);
#2921=VECTOR('',#10577,1.);
#2922=VECTOR('',#10580,1.);
#2923=VECTOR('',#10585,1.);
#2924=VECTOR('',#10586,1.);
#2925=VECTOR('',#10589,1.);
#2926=VECTOR('',#10592,1.);
#2927=VECTOR('',#10595,1.);
#2928=VECTOR('',#10598,1.);
#2929=VECTOR('',#10601,1.);
#2930=VECTOR('',#10604,1.);
#2931=VECTOR('',#10609,1.);
#2932=VECTOR('',#10610,1.);
#2933=VECTOR('',#10613,1.);
#2934=VECTOR('',#10616,1.);
#2935=VECTOR('',#10619,1.);
#2936=VECTOR('',#10622,1.);
#2937=VECTOR('',#10625,1.);
#2938=VECTOR('',#10628,1.);
#2939=VECTOR('',#10633,1.);
#2940=VECTOR('',#10634,1.);
#2941=VECTOR('',#10637,1.);
#2942=VECTOR('',#10640,1.);
#2943=VECTOR('',#10643,1.);
#2944=VECTOR('',#10646,1.);
#2945=VECTOR('',#10649,1.);
#2946=VECTOR('',#10652,1.);
#2947=VECTOR('',#10657,1.);
#2948=VECTOR('',#10658,1.);
#2949=VECTOR('',#10661,1.);
#2950=VECTOR('',#10664,1.);
#2951=VECTOR('',#10667,1.);
#2952=VECTOR('',#10670,1.);
#2953=VECTOR('',#10673,1.);
#2954=VECTOR('',#10676,1.);
#2955=VECTOR('',#10681,1.1);
#2956=VECTOR('',#10684,1.);
#2957=VECTOR('',#10685,1.);
#2958=VECTOR('',#10688,1.);
#2959=VECTOR('',#10691,1.);
#2960=VECTOR('',#10694,1.);
#2961=VECTOR('',#10697,1.);
#2962=VECTOR('',#10700,1.);
#2963=VECTOR('',#10703,1.);
#2964=VECTOR('',#10708,1.);
#2965=VECTOR('',#10709,1.);
#2966=VECTOR('',#10712,1.);
#2967=VECTOR('',#10715,1.);
#2968=VECTOR('',#10718,1.);
#2969=VECTOR('',#10721,1.);
#2970=VECTOR('',#10724,1.);
#2971=VECTOR('',#10727,1.);
#2972=VECTOR('',#10732,1.);
#2973=VECTOR('',#10733,1.);
#2974=VECTOR('',#10736,1.);
#2975=VECTOR('',#10739,1.);
#2976=VECTOR('',#10742,1.);
#2977=VECTOR('',#10745,1.);
#2978=VECTOR('',#10748,1.);
#2979=VECTOR('',#10751,1.);
#2980=VECTOR('',#10756,1.);
#2981=VECTOR('',#10757,1.);
#2982=VECTOR('',#10760,1.);
#2983=VECTOR('',#10763,1.);
#2984=VECTOR('',#10766,1.);
#2985=VECTOR('',#10769,1.);
#2986=VECTOR('',#10772,1.);
#2987=VECTOR('',#10775,1.);
#2988=VECTOR('',#10780,1.);
#2989=VECTOR('',#10781,1.);
#2990=VECTOR('',#10784,1.);
#2991=VECTOR('',#10787,1.);
#2992=VECTOR('',#10790,1.);
#2993=VECTOR('',#10793,1.);
#2994=VECTOR('',#10796,1.);
#2995=VECTOR('',#10799,1.);
#2996=VECTOR('',#10804,1.);
#2997=VECTOR('',#10805,1.);
#2998=VECTOR('',#10808,1.);
#2999=VECTOR('',#10811,1.);
#3000=VECTOR('',#10814,1.);
#3001=VECTOR('',#10817,1.);
#3002=VECTOR('',#10820,1.);
#3003=VECTOR('',#10823,1.);
#3004=VECTOR('',#10828,1.);
#3005=VECTOR('',#10829,1.);
#3006=VECTOR('',#10832,1.);
#3007=VECTOR('',#10835,1.);
#3008=VECTOR('',#10838,1.);
#3009=VECTOR('',#10841,1.);
#3010=VECTOR('',#10844,1.);
#3011=VECTOR('',#10847,1.);
#3012=VECTOR('',#10852,1.);
#3013=VECTOR('',#10853,1.);
#3014=VECTOR('',#10856,1.);
#3015=VECTOR('',#10859,1.);
#3016=VECTOR('',#10862,1.);
#3017=VECTOR('',#10865,1.);
#3018=VECTOR('',#10868,1.);
#3019=VECTOR('',#10871,1.);
#3020=VECTOR('',#10876,1.);
#3021=VECTOR('',#10877,1.);
#3022=VECTOR('',#10880,1.);
#3023=VECTOR('',#10883,1.);
#3024=VECTOR('',#10886,1.);
#3025=VECTOR('',#10889,1.);
#3026=VECTOR('',#10892,1.);
#3027=VECTOR('',#10895,1.);
#3028=VECTOR('',#10900,1.);
#3029=VECTOR('',#10901,1.);
#3030=VECTOR('',#10904,1.);
#3031=VECTOR('',#10907,1.);
#3032=VECTOR('',#10910,1.);
#3033=VECTOR('',#10913,1.);
#3034=VECTOR('',#10916,1.);
#3035=VECTOR('',#10919,1.);
#3036=VECTOR('',#10924,1.);
#3037=VECTOR('',#10925,1.);
#3038=VECTOR('',#10928,1.);
#3039=VECTOR('',#10931,1.);
#3040=VECTOR('',#10934,1.);
#3041=VECTOR('',#10937,1.);
#3042=VECTOR('',#10940,1.);
#3043=VECTOR('',#10943,1.);
#3044=VECTOR('',#10948,1.);
#3045=VECTOR('',#10949,1.);
#3046=VECTOR('',#10952,1.);
#3047=VECTOR('',#10955,1.);
#3048=VECTOR('',#10958,1.);
#3049=VECTOR('',#10961,1.);
#3050=VECTOR('',#10964,1.);
#3051=VECTOR('',#10967,1.);
#3052=VECTOR('',#10972,1.);
#3053=VECTOR('',#10973,1.);
#3054=VECTOR('',#10976,1.);
#3055=VECTOR('',#10979,1.);
#3056=VECTOR('',#10982,1.);
#3057=VECTOR('',#10985,1.);
#3058=VECTOR('',#10988,1.);
#3059=VECTOR('',#10991,1.);
#3060=VECTOR('',#10996,1.);
#3061=VECTOR('',#10997,1.);
#3062=VECTOR('',#11000,1.);
#3063=VECTOR('',#11003,1.);
#3064=VECTOR('',#11006,1.);
#3065=VECTOR('',#11009,1.);
#3066=VECTOR('',#11012,1.);
#3067=VECTOR('',#11015,1.);
#3068=VECTOR('',#11020,1.);
#3069=VECTOR('',#11021,1.);
#3070=VECTOR('',#11024,1.);
#3071=VECTOR('',#11027,1.);
#3072=VECTOR('',#11030,1.);
#3073=VECTOR('',#11033,1.);
#3074=VECTOR('',#11036,1.);
#3075=VECTOR('',#11039,1.);
#3076=VECTOR('',#11044,1.);
#3077=VECTOR('',#11045,1.);
#3078=VECTOR('',#11048,1.);
#3079=VECTOR('',#11051,1.);
#3080=VECTOR('',#11054,1.);
#3081=VECTOR('',#11057,1.);
#3082=VECTOR('',#11060,1.);
#3083=VECTOR('',#11063,1.);
#3084=VECTOR('',#11068,1.1);
#3085=VECTOR('',#11071,1.);
#3086=VECTOR('',#11072,1.);
#3087=VECTOR('',#11075,1.);
#3088=VECTOR('',#11078,1.);
#3089=VECTOR('',#11081,1.);
#3090=VECTOR('',#11084,1.);
#3091=VECTOR('',#11087,1.);
#3092=VECTOR('',#11090,1.);
#3093=VECTOR('',#11095,1.);
#3094=VECTOR('',#11096,1.);
#3095=VECTOR('',#11099,1.);
#3096=VECTOR('',#11102,1.);
#3097=VECTOR('',#11105,1.);
#3098=VECTOR('',#11108,1.);
#3099=VECTOR('',#11111,1.);
#3100=VECTOR('',#11114,1.);
#3101=VECTOR('',#11119,1.);
#3102=VECTOR('',#11120,1.);
#3103=VECTOR('',#11123,1.);
#3104=VECTOR('',#11126,1.);
#3105=VECTOR('',#11129,1.);
#3106=VECTOR('',#11132,1.);
#3107=VECTOR('',#11135,1.);
#3108=VECTOR('',#11138,1.);
#3109=VECTOR('',#11143,1.);
#3110=VECTOR('',#11144,1.);
#3111=VECTOR('',#11147,1.);
#3112=VECTOR('',#11150,1.);
#3113=VECTOR('',#11153,1.);
#3114=VECTOR('',#11156,1.);
#3115=VECTOR('',#11159,1.);
#3116=VECTOR('',#11162,1.);
#3117=VECTOR('',#11167,1.);
#3118=VECTOR('',#11168,1.);
#3119=VECTOR('',#11171,1.);
#3120=VECTOR('',#11174,1.);
#3121=VECTOR('',#11177,1.);
#3122=VECTOR('',#11180,1.);
#3123=VECTOR('',#11183,1.);
#3124=VECTOR('',#11186,1.);
#3125=VECTOR('',#11191,1.);
#3126=VECTOR('',#11192,1.);
#3127=VECTOR('',#11195,1.);
#3128=VECTOR('',#11198,1.);
#3129=VECTOR('',#11201,1.);
#3130=VECTOR('',#11204,1.);
#3131=VECTOR('',#11207,1.);
#3132=VECTOR('',#11210,1.);
#3133=VERTEX_POINT('',#11215);
#3134=VERTEX_POINT('',#11216);
#3135=VERTEX_POINT('',#11218);
#3136=VERTEX_POINT('',#11220);
#3137=VERTEX_POINT('',#11224);
#3138=VERTEX_POINT('',#11225);
#3139=VERTEX_POINT('',#11230);
#3140=VERTEX_POINT('',#11232);
#3141=VERTEX_POINT('',#11236);
#3142=VERTEX_POINT('',#11238);
#3143=VERTEX_POINT('',#11240);
#3144=VERTEX_POINT('',#11242);
#3145=VERTEX_POINT('',#11245);
#3146=VERTEX_POINT('',#11246);
#3147=VERTEX_POINT('',#11248);
#3148=VERTEX_POINT('',#11250);
#3149=VERTEX_POINT('',#11252);
#3150=VERTEX_POINT('',#11254);
#3151=VERTEX_POINT('',#11256);
#3152=VERTEX_POINT('',#11258);
#3153=VERTEX_POINT('',#11261);
#3154=VERTEX_POINT('',#11262);
#3155=VERTEX_POINT('',#11264);
#3156=VERTEX_POINT('',#11266);
#3157=VERTEX_POINT('',#11268);
#3158=VERTEX_POINT('',#11270);
#3159=VERTEX_POINT('',#11272);
#3160=VERTEX_POINT('',#11274);
#3161=VERTEX_POINT('',#11277);
#3162=VERTEX_POINT('',#11278);
#3163=VERTEX_POINT('',#11280);
#3164=VERTEX_POINT('',#11282);
#3165=VERTEX_POINT('',#11284);
#3166=VERTEX_POINT('',#11286);
#3167=VERTEX_POINT('',#11288);
#3168=VERTEX_POINT('',#11290);
#3169=VERTEX_POINT('',#11293);
#3170=VERTEX_POINT('',#11295);
#3171=VERTEX_POINT('',#11296);
#3172=VERTEX_POINT('',#11298);
#3173=VERTEX_POINT('',#11300);
#3174=VERTEX_POINT('',#11302);
#3175=VERTEX_POINT('',#11304);
#3176=VERTEX_POINT('',#11306);
#3177=VERTEX_POINT('',#11308);
#3178=VERTEX_POINT('',#11310);
#3179=VERTEX_POINT('',#11312);
#3180=VERTEX_POINT('',#11314);
#3181=VERTEX_POINT('',#11316);
#3182=VERTEX_POINT('',#11318);
#3183=VERTEX_POINT('',#11320);
#3184=VERTEX_POINT('',#11322);
#3185=VERTEX_POINT('',#11324);
#3186=VERTEX_POINT('',#11326);
#3187=VERTEX_POINT('',#11328);
#3188=VERTEX_POINT('',#11330);
#3189=VERTEX_POINT('',#11332);
#3190=VERTEX_POINT('',#11334);
#3191=VERTEX_POINT('',#11336);
#3192=VERTEX_POINT('',#11338);
#3193=VERTEX_POINT('',#11340);
#3194=VERTEX_POINT('',#11342);
#3195=VERTEX_POINT('',#11344);
#3196=VERTEX_POINT('',#11346);
#3197=VERTEX_POINT('',#11348);
#3198=VERTEX_POINT('',#11350);
#3199=VERTEX_POINT('',#11352);
#3200=VERTEX_POINT('',#11355);
#3201=VERTEX_POINT('',#11356);
#3202=VERTEX_POINT('',#11358);
#3203=VERTEX_POINT('',#11360);
#3204=VERTEX_POINT('',#11362);
#3205=VERTEX_POINT('',#11364);
#3206=VERTEX_POINT('',#11366);
#3207=VERTEX_POINT('',#11368);
#3208=VERTEX_POINT('',#11371);
#3209=VERTEX_POINT('',#11372);
#3210=VERTEX_POINT('',#11374);
#3211=VERTEX_POINT('',#11376);
#3212=VERTEX_POINT('',#11378);
#3213=VERTEX_POINT('',#11380);
#3214=VERTEX_POINT('',#11382);
#3215=VERTEX_POINT('',#11384);
#3216=VERTEX_POINT('',#11387);
#3217=VERTEX_POINT('',#11388);
#3218=VERTEX_POINT('',#11390);
#3219=VERTEX_POINT('',#11392);
#3220=VERTEX_POINT('',#11394);
#3221=VERTEX_POINT('',#11396);
#3222=VERTEX_POINT('',#11398);
#3223=VERTEX_POINT('',#11400);
#3224=VERTEX_POINT('',#11403);
#3225=VERTEX_POINT('',#11404);
#3226=VERTEX_POINT('',#11406);
#3227=VERTEX_POINT('',#11408);
#3228=VERTEX_POINT('',#11410);
#3229=VERTEX_POINT('',#11412);
#3230=VERTEX_POINT('',#11414);
#3231=VERTEX_POINT('',#11416);
#3232=VERTEX_POINT('',#11419);
#3233=VERTEX_POINT('',#11420);
#3234=VERTEX_POINT('',#11422);
#3235=VERTEX_POINT('',#11424);
#3236=VERTEX_POINT('',#11426);
#3237=VERTEX_POINT('',#11428);
#3238=VERTEX_POINT('',#11430);
#3239=VERTEX_POINT('',#11432);
#3240=VERTEX_POINT('',#11435);
#3241=VERTEX_POINT('',#11436);
#3242=VERTEX_POINT('',#11438);
#3243=VERTEX_POINT('',#11440);
#3244=VERTEX_POINT('',#11442);
#3245=VERTEX_POINT('',#11444);
#3246=VERTEX_POINT('',#11446);
#3247=VERTEX_POINT('',#11448);
#3248=VERTEX_POINT('',#11450);
#3249=VERTEX_POINT('',#11452);
#3250=VERTEX_POINT('',#11454);
#3251=VERTEX_POINT('',#11456);
#3252=VERTEX_POINT('',#11458);
#3253=VERTEX_POINT('',#11460);
#3254=VERTEX_POINT('',#11462);
#3255=VERTEX_POINT('',#11464);
#3256=VERTEX_POINT('',#11466);
#3257=VERTEX_POINT('',#11468);
#3258=VERTEX_POINT('',#11470);
#3259=VERTEX_POINT('',#11472);
#3260=VERTEX_POINT('',#11474);
#3261=VERTEX_POINT('',#11476);
#3262=VERTEX_POINT('',#11478);
#3263=VERTEX_POINT('',#11480);
#3264=VERTEX_POINT('',#11482);
#3265=VERTEX_POINT('',#11484);
#3266=VERTEX_POINT('',#11486);
#3267=VERTEX_POINT('',#11488);
#3268=VERTEX_POINT('',#11490);
#3269=VERTEX_POINT('',#11492);
#3270=VERTEX_POINT('',#11495);
#3271=VERTEX_POINT('',#11497);
#3272=VERTEX_POINT('',#11498);
#3273=VERTEX_POINT('',#11500);
#3274=VERTEX_POINT('',#11502);
#3275=VERTEX_POINT('',#11504);
#3276=VERTEX_POINT('',#11506);
#3277=VERTEX_POINT('',#11508);
#3278=VERTEX_POINT('',#11510);
#3279=VERTEX_POINT('',#11513);
#3280=VERTEX_POINT('',#11514);
#3281=VERTEX_POINT('',#11516);
#3282=VERTEX_POINT('',#11518);
#3283=VERTEX_POINT('',#11520);
#3284=VERTEX_POINT('',#11522);
#3285=VERTEX_POINT('',#11524);
#3286=VERTEX_POINT('',#11526);
#3287=VERTEX_POINT('',#11529);
#3288=VERTEX_POINT('',#11530);
#3289=VERTEX_POINT('',#11532);
#3290=VERTEX_POINT('',#11534);
#3291=VERTEX_POINT('',#11536);
#3292=VERTEX_POINT('',#11538);
#3293=VERTEX_POINT('',#11540);
#3294=VERTEX_POINT('',#11542);
#3295=VERTEX_POINT('',#11545);
#3296=VERTEX_POINT('',#11546);
#3297=VERTEX_POINT('',#11548);
#3298=VERTEX_POINT('',#11550);
#3299=VERTEX_POINT('',#11552);
#3300=VERTEX_POINT('',#11554);
#3301=VERTEX_POINT('',#11556);
#3302=VERTEX_POINT('',#11558);
#3303=VERTEX_POINT('',#11561);
#3304=VERTEX_POINT('',#11562);
#3305=VERTEX_POINT('',#11564);
#3306=VERTEX_POINT('',#11566);
#3307=VERTEX_POINT('',#11568);
#3308=VERTEX_POINT('',#11570);
#3309=VERTEX_POINT('',#11572);
#3310=VERTEX_POINT('',#11574);
#3311=VERTEX_POINT('',#11577);
#3312=VERTEX_POINT('',#11578);
#3313=VERTEX_POINT('',#11580);
#3314=VERTEX_POINT('',#11582);
#3315=VERTEX_POINT('',#11584);
#3316=VERTEX_POINT('',#11586);
#3317=VERTEX_POINT('',#11588);
#3318=VERTEX_POINT('',#11590);
#3319=VERTEX_POINT('',#11593);
#3320=VERTEX_POINT('',#11594);
#3321=VERTEX_POINT('',#11596);
#3322=VERTEX_POINT('',#11598);
#3323=VERTEX_POINT('',#11600);
#3324=VERTEX_POINT('',#11602);
#3325=VERTEX_POINT('',#11604);
#3326=VERTEX_POINT('',#11606);
#3327=VERTEX_POINT('',#11609);
#3328=VERTEX_POINT('',#11610);
#3329=VERTEX_POINT('',#11612);
#3330=VERTEX_POINT('',#11614);
#3331=VERTEX_POINT('',#11616);
#3332=VERTEX_POINT('',#11618);
#3333=VERTEX_POINT('',#11620);
#3334=VERTEX_POINT('',#11622);
#3335=VERTEX_POINT('',#11625);
#3336=VERTEX_POINT('',#11626);
#3337=VERTEX_POINT('',#11628);
#3338=VERTEX_POINT('',#11630);
#3339=VERTEX_POINT('',#11632);
#3340=VERTEX_POINT('',#11634);
#3341=VERTEX_POINT('',#11636);
#3342=VERTEX_POINT('',#11638);
#3343=VERTEX_POINT('',#11641);
#3344=VERTEX_POINT('',#11642);
#3345=VERTEX_POINT('',#11644);
#3346=VERTEX_POINT('',#11646);
#3347=VERTEX_POINT('',#11648);
#3348=VERTEX_POINT('',#11650);
#3349=VERTEX_POINT('',#11652);
#3350=VERTEX_POINT('',#11654);
#3351=VERTEX_POINT('',#11657);
#3352=VERTEX_POINT('',#11659);
#3353=VERTEX_POINT('',#11660);
#3354=VERTEX_POINT('',#11662);
#3355=VERTEX_POINT('',#11664);
#3356=VERTEX_POINT('',#11666);
#3357=VERTEX_POINT('',#11668);
#3358=VERTEX_POINT('',#11670);
#3359=VERTEX_POINT('',#11672);
#3360=VERTEX_POINT('',#11675);
#3361=VERTEX_POINT('',#11676);
#3362=VERTEX_POINT('',#11678);
#3363=VERTEX_POINT('',#11680);
#3364=VERTEX_POINT('',#11682);
#3365=VERTEX_POINT('',#11684);
#3366=VERTEX_POINT('',#11686);
#3367=VERTEX_POINT('',#11688);
#3368=VERTEX_POINT('',#11691);
#3369=VERTEX_POINT('',#11692);
#3370=VERTEX_POINT('',#11694);
#3371=VERTEX_POINT('',#11696);
#3372=VERTEX_POINT('',#11698);
#3373=VERTEX_POINT('',#11700);
#3374=VERTEX_POINT('',#11702);
#3375=VERTEX_POINT('',#11704);
#3376=VERTEX_POINT('',#11707);
#3377=VERTEX_POINT('',#11708);
#3378=VERTEX_POINT('',#11710);
#3379=VERTEX_POINT('',#11712);
#3380=VERTEX_POINT('',#11714);
#3381=VERTEX_POINT('',#11716);
#3382=VERTEX_POINT('',#11718);
#3383=VERTEX_POINT('',#11720);
#3384=VERTEX_POINT('',#11723);
#3385=VERTEX_POINT('',#11724);
#3386=VERTEX_POINT('',#11726);
#3387=VERTEX_POINT('',#11728);
#3388=VERTEX_POINT('',#11730);
#3389=VERTEX_POINT('',#11732);
#3390=VERTEX_POINT('',#11734);
#3391=VERTEX_POINT('',#11736);
#3392=VERTEX_POINT('',#11739);
#3393=VERTEX_POINT('',#11740);
#3394=VERTEX_POINT('',#11742);
#3395=VERTEX_POINT('',#11744);
#3396=VERTEX_POINT('',#11746);
#3397=VERTEX_POINT('',#11748);
#3398=VERTEX_POINT('',#11750);
#3399=VERTEX_POINT('',#11752);
#3400=VERTEX_POINT('',#11755);
#3401=VERTEX_POINT('',#11756);
#3402=VERTEX_POINT('',#11758);
#3403=VERTEX_POINT('',#11760);
#3404=VERTEX_POINT('',#11762);
#3405=VERTEX_POINT('',#11764);
#3406=VERTEX_POINT('',#11766);
#3407=VERTEX_POINT('',#11768);
#3408=VERTEX_POINT('',#11771);
#3409=VERTEX_POINT('',#11772);
#3410=VERTEX_POINT('',#11774);
#3411=VERTEX_POINT('',#11776);
#3412=VERTEX_POINT('',#11778);
#3413=VERTEX_POINT('',#11780);
#3414=VERTEX_POINT('',#11782);
#3415=VERTEX_POINT('',#11784);
#3416=VERTEX_POINT('',#11787);
#3417=VERTEX_POINT('',#11788);
#3418=VERTEX_POINT('',#11790);
#3419=VERTEX_POINT('',#11792);
#3420=VERTEX_POINT('',#11794);
#3421=VERTEX_POINT('',#11796);
#3422=VERTEX_POINT('',#11798);
#3423=VERTEX_POINT('',#11800);
#3424=VERTEX_POINT('',#11803);
#3425=VERTEX_POINT('',#11804);
#3426=VERTEX_POINT('',#11806);
#3427=VERTEX_POINT('',#11808);
#3428=VERTEX_POINT('',#11810);
#3429=VERTEX_POINT('',#11812);
#3430=VERTEX_POINT('',#11814);
#3431=VERTEX_POINT('',#11816);
#3432=VERTEX_POINT('',#11819);
#3433=VERTEX_POINT('',#11820);
#3434=VERTEX_POINT('',#11822);
#3435=VERTEX_POINT('',#11824);
#3436=VERTEX_POINT('',#11826);
#3437=VERTEX_POINT('',#11828);
#3438=VERTEX_POINT('',#11830);
#3439=VERTEX_POINT('',#11832);
#3440=VERTEX_POINT('',#11835);
#3441=VERTEX_POINT('',#11836);
#3442=VERTEX_POINT('',#11838);
#3443=VERTEX_POINT('',#11840);
#3444=VERTEX_POINT('',#11842);
#3445=VERTEX_POINT('',#11844);
#3446=VERTEX_POINT('',#11846);
#3447=VERTEX_POINT('',#11848);
#3448=VERTEX_POINT('',#11851);
#3449=VERTEX_POINT('',#11852);
#3450=VERTEX_POINT('',#11854);
#3451=VERTEX_POINT('',#11856);
#3452=VERTEX_POINT('',#11858);
#3453=VERTEX_POINT('',#11860);
#3454=VERTEX_POINT('',#11862);
#3455=VERTEX_POINT('',#11864);
#3456=VERTEX_POINT('',#11867);
#3457=VERTEX_POINT('',#11868);
#3458=VERTEX_POINT('',#11870);
#3459=VERTEX_POINT('',#11872);
#3460=VERTEX_POINT('',#11874);
#3461=VERTEX_POINT('',#11876);
#3462=VERTEX_POINT('',#11878);
#3463=VERTEX_POINT('',#11880);
#3464=VERTEX_POINT('',#11883);
#3465=VERTEX_POINT('',#11884);
#3466=VERTEX_POINT('',#11886);
#3467=VERTEX_POINT('',#11888);
#3468=VERTEX_POINT('',#11890);
#3469=VERTEX_POINT('',#11892);
#3470=VERTEX_POINT('',#11894);
#3471=VERTEX_POINT('',#11896);
#3472=VERTEX_POINT('',#11899);
#3473=VERTEX_POINT('',#11900);
#3474=VERTEX_POINT('',#11902);
#3475=VERTEX_POINT('',#11904);
#3476=VERTEX_POINT('',#11906);
#3477=VERTEX_POINT('',#11908);
#3478=VERTEX_POINT('',#11910);
#3479=VERTEX_POINT('',#11912);
#3480=VERTEX_POINT('',#11915);
#3481=VERTEX_POINT('',#11917);
#3482=VERTEX_POINT('',#11918);
#3483=VERTEX_POINT('',#11920);
#3484=VERTEX_POINT('',#11922);
#3485=VERTEX_POINT('',#11924);
#3486=VERTEX_POINT('',#11926);
#3487=VERTEX_POINT('',#11928);
#3488=VERTEX_POINT('',#11930);
#3489=VERTEX_POINT('',#11933);
#3490=VERTEX_POINT('',#11934);
#3491=VERTEX_POINT('',#11936);
#3492=VERTEX_POINT('',#11938);
#3493=VERTEX_POINT('',#11940);
#3494=VERTEX_POINT('',#11942);
#3495=VERTEX_POINT('',#11944);
#3496=VERTEX_POINT('',#11946);
#3497=VERTEX_POINT('',#11949);
#3498=VERTEX_POINT('',#11950);
#3499=VERTEX_POINT('',#11952);
#3500=VERTEX_POINT('',#11954);
#3501=VERTEX_POINT('',#11956);
#3502=VERTEX_POINT('',#11958);
#3503=VERTEX_POINT('',#11960);
#3504=VERTEX_POINT('',#11962);
#3505=VERTEX_POINT('',#11965);
#3506=VERTEX_POINT('',#11966);
#3507=VERTEX_POINT('',#11968);
#3508=VERTEX_POINT('',#11970);
#3509=VERTEX_POINT('',#11972);
#3510=VERTEX_POINT('',#11974);
#3511=VERTEX_POINT('',#11976);
#3512=VERTEX_POINT('',#11978);
#3513=VERTEX_POINT('',#11981);
#3514=VERTEX_POINT('',#11982);
#3515=VERTEX_POINT('',#11984);
#3516=VERTEX_POINT('',#11986);
#3517=VERTEX_POINT('',#11988);
#3518=VERTEX_POINT('',#11990);
#3519=VERTEX_POINT('',#11992);
#3520=VERTEX_POINT('',#11994);
#3521=VERTEX_POINT('',#11997);
#3522=VERTEX_POINT('',#11998);
#3523=VERTEX_POINT('',#12000);
#3524=VERTEX_POINT('',#12002);
#3525=VERTEX_POINT('',#12004);
#3526=VERTEX_POINT('',#12006);
#3527=VERTEX_POINT('',#12008);
#3528=VERTEX_POINT('',#12010);
#3529=VERTEX_POINT('',#12014);
#3530=VERTEX_POINT('',#12016);
#3531=VERTEX_POINT('',#12018);
#3532=VERTEX_POINT('',#12020);
#3533=VERTEX_POINT('',#12023);
#3534=VERTEX_POINT('',#12024);
#3535=VERTEX_POINT('',#12026);
#3536=VERTEX_POINT('',#12028);
#3537=VERTEX_POINT('',#12030);
#3538=VERTEX_POINT('',#12032);
#3539=VERTEX_POINT('',#12034);
#3540=VERTEX_POINT('',#12036);
#3541=VERTEX_POINT('',#12039);
#3542=VERTEX_POINT('',#12040);
#3543=VERTEX_POINT('',#12042);
#3544=VERTEX_POINT('',#12044);
#3545=VERTEX_POINT('',#12046);
#3546=VERTEX_POINT('',#12048);
#3547=VERTEX_POINT('',#12050);
#3548=VERTEX_POINT('',#12052);
#3549=VERTEX_POINT('',#12055);
#3550=VERTEX_POINT('',#12056);
#3551=VERTEX_POINT('',#12058);
#3552=VERTEX_POINT('',#12060);
#3553=VERTEX_POINT('',#12062);
#3554=VERTEX_POINT('',#12064);
#3555=VERTEX_POINT('',#12066);
#3556=VERTEX_POINT('',#12068);
#3557=VERTEX_POINT('',#12071);
#3558=VERTEX_POINT('',#12073);
#3559=VERTEX_POINT('',#12074);
#3560=VERTEX_POINT('',#12076);
#3561=VERTEX_POINT('',#12078);
#3562=VERTEX_POINT('',#12080);
#3563=VERTEX_POINT('',#12082);
#3564=VERTEX_POINT('',#12084);
#3565=VERTEX_POINT('',#12086);
#3566=VERTEX_POINT('',#12088);
#3567=VERTEX_POINT('',#12090);
#3568=VERTEX_POINT('',#12092);
#3569=VERTEX_POINT('',#12094);
#3570=VERTEX_POINT('',#12096);
#3571=VERTEX_POINT('',#12098);
#3572=VERTEX_POINT('',#12100);
#3573=VERTEX_POINT('',#12102);
#3574=VERTEX_POINT('',#12104);
#3575=VERTEX_POINT('',#12106);
#3576=VERTEX_POINT('',#12108);
#3577=VERTEX_POINT('',#12110);
#3578=VERTEX_POINT('',#12112);
#3579=VERTEX_POINT('',#12114);
#3580=VERTEX_POINT('',#12116);
#3581=VERTEX_POINT('',#12118);
#3582=VERTEX_POINT('',#12120);
#3583=VERTEX_POINT('',#12122);
#3584=VERTEX_POINT('',#12124);
#3585=VERTEX_POINT('',#12126);
#3586=VERTEX_POINT('',#12128);
#3587=VERTEX_POINT('',#12130);
#3588=VERTEX_POINT('',#12133);
#3589=VERTEX_POINT('',#12134);
#3590=VERTEX_POINT('',#12136);
#3591=VERTEX_POINT('',#12138);
#3592=VERTEX_POINT('',#12140);
#3593=VERTEX_POINT('',#12142);
#3594=VERTEX_POINT('',#12144);
#3595=VERTEX_POINT('',#12146);
#3596=VERTEX_POINT('',#12149);
#3597=VERTEX_POINT('',#12150);
#3598=VERTEX_POINT('',#12152);
#3599=VERTEX_POINT('',#12154);
#3600=VERTEX_POINT('',#12156);
#3601=VERTEX_POINT('',#12158);
#3602=VERTEX_POINT('',#12160);
#3603=VERTEX_POINT('',#12162);
#3604=VERTEX_POINT('',#12165);
#3605=VERTEX_POINT('',#12166);
#3606=VERTEX_POINT('',#12168);
#3607=VERTEX_POINT('',#12170);
#3608=VERTEX_POINT('',#12172);
#3609=VERTEX_POINT('',#12174);
#3610=VERTEX_POINT('',#12176);
#3611=VERTEX_POINT('',#12178);
#3612=VERTEX_POINT('',#12181);
#3613=VERTEX_POINT('',#12182);
#3614=VERTEX_POINT('',#12184);
#3615=VERTEX_POINT('',#12186);
#3616=VERTEX_POINT('',#12188);
#3617=VERTEX_POINT('',#12190);
#3618=VERTEX_POINT('',#12192);
#3619=VERTEX_POINT('',#12194);
#3620=VERTEX_POINT('',#12197);
#3621=VERTEX_POINT('',#12198);
#3622=VERTEX_POINT('',#12200);
#3623=VERTEX_POINT('',#12202);
#3624=VERTEX_POINT('',#12204);
#3625=VERTEX_POINT('',#12206);
#3626=VERTEX_POINT('',#12208);
#3627=VERTEX_POINT('',#12210);
#3628=VERTEX_POINT('',#12213);
#3629=VERTEX_POINT('',#12214);
#3630=VERTEX_POINT('',#12216);
#3631=VERTEX_POINT('',#12218);
#3632=VERTEX_POINT('',#12220);
#3633=VERTEX_POINT('',#12222);
#3634=VERTEX_POINT('',#12224);
#3635=VERTEX_POINT('',#12226);
#3636=VERTEX_POINT('',#12228);
#3637=VERTEX_POINT('',#12230);
#3638=VERTEX_POINT('',#12232);
#3639=VERTEX_POINT('',#12234);
#3640=VERTEX_POINT('',#12236);
#3641=VERTEX_POINT('',#12238);
#3642=VERTEX_POINT('',#12240);
#3643=VERTEX_POINT('',#12242);
#3644=VERTEX_POINT('',#12244);
#3645=VERTEX_POINT('',#12246);
#3646=VERTEX_POINT('',#12248);
#3647=VERTEX_POINT('',#12250);
#3648=VERTEX_POINT('',#12252);
#3649=VERTEX_POINT('',#12254);
#3650=VERTEX_POINT('',#12256);
#3651=VERTEX_POINT('',#12258);
#3652=VERTEX_POINT('',#12260);
#3653=VERTEX_POINT('',#12262);
#3654=VERTEX_POINT('',#12264);
#3655=VERTEX_POINT('',#12266);
#3656=VERTEX_POINT('',#12268);
#3657=VERTEX_POINT('',#12270);
#3658=VERTEX_POINT('',#12273);
#3659=VERTEX_POINT('',#12275);
#3660=VERTEX_POINT('',#12276);
#3661=VERTEX_POINT('',#12278);
#3662=VERTEX_POINT('',#12280);
#3663=VERTEX_POINT('',#12282);
#3664=VERTEX_POINT('',#12284);
#3665=VERTEX_POINT('',#12286);
#3666=VERTEX_POINT('',#12288);
#3667=VERTEX_POINT('',#12291);
#3668=VERTEX_POINT('',#12292);
#3669=VERTEX_POINT('',#12294);
#3670=VERTEX_POINT('',#12296);
#3671=VERTEX_POINT('',#12298);
#3672=VERTEX_POINT('',#12300);
#3673=VERTEX_POINT('',#12302);
#3674=VERTEX_POINT('',#12304);
#3675=VERTEX_POINT('',#12307);
#3676=VERTEX_POINT('',#12308);
#3677=VERTEX_POINT('',#12310);
#3678=VERTEX_POINT('',#12312);
#3679=VERTEX_POINT('',#12314);
#3680=VERTEX_POINT('',#12316);
#3681=VERTEX_POINT('',#12318);
#3682=VERTEX_POINT('',#12320);
#3683=VERTEX_POINT('',#12323);
#3684=VERTEX_POINT('',#12324);
#3685=VERTEX_POINT('',#12326);
#3686=VERTEX_POINT('',#12328);
#3687=VERTEX_POINT('',#12330);
#3688=VERTEX_POINT('',#12332);
#3689=VERTEX_POINT('',#12334);
#3690=VERTEX_POINT('',#12336);
#3691=VERTEX_POINT('',#12339);
#3692=VERTEX_POINT('',#12340);
#3693=VERTEX_POINT('',#12342);
#3694=VERTEX_POINT('',#12344);
#3695=VERTEX_POINT('',#12346);
#3696=VERTEX_POINT('',#12348);
#3697=VERTEX_POINT('',#12350);
#3698=VERTEX_POINT('',#12352);
#3699=VERTEX_POINT('',#12355);
#3700=VERTEX_POINT('',#12356);
#3701=VERTEX_POINT('',#12358);
#3702=VERTEX_POINT('',#12360);
#3703=VERTEX_POINT('',#12362);
#3704=VERTEX_POINT('',#12364);
#3705=VERTEX_POINT('',#12366);
#3706=VERTEX_POINT('',#12368);
#3707=VERTEX_POINT('',#12371);
#3708=VERTEX_POINT('',#12372);
#3709=VERTEX_POINT('',#12374);
#3710=VERTEX_POINT('',#12376);
#3711=VERTEX_POINT('',#12378);
#3712=VERTEX_POINT('',#12380);
#3713=VERTEX_POINT('',#12382);
#3714=VERTEX_POINT('',#12384);
#3715=VERTEX_POINT('',#12387);
#3716=VERTEX_POINT('',#12388);
#3717=VERTEX_POINT('',#12390);
#3718=VERTEX_POINT('',#12392);
#3719=VERTEX_POINT('',#12394);
#3720=VERTEX_POINT('',#12396);
#3721=VERTEX_POINT('',#12398);
#3722=VERTEX_POINT('',#12400);
#3723=VERTEX_POINT('',#12403);
#3724=VERTEX_POINT('',#12404);
#3725=VERTEX_POINT('',#12406);
#3726=VERTEX_POINT('',#12408);
#3727=VERTEX_POINT('',#12410);
#3728=VERTEX_POINT('',#12412);
#3729=VERTEX_POINT('',#12414);
#3730=VERTEX_POINT('',#12416);
#3731=VERTEX_POINT('',#12419);
#3732=VERTEX_POINT('',#12420);
#3733=VERTEX_POINT('',#12422);
#3734=VERTEX_POINT('',#12424);
#3735=VERTEX_POINT('',#12426);
#3736=VERTEX_POINT('',#12428);
#3737=VERTEX_POINT('',#12430);
#3738=VERTEX_POINT('',#12432);
#3739=VERTEX_POINT('',#12435);
#3740=VERTEX_POINT('',#12437);
#3741=VERTEX_POINT('',#12438);
#3742=VERTEX_POINT('',#12440);
#3743=VERTEX_POINT('',#12442);
#3744=VERTEX_POINT('',#12444);
#3745=VERTEX_POINT('',#12446);
#3746=VERTEX_POINT('',#12448);
#3747=VERTEX_POINT('',#12450);
#3748=VERTEX_POINT('',#12453);
#3749=VERTEX_POINT('',#12454);
#3750=VERTEX_POINT('',#12456);
#3751=VERTEX_POINT('',#12458);
#3752=VERTEX_POINT('',#12460);
#3753=VERTEX_POINT('',#12462);
#3754=VERTEX_POINT('',#12464);
#3755=VERTEX_POINT('',#12466);
#3756=VERTEX_POINT('',#12469);
#3757=VERTEX_POINT('',#12470);
#3758=VERTEX_POINT('',#12472);
#3759=VERTEX_POINT('',#12474);
#3760=VERTEX_POINT('',#12476);
#3761=VERTEX_POINT('',#12478);
#3762=VERTEX_POINT('',#12480);
#3763=VERTEX_POINT('',#12482);
#3764=VERTEX_POINT('',#12485);
#3765=VERTEX_POINT('',#12486);
#3766=VERTEX_POINT('',#12488);
#3767=VERTEX_POINT('',#12490);
#3768=VERTEX_POINT('',#12492);
#3769=VERTEX_POINT('',#12494);
#3770=VERTEX_POINT('',#12496);
#3771=VERTEX_POINT('',#12498);
#3772=VERTEX_POINT('',#12501);
#3773=VERTEX_POINT('',#12502);
#3774=VERTEX_POINT('',#12504);
#3775=VERTEX_POINT('',#12506);
#3776=VERTEX_POINT('',#12508);
#3777=VERTEX_POINT('',#12510);
#3778=VERTEX_POINT('',#12512);
#3779=VERTEX_POINT('',#12514);
#3780=VERTEX_POINT('',#12517);
#3781=VERTEX_POINT('',#12518);
#3782=VERTEX_POINT('',#12520);
#3783=VERTEX_POINT('',#12522);
#3784=VERTEX_POINT('',#12524);
#3785=VERTEX_POINT('',#12526);
#3786=VERTEX_POINT('',#12528);
#3787=VERTEX_POINT('',#12530);
#3788=VERTEX_POINT('',#12533);
#3789=VERTEX_POINT('',#12534);
#3790=VERTEX_POINT('',#12536);
#3791=VERTEX_POINT('',#12538);
#3792=VERTEX_POINT('',#12540);
#3793=VERTEX_POINT('',#12542);
#3794=VERTEX_POINT('',#12544);
#3795=VERTEX_POINT('',#12546);
#3796=VERTEX_POINT('',#12549);
#3797=VERTEX_POINT('',#12550);
#3798=VERTEX_POINT('',#12552);
#3799=VERTEX_POINT('',#12554);
#3800=VERTEX_POINT('',#12556);
#3801=VERTEX_POINT('',#12558);
#3802=VERTEX_POINT('',#12560);
#3803=VERTEX_POINT('',#12562);
#3804=VERTEX_POINT('',#12565);
#3805=VERTEX_POINT('',#12566);
#3806=VERTEX_POINT('',#12568);
#3807=VERTEX_POINT('',#12570);
#3808=VERTEX_POINT('',#12572);
#3809=VERTEX_POINT('',#12574);
#3810=VERTEX_POINT('',#12576);
#3811=VERTEX_POINT('',#12578);
#3812=VERTEX_POINT('',#12581);
#3813=VERTEX_POINT('',#12582);
#3814=VERTEX_POINT('',#12584);
#3815=VERTEX_POINT('',#12586);
#3816=VERTEX_POINT('',#12588);
#3817=VERTEX_POINT('',#12590);
#3818=VERTEX_POINT('',#12592);
#3819=VERTEX_POINT('',#12594);
#3820=VERTEX_POINT('',#12597);
#3821=VERTEX_POINT('',#12598);
#3822=VERTEX_POINT('',#12600);
#3823=VERTEX_POINT('',#12602);
#3824=VERTEX_POINT('',#12604);
#3825=VERTEX_POINT('',#12606);
#3826=VERTEX_POINT('',#12608);
#3827=VERTEX_POINT('',#12610);
#3828=VERTEX_POINT('',#12613);
#3829=VERTEX_POINT('',#12614);
#3830=VERTEX_POINT('',#12616);
#3831=VERTEX_POINT('',#12618);
#3832=VERTEX_POINT('',#12620);
#3833=VERTEX_POINT('',#12622);
#3834=VERTEX_POINT('',#12624);
#3835=VERTEX_POINT('',#12626);
#3836=VERTEX_POINT('',#12629);
#3837=VERTEX_POINT('',#12630);
#3838=VERTEX_POINT('',#12632);
#3839=VERTEX_POINT('',#12634);
#3840=VERTEX_POINT('',#12636);
#3841=VERTEX_POINT('',#12638);
#3842=VERTEX_POINT('',#12640);
#3843=VERTEX_POINT('',#12642);
#3844=VERTEX_POINT('',#12645);
#3845=VERTEX_POINT('',#12646);
#3846=VERTEX_POINT('',#12648);
#3847=VERTEX_POINT('',#12650);
#3848=VERTEX_POINT('',#12652);
#3849=VERTEX_POINT('',#12654);
#3850=VERTEX_POINT('',#12656);
#3851=VERTEX_POINT('',#12658);
#3852=VERTEX_POINT('',#12661);
#3853=VERTEX_POINT('',#12662);
#3854=VERTEX_POINT('',#12664);
#3855=VERTEX_POINT('',#12666);
#3856=VERTEX_POINT('',#12668);
#3857=VERTEX_POINT('',#12670);
#3858=VERTEX_POINT('',#12672);
#3859=VERTEX_POINT('',#12674);
#3860=VERTEX_POINT('',#12677);
#3861=VERTEX_POINT('',#12678);
#3862=VERTEX_POINT('',#12680);
#3863=VERTEX_POINT('',#12682);
#3864=VERTEX_POINT('',#12684);
#3865=VERTEX_POINT('',#12686);
#3866=VERTEX_POINT('',#12688);
#3867=VERTEX_POINT('',#12690);
#3868=VERTEX_POINT('',#12693);
#3869=VERTEX_POINT('',#12695);
#3870=VERTEX_POINT('',#12696);
#3871=VERTEX_POINT('',#12698);
#3872=VERTEX_POINT('',#12700);
#3873=VERTEX_POINT('',#12702);
#3874=VERTEX_POINT('',#12704);
#3875=VERTEX_POINT('',#12706);
#3876=VERTEX_POINT('',#12708);
#3877=VERTEX_POINT('',#12711);
#3878=VERTEX_POINT('',#12712);
#3879=VERTEX_POINT('',#12714);
#3880=VERTEX_POINT('',#12716);
#3881=VERTEX_POINT('',#12718);
#3882=VERTEX_POINT('',#12720);
#3883=VERTEX_POINT('',#12722);
#3884=VERTEX_POINT('',#12724);
#3885=VERTEX_POINT('',#12727);
#3886=VERTEX_POINT('',#12728);
#3887=VERTEX_POINT('',#12730);
#3888=VERTEX_POINT('',#12732);
#3889=VERTEX_POINT('',#12734);
#3890=VERTEX_POINT('',#12736);
#3891=VERTEX_POINT('',#12738);
#3892=VERTEX_POINT('',#12740);
#3893=VERTEX_POINT('',#12743);
#3894=VERTEX_POINT('',#12744);
#3895=VERTEX_POINT('',#12746);
#3896=VERTEX_POINT('',#12748);
#3897=VERTEX_POINT('',#12750);
#3898=VERTEX_POINT('',#12752);
#3899=VERTEX_POINT('',#12754);
#3900=VERTEX_POINT('',#12756);
#3901=VERTEX_POINT('',#12759);
#3902=VERTEX_POINT('',#12760);
#3903=VERTEX_POINT('',#12762);
#3904=VERTEX_POINT('',#12764);
#3905=VERTEX_POINT('',#12766);
#3906=VERTEX_POINT('',#12768);
#3907=VERTEX_POINT('',#12770);
#3908=VERTEX_POINT('',#12772);
#3909=VERTEX_POINT('',#12775);
#3910=VERTEX_POINT('',#12776);
#3911=VERTEX_POINT('',#12778);
#3912=VERTEX_POINT('',#12780);
#3913=VERTEX_POINT('',#12782);
#3914=VERTEX_POINT('',#12784);
#3915=VERTEX_POINT('',#12786);
#3916=VERTEX_POINT('',#12788);
#3917=EDGE_CURVE('',#3133,#3134,#1581,.T.);
#3918=EDGE_CURVE('',#3134,#3135,#1181,.T.);
#3919=EDGE_CURVE('',#3136,#3135,#1582,.T.);
#3920=EDGE_CURVE('',#3133,#3136,#1182,.T.);
#3921=EDGE_CURVE('',#3137,#3138,#1583,.T.);
#3922=EDGE_CURVE('',#3138,#3134,#1584,.T.);
#3923=EDGE_CURVE('',#3137,#3133,#1585,.T.);
#3924=EDGE_CURVE('',#3135,#3139,#1586,.T.);
#3925=EDGE_CURVE('',#3140,#3139,#1587,.T.);
#3926=EDGE_CURVE('',#3136,#3140,#1588,.T.);
#3927=EDGE_CURVE('',#3140,#3141,#1183,.T.);
#3928=EDGE_CURVE('',#3141,#3142,#1589,.T.);
#3929=EDGE_CURVE('',#3142,#3143,#1184,.T.);
#3930=EDGE_CURVE('',#3143,#3144,#1590,.T.);
#3931=EDGE_CURVE('',#3144,#3137,#1185,.T.);
#3932=EDGE_CURVE('',#3145,#3146,#1186,.T.);
#3933=EDGE_CURVE('',#3146,#3147,#1591,.T.);
#3934=EDGE_CURVE('',#3147,#3148,#1187,.T.);
#3935=EDGE_CURVE('',#3148,#3149,#1592,.T.);
#3936=EDGE_CURVE('',#3149,#3150,#1188,.T.);
#3937=EDGE_CURVE('',#3150,#3151,#1593,.T.);
#3938=EDGE_CURVE('',#3151,#3152,#1189,.T.);
#3939=EDGE_CURVE('',#3152,#3145,#1594,.T.);
#3940=EDGE_CURVE('',#3153,#3154,#1190,.T.);
#3941=EDGE_CURVE('',#3154,#3155,#1595,.T.);
#3942=EDGE_CURVE('',#3155,#3156,#1191,.T.);
#3943=EDGE_CURVE('',#3156,#3157,#1596,.T.);
#3944=EDGE_CURVE('',#3157,#3158,#1192,.T.);
#3945=EDGE_CURVE('',#3158,#3159,#1597,.T.);
#3946=EDGE_CURVE('',#3159,#3160,#1193,.T.);
#3947=EDGE_CURVE('',#3160,#3153,#1598,.T.);
#3948=EDGE_CURVE('',#3161,#3162,#1194,.T.);
#3949=EDGE_CURVE('',#3162,#3163,#1599,.T.);
#3950=EDGE_CURVE('',#3163,#3164,#1195,.T.);
#3951=EDGE_CURVE('',#3164,#3165,#1600,.T.);
#3952=EDGE_CURVE('',#3165,#3166,#1196,.T.);
#3953=EDGE_CURVE('',#3166,#3167,#1601,.T.);
#3954=EDGE_CURVE('',#3167,#3168,#1197,.T.);
#3955=EDGE_CURVE('',#3168,#3161,#1602,.T.);
#3956=EDGE_CURVE('',#3169,#3169,#1198,.T.);
#3957=EDGE_CURVE('',#3170,#3171,#1199,.T.);
#3958=EDGE_CURVE('',#3171,#3172,#1603,.T.);
#3959=EDGE_CURVE('',#3172,#3173,#1200,.T.);
#3960=EDGE_CURVE('',#3173,#3174,#1604,.T.);
#3961=EDGE_CURVE('',#3174,#3175,#1201,.T.);
#3962=EDGE_CURVE('',#3175,#3176,#1605,.T.);
#3963=EDGE_CURVE('',#3176,#3177,#1202,.T.);
#3964=EDGE_CURVE('',#3177,#3178,#1606,.T.);
#3965=EDGE_CURVE('',#3178,#3179,#1203,.T.);
#3966=EDGE_CURVE('',#3179,#3180,#1607,.T.);
#3967=EDGE_CURVE('',#3180,#3181,#1204,.T.);
#3968=EDGE_CURVE('',#3181,#3182,#1608,.T.);
#3969=EDGE_CURVE('',#3182,#3183,#1205,.T.);
#3970=EDGE_CURVE('',#3183,#3184,#1609,.T.);
#3971=EDGE_CURVE('',#3184,#3185,#1206,.T.);
#3972=EDGE_CURVE('',#3185,#3186,#1610,.T.);
#3973=EDGE_CURVE('',#3186,#3187,#1207,.T.);
#3974=EDGE_CURVE('',#3187,#3188,#1611,.T.);
#3975=EDGE_CURVE('',#3188,#3189,#1208,.T.);
#3976=EDGE_CURVE('',#3189,#3190,#1612,.T.);
#3977=EDGE_CURVE('',#3190,#3191,#1209,.T.);
#3978=EDGE_CURVE('',#3191,#3192,#1613,.T.);
#3979=EDGE_CURVE('',#3192,#3193,#1210,.T.);
#3980=EDGE_CURVE('',#3193,#3194,#1614,.T.);
#3981=EDGE_CURVE('',#3194,#3195,#1211,.T.);
#3982=EDGE_CURVE('',#3195,#3196,#1212,.T.);
#3983=EDGE_CURVE('',#3196,#3197,#1615,.T.);
#3984=EDGE_CURVE('',#3197,#3198,#1213,.T.);
#3985=EDGE_CURVE('',#3198,#3199,#1214,.T.);
#3986=EDGE_CURVE('',#3199,#3170,#1616,.T.);
#3987=EDGE_CURVE('',#3200,#3201,#1215,.T.);
#3988=EDGE_CURVE('',#3201,#3202,#1617,.T.);
#3989=EDGE_CURVE('',#3202,#3203,#1216,.T.);
#3990=EDGE_CURVE('',#3203,#3204,#1618,.T.);
#3991=EDGE_CURVE('',#3204,#3205,#1217,.T.);
#3992=EDGE_CURVE('',#3205,#3206,#1619,.T.);
#3993=EDGE_CURVE('',#3206,#3207,#1218,.T.);
#3994=EDGE_CURVE('',#3207,#3200,#1620,.T.);
#3995=EDGE_CURVE('',#3208,#3209,#1219,.T.);
#3996=EDGE_CURVE('',#3209,#3210,#1621,.T.);
#3997=EDGE_CURVE('',#3210,#3211,#1220,.T.);
#3998=EDGE_CURVE('',#3211,#3212,#1622,.T.);
#3999=EDGE_CURVE('',#3212,#3213,#1221,.T.);
#4000=EDGE_CURVE('',#3213,#3214,#1623,.T.);
#4001=EDGE_CURVE('',#3214,#3215,#1222,.T.);
#4002=EDGE_CURVE('',#3215,#3208,#1624,.T.);
#4003=EDGE_CURVE('',#3216,#3217,#1223,.T.);
#4004=EDGE_CURVE('',#3217,#3218,#1625,.T.);
#4005=EDGE_CURVE('',#3218,#3219,#1224,.T.);
#4006=EDGE_CURVE('',#3219,#3220,#1626,.T.);
#4007=EDGE_CURVE('',#3220,#3221,#1225,.T.);
#4008=EDGE_CURVE('',#3221,#3222,#1627,.T.);
#4009=EDGE_CURVE('',#3222,#3223,#1226,.T.);
#4010=EDGE_CURVE('',#3223,#3216,#1628,.T.);
#4011=EDGE_CURVE('',#3224,#3225,#1227,.T.);
#4012=EDGE_CURVE('',#3225,#3226,#1629,.T.);
#4013=EDGE_CURVE('',#3226,#3227,#1228,.T.);
#4014=EDGE_CURVE('',#3227,#3228,#1630,.T.);
#4015=EDGE_CURVE('',#3228,#3229,#1229,.T.);
#4016=EDGE_CURVE('',#3229,#3230,#1631,.T.);
#4017=EDGE_CURVE('',#3230,#3231,#1230,.T.);
#4018=EDGE_CURVE('',#3231,#3224,#1632,.T.);
#4019=EDGE_CURVE('',#3232,#3233,#1231,.T.);
#4020=EDGE_CURVE('',#3233,#3234,#1633,.T.);
#4021=EDGE_CURVE('',#3234,#3235,#1232,.T.);
#4022=EDGE_CURVE('',#3235,#3236,#1634,.T.);
#4023=EDGE_CURVE('',#3236,#3237,#1233,.T.);
#4024=EDGE_CURVE('',#3237,#3238,#1635,.T.);
#4025=EDGE_CURVE('',#3238,#3239,#1234,.T.);
#4026=EDGE_CURVE('',#3239,#3232,#1636,.T.);
#4027=EDGE_CURVE('',#3240,#3241,#1235,.T.);
#4028=EDGE_CURVE('',#3241,#3242,#1637,.T.);
#4029=EDGE_CURVE('',#3242,#3243,#1236,.T.);
#4030=EDGE_CURVE('',#3243,#3244,#1638,.T.);
#4031=EDGE_CURVE('',#3244,#3245,#1237,.T.);
#4032=EDGE_CURVE('',#3245,#3246,#1639,.T.);
#4033=EDGE_CURVE('',#3246,#3247,#1238,.T.);
#4034=EDGE_CURVE('',#3247,#3248,#1640,.T.);
#4035=EDGE_CURVE('',#3248,#3249,#1239,.T.);
#4036=EDGE_CURVE('',#3249,#3250,#1641,.T.);
#4037=EDGE_CURVE('',#3250,#3251,#1240,.T.);
#4038=EDGE_CURVE('',#3251,#3252,#1642,.T.);
#4039=EDGE_CURVE('',#3252,#3253,#1241,.T.);
#4040=EDGE_CURVE('',#3253,#3254,#1643,.T.);
#4041=EDGE_CURVE('',#3254,#3255,#1242,.T.);
#4042=EDGE_CURVE('',#3255,#3256,#1644,.T.);
#4043=EDGE_CURVE('',#3256,#3257,#1243,.T.);
#4044=EDGE_CURVE('',#3257,#3258,#1645,.T.);
#4045=EDGE_CURVE('',#3258,#3259,#1244,.T.);
#4046=EDGE_CURVE('',#3259,#3260,#1646,.T.);
#4047=EDGE_CURVE('',#3260,#3261,#1245,.T.);
#4048=EDGE_CURVE('',#3261,#3262,#1647,.T.);
#4049=EDGE_CURVE('',#3262,#3263,#1246,.T.);
#4050=EDGE_CURVE('',#3263,#3264,#1648,.T.);
#4051=EDGE_CURVE('',#3264,#3265,#1247,.T.);
#4052=EDGE_CURVE('',#3265,#3266,#1248,.T.);
#4053=EDGE_CURVE('',#3266,#3267,#1649,.T.);
#4054=EDGE_CURVE('',#3267,#3268,#1249,.T.);
#4055=EDGE_CURVE('',#3268,#3269,#1250,.T.);
#4056=EDGE_CURVE('',#3269,#3240,#1650,.T.);
#4057=EDGE_CURVE('',#3270,#3270,#1251,.T.);
#4058=EDGE_CURVE('',#3271,#3272,#1252,.T.);
#4059=EDGE_CURVE('',#3272,#3273,#1651,.T.);
#4060=EDGE_CURVE('',#3273,#3274,#1253,.T.);
#4061=EDGE_CURVE('',#3274,#3275,#1652,.T.);
#4062=EDGE_CURVE('',#3275,#3276,#1254,.T.);
#4063=EDGE_CURVE('',#3276,#3277,#1653,.T.);
#4064=EDGE_CURVE('',#3277,#3278,#1255,.T.);
#4065=EDGE_CURVE('',#3278,#3271,#1654,.T.);
#4066=EDGE_CURVE('',#3279,#3280,#1256,.T.);
#4067=EDGE_CURVE('',#3280,#3281,#1655,.T.);
#4068=EDGE_CURVE('',#3281,#3282,#1257,.T.);
#4069=EDGE_CURVE('',#3282,#3283,#1656,.T.);
#4070=EDGE_CURVE('',#3283,#3284,#1258,.T.);
#4071=EDGE_CURVE('',#3284,#3285,#1657,.T.);
#4072=EDGE_CURVE('',#3285,#3286,#1259,.T.);
#4073=EDGE_CURVE('',#3286,#3279,#1658,.T.);
#4074=EDGE_CURVE('',#3287,#3288,#1260,.T.);
#4075=EDGE_CURVE('',#3288,#3289,#1659,.T.);
#4076=EDGE_CURVE('',#3289,#3290,#1261,.T.);
#4077=EDGE_CURVE('',#3290,#3291,#1660,.T.);
#4078=EDGE_CURVE('',#3291,#3292,#1262,.T.);
#4079=EDGE_CURVE('',#3292,#3293,#1661,.T.);
#4080=EDGE_CURVE('',#3293,#3294,#1263,.T.);
#4081=EDGE_CURVE('',#3294,#3287,#1662,.T.);
#4082=EDGE_CURVE('',#3295,#3296,#1264,.T.);
#4083=EDGE_CURVE('',#3296,#3297,#1663,.T.);
#4084=EDGE_CURVE('',#3297,#3298,#1265,.T.);
#4085=EDGE_CURVE('',#3298,#3299,#1664,.T.);
#4086=EDGE_CURVE('',#3299,#3300,#1266,.T.);
#4087=EDGE_CURVE('',#3300,#3301,#1665,.T.);
#4088=EDGE_CURVE('',#3301,#3302,#1267,.T.);
#4089=EDGE_CURVE('',#3302,#3295,#1666,.T.);
#4090=EDGE_CURVE('',#3303,#3304,#1268,.T.);
#4091=EDGE_CURVE('',#3304,#3305,#1667,.T.);
#4092=EDGE_CURVE('',#3305,#3306,#1269,.T.);
#4093=EDGE_CURVE('',#3306,#3307,#1668,.T.);
#4094=EDGE_CURVE('',#3307,#3308,#1270,.T.);
#4095=EDGE_CURVE('',#3308,#3309,#1669,.T.);
#4096=EDGE_CURVE('',#3309,#3310,#1271,.T.);
#4097=EDGE_CURVE('',#3310,#3303,#1670,.T.);
#4098=EDGE_CURVE('',#3311,#3312,#1272,.T.);
#4099=EDGE_CURVE('',#3312,#3313,#1671,.T.);
#4100=EDGE_CURVE('',#3313,#3314,#1273,.T.);
#4101=EDGE_CURVE('',#3314,#3315,#1672,.T.);
#4102=EDGE_CURVE('',#3315,#3316,#1274,.T.);
#4103=EDGE_CURVE('',#3316,#3317,#1673,.T.);
#4104=EDGE_CURVE('',#3317,#3318,#1275,.T.);
#4105=EDGE_CURVE('',#3318,#3311,#1674,.T.);
#4106=EDGE_CURVE('',#3319,#3320,#1276,.T.);
#4107=EDGE_CURVE('',#3320,#3321,#1675,.T.);
#4108=EDGE_CURVE('',#3321,#3322,#1277,.T.);
#4109=EDGE_CURVE('',#3322,#3323,#1676,.T.);
#4110=EDGE_CURVE('',#3323,#3324,#1278,.T.);
#4111=EDGE_CURVE('',#3324,#3325,#1677,.T.);
#4112=EDGE_CURVE('',#3325,#3326,#1279,.T.);
#4113=EDGE_CURVE('',#3326,#3319,#1678,.T.);
#4114=EDGE_CURVE('',#3327,#3328,#1280,.T.);
#4115=EDGE_CURVE('',#3328,#3329,#1679,.T.);
#4116=EDGE_CURVE('',#3329,#3330,#1281,.T.);
#4117=EDGE_CURVE('',#3330,#3331,#1680,.T.);
#4118=EDGE_CURVE('',#3331,#3332,#1282,.T.);
#4119=EDGE_CURVE('',#3332,#3333,#1681,.T.);
#4120=EDGE_CURVE('',#3333,#3334,#1283,.T.);
#4121=EDGE_CURVE('',#3334,#3327,#1682,.T.);
#4122=EDGE_CURVE('',#3335,#3336,#1284,.T.);
#4123=EDGE_CURVE('',#3336,#3337,#1683,.T.);
#4124=EDGE_CURVE('',#3337,#3338,#1285,.T.);
#4125=EDGE_CURVE('',#3338,#3339,#1684,.T.);
#4126=EDGE_CURVE('',#3339,#3340,#1286,.T.);
#4127=EDGE_CURVE('',#3340,#3341,#1685,.T.);
#4128=EDGE_CURVE('',#3341,#3342,#1287,.T.);
#4129=EDGE_CURVE('',#3342,#3335,#1686,.T.);
#4130=EDGE_CURVE('',#3343,#3344,#1288,.T.);
#4131=EDGE_CURVE('',#3344,#3345,#1687,.T.);
#4132=EDGE_CURVE('',#3345,#3346,#1289,.T.);
#4133=EDGE_CURVE('',#3346,#3347,#1688,.T.);
#4134=EDGE_CURVE('',#3347,#3348,#1290,.T.);
#4135=EDGE_CURVE('',#3348,#3349,#1689,.T.);
#4136=EDGE_CURVE('',#3349,#3350,#1291,.T.);
#4137=EDGE_CURVE('',#3350,#3343,#1690,.T.);
#4138=EDGE_CURVE('',#3351,#3351,#1292,.T.);
#4139=EDGE_CURVE('',#3352,#3353,#1293,.T.);
#4140=EDGE_CURVE('',#3353,#3354,#1691,.T.);
#4141=EDGE_CURVE('',#3354,#3355,#1294,.T.);
#4142=EDGE_CURVE('',#3355,#3356,#1692,.T.);
#4143=EDGE_CURVE('',#3356,#3357,#1295,.T.);
#4144=EDGE_CURVE('',#3357,#3358,#1693,.T.);
#4145=EDGE_CURVE('',#3358,#3359,#1296,.T.);
#4146=EDGE_CURVE('',#3359,#3352,#1694,.T.);
#4147=EDGE_CURVE('',#3360,#3361,#1297,.T.);
#4148=EDGE_CURVE('',#3361,#3362,#1695,.T.);
#4149=EDGE_CURVE('',#3362,#3363,#1298,.T.);
#4150=EDGE_CURVE('',#3363,#3364,#1696,.T.);
#4151=EDGE_CURVE('',#3364,#3365,#1299,.T.);
#4152=EDGE_CURVE('',#3365,#3366,#1697,.T.);
#4153=EDGE_CURVE('',#3366,#3367,#1300,.T.);
#4154=EDGE_CURVE('',#3367,#3360,#1698,.T.);
#4155=EDGE_CURVE('',#3368,#3369,#1301,.T.);
#4156=EDGE_CURVE('',#3369,#3370,#1699,.T.);
#4157=EDGE_CURVE('',#3370,#3371,#1302,.T.);
#4158=EDGE_CURVE('',#3371,#3372,#1700,.T.);
#4159=EDGE_CURVE('',#3372,#3373,#1303,.T.);
#4160=EDGE_CURVE('',#3373,#3374,#1701,.T.);
#4161=EDGE_CURVE('',#3374,#3375,#1304,.T.);
#4162=EDGE_CURVE('',#3375,#3368,#1702,.T.);
#4163=EDGE_CURVE('',#3376,#3377,#1305,.T.);
#4164=EDGE_CURVE('',#3377,#3378,#1703,.T.);
#4165=EDGE_CURVE('',#3378,#3379,#1306,.T.);
#4166=EDGE_CURVE('',#3379,#3380,#1704,.T.);
#4167=EDGE_CURVE('',#3380,#3381,#1307,.T.);
#4168=EDGE_CURVE('',#3381,#3382,#1705,.T.);
#4169=EDGE_CURVE('',#3382,#3383,#1308,.T.);
#4170=EDGE_CURVE('',#3383,#3376,#1706,.T.);
#4171=EDGE_CURVE('',#3384,#3385,#1309,.T.);
#4172=EDGE_CURVE('',#3385,#3386,#1707,.T.);
#4173=EDGE_CURVE('',#3386,#3387,#1310,.T.);
#4174=EDGE_CURVE('',#3387,#3388,#1708,.T.);
#4175=EDGE_CURVE('',#3388,#3389,#1311,.T.);
#4176=EDGE_CURVE('',#3389,#3390,#1709,.T.);
#4177=EDGE_CURVE('',#3390,#3391,#1312,.T.);
#4178=EDGE_CURVE('',#3391,#3384,#1710,.T.);
#4179=EDGE_CURVE('',#3392,#3393,#1313,.T.);
#4180=EDGE_CURVE('',#3393,#3394,#1711,.T.);
#4181=EDGE_CURVE('',#3394,#3395,#1314,.T.);
#4182=EDGE_CURVE('',#3395,#3396,#1712,.T.);
#4183=EDGE_CURVE('',#3396,#3397,#1315,.T.);
#4184=EDGE_CURVE('',#3397,#3398,#1713,.T.);
#4185=EDGE_CURVE('',#3398,#3399,#1316,.T.);
#4186=EDGE_CURVE('',#3399,#3392,#1714,.T.);
#4187=EDGE_CURVE('',#3400,#3401,#1317,.T.);
#4188=EDGE_CURVE('',#3401,#3402,#1715,.T.);
#4189=EDGE_CURVE('',#3402,#3403,#1318,.T.);
#4190=EDGE_CURVE('',#3403,#3404,#1716,.T.);
#4191=EDGE_CURVE('',#3404,#3405,#1319,.T.);
#4192=EDGE_CURVE('',#3405,#3406,#1717,.T.);
#4193=EDGE_CURVE('',#3406,#3407,#1320,.T.);
#4194=EDGE_CURVE('',#3407,#3400,#1718,.T.);
#4195=EDGE_CURVE('',#3408,#3409,#1321,.T.);
#4196=EDGE_CURVE('',#3409,#3410,#1719,.T.);
#4197=EDGE_CURVE('',#3410,#3411,#1322,.T.);
#4198=EDGE_CURVE('',#3411,#3412,#1720,.T.);
#4199=EDGE_CURVE('',#3412,#3413,#1323,.T.);
#4200=EDGE_CURVE('',#3413,#3414,#1721,.T.);
#4201=EDGE_CURVE('',#3414,#3415,#1324,.T.);
#4202=EDGE_CURVE('',#3415,#3408,#1722,.T.);
#4203=EDGE_CURVE('',#3416,#3417,#1325,.T.);
#4204=EDGE_CURVE('',#3417,#3418,#1723,.T.);
#4205=EDGE_CURVE('',#3418,#3419,#1326,.T.);
#4206=EDGE_CURVE('',#3419,#3420,#1724,.T.);
#4207=EDGE_CURVE('',#3420,#3421,#1327,.T.);
#4208=EDGE_CURVE('',#3421,#3422,#1725,.T.);
#4209=EDGE_CURVE('',#3422,#3423,#1328,.T.);
#4210=EDGE_CURVE('',#3423,#3416,#1726,.T.);
#4211=EDGE_CURVE('',#3424,#3425,#1329,.T.);
#4212=EDGE_CURVE('',#3425,#3426,#1727,.T.);
#4213=EDGE_CURVE('',#3426,#3427,#1330,.T.);
#4214=EDGE_CURVE('',#3427,#3428,#1728,.T.);
#4215=EDGE_CURVE('',#3428,#3429,#1331,.T.);
#4216=EDGE_CURVE('',#3429,#3430,#1729,.T.);
#4217=EDGE_CURVE('',#3430,#3431,#1332,.T.);
#4218=EDGE_CURVE('',#3431,#3424,#1730,.T.);
#4219=EDGE_CURVE('',#3432,#3433,#1333,.T.);
#4220=EDGE_CURVE('',#3433,#3434,#1731,.T.);
#4221=EDGE_CURVE('',#3434,#3435,#1334,.T.);
#4222=EDGE_CURVE('',#3435,#3436,#1732,.T.);
#4223=EDGE_CURVE('',#3436,#3437,#1335,.T.);
#4224=EDGE_CURVE('',#3437,#3438,#1733,.T.);
#4225=EDGE_CURVE('',#3438,#3439,#1336,.T.);
#4226=EDGE_CURVE('',#3439,#3432,#1734,.T.);
#4227=EDGE_CURVE('',#3440,#3441,#1337,.T.);
#4228=EDGE_CURVE('',#3441,#3442,#1735,.T.);
#4229=EDGE_CURVE('',#3442,#3443,#1338,.T.);
#4230=EDGE_CURVE('',#3443,#3444,#1736,.T.);
#4231=EDGE_CURVE('',#3444,#3445,#1339,.T.);
#4232=EDGE_CURVE('',#3445,#3446,#1737,.T.);
#4233=EDGE_CURVE('',#3446,#3447,#1340,.T.);
#4234=EDGE_CURVE('',#3447,#3440,#1738,.T.);
#4235=EDGE_CURVE('',#3448,#3449,#1341,.T.);
#4236=EDGE_CURVE('',#3449,#3450,#1739,.T.);
#4237=EDGE_CURVE('',#3450,#3451,#1342,.T.);
#4238=EDGE_CURVE('',#3451,#3452,#1740,.T.);
#4239=EDGE_CURVE('',#3452,#3453,#1343,.T.);
#4240=EDGE_CURVE('',#3453,#3454,#1741,.T.);
#4241=EDGE_CURVE('',#3454,#3455,#1344,.T.);
#4242=EDGE_CURVE('',#3455,#3448,#1742,.T.);
#4243=EDGE_CURVE('',#3456,#3457,#1345,.T.);
#4244=EDGE_CURVE('',#3457,#3458,#1743,.T.);
#4245=EDGE_CURVE('',#3458,#3459,#1346,.T.);
#4246=EDGE_CURVE('',#3459,#3460,#1744,.T.);
#4247=EDGE_CURVE('',#3460,#3461,#1347,.T.);
#4248=EDGE_CURVE('',#3461,#3462,#1745,.T.);
#4249=EDGE_CURVE('',#3462,#3463,#1348,.T.);
#4250=EDGE_CURVE('',#3463,#3456,#1746,.T.);
#4251=EDGE_CURVE('',#3464,#3465,#1349,.T.);
#4252=EDGE_CURVE('',#3465,#3466,#1747,.T.);
#4253=EDGE_CURVE('',#3466,#3467,#1350,.T.);
#4254=EDGE_CURVE('',#3467,#3468,#1748,.T.);
#4255=EDGE_CURVE('',#3468,#3469,#1351,.T.);
#4256=EDGE_CURVE('',#3469,#3470,#1749,.T.);
#4257=EDGE_CURVE('',#3470,#3471,#1352,.T.);
#4258=EDGE_CURVE('',#3471,#3464,#1750,.T.);
#4259=EDGE_CURVE('',#3472,#3473,#1353,.T.);
#4260=EDGE_CURVE('',#3473,#3474,#1751,.T.);
#4261=EDGE_CURVE('',#3474,#3475,#1354,.T.);
#4262=EDGE_CURVE('',#3475,#3476,#1752,.T.);
#4263=EDGE_CURVE('',#3476,#3477,#1355,.T.);
#4264=EDGE_CURVE('',#3477,#3478,#1753,.T.);
#4265=EDGE_CURVE('',#3478,#3479,#1356,.T.);
#4266=EDGE_CURVE('',#3479,#3472,#1754,.T.);
#4267=EDGE_CURVE('',#3480,#3480,#1357,.T.);
#4268=EDGE_CURVE('',#3481,#3482,#1358,.T.);
#4269=EDGE_CURVE('',#3482,#3483,#1755,.T.);
#4270=EDGE_CURVE('',#3483,#3484,#1359,.T.);
#4271=EDGE_CURVE('',#3484,#3485,#1756,.T.);
#4272=EDGE_CURVE('',#3485,#3486,#1360,.T.);
#4273=EDGE_CURVE('',#3486,#3487,#1757,.T.);
#4274=EDGE_CURVE('',#3487,#3488,#1361,.T.);
#4275=EDGE_CURVE('',#3488,#3481,#1758,.T.);
#4276=EDGE_CURVE('',#3489,#3490,#1362,.T.);
#4277=EDGE_CURVE('',#3490,#3491,#1759,.T.);
#4278=EDGE_CURVE('',#3491,#3492,#1363,.T.);
#4279=EDGE_CURVE('',#3492,#3493,#1760,.T.);
#4280=EDGE_CURVE('',#3493,#3494,#1364,.T.);
#4281=EDGE_CURVE('',#3494,#3495,#1761,.T.);
#4282=EDGE_CURVE('',#3495,#3496,#1365,.T.);
#4283=EDGE_CURVE('',#3496,#3489,#1762,.T.);
#4284=EDGE_CURVE('',#3497,#3498,#1366,.T.);
#4285=EDGE_CURVE('',#3498,#3499,#1763,.T.);
#4286=EDGE_CURVE('',#3499,#3500,#1367,.T.);
#4287=EDGE_CURVE('',#3500,#3501,#1764,.T.);
#4288=EDGE_CURVE('',#3501,#3502,#1368,.T.);
#4289=EDGE_CURVE('',#3502,#3503,#1765,.T.);
#4290=EDGE_CURVE('',#3503,#3504,#1369,.T.);
#4291=EDGE_CURVE('',#3504,#3497,#1766,.T.);
#4292=EDGE_CURVE('',#3505,#3506,#1370,.T.);
#4293=EDGE_CURVE('',#3506,#3507,#1767,.T.);
#4294=EDGE_CURVE('',#3507,#3508,#1371,.T.);
#4295=EDGE_CURVE('',#3508,#3509,#1768,.T.);
#4296=EDGE_CURVE('',#3509,#3510,#1372,.T.);
#4297=EDGE_CURVE('',#3510,#3511,#1769,.T.);
#4298=EDGE_CURVE('',#3511,#3512,#1373,.T.);
#4299=EDGE_CURVE('',#3512,#3505,#1770,.T.);
#4300=EDGE_CURVE('',#3513,#3514,#1374,.T.);
#4301=EDGE_CURVE('',#3514,#3515,#1771,.T.);
#4302=EDGE_CURVE('',#3515,#3516,#1375,.T.);
#4303=EDGE_CURVE('',#3516,#3517,#1772,.T.);
#4304=EDGE_CURVE('',#3517,#3518,#1376,.T.);
#4305=EDGE_CURVE('',#3518,#3519,#1773,.T.);
#4306=EDGE_CURVE('',#3519,#3520,#1377,.T.);
#4307=EDGE_CURVE('',#3520,#3513,#1774,.T.);
#4308=EDGE_CURVE('',#3521,#3522,#1378,.T.);
#4309=EDGE_CURVE('',#3522,#3523,#1775,.T.);
#4310=EDGE_CURVE('',#3523,#3524,#1379,.T.);
#4311=EDGE_CURVE('',#3524,#3525,#1776,.T.);
#4312=EDGE_CURVE('',#3525,#3526,#1380,.T.);
#4313=EDGE_CURVE('',#3526,#3527,#1777,.T.);
#4314=EDGE_CURVE('',#3527,#3528,#1381,.T.);
#4315=EDGE_CURVE('',#3528,#3521,#1778,.T.);
#4316=EDGE_CURVE('',#3529,#3138,#1382,.T.);
#4317=EDGE_CURVE('',#3530,#3529,#1779,.T.);
#4318=EDGE_CURVE('',#3531,#3530,#1383,.T.);
#4319=EDGE_CURVE('',#3532,#3531,#1780,.T.);
#4320=EDGE_CURVE('',#3139,#3532,#1384,.T.);
#4321=EDGE_CURVE('',#3533,#3534,#1385,.T.);
#4322=EDGE_CURVE('',#3535,#3533,#1781,.T.);
#4323=EDGE_CURVE('',#3536,#3535,#1386,.T.);
#4324=EDGE_CURVE('',#3537,#3536,#1782,.T.);
#4325=EDGE_CURVE('',#3538,#3537,#1387,.T.);
#4326=EDGE_CURVE('',#3539,#3538,#1783,.T.);
#4327=EDGE_CURVE('',#3540,#3539,#1388,.T.);
#4328=EDGE_CURVE('',#3534,#3540,#1784,.T.);
#4329=EDGE_CURVE('',#3541,#3542,#1389,.T.);
#4330=EDGE_CURVE('',#3543,#3541,#1785,.T.);
#4331=EDGE_CURVE('',#3544,#3543,#1390,.T.);
#4332=EDGE_CURVE('',#3545,#3544,#1786,.T.);
#4333=EDGE_CURVE('',#3546,#3545,#1391,.T.);
#4334=EDGE_CURVE('',#3547,#3546,#1787,.T.);
#4335=EDGE_CURVE('',#3548,#3547,#1392,.T.);
#4336=EDGE_CURVE('',#3542,#3548,#1788,.T.);
#4337=EDGE_CURVE('',#3549,#3550,#1393,.T.);
#4338=EDGE_CURVE('',#3551,#3549,#1789,.T.);
#4339=EDGE_CURVE('',#3552,#3551,#1394,.T.);
#4340=EDGE_CURVE('',#3553,#3552,#1790,.T.);
#4341=EDGE_CURVE('',#3554,#3553,#1395,.T.);
#4342=EDGE_CURVE('',#3555,#3554,#1791,.T.);
#4343=EDGE_CURVE('',#3556,#3555,#1396,.T.);
#4344=EDGE_CURVE('',#3550,#3556,#1792,.T.);
#4345=EDGE_CURVE('',#3557,#3557,#1397,.T.);
#4346=EDGE_CURVE('',#3558,#3559,#1398,.T.);
#4347=EDGE_CURVE('',#3560,#3558,#1793,.T.);
#4348=EDGE_CURVE('',#3561,#3560,#1399,.T.);
#4349=EDGE_CURVE('',#3562,#3561,#1400,.T.);
#4350=EDGE_CURVE('',#3563,#3562,#1794,.T.);
#4351=EDGE_CURVE('',#3564,#3563,#1401,.T.);
#4352=EDGE_CURVE('',#3565,#3564,#1402,.T.);
#4353=EDGE_CURVE('',#3566,#3565,#1795,.T.);
#4354=EDGE_CURVE('',#3567,#3566,#1403,.T.);
#4355=EDGE_CURVE('',#3568,#3567,#1796,.T.);
#4356=EDGE_CURVE('',#3569,#3568,#1404,.T.);
#4357=EDGE_CURVE('',#3570,#3569,#1797,.T.);
#4358=EDGE_CURVE('',#3571,#3570,#1405,.T.);
#4359=EDGE_CURVE('',#3572,#3571,#1798,.T.);
#4360=EDGE_CURVE('',#3573,#3572,#1406,.T.);
#4361=EDGE_CURVE('',#3574,#3573,#1799,.T.);
#4362=EDGE_CURVE('',#3575,#3574,#1407,.T.);
#4363=EDGE_CURVE('',#3576,#3575,#1800,.T.);
#4364=EDGE_CURVE('',#3577,#3576,#1408,.T.);
#4365=EDGE_CURVE('',#3578,#3577,#1801,.T.);
#4366=EDGE_CURVE('',#3579,#3578,#1409,.T.);
#4367=EDGE_CURVE('',#3580,#3579,#1802,.T.);
#4368=EDGE_CURVE('',#3581,#3580,#1410,.T.);
#4369=EDGE_CURVE('',#3582,#3581,#1803,.T.);
#4370=EDGE_CURVE('',#3583,#3582,#1411,.T.);
#4371=EDGE_CURVE('',#3584,#3583,#1804,.T.);
#4372=EDGE_CURVE('',#3585,#3584,#1412,.T.);
#4373=EDGE_CURVE('',#3586,#3585,#1805,.T.);
#4374=EDGE_CURVE('',#3587,#3586,#1413,.T.);
#4375=EDGE_CURVE('',#3559,#3587,#1806,.T.);
#4376=EDGE_CURVE('',#3588,#3589,#1414,.T.);
#4377=EDGE_CURVE('',#3590,#3588,#1807,.T.);
#4378=EDGE_CURVE('',#3591,#3590,#1415,.T.);
#4379=EDGE_CURVE('',#3592,#3591,#1808,.T.);
#4380=EDGE_CURVE('',#3593,#3592,#1416,.T.);
#4381=EDGE_CURVE('',#3594,#3593,#1809,.T.);
#4382=EDGE_CURVE('',#3595,#3594,#1417,.T.);
#4383=EDGE_CURVE('',#3589,#3595,#1810,.T.);
#4384=EDGE_CURVE('',#3596,#3597,#1418,.T.);
#4385=EDGE_CURVE('',#3598,#3596,#1811,.T.);
#4386=EDGE_CURVE('',#3599,#3598,#1419,.T.);
#4387=EDGE_CURVE('',#3600,#3599,#1812,.T.);
#4388=EDGE_CURVE('',#3601,#3600,#1420,.T.);
#4389=EDGE_CURVE('',#3602,#3601,#1813,.T.);
#4390=EDGE_CURVE('',#3603,#3602,#1421,.T.);
#4391=EDGE_CURVE('',#3597,#3603,#1814,.T.);
#4392=EDGE_CURVE('',#3604,#3605,#1422,.T.);
#4393=EDGE_CURVE('',#3606,#3604,#1815,.T.);
#4394=EDGE_CURVE('',#3607,#3606,#1423,.T.);
#4395=EDGE_CURVE('',#3608,#3607,#1816,.T.);
#4396=EDGE_CURVE('',#3609,#3608,#1424,.T.);
#4397=EDGE_CURVE('',#3610,#3609,#1817,.T.);
#4398=EDGE_CURVE('',#3611,#3610,#1425,.T.);
#4399=EDGE_CURVE('',#3605,#3611,#1818,.T.);
#4400=EDGE_CURVE('',#3612,#3613,#1426,.T.);
#4401=EDGE_CURVE('',#3614,#3612,#1819,.T.);
#4402=EDGE_CURVE('',#3615,#3614,#1427,.T.);
#4403=EDGE_CURVE('',#3616,#3615,#1820,.T.);
#4404=EDGE_CURVE('',#3617,#3616,#1428,.T.);
#4405=EDGE_CURVE('',#3618,#3617,#1821,.T.);
#4406=EDGE_CURVE('',#3619,#3618,#1429,.T.);
#4407=EDGE_CURVE('',#3613,#3619,#1822,.T.);
#4408=EDGE_CURVE('',#3620,#3621,#1430,.T.);
#4409=EDGE_CURVE('',#3622,#3620,#1823,.T.);
#4410=EDGE_CURVE('',#3623,#3622,#1431,.T.);
#4411=EDGE_CURVE('',#3624,#3623,#1824,.T.);
#4412=EDGE_CURVE('',#3625,#3624,#1432,.T.);
#4413=EDGE_CURVE('',#3626,#3625,#1825,.T.);
#4414=EDGE_CURVE('',#3627,#3626,#1433,.T.);
#4415=EDGE_CURVE('',#3621,#3627,#1826,.T.);
#4416=EDGE_CURVE('',#3628,#3629,#1434,.T.);
#4417=EDGE_CURVE('',#3630,#3628,#1827,.T.);
#4418=EDGE_CURVE('',#3631,#3630,#1435,.T.);
#4419=EDGE_CURVE('',#3632,#3631,#1436,.T.);
#4420=EDGE_CURVE('',#3633,#3632,#1828,.T.);
#4421=EDGE_CURVE('',#3634,#3633,#1437,.T.);
#4422=EDGE_CURVE('',#3635,#3634,#1438,.T.);
#4423=EDGE_CURVE('',#3636,#3635,#1829,.T.);
#4424=EDGE_CURVE('',#3637,#3636,#1439,.T.);
#4425=EDGE_CURVE('',#3638,#3637,#1830,.T.);
#4426=EDGE_CURVE('',#3639,#3638,#1440,.T.);
#4427=EDGE_CURVE('',#3640,#3639,#1831,.T.);
#4428=EDGE_CURVE('',#3641,#3640,#1441,.T.);
#4429=EDGE_CURVE('',#3642,#3641,#1832,.T.);
#4430=EDGE_CURVE('',#3643,#3642,#1442,.T.);
#4431=EDGE_CURVE('',#3644,#3643,#1833,.T.);
#4432=EDGE_CURVE('',#3645,#3644,#1443,.T.);
#4433=EDGE_CURVE('',#3646,#3645,#1834,.T.);
#4434=EDGE_CURVE('',#3647,#3646,#1444,.T.);
#4435=EDGE_CURVE('',#3648,#3647,#1835,.T.);
#4436=EDGE_CURVE('',#3649,#3648,#1445,.T.);
#4437=EDGE_CURVE('',#3650,#3649,#1836,.T.);
#4438=EDGE_CURVE('',#3651,#3650,#1446,.T.);
#4439=EDGE_CURVE('',#3652,#3651,#1837,.T.);
#4440=EDGE_CURVE('',#3653,#3652,#1447,.T.);
#4441=EDGE_CURVE('',#3654,#3653,#1838,.T.);
#4442=EDGE_CURVE('',#3655,#3654,#1448,.T.);
#4443=EDGE_CURVE('',#3656,#3655,#1839,.T.);
#4444=EDGE_CURVE('',#3657,#3656,#1449,.T.);
#4445=EDGE_CURVE('',#3629,#3657,#1840,.T.);
#4446=EDGE_CURVE('',#3658,#3658,#1450,.T.);
#4447=EDGE_CURVE('',#3659,#3660,#1451,.T.);
#4448=EDGE_CURVE('',#3661,#3659,#1841,.T.);
#4449=EDGE_CURVE('',#3662,#3661,#1452,.T.);
#4450=EDGE_CURVE('',#3663,#3662,#1842,.T.);
#4451=EDGE_CURVE('',#3664,#3663,#1453,.T.);
#4452=EDGE_CURVE('',#3665,#3664,#1843,.T.);
#4453=EDGE_CURVE('',#3666,#3665,#1454,.T.);
#4454=EDGE_CURVE('',#3660,#3666,#1844,.T.);
#4455=EDGE_CURVE('',#3667,#3668,#1455,.T.);
#4456=EDGE_CURVE('',#3669,#3667,#1845,.T.);
#4457=EDGE_CURVE('',#3670,#3669,#1456,.T.);
#4458=EDGE_CURVE('',#3671,#3670,#1846,.T.);
#4459=EDGE_CURVE('',#3672,#3671,#1457,.T.);
#4460=EDGE_CURVE('',#3673,#3672,#1847,.T.);
#4461=EDGE_CURVE('',#3674,#3673,#1458,.T.);
#4462=EDGE_CURVE('',#3668,#3674,#1848,.T.);
#4463=EDGE_CURVE('',#3675,#3676,#1459,.T.);
#4464=EDGE_CURVE('',#3677,#3675,#1849,.T.);
#4465=EDGE_CURVE('',#3678,#3677,#1460,.T.);
#4466=EDGE_CURVE('',#3679,#3678,#1850,.T.);
#4467=EDGE_CURVE('',#3680,#3679,#1461,.T.);
#4468=EDGE_CURVE('',#3681,#3680,#1851,.T.);
#4469=EDGE_CURVE('',#3682,#3681,#1462,.T.);
#4470=EDGE_CURVE('',#3676,#3682,#1852,.T.);
#4471=EDGE_CURVE('',#3683,#3684,#1463,.T.);
#4472=EDGE_CURVE('',#3685,#3683,#1853,.T.);
#4473=EDGE_CURVE('',#3686,#3685,#1464,.T.);
#4474=EDGE_CURVE('',#3687,#3686,#1854,.T.);
#4475=EDGE_CURVE('',#3688,#3687,#1465,.T.);
#4476=EDGE_CURVE('',#3689,#3688,#1855,.T.);
#4477=EDGE_CURVE('',#3690,#3689,#1466,.T.);
#4478=EDGE_CURVE('',#3684,#3690,#1856,.T.);
#4479=EDGE_CURVE('',#3691,#3692,#1467,.T.);
#4480=EDGE_CURVE('',#3693,#3691,#1857,.T.);
#4481=EDGE_CURVE('',#3694,#3693,#1468,.T.);
#4482=EDGE_CURVE('',#3695,#3694,#1858,.T.);
#4483=EDGE_CURVE('',#3696,#3695,#1469,.T.);
#4484=EDGE_CURVE('',#3697,#3696,#1859,.T.);
#4485=EDGE_CURVE('',#3698,#3697,#1470,.T.);
#4486=EDGE_CURVE('',#3692,#3698,#1860,.T.);
#4487=EDGE_CURVE('',#3699,#3700,#1471,.T.);
#4488=EDGE_CURVE('',#3701,#3699,#1861,.T.);
#4489=EDGE_CURVE('',#3702,#3701,#1472,.T.);
#4490=EDGE_CURVE('',#3703,#3702,#1862,.T.);
#4491=EDGE_CURVE('',#3704,#3703,#1473,.T.);
#4492=EDGE_CURVE('',#3705,#3704,#1863,.T.);
#4493=EDGE_CURVE('',#3706,#3705,#1474,.T.);
#4494=EDGE_CURVE('',#3700,#3706,#1864,.T.);
#4495=EDGE_CURVE('',#3707,#3708,#1475,.T.);
#4496=EDGE_CURVE('',#3709,#3707,#1865,.T.);
#4497=EDGE_CURVE('',#3710,#3709,#1476,.T.);
#4498=EDGE_CURVE('',#3711,#3710,#1866,.T.);
#4499=EDGE_CURVE('',#3712,#3711,#1477,.T.);
#4500=EDGE_CURVE('',#3713,#3712,#1867,.T.);
#4501=EDGE_CURVE('',#3714,#3713,#1478,.T.);
#4502=EDGE_CURVE('',#3708,#3714,#1868,.T.);
#4503=EDGE_CURVE('',#3715,#3716,#1479,.T.);
#4504=EDGE_CURVE('',#3717,#3715,#1869,.T.);
#4505=EDGE_CURVE('',#3718,#3717,#1480,.T.);
#4506=EDGE_CURVE('',#3719,#3718,#1870,.T.);
#4507=EDGE_CURVE('',#3720,#3719,#1481,.T.);
#4508=EDGE_CURVE('',#3721,#3720,#1871,.T.);
#4509=EDGE_CURVE('',#3722,#3721,#1482,.T.);
#4510=EDGE_CURVE('',#3716,#3722,#1872,.T.);
#4511=EDGE_CURVE('',#3723,#3724,#1483,.T.);
#4512=EDGE_CURVE('',#3725,#3723,#1873,.T.);
#4513=EDGE_CURVE('',#3726,#3725,#1484,.T.);
#4514=EDGE_CURVE('',#3727,#3726,#1874,.T.);
#4515=EDGE_CURVE('',#3728,#3727,#1485,.T.);
#4516=EDGE_CURVE('',#3729,#3728,#1875,.T.);
#4517=EDGE_CURVE('',#3730,#3729,#1486,.T.);
#4518=EDGE_CURVE('',#3724,#3730,#1876,.T.);
#4519=EDGE_CURVE('',#3731,#3732,#1487,.T.);
#4520=EDGE_CURVE('',#3733,#3731,#1877,.T.);
#4521=EDGE_CURVE('',#3734,#3733,#1488,.T.);
#4522=EDGE_CURVE('',#3735,#3734,#1878,.T.);
#4523=EDGE_CURVE('',#3736,#3735,#1489,.T.);
#4524=EDGE_CURVE('',#3737,#3736,#1879,.T.);
#4525=EDGE_CURVE('',#3738,#3737,#1490,.T.);
#4526=EDGE_CURVE('',#3732,#3738,#1880,.T.);
#4527=EDGE_CURVE('',#3739,#3739,#1491,.T.);
#4528=EDGE_CURVE('',#3740,#3741,#1492,.T.);
#4529=EDGE_CURVE('',#3742,#3740,#1881,.T.);
#4530=EDGE_CURVE('',#3743,#3742,#1493,.T.);
#4531=EDGE_CURVE('',#3744,#3743,#1882,.T.);
#4532=EDGE_CURVE('',#3745,#3744,#1494,.T.);
#4533=EDGE_CURVE('',#3746,#3745,#1883,.T.);
#4534=EDGE_CURVE('',#3747,#3746,#1495,.T.);
#4535=EDGE_CURVE('',#3741,#3747,#1884,.T.);
#4536=EDGE_CURVE('',#3748,#3749,#1496,.T.);
#4537=EDGE_CURVE('',#3750,#3748,#1885,.T.);
#4538=EDGE_CURVE('',#3751,#3750,#1497,.T.);
#4539=EDGE_CURVE('',#3752,#3751,#1886,.T.);
#4540=EDGE_CURVE('',#3753,#3752,#1498,.T.);
#4541=EDGE_CURVE('',#3754,#3753,#1887,.T.);
#4542=EDGE_CURVE('',#3755,#3754,#1499,.T.);
#4543=EDGE_CURVE('',#3749,#3755,#1888,.T.);
#4544=EDGE_CURVE('',#3756,#3757,#1500,.T.);
#4545=EDGE_CURVE('',#3758,#3756,#1889,.T.);
#4546=EDGE_CURVE('',#3759,#3758,#1501,.T.);
#4547=EDGE_CURVE('',#3760,#3759,#1890,.T.);
#4548=EDGE_CURVE('',#3761,#3760,#1502,.T.);
#4549=EDGE_CURVE('',#3762,#3761,#1891,.T.);
#4550=EDGE_CURVE('',#3763,#3762,#1503,.T.);
#4551=EDGE_CURVE('',#3757,#3763,#1892,.T.);
#4552=EDGE_CURVE('',#3764,#3765,#1504,.T.);
#4553=EDGE_CURVE('',#3766,#3764,#1893,.T.);
#4554=EDGE_CURVE('',#3767,#3766,#1505,.T.);
#4555=EDGE_CURVE('',#3768,#3767,#1894,.T.);
#4556=EDGE_CURVE('',#3769,#3768,#1506,.T.);
#4557=EDGE_CURVE('',#3770,#3769,#1895,.T.);
#4558=EDGE_CURVE('',#3771,#3770,#1507,.T.);
#4559=EDGE_CURVE('',#3765,#3771,#1896,.T.);
#4560=EDGE_CURVE('',#3772,#3773,#1508,.T.);
#4561=EDGE_CURVE('',#3774,#3772,#1897,.T.);
#4562=EDGE_CURVE('',#3775,#3774,#1509,.T.);
#4563=EDGE_CURVE('',#3776,#3775,#1898,.T.);
#4564=EDGE_CURVE('',#3777,#3776,#1510,.T.);
#4565=EDGE_CURVE('',#3778,#3777,#1899,.T.);
#4566=EDGE_CURVE('',#3779,#3778,#1511,.T.);
#4567=EDGE_CURVE('',#3773,#3779,#1900,.T.);
#4568=EDGE_CURVE('',#3780,#3781,#1512,.T.);
#4569=EDGE_CURVE('',#3782,#3780,#1901,.T.);
#4570=EDGE_CURVE('',#3783,#3782,#1513,.T.);
#4571=EDGE_CURVE('',#3784,#3783,#1902,.T.);
#4572=EDGE_CURVE('',#3785,#3784,#1514,.T.);
#4573=EDGE_CURVE('',#3786,#3785,#1903,.T.);
#4574=EDGE_CURVE('',#3787,#3786,#1515,.T.);
#4575=EDGE_CURVE('',#3781,#3787,#1904,.T.);
#4576=EDGE_CURVE('',#3788,#3789,#1516,.T.);
#4577=EDGE_CURVE('',#3790,#3788,#1905,.T.);
#4578=EDGE_CURVE('',#3791,#3790,#1517,.T.);
#4579=EDGE_CURVE('',#3792,#3791,#1906,.T.);
#4580=EDGE_CURVE('',#3793,#3792,#1518,.T.);
#4581=EDGE_CURVE('',#3794,#3793,#1907,.T.);
#4582=EDGE_CURVE('',#3795,#3794,#1519,.T.);
#4583=EDGE_CURVE('',#3789,#3795,#1908,.T.);
#4584=EDGE_CURVE('',#3796,#3797,#1520,.T.);
#4585=EDGE_CURVE('',#3798,#3796,#1909,.T.);
#4586=EDGE_CURVE('',#3799,#3798,#1521,.T.);
#4587=EDGE_CURVE('',#3800,#3799,#1910,.T.);
#4588=EDGE_CURVE('',#3801,#3800,#1522,.T.);
#4589=EDGE_CURVE('',#3802,#3801,#1911,.T.);
#4590=EDGE_CURVE('',#3803,#3802,#1523,.T.);
#4591=EDGE_CURVE('',#3797,#3803,#1912,.T.);
#4592=EDGE_CURVE('',#3804,#3805,#1524,.T.);
#4593=EDGE_CURVE('',#3806,#3804,#1913,.T.);
#4594=EDGE_CURVE('',#3807,#3806,#1525,.T.);
#4595=EDGE_CURVE('',#3808,#3807,#1914,.T.);
#4596=EDGE_CURVE('',#3809,#3808,#1526,.T.);
#4597=EDGE_CURVE('',#3810,#3809,#1915,.T.);
#4598=EDGE_CURVE('',#3811,#3810,#1527,.T.);
#4599=EDGE_CURVE('',#3805,#3811,#1916,.T.);
#4600=EDGE_CURVE('',#3812,#3813,#1528,.T.);
#4601=EDGE_CURVE('',#3814,#3812,#1917,.T.);
#4602=EDGE_CURVE('',#3815,#3814,#1529,.T.);
#4603=EDGE_CURVE('',#3816,#3815,#1918,.T.);
#4604=EDGE_CURVE('',#3817,#3816,#1530,.T.);
#4605=EDGE_CURVE('',#3818,#3817,#1919,.T.);
#4606=EDGE_CURVE('',#3819,#3818,#1531,.T.);
#4607=EDGE_CURVE('',#3813,#3819,#1920,.T.);
#4608=EDGE_CURVE('',#3820,#3821,#1532,.T.);
#4609=EDGE_CURVE('',#3822,#3820,#1921,.T.);
#4610=EDGE_CURVE('',#3823,#3822,#1533,.T.);
#4611=EDGE_CURVE('',#3824,#3823,#1922,.T.);
#4612=EDGE_CURVE('',#3825,#3824,#1534,.T.);
#4613=EDGE_CURVE('',#3826,#3825,#1923,.T.);
#4614=EDGE_CURVE('',#3827,#3826,#1535,.T.);
#4615=EDGE_CURVE('',#3821,#3827,#1924,.T.);
#4616=EDGE_CURVE('',#3828,#3829,#1536,.T.);
#4617=EDGE_CURVE('',#3830,#3828,#1925,.T.);
#4618=EDGE_CURVE('',#3831,#3830,#1537,.T.);
#4619=EDGE_CURVE('',#3832,#3831,#1926,.T.);
#4620=EDGE_CURVE('',#3833,#3832,#1538,.T.);
#4621=EDGE_CURVE('',#3834,#3833,#1927,.T.);
#4622=EDGE_CURVE('',#3835,#3834,#1539,.T.);
#4623=EDGE_CURVE('',#3829,#3835,#1928,.T.);
#4624=EDGE_CURVE('',#3836,#3837,#1540,.T.);
#4625=EDGE_CURVE('',#3838,#3836,#1929,.T.);
#4626=EDGE_CURVE('',#3839,#3838,#1541,.T.);
#4627=EDGE_CURVE('',#3840,#3839,#1930,.T.);
#4628=EDGE_CURVE('',#3841,#3840,#1542,.T.);
#4629=EDGE_CURVE('',#3842,#3841,#1931,.T.);
#4630=EDGE_CURVE('',#3843,#3842,#1543,.T.);
#4631=EDGE_CURVE('',#3837,#3843,#1932,.T.);
#4632=EDGE_CURVE('',#3844,#3845,#1544,.T.);
#4633=EDGE_CURVE('',#3846,#3844,#1933,.T.);
#4634=EDGE_CURVE('',#3847,#3846,#1545,.T.);
#4635=EDGE_CURVE('',#3848,#3847,#1934,.T.);
#4636=EDGE_CURVE('',#3849,#3848,#1546,.T.);
#4637=EDGE_CURVE('',#3850,#3849,#1935,.T.);
#4638=EDGE_CURVE('',#3851,#3850,#1547,.T.);
#4639=EDGE_CURVE('',#3845,#3851,#1936,.T.);
#4640=EDGE_CURVE('',#3852,#3853,#1548,.T.);
#4641=EDGE_CURVE('',#3854,#3852,#1937,.T.);
#4642=EDGE_CURVE('',#3855,#3854,#1549,.T.);
#4643=EDGE_CURVE('',#3856,#3855,#1938,.T.);
#4644=EDGE_CURVE('',#3857,#3856,#1550,.T.);
#4645=EDGE_CURVE('',#3858,#3857,#1939,.T.);
#4646=EDGE_CURVE('',#3859,#3858,#1551,.T.);
#4647=EDGE_CURVE('',#3853,#3859,#1940,.T.);
#4648=EDGE_CURVE('',#3860,#3861,#1552,.T.);
#4649=EDGE_CURVE('',#3862,#3860,#1941,.T.);
#4650=EDGE_CURVE('',#3863,#3862,#1553,.T.);
#4651=EDGE_CURVE('',#3864,#3863,#1942,.T.);
#4652=EDGE_CURVE('',#3865,#3864,#1554,.T.);
#4653=EDGE_CURVE('',#3866,#3865,#1943,.T.);
#4654=EDGE_CURVE('',#3867,#3866,#1555,.T.);
#4655=EDGE_CURVE('',#3861,#3867,#1944,.T.);
#4656=EDGE_CURVE('',#3868,#3868,#1556,.T.);
#4657=EDGE_CURVE('',#3869,#3870,#1557,.T.);
#4658=EDGE_CURVE('',#3871,#3869,#1945,.T.);
#4659=EDGE_CURVE('',#3872,#3871,#1558,.T.);
#4660=EDGE_CURVE('',#3873,#3872,#1946,.T.);
#4661=EDGE_CURVE('',#3874,#3873,#1559,.T.);
#4662=EDGE_CURVE('',#3875,#3874,#1947,.T.);
#4663=EDGE_CURVE('',#3876,#3875,#1560,.T.);
#4664=EDGE_CURVE('',#3870,#3876,#1948,.T.);
#4665=EDGE_CURVE('',#3877,#3878,#1561,.T.);
#4666=EDGE_CURVE('',#3879,#3877,#1949,.T.);
#4667=EDGE_CURVE('',#3880,#3879,#1562,.T.);
#4668=EDGE_CURVE('',#3881,#3880,#1950,.T.);
#4669=EDGE_CURVE('',#3882,#3881,#1563,.T.);
#4670=EDGE_CURVE('',#3883,#3882,#1951,.T.);
#4671=EDGE_CURVE('',#3884,#3883,#1564,.T.);
#4672=EDGE_CURVE('',#3878,#3884,#1952,.T.);
#4673=EDGE_CURVE('',#3885,#3886,#1565,.T.);
#4674=EDGE_CURVE('',#3887,#3885,#1953,.T.);
#4675=EDGE_CURVE('',#3888,#3887,#1566,.T.);
#4676=EDGE_CURVE('',#3889,#3888,#1954,.T.);
#4677=EDGE_CURVE('',#3890,#3889,#1567,.T.);
#4678=EDGE_CURVE('',#3891,#3890,#1955,.T.);
#4679=EDGE_CURVE('',#3892,#3891,#1568,.T.);
#4680=EDGE_CURVE('',#3886,#3892,#1956,.T.);
#4681=EDGE_CURVE('',#3893,#3894,#1569,.T.);
#4682=EDGE_CURVE('',#3895,#3893,#1957,.T.);
#4683=EDGE_CURVE('',#3896,#3895,#1570,.T.);
#4684=EDGE_CURVE('',#3897,#3896,#1958,.T.);
#4685=EDGE_CURVE('',#3898,#3897,#1571,.T.);
#4686=EDGE_CURVE('',#3899,#3898,#1959,.T.);
#4687=EDGE_CURVE('',#3900,#3899,#1572,.T.);
#4688=EDGE_CURVE('',#3894,#3900,#1960,.T.);
#4689=EDGE_CURVE('',#3901,#3902,#1573,.T.);
#4690=EDGE_CURVE('',#3903,#3901,#1961,.T.);
#4691=EDGE_CURVE('',#3904,#3903,#1574,.T.);
#4692=EDGE_CURVE('',#3905,#3904,#1962,.T.);
#4693=EDGE_CURVE('',#3906,#3905,#1575,.T.);
#4694=EDGE_CURVE('',#3907,#3906,#1963,.T.);
#4695=EDGE_CURVE('',#3908,#3907,#1576,.T.);
#4696=EDGE_CURVE('',#3902,#3908,#1964,.T.);
#4697=EDGE_CURVE('',#3909,#3910,#1577,.T.);
#4698=EDGE_CURVE('',#3911,#3909,#1965,.T.);
#4699=EDGE_CURVE('',#3912,#3911,#1578,.T.);
#4700=EDGE_CURVE('',#3913,#3912,#1966,.T.);
#4701=EDGE_CURVE('',#3914,#3913,#1579,.T.);
#4702=EDGE_CURVE('',#3915,#3914,#1967,.T.);
#4703=EDGE_CURVE('',#3916,#3915,#1580,.T.);
#4704=EDGE_CURVE('',#3910,#3916,#1968,.T.);
#4705=EDGE_CURVE('',#3144,#3529,#1969,.T.);
#4706=EDGE_CURVE('',#3141,#3532,#1970,.T.);
#4707=EDGE_CURVE('',#3143,#3530,#1971,.T.);
#4708=EDGE_CURVE('',#3142,#3531,#1972,.T.);
#4709=EDGE_CURVE('',#3145,#3533,#1973,.T.);
#4710=EDGE_CURVE('',#3146,#3534,#1974,.T.);
#4711=EDGE_CURVE('',#3152,#3535,#1975,.T.);
#4712=EDGE_CURVE('',#3147,#3540,#1976,.T.);
#4713=EDGE_CURVE('',#3151,#3536,#1977,.T.);
#4714=EDGE_CURVE('',#3148,#3539,#1978,.T.);
#4715=EDGE_CURVE('',#3150,#3537,#1979,.T.);
#4716=EDGE_CURVE('',#3149,#3538,#1980,.T.);
#4717=EDGE_CURVE('',#3153,#3541,#1981,.T.);
#4718=EDGE_CURVE('',#3154,#3542,#1982,.T.);
#4719=EDGE_CURVE('',#3160,#3543,#1983,.T.);
#4720=EDGE_CURVE('',#3155,#3548,#1984,.T.);
#4721=EDGE_CURVE('',#3159,#3544,#1985,.T.);
#4722=EDGE_CURVE('',#3156,#3547,#1986,.T.);
#4723=EDGE_CURVE('',#3158,#3545,#1987,.T.);
#4724=EDGE_CURVE('',#3157,#3546,#1988,.T.);
#4725=EDGE_CURVE('',#3161,#3549,#1989,.T.);
#4726=EDGE_CURVE('',#3162,#3550,#1990,.T.);
#4727=EDGE_CURVE('',#3168,#3551,#1991,.T.);
#4728=EDGE_CURVE('',#3163,#3556,#1992,.T.);
#4729=EDGE_CURVE('',#3167,#3552,#1993,.T.);
#4730=EDGE_CURVE('',#3164,#3555,#1994,.T.);
#4731=EDGE_CURVE('',#3166,#3553,#1995,.T.);
#4732=EDGE_CURVE('',#3165,#3554,#1996,.T.);
#4733=EDGE_CURVE('',#3557,#3169,#1997,.T.);
#4734=EDGE_CURVE('',#3170,#3558,#1998,.T.);
#4735=EDGE_CURVE('',#3171,#3559,#1999,.T.);
#4736=EDGE_CURVE('',#3199,#3560,#2000,.T.);
#4737=EDGE_CURVE('',#3172,#3587,#2001,.T.);
#4738=EDGE_CURVE('',#3198,#3561,#2002,.T.);
#4739=EDGE_CURVE('',#3173,#3586,#2003,.T.);
#4740=EDGE_CURVE('',#3197,#3562,#2004,.T.);
#4741=EDGE_CURVE('',#3174,#3585,#2005,.T.);
#4742=EDGE_CURVE('',#3196,#3563,#2006,.T.);
#4743=EDGE_CURVE('',#3175,#3584,#2007,.T.);
#4744=EDGE_CURVE('',#3195,#3564,#2008,.T.);
#4745=EDGE_CURVE('',#3176,#3583,#2009,.T.);
#4746=EDGE_CURVE('',#3194,#3565,#2010,.T.);
#4747=EDGE_CURVE('',#3177,#3582,#2011,.T.);
#4748=EDGE_CURVE('',#3193,#3566,#2012,.T.);
#4749=EDGE_CURVE('',#3178,#3581,#2013,.T.);
#4750=EDGE_CURVE('',#3192,#3567,#2014,.T.);
#4751=EDGE_CURVE('',#3179,#3580,#2015,.T.);
#4752=EDGE_CURVE('',#3191,#3568,#2016,.T.);
#4753=EDGE_CURVE('',#3180,#3579,#2017,.T.);
#4754=EDGE_CURVE('',#3190,#3569,#2018,.T.);
#4755=EDGE_CURVE('',#3181,#3578,#2019,.T.);
#4756=EDGE_CURVE('',#3189,#3570,#2020,.T.);
#4757=EDGE_CURVE('',#3182,#3577,#2021,.T.);
#4758=EDGE_CURVE('',#3188,#3571,#2022,.T.);
#4759=EDGE_CURVE('',#3183,#3576,#2023,.T.);
#4760=EDGE_CURVE('',#3187,#3572,#2024,.T.);
#4761=EDGE_CURVE('',#3184,#3575,#2025,.T.);
#4762=EDGE_CURVE('',#3186,#3573,#2026,.T.);
#4763=EDGE_CURVE('',#3185,#3574,#2027,.T.);
#4764=EDGE_CURVE('',#3200,#3588,#2028,.T.);
#4765=EDGE_CURVE('',#3201,#3589,#2029,.T.);
#4766=EDGE_CURVE('',#3207,#3590,#2030,.T.);
#4767=EDGE_CURVE('',#3202,#3595,#2031,.T.);
#4768=EDGE_CURVE('',#3206,#3591,#2032,.T.);
#4769=EDGE_CURVE('',#3203,#3594,#2033,.T.);
#4770=EDGE_CURVE('',#3205,#3592,#2034,.T.);
#4771=EDGE_CURVE('',#3204,#3593,#2035,.T.);
#4772=EDGE_CURVE('',#3208,#3596,#2036,.T.);
#4773=EDGE_CURVE('',#3209,#3597,#2037,.T.);
#4774=EDGE_CURVE('',#3215,#3598,#2038,.T.);
#4775=EDGE_CURVE('',#3210,#3603,#2039,.T.);
#4776=EDGE_CURVE('',#3214,#3599,#2040,.T.);
#4777=EDGE_CURVE('',#3211,#3602,#2041,.T.);
#4778=EDGE_CURVE('',#3213,#3600,#2042,.T.);
#4779=EDGE_CURVE('',#3212,#3601,#2043,.T.);
#4780=EDGE_CURVE('',#3216,#3604,#2044,.T.);
#4781=EDGE_CURVE('',#3217,#3605,#2045,.T.);
#4782=EDGE_CURVE('',#3223,#3606,#2046,.T.);
#4783=EDGE_CURVE('',#3218,#3611,#2047,.T.);
#4784=EDGE_CURVE('',#3222,#3607,#2048,.T.);
#4785=EDGE_CURVE('',#3219,#3610,#2049,.T.);
#4786=EDGE_CURVE('',#3221,#3608,#2050,.T.);
#4787=EDGE_CURVE('',#3220,#3609,#2051,.T.);
#4788=EDGE_CURVE('',#3224,#3612,#2052,.T.);
#4789=EDGE_CURVE('',#3225,#3613,#2053,.T.);
#4790=EDGE_CURVE('',#3231,#3614,#2054,.T.);
#4791=EDGE_CURVE('',#3226,#3619,#2055,.T.);
#4792=EDGE_CURVE('',#3230,#3615,#2056,.T.);
#4793=EDGE_CURVE('',#3227,#3618,#2057,.T.);
#4794=EDGE_CURVE('',#3229,#3616,#2058,.T.);
#4795=EDGE_CURVE('',#3228,#3617,#2059,.T.);
#4796=EDGE_CURVE('',#3232,#3620,#2060,.T.);
#4797=EDGE_CURVE('',#3233,#3621,#2061,.T.);
#4798=EDGE_CURVE('',#3239,#3622,#2062,.T.);
#4799=EDGE_CURVE('',#3234,#3627,#2063,.T.);
#4800=EDGE_CURVE('',#3238,#3623,#2064,.T.);
#4801=EDGE_CURVE('',#3235,#3626,#2065,.T.);
#4802=EDGE_CURVE('',#3237,#3624,#2066,.T.);
#4803=EDGE_CURVE('',#3236,#3625,#2067,.T.);
#4804=EDGE_CURVE('',#3240,#3628,#2068,.T.);
#4805=EDGE_CURVE('',#3241,#3629,#2069,.T.);
#4806=EDGE_CURVE('',#3269,#3630,#2070,.T.);
#4807=EDGE_CURVE('',#3242,#3657,#2071,.T.);
#4808=EDGE_CURVE('',#3268,#3631,#2072,.T.);
#4809=EDGE_CURVE('',#3243,#3656,#2073,.T.);
#4810=EDGE_CURVE('',#3267,#3632,#2074,.T.);
#4811=EDGE_CURVE('',#3244,#3655,#2075,.T.);
#4812=EDGE_CURVE('',#3266,#3633,#2076,.T.);
#4813=EDGE_CURVE('',#3245,#3654,#2077,.T.);
#4814=EDGE_CURVE('',#3265,#3634,#2078,.T.);
#4815=EDGE_CURVE('',#3246,#3653,#2079,.T.);
#4816=EDGE_CURVE('',#3264,#3635,#2080,.T.);
#4817=EDGE_CURVE('',#3247,#3652,#2081,.T.);
#4818=EDGE_CURVE('',#3263,#3636,#2082,.T.);
#4819=EDGE_CURVE('',#3248,#3651,#2083,.T.);
#4820=EDGE_CURVE('',#3262,#3637,#2084,.T.);
#4821=EDGE_CURVE('',#3249,#3650,#2085,.T.);
#4822=EDGE_CURVE('',#3261,#3638,#2086,.T.);
#4823=EDGE_CURVE('',#3250,#3649,#2087,.T.);
#4824=EDGE_CURVE('',#3260,#3639,#2088,.T.);
#4825=EDGE_CURVE('',#3251,#3648,#2089,.T.);
#4826=EDGE_CURVE('',#3259,#3640,#2090,.T.);
#4827=EDGE_CURVE('',#3252,#3647,#2091,.T.);
#4828=EDGE_CURVE('',#3258,#3641,#2092,.T.);
#4829=EDGE_CURVE('',#3253,#3646,#2093,.T.);
#4830=EDGE_CURVE('',#3257,#3642,#2094,.T.);
#4831=EDGE_CURVE('',#3254,#3645,#2095,.T.);
#4832=EDGE_CURVE('',#3256,#3643,#2096,.T.);
#4833=EDGE_CURVE('',#3255,#3644,#2097,.T.);
#4834=EDGE_CURVE('',#3658,#3270,#2098,.T.);
#4835=EDGE_CURVE('',#3271,#3659,#2099,.T.);
#4836=EDGE_CURVE('',#3272,#3660,#2100,.T.);
#4837=EDGE_CURVE('',#3278,#3661,#2101,.T.);
#4838=EDGE_CURVE('',#3273,#3666,#2102,.T.);
#4839=EDGE_CURVE('',#3277,#3662,#2103,.T.);
#4840=EDGE_CURVE('',#3274,#3665,#2104,.T.);
#4841=EDGE_CURVE('',#3276,#3663,#2105,.T.);
#4842=EDGE_CURVE('',#3275,#3664,#2106,.T.);
#4843=EDGE_CURVE('',#3279,#3667,#2107,.T.);
#4844=EDGE_CURVE('',#3280,#3668,#2108,.T.);
#4845=EDGE_CURVE('',#3286,#3669,#2109,.T.);
#4846=EDGE_CURVE('',#3281,#3674,#2110,.T.);
#4847=EDGE_CURVE('',#3285,#3670,#2111,.T.);
#4848=EDGE_CURVE('',#3282,#3673,#2112,.T.);
#4849=EDGE_CURVE('',#3284,#3671,#2113,.T.);
#4850=EDGE_CURVE('',#3283,#3672,#2114,.T.);
#4851=EDGE_CURVE('',#3287,#3675,#2115,.T.);
#4852=EDGE_CURVE('',#3288,#3676,#2116,.T.);
#4853=EDGE_CURVE('',#3294,#3677,#2117,.T.);
#4854=EDGE_CURVE('',#3289,#3682,#2118,.T.);
#4855=EDGE_CURVE('',#3293,#3678,#2119,.T.);
#4856=EDGE_CURVE('',#3290,#3681,#2120,.T.);
#4857=EDGE_CURVE('',#3292,#3679,#2121,.T.);
#4858=EDGE_CURVE('',#3291,#3680,#2122,.T.);
#4859=EDGE_CURVE('',#3295,#3683,#2123,.T.);
#4860=EDGE_CURVE('',#3296,#3684,#2124,.T.);
#4861=EDGE_CURVE('',#3302,#3685,#2125,.T.);
#4862=EDGE_CURVE('',#3297,#3690,#2126,.T.);
#4863=EDGE_CURVE('',#3301,#3686,#2127,.T.);
#4864=EDGE_CURVE('',#3298,#3689,#2128,.T.);
#4865=EDGE_CURVE('',#3300,#3687,#2129,.T.);
#4866=EDGE_CURVE('',#3299,#3688,#2130,.T.);
#4867=EDGE_CURVE('',#3303,#3691,#2131,.T.);
#4868=EDGE_CURVE('',#3304,#3692,#2132,.T.);
#4869=EDGE_CURVE('',#3310,#3693,#2133,.T.);
#4870=EDGE_CURVE('',#3305,#3698,#2134,.T.);
#4871=EDGE_CURVE('',#3309,#3694,#2135,.T.);
#4872=EDGE_CURVE('',#3306,#3697,#2136,.T.);
#4873=EDGE_CURVE('',#3308,#3695,#2137,.T.);
#4874=EDGE_CURVE('',#3307,#3696,#2138,.T.);
#4875=EDGE_CURVE('',#3311,#3699,#2139,.T.);
#4876=EDGE_CURVE('',#3312,#3700,#2140,.T.);
#4877=EDGE_CURVE('',#3318,#3701,#2141,.T.);
#4878=EDGE_CURVE('',#3313,#3706,#2142,.T.);
#4879=EDGE_CURVE('',#3317,#3702,#2143,.T.);
#4880=EDGE_CURVE('',#3314,#3705,#2144,.T.);
#4881=EDGE_CURVE('',#3316,#3703,#2145,.T.);
#4882=EDGE_CURVE('',#3315,#3704,#2146,.T.);
#4883=EDGE_CURVE('',#3319,#3707,#2147,.T.);
#4884=EDGE_CURVE('',#3320,#3708,#2148,.T.);
#4885=EDGE_CURVE('',#3326,#3709,#2149,.T.);
#4886=EDGE_CURVE('',#3321,#3714,#2150,.T.);
#4887=EDGE_CURVE('',#3325,#3710,#2151,.T.);
#4888=EDGE_CURVE('',#3322,#3713,#2152,.T.);
#4889=EDGE_CURVE('',#3324,#3711,#2153,.T.);
#4890=EDGE_CURVE('',#3323,#3712,#2154,.T.);
#4891=EDGE_CURVE('',#3327,#3715,#2155,.T.);
#4892=EDGE_CURVE('',#3328,#3716,#2156,.T.);
#4893=EDGE_CURVE('',#3334,#3717,#2157,.T.);
#4894=EDGE_CURVE('',#3329,#3722,#2158,.T.);
#4895=EDGE_CURVE('',#3333,#3718,#2159,.T.);
#4896=EDGE_CURVE('',#3330,#3721,#2160,.T.);
#4897=EDGE_CURVE('',#3332,#3719,#2161,.T.);
#4898=EDGE_CURVE('',#3331,#3720,#2162,.T.);
#4899=EDGE_CURVE('',#3335,#3723,#2163,.T.);
#4900=EDGE_CURVE('',#3336,#3724,#2164,.T.);
#4901=EDGE_CURVE('',#3342,#3725,#2165,.T.);
#4902=EDGE_CURVE('',#3337,#3730,#2166,.T.);
#4903=EDGE_CURVE('',#3341,#3726,#2167,.T.);
#4904=EDGE_CURVE('',#3338,#3729,#2168,.T.);
#4905=EDGE_CURVE('',#3340,#3727,#2169,.T.);
#4906=EDGE_CURVE('',#3339,#3728,#2170,.T.);
#4907=EDGE_CURVE('',#3343,#3731,#2171,.T.);
#4908=EDGE_CURVE('',#3344,#3732,#2172,.T.);
#4909=EDGE_CURVE('',#3350,#3733,#2173,.T.);
#4910=EDGE_CURVE('',#3345,#3738,#2174,.T.);
#4911=EDGE_CURVE('',#3349,#3734,#2175,.T.);
#4912=EDGE_CURVE('',#3346,#3737,#2176,.T.);
#4913=EDGE_CURVE('',#3348,#3735,#2177,.T.);
#4914=EDGE_CURVE('',#3347,#3736,#2178,.T.);
#4915=EDGE_CURVE('',#3739,#3351,#2179,.T.);
#4916=EDGE_CURVE('',#3352,#3740,#2180,.T.);
#4917=EDGE_CURVE('',#3353,#3741,#2181,.T.);
#4918=EDGE_CURVE('',#3359,#3742,#2182,.T.);
#4919=EDGE_CURVE('',#3354,#3747,#2183,.T.);
#4920=EDGE_CURVE('',#3358,#3743,#2184,.T.);
#4921=EDGE_CURVE('',#3355,#3746,#2185,.T.);
#4922=EDGE_CURVE('',#3357,#3744,#2186,.T.);
#4923=EDGE_CURVE('',#3356,#3745,#2187,.T.);
#4924=EDGE_CURVE('',#3360,#3748,#2188,.T.);
#4925=EDGE_CURVE('',#3361,#3749,#2189,.T.);
#4926=EDGE_CURVE('',#3367,#3750,#2190,.T.);
#4927=EDGE_CURVE('',#3362,#3755,#2191,.T.);
#4928=EDGE_CURVE('',#3366,#3751,#2192,.T.);
#4929=EDGE_CURVE('',#3363,#3754,#2193,.T.);
#4930=EDGE_CURVE('',#3365,#3752,#2194,.T.);
#4931=EDGE_CURVE('',#3364,#3753,#2195,.T.);
#4932=EDGE_CURVE('',#3368,#3756,#2196,.T.);
#4933=EDGE_CURVE('',#3369,#3757,#2197,.T.);
#4934=EDGE_CURVE('',#3375,#3758,#2198,.T.);
#4935=EDGE_CURVE('',#3370,#3763,#2199,.T.);
#4936=EDGE_CURVE('',#3374,#3759,#2200,.T.);
#4937=EDGE_CURVE('',#3371,#3762,#2201,.T.);
#4938=EDGE_CURVE('',#3373,#3760,#2202,.T.);
#4939=EDGE_CURVE('',#3372,#3761,#2203,.T.);
#4940=EDGE_CURVE('',#3376,#3764,#2204,.T.);
#4941=EDGE_CURVE('',#3377,#3765,#2205,.T.);
#4942=EDGE_CURVE('',#3383,#3766,#2206,.T.);
#4943=EDGE_CURVE('',#3378,#3771,#2207,.T.);
#4944=EDGE_CURVE('',#3382,#3767,#2208,.T.);
#4945=EDGE_CURVE('',#3379,#3770,#2209,.T.);
#4946=EDGE_CURVE('',#3381,#3768,#2210,.T.);
#4947=EDGE_CURVE('',#3380,#3769,#2211,.T.);
#4948=EDGE_CURVE('',#3384,#3772,#2212,.T.);
#4949=EDGE_CURVE('',#3385,#3773,#2213,.T.);
#4950=EDGE_CURVE('',#3391,#3774,#2214,.T.);
#4951=EDGE_CURVE('',#3386,#3779,#2215,.T.);
#4952=EDGE_CURVE('',#3390,#3775,#2216,.T.);
#4953=EDGE_CURVE('',#3387,#3778,#2217,.T.);
#4954=EDGE_CURVE('',#3389,#3776,#2218,.T.);
#4955=EDGE_CURVE('',#3388,#3777,#2219,.T.);
#4956=EDGE_CURVE('',#3392,#3780,#2220,.T.);
#4957=EDGE_CURVE('',#3393,#3781,#2221,.T.);
#4958=EDGE_CURVE('',#3399,#3782,#2222,.T.);
#4959=EDGE_CURVE('',#3394,#3787,#2223,.T.);
#4960=EDGE_CURVE('',#3398,#3783,#2224,.T.);
#4961=EDGE_CURVE('',#3395,#3786,#2225,.T.);
#4962=EDGE_CURVE('',#3397,#3784,#2226,.T.);
#4963=EDGE_CURVE('',#3396,#3785,#2227,.T.);
#4964=EDGE_CURVE('',#3400,#3788,#2228,.T.);
#4965=EDGE_CURVE('',#3401,#3789,#2229,.T.);
#4966=EDGE_CURVE('',#3407,#3790,#2230,.T.);
#4967=EDGE_CURVE('',#3402,#3795,#2231,.T.);
#4968=EDGE_CURVE('',#3406,#3791,#2232,.T.);
#4969=EDGE_CURVE('',#3403,#3794,#2233,.T.);
#4970=EDGE_CURVE('',#3405,#3792,#2234,.T.);
#4971=EDGE_CURVE('',#3404,#3793,#2235,.T.);
#4972=EDGE_CURVE('',#3408,#3796,#2236,.T.);
#4973=EDGE_CURVE('',#3409,#3797,#2237,.T.);
#4974=EDGE_CURVE('',#3415,#3798,#2238,.T.);
#4975=EDGE_CURVE('',#3410,#3803,#2239,.T.);
#4976=EDGE_CURVE('',#3414,#3799,#2240,.T.);
#4977=EDGE_CURVE('',#3411,#3802,#2241,.T.);
#4978=EDGE_CURVE('',#3413,#3800,#2242,.T.);
#4979=EDGE_CURVE('',#3412,#3801,#2243,.T.);
#4980=EDGE_CURVE('',#3416,#3804,#2244,.T.);
#4981=EDGE_CURVE('',#3417,#3805,#2245,.T.);
#4982=EDGE_CURVE('',#3423,#3806,#2246,.T.);
#4983=EDGE_CURVE('',#3418,#3811,#2247,.T.);
#4984=EDGE_CURVE('',#3422,#3807,#2248,.T.);
#4985=EDGE_CURVE('',#3419,#3810,#2249,.T.);
#4986=EDGE_CURVE('',#3421,#3808,#2250,.T.);
#4987=EDGE_CURVE('',#3420,#3809,#2251,.T.);
#4988=EDGE_CURVE('',#3424,#3812,#2252,.T.);
#4989=EDGE_CURVE('',#3425,#3813,#2253,.T.);
#4990=EDGE_CURVE('',#3431,#3814,#2254,.T.);
#4991=EDGE_CURVE('',#3426,#3819,#2255,.T.);
#4992=EDGE_CURVE('',#3430,#3815,#2256,.T.);
#4993=EDGE_CURVE('',#3427,#3818,#2257,.T.);
#4994=EDGE_CURVE('',#3429,#3816,#2258,.T.);
#4995=EDGE_CURVE('',#3428,#3817,#2259,.T.);
#4996=EDGE_CURVE('',#3432,#3820,#2260,.T.);
#4997=EDGE_CURVE('',#3433,#3821,#2261,.T.);
#4998=EDGE_CURVE('',#3439,#3822,#2262,.T.);
#4999=EDGE_CURVE('',#3434,#3827,#2263,.T.);
#5000=EDGE_CURVE('',#3438,#3823,#2264,.T.);
#5001=EDGE_CURVE('',#3435,#3826,#2265,.T.);
#5002=EDGE_CURVE('',#3437,#3824,#2266,.T.);
#5003=EDGE_CURVE('',#3436,#3825,#2267,.T.);
#5004=EDGE_CURVE('',#3440,#3828,#2268,.T.);
#5005=EDGE_CURVE('',#3441,#3829,#2269,.T.);
#5006=EDGE_CURVE('',#3447,#3830,#2270,.T.);
#5007=EDGE_CURVE('',#3442,#3835,#2271,.T.);
#5008=EDGE_CURVE('',#3446,#3831,#2272,.T.);
#5009=EDGE_CURVE('',#3443,#3834,#2273,.T.);
#5010=EDGE_CURVE('',#3445,#3832,#2274,.T.);
#5011=EDGE_CURVE('',#3444,#3833,#2275,.T.);
#5012=EDGE_CURVE('',#3448,#3836,#2276,.T.);
#5013=EDGE_CURVE('',#3449,#3837,#2277,.T.);
#5014=EDGE_CURVE('',#3455,#3838,#2278,.T.);
#5015=EDGE_CURVE('',#3450,#3843,#2279,.T.);
#5016=EDGE_CURVE('',#3454,#3839,#2280,.T.);
#5017=EDGE_CURVE('',#3451,#3842,#2281,.T.);
#5018=EDGE_CURVE('',#3453,#3840,#2282,.T.);
#5019=EDGE_CURVE('',#3452,#3841,#2283,.T.);
#5020=EDGE_CURVE('',#3456,#3844,#2284,.T.);
#5021=EDGE_CURVE('',#3457,#3845,#2285,.T.);
#5022=EDGE_CURVE('',#3463,#3846,#2286,.T.);
#5023=EDGE_CURVE('',#3458,#3851,#2287,.T.);
#5024=EDGE_CURVE('',#3462,#3847,#2288,.T.);
#5025=EDGE_CURVE('',#3459,#3850,#2289,.T.);
#5026=EDGE_CURVE('',#3461,#3848,#2290,.T.);
#5027=EDGE_CURVE('',#3460,#3849,#2291,.T.);
#5028=EDGE_CURVE('',#3464,#3852,#2292,.T.);
#5029=EDGE_CURVE('',#3465,#3853,#2293,.T.);
#5030=EDGE_CURVE('',#3471,#3854,#2294,.T.);
#5031=EDGE_CURVE('',#3466,#3859,#2295,.T.);
#5032=EDGE_CURVE('',#3470,#3855,#2296,.T.);
#5033=EDGE_CURVE('',#3467,#3858,#2297,.T.);
#5034=EDGE_CURVE('',#3469,#3856,#2298,.T.);
#5035=EDGE_CURVE('',#3468,#3857,#2299,.T.);
#5036=EDGE_CURVE('',#3472,#3860,#2300,.T.);
#5037=EDGE_CURVE('',#3473,#3861,#2301,.T.);
#5038=EDGE_CURVE('',#3479,#3862,#2302,.T.);
#5039=EDGE_CURVE('',#3474,#3867,#2303,.T.);
#5040=EDGE_CURVE('',#3478,#3863,#2304,.T.);
#5041=EDGE_CURVE('',#3475,#3866,#2305,.T.);
#5042=EDGE_CURVE('',#3477,#3864,#2306,.T.);
#5043=EDGE_CURVE('',#3476,#3865,#2307,.T.);
#5044=EDGE_CURVE('',#3868,#3480,#2308,.T.);
#5045=EDGE_CURVE('',#3481,#3869,#2309,.T.);
#5046=EDGE_CURVE('',#3482,#3870,#2310,.T.);
#5047=EDGE_CURVE('',#3488,#3871,#2311,.T.);
#5048=EDGE_CURVE('',#3483,#3876,#2312,.T.);
#5049=EDGE_CURVE('',#3487,#3872,#2313,.T.);
#5050=EDGE_CURVE('',#3484,#3875,#2314,.T.);
#5051=EDGE_CURVE('',#3486,#3873,#2315,.T.);
#5052=EDGE_CURVE('',#3485,#3874,#2316,.T.);
#5053=EDGE_CURVE('',#3489,#3877,#2317,.T.);
#5054=EDGE_CURVE('',#3490,#3878,#2318,.T.);
#5055=EDGE_CURVE('',#3496,#3879,#2319,.T.);
#5056=EDGE_CURVE('',#3491,#3884,#2320,.T.);
#5057=EDGE_CURVE('',#3495,#3880,#2321,.T.);
#5058=EDGE_CURVE('',#3492,#3883,#2322,.T.);
#5059=EDGE_CURVE('',#3494,#3881,#2323,.T.);
#5060=EDGE_CURVE('',#3493,#3882,#2324,.T.);
#5061=EDGE_CURVE('',#3497,#3885,#2325,.T.);
#5062=EDGE_CURVE('',#3498,#3886,#2326,.T.);
#5063=EDGE_CURVE('',#3504,#3887,#2327,.T.);
#5064=EDGE_CURVE('',#3499,#3892,#2328,.T.);
#5065=EDGE_CURVE('',#3503,#3888,#2329,.T.);
#5066=EDGE_CURVE('',#3500,#3891,#2330,.T.);
#5067=EDGE_CURVE('',#3502,#3889,#2331,.T.);
#5068=EDGE_CURVE('',#3501,#3890,#2332,.T.);
#5069=EDGE_CURVE('',#3505,#3893,#2333,.T.);
#5070=EDGE_CURVE('',#3506,#3894,#2334,.T.);
#5071=EDGE_CURVE('',#3512,#3895,#2335,.T.);
#5072=EDGE_CURVE('',#3507,#3900,#2336,.T.);
#5073=EDGE_CURVE('',#3511,#3896,#2337,.T.);
#5074=EDGE_CURVE('',#3508,#3899,#2338,.T.);
#5075=EDGE_CURVE('',#3510,#3897,#2339,.T.);
#5076=EDGE_CURVE('',#3509,#3898,#2340,.T.);
#5077=EDGE_CURVE('',#3513,#3901,#2341,.T.);
#5078=EDGE_CURVE('',#3514,#3902,#2342,.T.);
#5079=EDGE_CURVE('',#3520,#3903,#2343,.T.);
#5080=EDGE_CURVE('',#3515,#3908,#2344,.T.);
#5081=EDGE_CURVE('',#3519,#3904,#2345,.T.);
#5082=EDGE_CURVE('',#3516,#3907,#2346,.T.);
#5083=EDGE_CURVE('',#3518,#3905,#2347,.T.);
#5084=EDGE_CURVE('',#3517,#3906,#2348,.T.);
#5085=EDGE_CURVE('',#3521,#3909,#2349,.T.);
#5086=EDGE_CURVE('',#3522,#3910,#2350,.T.);
#5087=EDGE_CURVE('',#3528,#3911,#2351,.T.);
#5088=EDGE_CURVE('',#3523,#3916,#2352,.T.);
#5089=EDGE_CURVE('',#3527,#3912,#2353,.T.);
#5090=EDGE_CURVE('',#3524,#3915,#2354,.T.);
#5091=EDGE_CURVE('',#3526,#3913,#2355,.T.);
#5092=EDGE_CURVE('',#3525,#3914,#2356,.T.);
#5093=ORIENTED_EDGE('',*,*,#3917,.T.);
#5094=ORIENTED_EDGE('',*,*,#3918,.T.);
#5095=ORIENTED_EDGE('',*,*,#3919,.F.);
#5096=ORIENTED_EDGE('',*,*,#3920,.F.);
#5097=ORIENTED_EDGE('',*,*,#3921,.T.);
#5098=ORIENTED_EDGE('',*,*,#3922,.T.);
#5099=ORIENTED_EDGE('',*,*,#3917,.F.);
#5100=ORIENTED_EDGE('',*,*,#3923,.F.);
#5101=ORIENTED_EDGE('',*,*,#3919,.T.);
#5102=ORIENTED_EDGE('',*,*,#3924,.T.);
#5103=ORIENTED_EDGE('',*,*,#3925,.F.);
#5104=ORIENTED_EDGE('',*,*,#3926,.F.);
#5105=ORIENTED_EDGE('',*,*,#3920,.T.);
#5106=ORIENTED_EDGE('',*,*,#3926,.T.);
#5107=ORIENTED_EDGE('',*,*,#3927,.T.);
#5108=ORIENTED_EDGE('',*,*,#3928,.T.);
#5109=ORIENTED_EDGE('',*,*,#3929,.T.);
#5110=ORIENTED_EDGE('',*,*,#3930,.T.);
#5111=ORIENTED_EDGE('',*,*,#3931,.T.);
#5112=ORIENTED_EDGE('',*,*,#3923,.T.);
#5113=ORIENTED_EDGE('',*,*,#3932,.T.);
#5114=ORIENTED_EDGE('',*,*,#3933,.T.);
#5115=ORIENTED_EDGE('',*,*,#3934,.T.);
#5116=ORIENTED_EDGE('',*,*,#3935,.T.);
#5117=ORIENTED_EDGE('',*,*,#3936,.T.);
#5118=ORIENTED_EDGE('',*,*,#3937,.T.);
#5119=ORIENTED_EDGE('',*,*,#3938,.T.);
#5120=ORIENTED_EDGE('',*,*,#3939,.T.);
#5121=ORIENTED_EDGE('',*,*,#3940,.T.);
#5122=ORIENTED_EDGE('',*,*,#3941,.T.);
#5123=ORIENTED_EDGE('',*,*,#3942,.T.);
#5124=ORIENTED_EDGE('',*,*,#3943,.T.);
#5125=ORIENTED_EDGE('',*,*,#3944,.T.);
#5126=ORIENTED_EDGE('',*,*,#3945,.T.);
#5127=ORIENTED_EDGE('',*,*,#3946,.T.);
#5128=ORIENTED_EDGE('',*,*,#3947,.T.);
#5129=ORIENTED_EDGE('',*,*,#3948,.T.);
#5130=ORIENTED_EDGE('',*,*,#3949,.T.);
#5131=ORIENTED_EDGE('',*,*,#3950,.T.);
#5132=ORIENTED_EDGE('',*,*,#3951,.T.);
#5133=ORIENTED_EDGE('',*,*,#3952,.T.);
#5134=ORIENTED_EDGE('',*,*,#3953,.T.);
#5135=ORIENTED_EDGE('',*,*,#3954,.T.);
#5136=ORIENTED_EDGE('',*,*,#3955,.T.);
#5137=ORIENTED_EDGE('',*,*,#3956,.F.);
#5138=ORIENTED_EDGE('',*,*,#3957,.T.);
#5139=ORIENTED_EDGE('',*,*,#3958,.T.);
#5140=ORIENTED_EDGE('',*,*,#3959,.T.);
#5141=ORIENTED_EDGE('',*,*,#3960,.T.);
#5142=ORIENTED_EDGE('',*,*,#3961,.T.);
#5143=ORIENTED_EDGE('',*,*,#3962,.T.);
#5144=ORIENTED_EDGE('',*,*,#3963,.T.);
#5145=ORIENTED_EDGE('',*,*,#3964,.T.);
#5146=ORIENTED_EDGE('',*,*,#3965,.T.);
#5147=ORIENTED_EDGE('',*,*,#3966,.T.);
#5148=ORIENTED_EDGE('',*,*,#3967,.T.);
#5149=ORIENTED_EDGE('',*,*,#3968,.T.);
#5150=ORIENTED_EDGE('',*,*,#3969,.T.);
#5151=ORIENTED_EDGE('',*,*,#3970,.T.);
#5152=ORIENTED_EDGE('',*,*,#3971,.T.);
#5153=ORIENTED_EDGE('',*,*,#3972,.T.);
#5154=ORIENTED_EDGE('',*,*,#3973,.T.);
#5155=ORIENTED_EDGE('',*,*,#3974,.T.);
#5156=ORIENTED_EDGE('',*,*,#3975,.T.);
#5157=ORIENTED_EDGE('',*,*,#3976,.T.);
#5158=ORIENTED_EDGE('',*,*,#3977,.T.);
#5159=ORIENTED_EDGE('',*,*,#3978,.T.);
#5160=ORIENTED_EDGE('',*,*,#3979,.T.);
#5161=ORIENTED_EDGE('',*,*,#3980,.T.);
#5162=ORIENTED_EDGE('',*,*,#3981,.T.);
#5163=ORIENTED_EDGE('',*,*,#3982,.T.);
#5164=ORIENTED_EDGE('',*,*,#3983,.T.);
#5165=ORIENTED_EDGE('',*,*,#3984,.T.);
#5166=ORIENTED_EDGE('',*,*,#3985,.T.);
#5167=ORIENTED_EDGE('',*,*,#3986,.T.);
#5168=ORIENTED_EDGE('',*,*,#3987,.T.);
#5169=ORIENTED_EDGE('',*,*,#3988,.T.);
#5170=ORIENTED_EDGE('',*,*,#3989,.T.);
#5171=ORIENTED_EDGE('',*,*,#3990,.T.);
#5172=ORIENTED_EDGE('',*,*,#3991,.T.);
#5173=ORIENTED_EDGE('',*,*,#3992,.T.);
#5174=ORIENTED_EDGE('',*,*,#3993,.T.);
#5175=ORIENTED_EDGE('',*,*,#3994,.T.);
#5176=ORIENTED_EDGE('',*,*,#3995,.T.);
#5177=ORIENTED_EDGE('',*,*,#3996,.T.);
#5178=ORIENTED_EDGE('',*,*,#3997,.T.);
#5179=ORIENTED_EDGE('',*,*,#3998,.T.);
#5180=ORIENTED_EDGE('',*,*,#3999,.T.);
#5181=ORIENTED_EDGE('',*,*,#4000,.T.);
#5182=ORIENTED_EDGE('',*,*,#4001,.T.);
#5183=ORIENTED_EDGE('',*,*,#4002,.T.);
#5184=ORIENTED_EDGE('',*,*,#4003,.T.);
#5185=ORIENTED_EDGE('',*,*,#4004,.T.);
#5186=ORIENTED_EDGE('',*,*,#4005,.T.);
#5187=ORIENTED_EDGE('',*,*,#4006,.T.);
#5188=ORIENTED_EDGE('',*,*,#4007,.T.);
#5189=ORIENTED_EDGE('',*,*,#4008,.T.);
#5190=ORIENTED_EDGE('',*,*,#4009,.T.);
#5191=ORIENTED_EDGE('',*,*,#4010,.T.);
#5192=ORIENTED_EDGE('',*,*,#4011,.T.);
#5193=ORIENTED_EDGE('',*,*,#4012,.T.);
#5194=ORIENTED_EDGE('',*,*,#4013,.T.);
#5195=ORIENTED_EDGE('',*,*,#4014,.T.);
#5196=ORIENTED_EDGE('',*,*,#4015,.T.);
#5197=ORIENTED_EDGE('',*,*,#4016,.T.);
#5198=ORIENTED_EDGE('',*,*,#4017,.T.);
#5199=ORIENTED_EDGE('',*,*,#4018,.T.);
#5200=ORIENTED_EDGE('',*,*,#4019,.T.);
#5201=ORIENTED_EDGE('',*,*,#4020,.T.);
#5202=ORIENTED_EDGE('',*,*,#4021,.T.);
#5203=ORIENTED_EDGE('',*,*,#4022,.T.);
#5204=ORIENTED_EDGE('',*,*,#4023,.T.);
#5205=ORIENTED_EDGE('',*,*,#4024,.T.);
#5206=ORIENTED_EDGE('',*,*,#4025,.T.);
#5207=ORIENTED_EDGE('',*,*,#4026,.T.);
#5208=ORIENTED_EDGE('',*,*,#4027,.T.);
#5209=ORIENTED_EDGE('',*,*,#4028,.T.);
#5210=ORIENTED_EDGE('',*,*,#4029,.T.);
#5211=ORIENTED_EDGE('',*,*,#4030,.T.);
#5212=ORIENTED_EDGE('',*,*,#4031,.T.);
#5213=ORIENTED_EDGE('',*,*,#4032,.T.);
#5214=ORIENTED_EDGE('',*,*,#4033,.T.);
#5215=ORIENTED_EDGE('',*,*,#4034,.T.);
#5216=ORIENTED_EDGE('',*,*,#4035,.T.);
#5217=ORIENTED_EDGE('',*,*,#4036,.T.);
#5218=ORIENTED_EDGE('',*,*,#4037,.T.);
#5219=ORIENTED_EDGE('',*,*,#4038,.T.);
#5220=ORIENTED_EDGE('',*,*,#4039,.T.);
#5221=ORIENTED_EDGE('',*,*,#4040,.T.);
#5222=ORIENTED_EDGE('',*,*,#4041,.T.);
#5223=ORIENTED_EDGE('',*,*,#4042,.T.);
#5224=ORIENTED_EDGE('',*,*,#4043,.T.);
#5225=ORIENTED_EDGE('',*,*,#4044,.T.);
#5226=ORIENTED_EDGE('',*,*,#4045,.T.);
#5227=ORIENTED_EDGE('',*,*,#4046,.T.);
#5228=ORIENTED_EDGE('',*,*,#4047,.T.);
#5229=ORIENTED_EDGE('',*,*,#4048,.T.);
#5230=ORIENTED_EDGE('',*,*,#4049,.T.);
#5231=ORIENTED_EDGE('',*,*,#4050,.T.);
#5232=ORIENTED_EDGE('',*,*,#4051,.T.);
#5233=ORIENTED_EDGE('',*,*,#4052,.T.);
#5234=ORIENTED_EDGE('',*,*,#4053,.T.);
#5235=ORIENTED_EDGE('',*,*,#4054,.T.);
#5236=ORIENTED_EDGE('',*,*,#4055,.T.);
#5237=ORIENTED_EDGE('',*,*,#4056,.T.);
#5238=ORIENTED_EDGE('',*,*,#4057,.F.);
#5239=ORIENTED_EDGE('',*,*,#4058,.T.);
#5240=ORIENTED_EDGE('',*,*,#4059,.T.);
#5241=ORIENTED_EDGE('',*,*,#4060,.T.);
#5242=ORIENTED_EDGE('',*,*,#4061,.T.);
#5243=ORIENTED_EDGE('',*,*,#4062,.T.);
#5244=ORIENTED_EDGE('',*,*,#4063,.T.);
#5245=ORIENTED_EDGE('',*,*,#4064,.T.);
#5246=ORIENTED_EDGE('',*,*,#4065,.T.);
#5247=ORIENTED_EDGE('',*,*,#4066,.T.);
#5248=ORIENTED_EDGE('',*,*,#4067,.T.);
#5249=ORIENTED_EDGE('',*,*,#4068,.T.);
#5250=ORIENTED_EDGE('',*,*,#4069,.T.);
#5251=ORIENTED_EDGE('',*,*,#4070,.T.);
#5252=ORIENTED_EDGE('',*,*,#4071,.T.);
#5253=ORIENTED_EDGE('',*,*,#4072,.T.);
#5254=ORIENTED_EDGE('',*,*,#4073,.T.);
#5255=ORIENTED_EDGE('',*,*,#4074,.T.);
#5256=ORIENTED_EDGE('',*,*,#4075,.T.);
#5257=ORIENTED_EDGE('',*,*,#4076,.T.);
#5258=ORIENTED_EDGE('',*,*,#4077,.T.);
#5259=ORIENTED_EDGE('',*,*,#4078,.T.);
#5260=ORIENTED_EDGE('',*,*,#4079,.T.);
#5261=ORIENTED_EDGE('',*,*,#4080,.T.);
#5262=ORIENTED_EDGE('',*,*,#4081,.T.);
#5263=ORIENTED_EDGE('',*,*,#4082,.T.);
#5264=ORIENTED_EDGE('',*,*,#4083,.T.);
#5265=ORIENTED_EDGE('',*,*,#4084,.T.);
#5266=ORIENTED_EDGE('',*,*,#4085,.T.);
#5267=ORIENTED_EDGE('',*,*,#4086,.T.);
#5268=ORIENTED_EDGE('',*,*,#4087,.T.);
#5269=ORIENTED_EDGE('',*,*,#4088,.T.);
#5270=ORIENTED_EDGE('',*,*,#4089,.T.);
#5271=ORIENTED_EDGE('',*,*,#4090,.T.);
#5272=ORIENTED_EDGE('',*,*,#4091,.T.);
#5273=ORIENTED_EDGE('',*,*,#4092,.T.);
#5274=ORIENTED_EDGE('',*,*,#4093,.T.);
#5275=ORIENTED_EDGE('',*,*,#4094,.T.);
#5276=ORIENTED_EDGE('',*,*,#4095,.T.);
#5277=ORIENTED_EDGE('',*,*,#4096,.T.);
#5278=ORIENTED_EDGE('',*,*,#4097,.T.);
#5279=ORIENTED_EDGE('',*,*,#4098,.T.);
#5280=ORIENTED_EDGE('',*,*,#4099,.T.);
#5281=ORIENTED_EDGE('',*,*,#4100,.T.);
#5282=ORIENTED_EDGE('',*,*,#4101,.T.);
#5283=ORIENTED_EDGE('',*,*,#4102,.T.);
#5284=ORIENTED_EDGE('',*,*,#4103,.T.);
#5285=ORIENTED_EDGE('',*,*,#4104,.T.);
#5286=ORIENTED_EDGE('',*,*,#4105,.T.);
#5287=ORIENTED_EDGE('',*,*,#4106,.T.);
#5288=ORIENTED_EDGE('',*,*,#4107,.T.);
#5289=ORIENTED_EDGE('',*,*,#4108,.T.);
#5290=ORIENTED_EDGE('',*,*,#4109,.T.);
#5291=ORIENTED_EDGE('',*,*,#4110,.T.);
#5292=ORIENTED_EDGE('',*,*,#4111,.T.);
#5293=ORIENTED_EDGE('',*,*,#4112,.T.);
#5294=ORIENTED_EDGE('',*,*,#4113,.T.);
#5295=ORIENTED_EDGE('',*,*,#4114,.T.);
#5296=ORIENTED_EDGE('',*,*,#4115,.T.);
#5297=ORIENTED_EDGE('',*,*,#4116,.T.);
#5298=ORIENTED_EDGE('',*,*,#4117,.T.);
#5299=ORIENTED_EDGE('',*,*,#4118,.T.);
#5300=ORIENTED_EDGE('',*,*,#4119,.T.);
#5301=ORIENTED_EDGE('',*,*,#4120,.T.);
#5302=ORIENTED_EDGE('',*,*,#4121,.T.);
#5303=ORIENTED_EDGE('',*,*,#4122,.T.);
#5304=ORIENTED_EDGE('',*,*,#4123,.T.);
#5305=ORIENTED_EDGE('',*,*,#4124,.T.);
#5306=ORIENTED_EDGE('',*,*,#4125,.T.);
#5307=ORIENTED_EDGE('',*,*,#4126,.T.);
#5308=ORIENTED_EDGE('',*,*,#4127,.T.);
#5309=ORIENTED_EDGE('',*,*,#4128,.T.);
#5310=ORIENTED_EDGE('',*,*,#4129,.T.);
#5311=ORIENTED_EDGE('',*,*,#4130,.T.);
#5312=ORIENTED_EDGE('',*,*,#4131,.T.);
#5313=ORIENTED_EDGE('',*,*,#4132,.T.);
#5314=ORIENTED_EDGE('',*,*,#4133,.T.);
#5315=ORIENTED_EDGE('',*,*,#4134,.T.);
#5316=ORIENTED_EDGE('',*,*,#4135,.T.);
#5317=ORIENTED_EDGE('',*,*,#4136,.T.);
#5318=ORIENTED_EDGE('',*,*,#4137,.T.);
#5319=ORIENTED_EDGE('',*,*,#4138,.F.);
#5320=ORIENTED_EDGE('',*,*,#4139,.T.);
#5321=ORIENTED_EDGE('',*,*,#4140,.T.);
#5322=ORIENTED_EDGE('',*,*,#4141,.T.);
#5323=ORIENTED_EDGE('',*,*,#4142,.T.);
#5324=ORIENTED_EDGE('',*,*,#4143,.T.);
#5325=ORIENTED_EDGE('',*,*,#4144,.T.);
#5326=ORIENTED_EDGE('',*,*,#4145,.T.);
#5327=ORIENTED_EDGE('',*,*,#4146,.T.);
#5328=ORIENTED_EDGE('',*,*,#4147,.T.);
#5329=ORIENTED_EDGE('',*,*,#4148,.T.);
#5330=ORIENTED_EDGE('',*,*,#4149,.T.);
#5331=ORIENTED_EDGE('',*,*,#4150,.T.);
#5332=ORIENTED_EDGE('',*,*,#4151,.T.);
#5333=ORIENTED_EDGE('',*,*,#4152,.T.);
#5334=ORIENTED_EDGE('',*,*,#4153,.T.);
#5335=ORIENTED_EDGE('',*,*,#4154,.T.);
#5336=ORIENTED_EDGE('',*,*,#4155,.T.);
#5337=ORIENTED_EDGE('',*,*,#4156,.T.);
#5338=ORIENTED_EDGE('',*,*,#4157,.T.);
#5339=ORIENTED_EDGE('',*,*,#4158,.T.);
#5340=ORIENTED_EDGE('',*,*,#4159,.T.);
#5341=ORIENTED_EDGE('',*,*,#4160,.T.);
#5342=ORIENTED_EDGE('',*,*,#4161,.T.);
#5343=ORIENTED_EDGE('',*,*,#4162,.T.);
#5344=ORIENTED_EDGE('',*,*,#4163,.T.);
#5345=ORIENTED_EDGE('',*,*,#4164,.T.);
#5346=ORIENTED_EDGE('',*,*,#4165,.T.);
#5347=ORIENTED_EDGE('',*,*,#4166,.T.);
#5348=ORIENTED_EDGE('',*,*,#4167,.T.);
#5349=ORIENTED_EDGE('',*,*,#4168,.T.);
#5350=ORIENTED_EDGE('',*,*,#4169,.T.);
#5351=ORIENTED_EDGE('',*,*,#4170,.T.);
#5352=ORIENTED_EDGE('',*,*,#4171,.T.);
#5353=ORIENTED_EDGE('',*,*,#4172,.T.);
#5354=ORIENTED_EDGE('',*,*,#4173,.T.);
#5355=ORIENTED_EDGE('',*,*,#4174,.T.);
#5356=ORIENTED_EDGE('',*,*,#4175,.T.);
#5357=ORIENTED_EDGE('',*,*,#4176,.T.);
#5358=ORIENTED_EDGE('',*,*,#4177,.T.);
#5359=ORIENTED_EDGE('',*,*,#4178,.T.);
#5360=ORIENTED_EDGE('',*,*,#4179,.T.);
#5361=ORIENTED_EDGE('',*,*,#4180,.T.);
#5362=ORIENTED_EDGE('',*,*,#4181,.T.);
#5363=ORIENTED_EDGE('',*,*,#4182,.T.);
#5364=ORIENTED_EDGE('',*,*,#4183,.T.);
#5365=ORIENTED_EDGE('',*,*,#4184,.T.);
#5366=ORIENTED_EDGE('',*,*,#4185,.T.);
#5367=ORIENTED_EDGE('',*,*,#4186,.T.);
#5368=ORIENTED_EDGE('',*,*,#4187,.T.);
#5369=ORIENTED_EDGE('',*,*,#4188,.T.);
#5370=ORIENTED_EDGE('',*,*,#4189,.T.);
#5371=ORIENTED_EDGE('',*,*,#4190,.T.);
#5372=ORIENTED_EDGE('',*,*,#4191,.T.);
#5373=ORIENTED_EDGE('',*,*,#4192,.T.);
#5374=ORIENTED_EDGE('',*,*,#4193,.T.);
#5375=ORIENTED_EDGE('',*,*,#4194,.T.);
#5376=ORIENTED_EDGE('',*,*,#4195,.T.);
#5377=ORIENTED_EDGE('',*,*,#4196,.T.);
#5378=ORIENTED_EDGE('',*,*,#4197,.T.);
#5379=ORIENTED_EDGE('',*,*,#4198,.T.);
#5380=ORIENTED_EDGE('',*,*,#4199,.T.);
#5381=ORIENTED_EDGE('',*,*,#4200,.T.);
#5382=ORIENTED_EDGE('',*,*,#4201,.T.);
#5383=ORIENTED_EDGE('',*,*,#4202,.T.);
#5384=ORIENTED_EDGE('',*,*,#4203,.T.);
#5385=ORIENTED_EDGE('',*,*,#4204,.T.);
#5386=ORIENTED_EDGE('',*,*,#4205,.T.);
#5387=ORIENTED_EDGE('',*,*,#4206,.T.);
#5388=ORIENTED_EDGE('',*,*,#4207,.T.);
#5389=ORIENTED_EDGE('',*,*,#4208,.T.);
#5390=ORIENTED_EDGE('',*,*,#4209,.T.);
#5391=ORIENTED_EDGE('',*,*,#4210,.T.);
#5392=ORIENTED_EDGE('',*,*,#4211,.T.);
#5393=ORIENTED_EDGE('',*,*,#4212,.T.);
#5394=ORIENTED_EDGE('',*,*,#4213,.T.);
#5395=ORIENTED_EDGE('',*,*,#4214,.T.);
#5396=ORIENTED_EDGE('',*,*,#4215,.T.);
#5397=ORIENTED_EDGE('',*,*,#4216,.T.);
#5398=ORIENTED_EDGE('',*,*,#4217,.T.);
#5399=ORIENTED_EDGE('',*,*,#4218,.T.);
#5400=ORIENTED_EDGE('',*,*,#4219,.T.);
#5401=ORIENTED_EDGE('',*,*,#4220,.T.);
#5402=ORIENTED_EDGE('',*,*,#4221,.T.);
#5403=ORIENTED_EDGE('',*,*,#4222,.T.);
#5404=ORIENTED_EDGE('',*,*,#4223,.T.);
#5405=ORIENTED_EDGE('',*,*,#4224,.T.);
#5406=ORIENTED_EDGE('',*,*,#4225,.T.);
#5407=ORIENTED_EDGE('',*,*,#4226,.T.);
#5408=ORIENTED_EDGE('',*,*,#4227,.T.);
#5409=ORIENTED_EDGE('',*,*,#4228,.T.);
#5410=ORIENTED_EDGE('',*,*,#4229,.T.);
#5411=ORIENTED_EDGE('',*,*,#4230,.T.);
#5412=ORIENTED_EDGE('',*,*,#4231,.T.);
#5413=ORIENTED_EDGE('',*,*,#4232,.T.);
#5414=ORIENTED_EDGE('',*,*,#4233,.T.);
#5415=ORIENTED_EDGE('',*,*,#4234,.T.);
#5416=ORIENTED_EDGE('',*,*,#4235,.T.);
#5417=ORIENTED_EDGE('',*,*,#4236,.T.);
#5418=ORIENTED_EDGE('',*,*,#4237,.T.);
#5419=ORIENTED_EDGE('',*,*,#4238,.T.);
#5420=ORIENTED_EDGE('',*,*,#4239,.T.);
#5421=ORIENTED_EDGE('',*,*,#4240,.T.);
#5422=ORIENTED_EDGE('',*,*,#4241,.T.);
#5423=ORIENTED_EDGE('',*,*,#4242,.T.);
#5424=ORIENTED_EDGE('',*,*,#4243,.T.);
#5425=ORIENTED_EDGE('',*,*,#4244,.T.);
#5426=ORIENTED_EDGE('',*,*,#4245,.T.);
#5427=ORIENTED_EDGE('',*,*,#4246,.T.);
#5428=ORIENTED_EDGE('',*,*,#4247,.T.);
#5429=ORIENTED_EDGE('',*,*,#4248,.T.);
#5430=ORIENTED_EDGE('',*,*,#4249,.T.);
#5431=ORIENTED_EDGE('',*,*,#4250,.T.);
#5432=ORIENTED_EDGE('',*,*,#4251,.T.);
#5433=ORIENTED_EDGE('',*,*,#4252,.T.);
#5434=ORIENTED_EDGE('',*,*,#4253,.T.);
#5435=ORIENTED_EDGE('',*,*,#4254,.T.);
#5436=ORIENTED_EDGE('',*,*,#4255,.T.);
#5437=ORIENTED_EDGE('',*,*,#4256,.T.);
#5438=ORIENTED_EDGE('',*,*,#4257,.T.);
#5439=ORIENTED_EDGE('',*,*,#4258,.T.);
#5440=ORIENTED_EDGE('',*,*,#4259,.T.);
#5441=ORIENTED_EDGE('',*,*,#4260,.T.);
#5442=ORIENTED_EDGE('',*,*,#4261,.T.);
#5443=ORIENTED_EDGE('',*,*,#4262,.T.);
#5444=ORIENTED_EDGE('',*,*,#4263,.T.);
#5445=ORIENTED_EDGE('',*,*,#4264,.T.);
#5446=ORIENTED_EDGE('',*,*,#4265,.T.);
#5447=ORIENTED_EDGE('',*,*,#4266,.T.);
#5448=ORIENTED_EDGE('',*,*,#4267,.F.);
#5449=ORIENTED_EDGE('',*,*,#4268,.T.);
#5450=ORIENTED_EDGE('',*,*,#4269,.T.);
#5451=ORIENTED_EDGE('',*,*,#4270,.T.);
#5452=ORIENTED_EDGE('',*,*,#4271,.T.);
#5453=ORIENTED_EDGE('',*,*,#4272,.T.);
#5454=ORIENTED_EDGE('',*,*,#4273,.T.);
#5455=ORIENTED_EDGE('',*,*,#4274,.T.);
#5456=ORIENTED_EDGE('',*,*,#4275,.T.);
#5457=ORIENTED_EDGE('',*,*,#4276,.T.);
#5458=ORIENTED_EDGE('',*,*,#4277,.T.);
#5459=ORIENTED_EDGE('',*,*,#4278,.T.);
#5460=ORIENTED_EDGE('',*,*,#4279,.T.);
#5461=ORIENTED_EDGE('',*,*,#4280,.T.);
#5462=ORIENTED_EDGE('',*,*,#4281,.T.);
#5463=ORIENTED_EDGE('',*,*,#4282,.T.);
#5464=ORIENTED_EDGE('',*,*,#4283,.T.);
#5465=ORIENTED_EDGE('',*,*,#4284,.T.);
#5466=ORIENTED_EDGE('',*,*,#4285,.T.);
#5467=ORIENTED_EDGE('',*,*,#4286,.T.);
#5468=ORIENTED_EDGE('',*,*,#4287,.T.);
#5469=ORIENTED_EDGE('',*,*,#4288,.T.);
#5470=ORIENTED_EDGE('',*,*,#4289,.T.);
#5471=ORIENTED_EDGE('',*,*,#4290,.T.);
#5472=ORIENTED_EDGE('',*,*,#4291,.T.);
#5473=ORIENTED_EDGE('',*,*,#4292,.T.);
#5474=ORIENTED_EDGE('',*,*,#4293,.T.);
#5475=ORIENTED_EDGE('',*,*,#4294,.T.);
#5476=ORIENTED_EDGE('',*,*,#4295,.T.);
#5477=ORIENTED_EDGE('',*,*,#4296,.T.);
#5478=ORIENTED_EDGE('',*,*,#4297,.T.);
#5479=ORIENTED_EDGE('',*,*,#4298,.T.);
#5480=ORIENTED_EDGE('',*,*,#4299,.T.);
#5481=ORIENTED_EDGE('',*,*,#4300,.T.);
#5482=ORIENTED_EDGE('',*,*,#4301,.T.);
#5483=ORIENTED_EDGE('',*,*,#4302,.T.);
#5484=ORIENTED_EDGE('',*,*,#4303,.T.);
#5485=ORIENTED_EDGE('',*,*,#4304,.T.);
#5486=ORIENTED_EDGE('',*,*,#4305,.T.);
#5487=ORIENTED_EDGE('',*,*,#4306,.T.);
#5488=ORIENTED_EDGE('',*,*,#4307,.T.);
#5489=ORIENTED_EDGE('',*,*,#4308,.T.);
#5490=ORIENTED_EDGE('',*,*,#4309,.T.);
#5491=ORIENTED_EDGE('',*,*,#4310,.T.);
#5492=ORIENTED_EDGE('',*,*,#4311,.T.);
#5493=ORIENTED_EDGE('',*,*,#4312,.T.);
#5494=ORIENTED_EDGE('',*,*,#4313,.T.);
#5495=ORIENTED_EDGE('',*,*,#4314,.T.);
#5496=ORIENTED_EDGE('',*,*,#4315,.T.);
#5497=ORIENTED_EDGE('',*,*,#3918,.F.);
#5498=ORIENTED_EDGE('',*,*,#3922,.F.);
#5499=ORIENTED_EDGE('',*,*,#4316,.F.);
#5500=ORIENTED_EDGE('',*,*,#4317,.F.);
#5501=ORIENTED_EDGE('',*,*,#4318,.F.);
#5502=ORIENTED_EDGE('',*,*,#4319,.F.);
#5503=ORIENTED_EDGE('',*,*,#4320,.F.);
#5504=ORIENTED_EDGE('',*,*,#3924,.F.);
#5505=ORIENTED_EDGE('',*,*,#4321,.F.);
#5506=ORIENTED_EDGE('',*,*,#4322,.F.);
#5507=ORIENTED_EDGE('',*,*,#4323,.F.);
#5508=ORIENTED_EDGE('',*,*,#4324,.F.);
#5509=ORIENTED_EDGE('',*,*,#4325,.F.);
#5510=ORIENTED_EDGE('',*,*,#4326,.F.);
#5511=ORIENTED_EDGE('',*,*,#4327,.F.);
#5512=ORIENTED_EDGE('',*,*,#4328,.F.);
#5513=ORIENTED_EDGE('',*,*,#4329,.F.);
#5514=ORIENTED_EDGE('',*,*,#4330,.F.);
#5515=ORIENTED_EDGE('',*,*,#4331,.F.);
#5516=ORIENTED_EDGE('',*,*,#4332,.F.);
#5517=ORIENTED_EDGE('',*,*,#4333,.F.);
#5518=ORIENTED_EDGE('',*,*,#4334,.F.);
#5519=ORIENTED_EDGE('',*,*,#4335,.F.);
#5520=ORIENTED_EDGE('',*,*,#4336,.F.);
#5521=ORIENTED_EDGE('',*,*,#4337,.F.);
#5522=ORIENTED_EDGE('',*,*,#4338,.F.);
#5523=ORIENTED_EDGE('',*,*,#4339,.F.);
#5524=ORIENTED_EDGE('',*,*,#4340,.F.);
#5525=ORIENTED_EDGE('',*,*,#4341,.F.);
#5526=ORIENTED_EDGE('',*,*,#4342,.F.);
#5527=ORIENTED_EDGE('',*,*,#4343,.F.);
#5528=ORIENTED_EDGE('',*,*,#4344,.F.);
#5529=ORIENTED_EDGE('',*,*,#4345,.T.);
#5530=ORIENTED_EDGE('',*,*,#4346,.F.);
#5531=ORIENTED_EDGE('',*,*,#4347,.F.);
#5532=ORIENTED_EDGE('',*,*,#4348,.F.);
#5533=ORIENTED_EDGE('',*,*,#4349,.F.);
#5534=ORIENTED_EDGE('',*,*,#4350,.F.);
#5535=ORIENTED_EDGE('',*,*,#4351,.F.);
#5536=ORIENTED_EDGE('',*,*,#4352,.F.);
#5537=ORIENTED_EDGE('',*,*,#4353,.F.);
#5538=ORIENTED_EDGE('',*,*,#4354,.F.);
#5539=ORIENTED_EDGE('',*,*,#4355,.F.);
#5540=ORIENTED_EDGE('',*,*,#4356,.F.);
#5541=ORIENTED_EDGE('',*,*,#4357,.F.);
#5542=ORIENTED_EDGE('',*,*,#4358,.F.);
#5543=ORIENTED_EDGE('',*,*,#4359,.F.);
#5544=ORIENTED_EDGE('',*,*,#4360,.F.);
#5545=ORIENTED_EDGE('',*,*,#4361,.F.);
#5546=ORIENTED_EDGE('',*,*,#4362,.F.);
#5547=ORIENTED_EDGE('',*,*,#4363,.F.);
#5548=ORIENTED_EDGE('',*,*,#4364,.F.);
#5549=ORIENTED_EDGE('',*,*,#4365,.F.);
#5550=ORIENTED_EDGE('',*,*,#4366,.F.);
#5551=ORIENTED_EDGE('',*,*,#4367,.F.);
#5552=ORIENTED_EDGE('',*,*,#4368,.F.);
#5553=ORIENTED_EDGE('',*,*,#4369,.F.);
#5554=ORIENTED_EDGE('',*,*,#4370,.F.);
#5555=ORIENTED_EDGE('',*,*,#4371,.F.);
#5556=ORIENTED_EDGE('',*,*,#4372,.F.);
#5557=ORIENTED_EDGE('',*,*,#4373,.F.);
#5558=ORIENTED_EDGE('',*,*,#4374,.F.);
#5559=ORIENTED_EDGE('',*,*,#4375,.F.);
#5560=ORIENTED_EDGE('',*,*,#4376,.F.);
#5561=ORIENTED_EDGE('',*,*,#4377,.F.);
#5562=ORIENTED_EDGE('',*,*,#4378,.F.);
#5563=ORIENTED_EDGE('',*,*,#4379,.F.);
#5564=ORIENTED_EDGE('',*,*,#4380,.F.);
#5565=ORIENTED_EDGE('',*,*,#4381,.F.);
#5566=ORIENTED_EDGE('',*,*,#4382,.F.);
#5567=ORIENTED_EDGE('',*,*,#4383,.F.);
#5568=ORIENTED_EDGE('',*,*,#4384,.F.);
#5569=ORIENTED_EDGE('',*,*,#4385,.F.);
#5570=ORIENTED_EDGE('',*,*,#4386,.F.);
#5571=ORIENTED_EDGE('',*,*,#4387,.F.);
#5572=ORIENTED_EDGE('',*,*,#4388,.F.);
#5573=ORIENTED_EDGE('',*,*,#4389,.F.);
#5574=ORIENTED_EDGE('',*,*,#4390,.F.);
#5575=ORIENTED_EDGE('',*,*,#4391,.F.);
#5576=ORIENTED_EDGE('',*,*,#4392,.F.);
#5577=ORIENTED_EDGE('',*,*,#4393,.F.);
#5578=ORIENTED_EDGE('',*,*,#4394,.F.);
#5579=ORIENTED_EDGE('',*,*,#4395,.F.);
#5580=ORIENTED_EDGE('',*,*,#4396,.F.);
#5581=ORIENTED_EDGE('',*,*,#4397,.F.);
#5582=ORIENTED_EDGE('',*,*,#4398,.F.);
#5583=ORIENTED_EDGE('',*,*,#4399,.F.);
#5584=ORIENTED_EDGE('',*,*,#4400,.F.);
#5585=ORIENTED_EDGE('',*,*,#4401,.F.);
#5586=ORIENTED_EDGE('',*,*,#4402,.F.);
#5587=ORIENTED_EDGE('',*,*,#4403,.F.);
#5588=ORIENTED_EDGE('',*,*,#4404,.F.);
#5589=ORIENTED_EDGE('',*,*,#4405,.F.);
#5590=ORIENTED_EDGE('',*,*,#4406,.F.);
#5591=ORIENTED_EDGE('',*,*,#4407,.F.);
#5592=ORIENTED_EDGE('',*,*,#4408,.F.);
#5593=ORIENTED_EDGE('',*,*,#4409,.F.);
#5594=ORIENTED_EDGE('',*,*,#4410,.F.);
#5595=ORIENTED_EDGE('',*,*,#4411,.F.);
#5596=ORIENTED_EDGE('',*,*,#4412,.F.);
#5597=ORIENTED_EDGE('',*,*,#4413,.F.);
#5598=ORIENTED_EDGE('',*,*,#4414,.F.);
#5599=ORIENTED_EDGE('',*,*,#4415,.F.);
#5600=ORIENTED_EDGE('',*,*,#4416,.F.);
#5601=ORIENTED_EDGE('',*,*,#4417,.F.);
#5602=ORIENTED_EDGE('',*,*,#4418,.F.);
#5603=ORIENTED_EDGE('',*,*,#4419,.F.);
#5604=ORIENTED_EDGE('',*,*,#4420,.F.);
#5605=ORIENTED_EDGE('',*,*,#4421,.F.);
#5606=ORIENTED_EDGE('',*,*,#4422,.F.);
#5607=ORIENTED_EDGE('',*,*,#4423,.F.);
#5608=ORIENTED_EDGE('',*,*,#4424,.F.);
#5609=ORIENTED_EDGE('',*,*,#4425,.F.);
#5610=ORIENTED_EDGE('',*,*,#4426,.F.);
#5611=ORIENTED_EDGE('',*,*,#4427,.F.);
#5612=ORIENTED_EDGE('',*,*,#4428,.F.);
#5613=ORIENTED_EDGE('',*,*,#4429,.F.);
#5614=ORIENTED_EDGE('',*,*,#4430,.F.);
#5615=ORIENTED_EDGE('',*,*,#4431,.F.);
#5616=ORIENTED_EDGE('',*,*,#4432,.F.);
#5617=ORIENTED_EDGE('',*,*,#4433,.F.);
#5618=ORIENTED_EDGE('',*,*,#4434,.F.);
#5619=ORIENTED_EDGE('',*,*,#4435,.F.);
#5620=ORIENTED_EDGE('',*,*,#4436,.F.);
#5621=ORIENTED_EDGE('',*,*,#4437,.F.);
#5622=ORIENTED_EDGE('',*,*,#4438,.F.);
#5623=ORIENTED_EDGE('',*,*,#4439,.F.);
#5624=ORIENTED_EDGE('',*,*,#4440,.F.);
#5625=ORIENTED_EDGE('',*,*,#4441,.F.);
#5626=ORIENTED_EDGE('',*,*,#4442,.F.);
#5627=ORIENTED_EDGE('',*,*,#4443,.F.);
#5628=ORIENTED_EDGE('',*,*,#4444,.F.);
#5629=ORIENTED_EDGE('',*,*,#4445,.F.);
#5630=ORIENTED_EDGE('',*,*,#4446,.T.);
#5631=ORIENTED_EDGE('',*,*,#4447,.F.);
#5632=ORIENTED_EDGE('',*,*,#4448,.F.);
#5633=ORIENTED_EDGE('',*,*,#4449,.F.);
#5634=ORIENTED_EDGE('',*,*,#4450,.F.);
#5635=ORIENTED_EDGE('',*,*,#4451,.F.);
#5636=ORIENTED_EDGE('',*,*,#4452,.F.);
#5637=ORIENTED_EDGE('',*,*,#4453,.F.);
#5638=ORIENTED_EDGE('',*,*,#4454,.F.);
#5639=ORIENTED_EDGE('',*,*,#4455,.F.);
#5640=ORIENTED_EDGE('',*,*,#4456,.F.);
#5641=ORIENTED_EDGE('',*,*,#4457,.F.);
#5642=ORIENTED_EDGE('',*,*,#4458,.F.);
#5643=ORIENTED_EDGE('',*,*,#4459,.F.);
#5644=ORIENTED_EDGE('',*,*,#4460,.F.);
#5645=ORIENTED_EDGE('',*,*,#4461,.F.);
#5646=ORIENTED_EDGE('',*,*,#4462,.F.);
#5647=ORIENTED_EDGE('',*,*,#4463,.F.);
#5648=ORIENTED_EDGE('',*,*,#4464,.F.);
#5649=ORIENTED_EDGE('',*,*,#4465,.F.);
#5650=ORIENTED_EDGE('',*,*,#4466,.F.);
#5651=ORIENTED_EDGE('',*,*,#4467,.F.);
#5652=ORIENTED_EDGE('',*,*,#4468,.F.);
#5653=ORIENTED_EDGE('',*,*,#4469,.F.);
#5654=ORIENTED_EDGE('',*,*,#4470,.F.);
#5655=ORIENTED_EDGE('',*,*,#4471,.F.);
#5656=ORIENTED_EDGE('',*,*,#4472,.F.);
#5657=ORIENTED_EDGE('',*,*,#4473,.F.);
#5658=ORIENTED_EDGE('',*,*,#4474,.F.);
#5659=ORIENTED_EDGE('',*,*,#4475,.F.);
#5660=ORIENTED_EDGE('',*,*,#4476,.F.);
#5661=ORIENTED_EDGE('',*,*,#4477,.F.);
#5662=ORIENTED_EDGE('',*,*,#4478,.F.);
#5663=ORIENTED_EDGE('',*,*,#4479,.F.);
#5664=ORIENTED_EDGE('',*,*,#4480,.F.);
#5665=ORIENTED_EDGE('',*,*,#4481,.F.);
#5666=ORIENTED_EDGE('',*,*,#4482,.F.);
#5667=ORIENTED_EDGE('',*,*,#4483,.F.);
#5668=ORIENTED_EDGE('',*,*,#4484,.F.);
#5669=ORIENTED_EDGE('',*,*,#4485,.F.);
#5670=ORIENTED_EDGE('',*,*,#4486,.F.);
#5671=ORIENTED_EDGE('',*,*,#4487,.F.);
#5672=ORIENTED_EDGE('',*,*,#4488,.F.);
#5673=ORIENTED_EDGE('',*,*,#4489,.F.);
#5674=ORIENTED_EDGE('',*,*,#4490,.F.);
#5675=ORIENTED_EDGE('',*,*,#4491,.F.);
#5676=ORIENTED_EDGE('',*,*,#4492,.F.);
#5677=ORIENTED_EDGE('',*,*,#4493,.F.);
#5678=ORIENTED_EDGE('',*,*,#4494,.F.);
#5679=ORIENTED_EDGE('',*,*,#4495,.F.);
#5680=ORIENTED_EDGE('',*,*,#4496,.F.);
#5681=ORIENTED_EDGE('',*,*,#4497,.F.);
#5682=ORIENTED_EDGE('',*,*,#4498,.F.);
#5683=ORIENTED_EDGE('',*,*,#4499,.F.);
#5684=ORIENTED_EDGE('',*,*,#4500,.F.);
#5685=ORIENTED_EDGE('',*,*,#4501,.F.);
#5686=ORIENTED_EDGE('',*,*,#4502,.F.);
#5687=ORIENTED_EDGE('',*,*,#4503,.F.);
#5688=ORIENTED_EDGE('',*,*,#4504,.F.);
#5689=ORIENTED_EDGE('',*,*,#4505,.F.);
#5690=ORIENTED_EDGE('',*,*,#4506,.F.);
#5691=ORIENTED_EDGE('',*,*,#4507,.F.);
#5692=ORIENTED_EDGE('',*,*,#4508,.F.);
#5693=ORIENTED_EDGE('',*,*,#4509,.F.);
#5694=ORIENTED_EDGE('',*,*,#4510,.F.);
#5695=ORIENTED_EDGE('',*,*,#4511,.F.);
#5696=ORIENTED_EDGE('',*,*,#4512,.F.);
#5697=ORIENTED_EDGE('',*,*,#4513,.F.);
#5698=ORIENTED_EDGE('',*,*,#4514,.F.);
#5699=ORIENTED_EDGE('',*,*,#4515,.F.);
#5700=ORIENTED_EDGE('',*,*,#4516,.F.);
#5701=ORIENTED_EDGE('',*,*,#4517,.F.);
#5702=ORIENTED_EDGE('',*,*,#4518,.F.);
#5703=ORIENTED_EDGE('',*,*,#4519,.F.);
#5704=ORIENTED_EDGE('',*,*,#4520,.F.);
#5705=ORIENTED_EDGE('',*,*,#4521,.F.);
#5706=ORIENTED_EDGE('',*,*,#4522,.F.);
#5707=ORIENTED_EDGE('',*,*,#4523,.F.);
#5708=ORIENTED_EDGE('',*,*,#4524,.F.);
#5709=ORIENTED_EDGE('',*,*,#4525,.F.);
#5710=ORIENTED_EDGE('',*,*,#4526,.F.);
#5711=ORIENTED_EDGE('',*,*,#4527,.T.);
#5712=ORIENTED_EDGE('',*,*,#4528,.F.);
#5713=ORIENTED_EDGE('',*,*,#4529,.F.);
#5714=ORIENTED_EDGE('',*,*,#4530,.F.);
#5715=ORIENTED_EDGE('',*,*,#4531,.F.);
#5716=ORIENTED_EDGE('',*,*,#4532,.F.);
#5717=ORIENTED_EDGE('',*,*,#4533,.F.);
#5718=ORIENTED_EDGE('',*,*,#4534,.F.);
#5719=ORIENTED_EDGE('',*,*,#4535,.F.);
#5720=ORIENTED_EDGE('',*,*,#4536,.F.);
#5721=ORIENTED_EDGE('',*,*,#4537,.F.);
#5722=ORIENTED_EDGE('',*,*,#4538,.F.);
#5723=ORIENTED_EDGE('',*,*,#4539,.F.);
#5724=ORIENTED_EDGE('',*,*,#4540,.F.);
#5725=ORIENTED_EDGE('',*,*,#4541,.F.);
#5726=ORIENTED_EDGE('',*,*,#4542,.F.);
#5727=ORIENTED_EDGE('',*,*,#4543,.F.);
#5728=ORIENTED_EDGE('',*,*,#4544,.F.);
#5729=ORIENTED_EDGE('',*,*,#4545,.F.);
#5730=ORIENTED_EDGE('',*,*,#4546,.F.);
#5731=ORIENTED_EDGE('',*,*,#4547,.F.);
#5732=ORIENTED_EDGE('',*,*,#4548,.F.);
#5733=ORIENTED_EDGE('',*,*,#4549,.F.);
#5734=ORIENTED_EDGE('',*,*,#4550,.F.);
#5735=ORIENTED_EDGE('',*,*,#4551,.F.);
#5736=ORIENTED_EDGE('',*,*,#4552,.F.);
#5737=ORIENTED_EDGE('',*,*,#4553,.F.);
#5738=ORIENTED_EDGE('',*,*,#4554,.F.);
#5739=ORIENTED_EDGE('',*,*,#4555,.F.);
#5740=ORIENTED_EDGE('',*,*,#4556,.F.);
#5741=ORIENTED_EDGE('',*,*,#4557,.F.);
#5742=ORIENTED_EDGE('',*,*,#4558,.F.);
#5743=ORIENTED_EDGE('',*,*,#4559,.F.);
#5744=ORIENTED_EDGE('',*,*,#4560,.F.);
#5745=ORIENTED_EDGE('',*,*,#4561,.F.);
#5746=ORIENTED_EDGE('',*,*,#4562,.F.);
#5747=ORIENTED_EDGE('',*,*,#4563,.F.);
#5748=ORIENTED_EDGE('',*,*,#4564,.F.);
#5749=ORIENTED_EDGE('',*,*,#4565,.F.);
#5750=ORIENTED_EDGE('',*,*,#4566,.F.);
#5751=ORIENTED_EDGE('',*,*,#4567,.F.);
#5752=ORIENTED_EDGE('',*,*,#4568,.F.);
#5753=ORIENTED_EDGE('',*,*,#4569,.F.);
#5754=ORIENTED_EDGE('',*,*,#4570,.F.);
#5755=ORIENTED_EDGE('',*,*,#4571,.F.);
#5756=ORIENTED_EDGE('',*,*,#4572,.F.);
#5757=ORIENTED_EDGE('',*,*,#4573,.F.);
#5758=ORIENTED_EDGE('',*,*,#4574,.F.);
#5759=ORIENTED_EDGE('',*,*,#4575,.F.);
#5760=ORIENTED_EDGE('',*,*,#4576,.F.);
#5761=ORIENTED_EDGE('',*,*,#4577,.F.);
#5762=ORIENTED_EDGE('',*,*,#4578,.F.);
#5763=ORIENTED_EDGE('',*,*,#4579,.F.);
#5764=ORIENTED_EDGE('',*,*,#4580,.F.);
#5765=ORIENTED_EDGE('',*,*,#4581,.F.);
#5766=ORIENTED_EDGE('',*,*,#4582,.F.);
#5767=ORIENTED_EDGE('',*,*,#4583,.F.);
#5768=ORIENTED_EDGE('',*,*,#4584,.F.);
#5769=ORIENTED_EDGE('',*,*,#4585,.F.);
#5770=ORIENTED_EDGE('',*,*,#4586,.F.);
#5771=ORIENTED_EDGE('',*,*,#4587,.F.);
#5772=ORIENTED_EDGE('',*,*,#4588,.F.);
#5773=ORIENTED_EDGE('',*,*,#4589,.F.);
#5774=ORIENTED_EDGE('',*,*,#4590,.F.);
#5775=ORIENTED_EDGE('',*,*,#4591,.F.);
#5776=ORIENTED_EDGE('',*,*,#4592,.F.);
#5777=ORIENTED_EDGE('',*,*,#4593,.F.);
#5778=ORIENTED_EDGE('',*,*,#4594,.F.);
#5779=ORIENTED_EDGE('',*,*,#4595,.F.);
#5780=ORIENTED_EDGE('',*,*,#4596,.F.);
#5781=ORIENTED_EDGE('',*,*,#4597,.F.);
#5782=ORIENTED_EDGE('',*,*,#4598,.F.);
#5783=ORIENTED_EDGE('',*,*,#4599,.F.);
#5784=ORIENTED_EDGE('',*,*,#4600,.F.);
#5785=ORIENTED_EDGE('',*,*,#4601,.F.);
#5786=ORIENTED_EDGE('',*,*,#4602,.F.);
#5787=ORIENTED_EDGE('',*,*,#4603,.F.);
#5788=ORIENTED_EDGE('',*,*,#4604,.F.);
#5789=ORIENTED_EDGE('',*,*,#4605,.F.);
#5790=ORIENTED_EDGE('',*,*,#4606,.F.);
#5791=ORIENTED_EDGE('',*,*,#4607,.F.);
#5792=ORIENTED_EDGE('',*,*,#4608,.F.);
#5793=ORIENTED_EDGE('',*,*,#4609,.F.);
#5794=ORIENTED_EDGE('',*,*,#4610,.F.);
#5795=ORIENTED_EDGE('',*,*,#4611,.F.);
#5796=ORIENTED_EDGE('',*,*,#4612,.F.);
#5797=ORIENTED_EDGE('',*,*,#4613,.F.);
#5798=ORIENTED_EDGE('',*,*,#4614,.F.);
#5799=ORIENTED_EDGE('',*,*,#4615,.F.);
#5800=ORIENTED_EDGE('',*,*,#4616,.F.);
#5801=ORIENTED_EDGE('',*,*,#4617,.F.);
#5802=ORIENTED_EDGE('',*,*,#4618,.F.);
#5803=ORIENTED_EDGE('',*,*,#4619,.F.);
#5804=ORIENTED_EDGE('',*,*,#4620,.F.);
#5805=ORIENTED_EDGE('',*,*,#4621,.F.);
#5806=ORIENTED_EDGE('',*,*,#4622,.F.);
#5807=ORIENTED_EDGE('',*,*,#4623,.F.);
#5808=ORIENTED_EDGE('',*,*,#4624,.F.);
#5809=ORIENTED_EDGE('',*,*,#4625,.F.);
#5810=ORIENTED_EDGE('',*,*,#4626,.F.);
#5811=ORIENTED_EDGE('',*,*,#4627,.F.);
#5812=ORIENTED_EDGE('',*,*,#4628,.F.);
#5813=ORIENTED_EDGE('',*,*,#4629,.F.);
#5814=ORIENTED_EDGE('',*,*,#4630,.F.);
#5815=ORIENTED_EDGE('',*,*,#4631,.F.);
#5816=ORIENTED_EDGE('',*,*,#4632,.F.);
#5817=ORIENTED_EDGE('',*,*,#4633,.F.);
#5818=ORIENTED_EDGE('',*,*,#4634,.F.);
#5819=ORIENTED_EDGE('',*,*,#4635,.F.);
#5820=ORIENTED_EDGE('',*,*,#4636,.F.);
#5821=ORIENTED_EDGE('',*,*,#4637,.F.);
#5822=ORIENTED_EDGE('',*,*,#4638,.F.);
#5823=ORIENTED_EDGE('',*,*,#4639,.F.);
#5824=ORIENTED_EDGE('',*,*,#4640,.F.);
#5825=ORIENTED_EDGE('',*,*,#4641,.F.);
#5826=ORIENTED_EDGE('',*,*,#4642,.F.);
#5827=ORIENTED_EDGE('',*,*,#4643,.F.);
#5828=ORIENTED_EDGE('',*,*,#4644,.F.);
#5829=ORIENTED_EDGE('',*,*,#4645,.F.);
#5830=ORIENTED_EDGE('',*,*,#4646,.F.);
#5831=ORIENTED_EDGE('',*,*,#4647,.F.);
#5832=ORIENTED_EDGE('',*,*,#4648,.F.);
#5833=ORIENTED_EDGE('',*,*,#4649,.F.);
#5834=ORIENTED_EDGE('',*,*,#4650,.F.);
#5835=ORIENTED_EDGE('',*,*,#4651,.F.);
#5836=ORIENTED_EDGE('',*,*,#4652,.F.);
#5837=ORIENTED_EDGE('',*,*,#4653,.F.);
#5838=ORIENTED_EDGE('',*,*,#4654,.F.);
#5839=ORIENTED_EDGE('',*,*,#4655,.F.);
#5840=ORIENTED_EDGE('',*,*,#4656,.T.);
#5841=ORIENTED_EDGE('',*,*,#4657,.F.);
#5842=ORIENTED_EDGE('',*,*,#4658,.F.);
#5843=ORIENTED_EDGE('',*,*,#4659,.F.);
#5844=ORIENTED_EDGE('',*,*,#4660,.F.);
#5845=ORIENTED_EDGE('',*,*,#4661,.F.);
#5846=ORIENTED_EDGE('',*,*,#4662,.F.);
#5847=ORIENTED_EDGE('',*,*,#4663,.F.);
#5848=ORIENTED_EDGE('',*,*,#4664,.F.);
#5849=ORIENTED_EDGE('',*,*,#4665,.F.);
#5850=ORIENTED_EDGE('',*,*,#4666,.F.);
#5851=ORIENTED_EDGE('',*,*,#4667,.F.);
#5852=ORIENTED_EDGE('',*,*,#4668,.F.);
#5853=ORIENTED_EDGE('',*,*,#4669,.F.);
#5854=ORIENTED_EDGE('',*,*,#4670,.F.);
#5855=ORIENTED_EDGE('',*,*,#4671,.F.);
#5856=ORIENTED_EDGE('',*,*,#4672,.F.);
#5857=ORIENTED_EDGE('',*,*,#4673,.F.);
#5858=ORIENTED_EDGE('',*,*,#4674,.F.);
#5859=ORIENTED_EDGE('',*,*,#4675,.F.);
#5860=ORIENTED_EDGE('',*,*,#4676,.F.);
#5861=ORIENTED_EDGE('',*,*,#4677,.F.);
#5862=ORIENTED_EDGE('',*,*,#4678,.F.);
#5863=ORIENTED_EDGE('',*,*,#4679,.F.);
#5864=ORIENTED_EDGE('',*,*,#4680,.F.);
#5865=ORIENTED_EDGE('',*,*,#4681,.F.);
#5866=ORIENTED_EDGE('',*,*,#4682,.F.);
#5867=ORIENTED_EDGE('',*,*,#4683,.F.);
#5868=ORIENTED_EDGE('',*,*,#4684,.F.);
#5869=ORIENTED_EDGE('',*,*,#4685,.F.);
#5870=ORIENTED_EDGE('',*,*,#4686,.F.);
#5871=ORIENTED_EDGE('',*,*,#4687,.F.);
#5872=ORIENTED_EDGE('',*,*,#4688,.F.);
#5873=ORIENTED_EDGE('',*,*,#4689,.F.);
#5874=ORIENTED_EDGE('',*,*,#4690,.F.);
#5875=ORIENTED_EDGE('',*,*,#4691,.F.);
#5876=ORIENTED_EDGE('',*,*,#4692,.F.);
#5877=ORIENTED_EDGE('',*,*,#4693,.F.);
#5878=ORIENTED_EDGE('',*,*,#4694,.F.);
#5879=ORIENTED_EDGE('',*,*,#4695,.F.);
#5880=ORIENTED_EDGE('',*,*,#4696,.F.);
#5881=ORIENTED_EDGE('',*,*,#4697,.F.);
#5882=ORIENTED_EDGE('',*,*,#4698,.F.);
#5883=ORIENTED_EDGE('',*,*,#4699,.F.);
#5884=ORIENTED_EDGE('',*,*,#4700,.F.);
#5885=ORIENTED_EDGE('',*,*,#4701,.F.);
#5886=ORIENTED_EDGE('',*,*,#4702,.F.);
#5887=ORIENTED_EDGE('',*,*,#4703,.F.);
#5888=ORIENTED_EDGE('',*,*,#4704,.F.);
#5889=ORIENTED_EDGE('',*,*,#4705,.T.);
#5890=ORIENTED_EDGE('',*,*,#4316,.T.);
#5891=ORIENTED_EDGE('',*,*,#3921,.F.);
#5892=ORIENTED_EDGE('',*,*,#3931,.F.);
#5893=ORIENTED_EDGE('',*,*,#3925,.T.);
#5894=ORIENTED_EDGE('',*,*,#4320,.T.);
#5895=ORIENTED_EDGE('',*,*,#4706,.F.);
#5896=ORIENTED_EDGE('',*,*,#3927,.F.);
#5897=ORIENTED_EDGE('',*,*,#4707,.T.);
#5898=ORIENTED_EDGE('',*,*,#4317,.T.);
#5899=ORIENTED_EDGE('',*,*,#4705,.F.);
#5900=ORIENTED_EDGE('',*,*,#3930,.F.);
#5901=ORIENTED_EDGE('',*,*,#4706,.T.);
#5902=ORIENTED_EDGE('',*,*,#4319,.T.);
#5903=ORIENTED_EDGE('',*,*,#4708,.F.);
#5904=ORIENTED_EDGE('',*,*,#3928,.F.);
#5905=ORIENTED_EDGE('',*,*,#4708,.T.);
#5906=ORIENTED_EDGE('',*,*,#4318,.T.);
#5907=ORIENTED_EDGE('',*,*,#4707,.F.);
#5908=ORIENTED_EDGE('',*,*,#3929,.F.);
#5909=ORIENTED_EDGE('',*,*,#4709,.T.);
#5910=ORIENTED_EDGE('',*,*,#4321,.T.);
#5911=ORIENTED_EDGE('',*,*,#4710,.F.);
#5912=ORIENTED_EDGE('',*,*,#3932,.F.);
#5913=ORIENTED_EDGE('',*,*,#4711,.T.);
#5914=ORIENTED_EDGE('',*,*,#4322,.T.);
#5915=ORIENTED_EDGE('',*,*,#4709,.F.);
#5916=ORIENTED_EDGE('',*,*,#3939,.F.);
#5917=ORIENTED_EDGE('',*,*,#4710,.T.);
#5918=ORIENTED_EDGE('',*,*,#4328,.T.);
#5919=ORIENTED_EDGE('',*,*,#4712,.F.);
#5920=ORIENTED_EDGE('',*,*,#3933,.F.);
#5921=ORIENTED_EDGE('',*,*,#4713,.T.);
#5922=ORIENTED_EDGE('',*,*,#4323,.T.);
#5923=ORIENTED_EDGE('',*,*,#4711,.F.);
#5924=ORIENTED_EDGE('',*,*,#3938,.F.);
#5925=ORIENTED_EDGE('',*,*,#4712,.T.);
#5926=ORIENTED_EDGE('',*,*,#4327,.T.);
#5927=ORIENTED_EDGE('',*,*,#4714,.F.);
#5928=ORIENTED_EDGE('',*,*,#3934,.F.);
#5929=ORIENTED_EDGE('',*,*,#4715,.T.);
#5930=ORIENTED_EDGE('',*,*,#4324,.T.);
#5931=ORIENTED_EDGE('',*,*,#4713,.F.);
#5932=ORIENTED_EDGE('',*,*,#3937,.F.);
#5933=ORIENTED_EDGE('',*,*,#4714,.T.);
#5934=ORIENTED_EDGE('',*,*,#4326,.T.);
#5935=ORIENTED_EDGE('',*,*,#4716,.F.);
#5936=ORIENTED_EDGE('',*,*,#3935,.F.);
#5937=ORIENTED_EDGE('',*,*,#4716,.T.);
#5938=ORIENTED_EDGE('',*,*,#4325,.T.);
#5939=ORIENTED_EDGE('',*,*,#4715,.F.);
#5940=ORIENTED_EDGE('',*,*,#3936,.F.);
#5941=ORIENTED_EDGE('',*,*,#4717,.T.);
#5942=ORIENTED_EDGE('',*,*,#4329,.T.);
#5943=ORIENTED_EDGE('',*,*,#4718,.F.);
#5944=ORIENTED_EDGE('',*,*,#3940,.F.);
#5945=ORIENTED_EDGE('',*,*,#4719,.T.);
#5946=ORIENTED_EDGE('',*,*,#4330,.T.);
#5947=ORIENTED_EDGE('',*,*,#4717,.F.);
#5948=ORIENTED_EDGE('',*,*,#3947,.F.);
#5949=ORIENTED_EDGE('',*,*,#4718,.T.);
#5950=ORIENTED_EDGE('',*,*,#4336,.T.);
#5951=ORIENTED_EDGE('',*,*,#4720,.F.);
#5952=ORIENTED_EDGE('',*,*,#3941,.F.);
#5953=ORIENTED_EDGE('',*,*,#4721,.T.);
#5954=ORIENTED_EDGE('',*,*,#4331,.T.);
#5955=ORIENTED_EDGE('',*,*,#4719,.F.);
#5956=ORIENTED_EDGE('',*,*,#3946,.F.);
#5957=ORIENTED_EDGE('',*,*,#4720,.T.);
#5958=ORIENTED_EDGE('',*,*,#4335,.T.);
#5959=ORIENTED_EDGE('',*,*,#4722,.F.);
#5960=ORIENTED_EDGE('',*,*,#3942,.F.);
#5961=ORIENTED_EDGE('',*,*,#4723,.T.);
#5962=ORIENTED_EDGE('',*,*,#4332,.T.);
#5963=ORIENTED_EDGE('',*,*,#4721,.F.);
#5964=ORIENTED_EDGE('',*,*,#3945,.F.);
#5965=ORIENTED_EDGE('',*,*,#4722,.T.);
#5966=ORIENTED_EDGE('',*,*,#4334,.T.);
#5967=ORIENTED_EDGE('',*,*,#4724,.F.);
#5968=ORIENTED_EDGE('',*,*,#3943,.F.);
#5969=ORIENTED_EDGE('',*,*,#4724,.T.);
#5970=ORIENTED_EDGE('',*,*,#4333,.T.);
#5971=ORIENTED_EDGE('',*,*,#4723,.F.);
#5972=ORIENTED_EDGE('',*,*,#3944,.F.);
#5973=ORIENTED_EDGE('',*,*,#4725,.T.);
#5974=ORIENTED_EDGE('',*,*,#4337,.T.);
#5975=ORIENTED_EDGE('',*,*,#4726,.F.);
#5976=ORIENTED_EDGE('',*,*,#3948,.F.);
#5977=ORIENTED_EDGE('',*,*,#4727,.T.);
#5978=ORIENTED_EDGE('',*,*,#4338,.T.);
#5979=ORIENTED_EDGE('',*,*,#4725,.F.);
#5980=ORIENTED_EDGE('',*,*,#3955,.F.);
#5981=ORIENTED_EDGE('',*,*,#4726,.T.);
#5982=ORIENTED_EDGE('',*,*,#4344,.T.);
#5983=ORIENTED_EDGE('',*,*,#4728,.F.);
#5984=ORIENTED_EDGE('',*,*,#3949,.F.);
#5985=ORIENTED_EDGE('',*,*,#4729,.T.);
#5986=ORIENTED_EDGE('',*,*,#4339,.T.);
#5987=ORIENTED_EDGE('',*,*,#4727,.F.);
#5988=ORIENTED_EDGE('',*,*,#3954,.F.);
#5989=ORIENTED_EDGE('',*,*,#4728,.T.);
#5990=ORIENTED_EDGE('',*,*,#4343,.T.);
#5991=ORIENTED_EDGE('',*,*,#4730,.F.);
#5992=ORIENTED_EDGE('',*,*,#3950,.F.);
#5993=ORIENTED_EDGE('',*,*,#4731,.T.);
#5994=ORIENTED_EDGE('',*,*,#4340,.T.);
#5995=ORIENTED_EDGE('',*,*,#4729,.F.);
#5996=ORIENTED_EDGE('',*,*,#3953,.F.);
#5997=ORIENTED_EDGE('',*,*,#4730,.T.);
#5998=ORIENTED_EDGE('',*,*,#4342,.T.);
#5999=ORIENTED_EDGE('',*,*,#4732,.F.);
#6000=ORIENTED_EDGE('',*,*,#3951,.F.);
#6001=ORIENTED_EDGE('',*,*,#4732,.T.);
#6002=ORIENTED_EDGE('',*,*,#4341,.T.);
#6003=ORIENTED_EDGE('',*,*,#4731,.F.);
#6004=ORIENTED_EDGE('',*,*,#3952,.F.);
#6005=ORIENTED_EDGE('',*,*,#4345,.F.);
#6006=ORIENTED_EDGE('',*,*,#4733,.T.);
#6007=ORIENTED_EDGE('',*,*,#3956,.T.);
#6008=ORIENTED_EDGE('',*,*,#4733,.F.);
#6009=ORIENTED_EDGE('',*,*,#4734,.T.);
#6010=ORIENTED_EDGE('',*,*,#4346,.T.);
#6011=ORIENTED_EDGE('',*,*,#4735,.F.);
#6012=ORIENTED_EDGE('',*,*,#3957,.F.);
#6013=ORIENTED_EDGE('',*,*,#4736,.T.);
#6014=ORIENTED_EDGE('',*,*,#4347,.T.);
#6015=ORIENTED_EDGE('',*,*,#4734,.F.);
#6016=ORIENTED_EDGE('',*,*,#3986,.F.);
#6017=ORIENTED_EDGE('',*,*,#4735,.T.);
#6018=ORIENTED_EDGE('',*,*,#4375,.T.);
#6019=ORIENTED_EDGE('',*,*,#4737,.F.);
#6020=ORIENTED_EDGE('',*,*,#3958,.F.);
#6021=ORIENTED_EDGE('',*,*,#4738,.T.);
#6022=ORIENTED_EDGE('',*,*,#4348,.T.);
#6023=ORIENTED_EDGE('',*,*,#4736,.F.);
#6024=ORIENTED_EDGE('',*,*,#3985,.F.);
#6025=ORIENTED_EDGE('',*,*,#4737,.T.);
#6026=ORIENTED_EDGE('',*,*,#4374,.T.);
#6027=ORIENTED_EDGE('',*,*,#4739,.F.);
#6028=ORIENTED_EDGE('',*,*,#3959,.F.);
#6029=ORIENTED_EDGE('',*,*,#4740,.T.);
#6030=ORIENTED_EDGE('',*,*,#4349,.T.);
#6031=ORIENTED_EDGE('',*,*,#4738,.F.);
#6032=ORIENTED_EDGE('',*,*,#3984,.F.);
#6033=ORIENTED_EDGE('',*,*,#4739,.T.);
#6034=ORIENTED_EDGE('',*,*,#4373,.T.);
#6035=ORIENTED_EDGE('',*,*,#4741,.F.);
#6036=ORIENTED_EDGE('',*,*,#3960,.F.);
#6037=ORIENTED_EDGE('',*,*,#4742,.T.);
#6038=ORIENTED_EDGE('',*,*,#4350,.T.);
#6039=ORIENTED_EDGE('',*,*,#4740,.F.);
#6040=ORIENTED_EDGE('',*,*,#3983,.F.);
#6041=ORIENTED_EDGE('',*,*,#4741,.T.);
#6042=ORIENTED_EDGE('',*,*,#4372,.T.);
#6043=ORIENTED_EDGE('',*,*,#4743,.F.);
#6044=ORIENTED_EDGE('',*,*,#3961,.F.);
#6045=ORIENTED_EDGE('',*,*,#4744,.T.);
#6046=ORIENTED_EDGE('',*,*,#4351,.T.);
#6047=ORIENTED_EDGE('',*,*,#4742,.F.);
#6048=ORIENTED_EDGE('',*,*,#3982,.F.);
#6049=ORIENTED_EDGE('',*,*,#4743,.T.);
#6050=ORIENTED_EDGE('',*,*,#4371,.T.);
#6051=ORIENTED_EDGE('',*,*,#4745,.F.);
#6052=ORIENTED_EDGE('',*,*,#3962,.F.);
#6053=ORIENTED_EDGE('',*,*,#4746,.T.);
#6054=ORIENTED_EDGE('',*,*,#4352,.T.);
#6055=ORIENTED_EDGE('',*,*,#4744,.F.);
#6056=ORIENTED_EDGE('',*,*,#3981,.F.);
#6057=ORIENTED_EDGE('',*,*,#4745,.T.);
#6058=ORIENTED_EDGE('',*,*,#4370,.T.);
#6059=ORIENTED_EDGE('',*,*,#4747,.F.);
#6060=ORIENTED_EDGE('',*,*,#3963,.F.);
#6061=ORIENTED_EDGE('',*,*,#4748,.T.);
#6062=ORIENTED_EDGE('',*,*,#4353,.T.);
#6063=ORIENTED_EDGE('',*,*,#4746,.F.);
#6064=ORIENTED_EDGE('',*,*,#3980,.F.);
#6065=ORIENTED_EDGE('',*,*,#4747,.T.);
#6066=ORIENTED_EDGE('',*,*,#4369,.T.);
#6067=ORIENTED_EDGE('',*,*,#4749,.F.);
#6068=ORIENTED_EDGE('',*,*,#3964,.F.);
#6069=ORIENTED_EDGE('',*,*,#4750,.T.);
#6070=ORIENTED_EDGE('',*,*,#4354,.T.);
#6071=ORIENTED_EDGE('',*,*,#4748,.F.);
#6072=ORIENTED_EDGE('',*,*,#3979,.F.);
#6073=ORIENTED_EDGE('',*,*,#4749,.T.);
#6074=ORIENTED_EDGE('',*,*,#4368,.T.);
#6075=ORIENTED_EDGE('',*,*,#4751,.F.);
#6076=ORIENTED_EDGE('',*,*,#3965,.F.);
#6077=ORIENTED_EDGE('',*,*,#4752,.T.);
#6078=ORIENTED_EDGE('',*,*,#4355,.T.);
#6079=ORIENTED_EDGE('',*,*,#4750,.F.);
#6080=ORIENTED_EDGE('',*,*,#3978,.F.);
#6081=ORIENTED_EDGE('',*,*,#4751,.T.);
#6082=ORIENTED_EDGE('',*,*,#4367,.T.);
#6083=ORIENTED_EDGE('',*,*,#4753,.F.);
#6084=ORIENTED_EDGE('',*,*,#3966,.F.);
#6085=ORIENTED_EDGE('',*,*,#4754,.T.);
#6086=ORIENTED_EDGE('',*,*,#4356,.T.);
#6087=ORIENTED_EDGE('',*,*,#4752,.F.);
#6088=ORIENTED_EDGE('',*,*,#3977,.F.);
#6089=ORIENTED_EDGE('',*,*,#4753,.T.);
#6090=ORIENTED_EDGE('',*,*,#4366,.T.);
#6091=ORIENTED_EDGE('',*,*,#4755,.F.);
#6092=ORIENTED_EDGE('',*,*,#3967,.F.);
#6093=ORIENTED_EDGE('',*,*,#4756,.T.);
#6094=ORIENTED_EDGE('',*,*,#4357,.T.);
#6095=ORIENTED_EDGE('',*,*,#4754,.F.);
#6096=ORIENTED_EDGE('',*,*,#3976,.F.);
#6097=ORIENTED_EDGE('',*,*,#4755,.T.);
#6098=ORIENTED_EDGE('',*,*,#4365,.T.);
#6099=ORIENTED_EDGE('',*,*,#4757,.F.);
#6100=ORIENTED_EDGE('',*,*,#3968,.F.);
#6101=ORIENTED_EDGE('',*,*,#4758,.T.);
#6102=ORIENTED_EDGE('',*,*,#4358,.T.);
#6103=ORIENTED_EDGE('',*,*,#4756,.F.);
#6104=ORIENTED_EDGE('',*,*,#3975,.F.);
#6105=ORIENTED_EDGE('',*,*,#4757,.T.);
#6106=ORIENTED_EDGE('',*,*,#4364,.T.);
#6107=ORIENTED_EDGE('',*,*,#4759,.F.);
#6108=ORIENTED_EDGE('',*,*,#3969,.F.);
#6109=ORIENTED_EDGE('',*,*,#4760,.T.);
#6110=ORIENTED_EDGE('',*,*,#4359,.T.);
#6111=ORIENTED_EDGE('',*,*,#4758,.F.);
#6112=ORIENTED_EDGE('',*,*,#3974,.F.);
#6113=ORIENTED_EDGE('',*,*,#4759,.T.);
#6114=ORIENTED_EDGE('',*,*,#4363,.T.);
#6115=ORIENTED_EDGE('',*,*,#4761,.F.);
#6116=ORIENTED_EDGE('',*,*,#3970,.F.);
#6117=ORIENTED_EDGE('',*,*,#4762,.T.);
#6118=ORIENTED_EDGE('',*,*,#4360,.T.);
#6119=ORIENTED_EDGE('',*,*,#4760,.F.);
#6120=ORIENTED_EDGE('',*,*,#3973,.F.);
#6121=ORIENTED_EDGE('',*,*,#4761,.T.);
#6122=ORIENTED_EDGE('',*,*,#4362,.T.);
#6123=ORIENTED_EDGE('',*,*,#4763,.F.);
#6124=ORIENTED_EDGE('',*,*,#3971,.F.);
#6125=ORIENTED_EDGE('',*,*,#4763,.T.);
#6126=ORIENTED_EDGE('',*,*,#4361,.T.);
#6127=ORIENTED_EDGE('',*,*,#4762,.F.);
#6128=ORIENTED_EDGE('',*,*,#3972,.F.);
#6129=ORIENTED_EDGE('',*,*,#4764,.T.);
#6130=ORIENTED_EDGE('',*,*,#4376,.T.);
#6131=ORIENTED_EDGE('',*,*,#4765,.F.);
#6132=ORIENTED_EDGE('',*,*,#3987,.F.);
#6133=ORIENTED_EDGE('',*,*,#4766,.T.);
#6134=ORIENTED_EDGE('',*,*,#4377,.T.);
#6135=ORIENTED_EDGE('',*,*,#4764,.F.);
#6136=ORIENTED_EDGE('',*,*,#3994,.F.);
#6137=ORIENTED_EDGE('',*,*,#4765,.T.);
#6138=ORIENTED_EDGE('',*,*,#4383,.T.);
#6139=ORIENTED_EDGE('',*,*,#4767,.F.);
#6140=ORIENTED_EDGE('',*,*,#3988,.F.);
#6141=ORIENTED_EDGE('',*,*,#4768,.T.);
#6142=ORIENTED_EDGE('',*,*,#4378,.T.);
#6143=ORIENTED_EDGE('',*,*,#4766,.F.);
#6144=ORIENTED_EDGE('',*,*,#3993,.F.);
#6145=ORIENTED_EDGE('',*,*,#4767,.T.);
#6146=ORIENTED_EDGE('',*,*,#4382,.T.);
#6147=ORIENTED_EDGE('',*,*,#4769,.F.);
#6148=ORIENTED_EDGE('',*,*,#3989,.F.);
#6149=ORIENTED_EDGE('',*,*,#4770,.T.);
#6150=ORIENTED_EDGE('',*,*,#4379,.T.);
#6151=ORIENTED_EDGE('',*,*,#4768,.F.);
#6152=ORIENTED_EDGE('',*,*,#3992,.F.);
#6153=ORIENTED_EDGE('',*,*,#4769,.T.);
#6154=ORIENTED_EDGE('',*,*,#4381,.T.);
#6155=ORIENTED_EDGE('',*,*,#4771,.F.);
#6156=ORIENTED_EDGE('',*,*,#3990,.F.);
#6157=ORIENTED_EDGE('',*,*,#4771,.T.);
#6158=ORIENTED_EDGE('',*,*,#4380,.T.);
#6159=ORIENTED_EDGE('',*,*,#4770,.F.);
#6160=ORIENTED_EDGE('',*,*,#3991,.F.);
#6161=ORIENTED_EDGE('',*,*,#4772,.T.);
#6162=ORIENTED_EDGE('',*,*,#4384,.T.);
#6163=ORIENTED_EDGE('',*,*,#4773,.F.);
#6164=ORIENTED_EDGE('',*,*,#3995,.F.);
#6165=ORIENTED_EDGE('',*,*,#4774,.T.);
#6166=ORIENTED_EDGE('',*,*,#4385,.T.);
#6167=ORIENTED_EDGE('',*,*,#4772,.F.);
#6168=ORIENTED_EDGE('',*,*,#4002,.F.);
#6169=ORIENTED_EDGE('',*,*,#4773,.T.);
#6170=ORIENTED_EDGE('',*,*,#4391,.T.);
#6171=ORIENTED_EDGE('',*,*,#4775,.F.);
#6172=ORIENTED_EDGE('',*,*,#3996,.F.);
#6173=ORIENTED_EDGE('',*,*,#4776,.T.);
#6174=ORIENTED_EDGE('',*,*,#4386,.T.);
#6175=ORIENTED_EDGE('',*,*,#4774,.F.);
#6176=ORIENTED_EDGE('',*,*,#4001,.F.);
#6177=ORIENTED_EDGE('',*,*,#4775,.T.);
#6178=ORIENTED_EDGE('',*,*,#4390,.T.);
#6179=ORIENTED_EDGE('',*,*,#4777,.F.);
#6180=ORIENTED_EDGE('',*,*,#3997,.F.);
#6181=ORIENTED_EDGE('',*,*,#4778,.T.);
#6182=ORIENTED_EDGE('',*,*,#4387,.T.);
#6183=ORIENTED_EDGE('',*,*,#4776,.F.);
#6184=ORIENTED_EDGE('',*,*,#4000,.F.);
#6185=ORIENTED_EDGE('',*,*,#4777,.T.);
#6186=ORIENTED_EDGE('',*,*,#4389,.T.);
#6187=ORIENTED_EDGE('',*,*,#4779,.F.);
#6188=ORIENTED_EDGE('',*,*,#3998,.F.);
#6189=ORIENTED_EDGE('',*,*,#4779,.T.);
#6190=ORIENTED_EDGE('',*,*,#4388,.T.);
#6191=ORIENTED_EDGE('',*,*,#4778,.F.);
#6192=ORIENTED_EDGE('',*,*,#3999,.F.);
#6193=ORIENTED_EDGE('',*,*,#4780,.T.);
#6194=ORIENTED_EDGE('',*,*,#4392,.T.);
#6195=ORIENTED_EDGE('',*,*,#4781,.F.);
#6196=ORIENTED_EDGE('',*,*,#4003,.F.);
#6197=ORIENTED_EDGE('',*,*,#4782,.T.);
#6198=ORIENTED_EDGE('',*,*,#4393,.T.);
#6199=ORIENTED_EDGE('',*,*,#4780,.F.);
#6200=ORIENTED_EDGE('',*,*,#4010,.F.);
#6201=ORIENTED_EDGE('',*,*,#4781,.T.);
#6202=ORIENTED_EDGE('',*,*,#4399,.T.);
#6203=ORIENTED_EDGE('',*,*,#4783,.F.);
#6204=ORIENTED_EDGE('',*,*,#4004,.F.);
#6205=ORIENTED_EDGE('',*,*,#4784,.T.);
#6206=ORIENTED_EDGE('',*,*,#4394,.T.);
#6207=ORIENTED_EDGE('',*,*,#4782,.F.);
#6208=ORIENTED_EDGE('',*,*,#4009,.F.);
#6209=ORIENTED_EDGE('',*,*,#4783,.T.);
#6210=ORIENTED_EDGE('',*,*,#4398,.T.);
#6211=ORIENTED_EDGE('',*,*,#4785,.F.);
#6212=ORIENTED_EDGE('',*,*,#4005,.F.);
#6213=ORIENTED_EDGE('',*,*,#4786,.T.);
#6214=ORIENTED_EDGE('',*,*,#4395,.T.);
#6215=ORIENTED_EDGE('',*,*,#4784,.F.);
#6216=ORIENTED_EDGE('',*,*,#4008,.F.);
#6217=ORIENTED_EDGE('',*,*,#4785,.T.);
#6218=ORIENTED_EDGE('',*,*,#4397,.T.);
#6219=ORIENTED_EDGE('',*,*,#4787,.F.);
#6220=ORIENTED_EDGE('',*,*,#4006,.F.);
#6221=ORIENTED_EDGE('',*,*,#4787,.T.);
#6222=ORIENTED_EDGE('',*,*,#4396,.T.);
#6223=ORIENTED_EDGE('',*,*,#4786,.F.);
#6224=ORIENTED_EDGE('',*,*,#4007,.F.);
#6225=ORIENTED_EDGE('',*,*,#4788,.T.);
#6226=ORIENTED_EDGE('',*,*,#4400,.T.);
#6227=ORIENTED_EDGE('',*,*,#4789,.F.);
#6228=ORIENTED_EDGE('',*,*,#4011,.F.);
#6229=ORIENTED_EDGE('',*,*,#4790,.T.);
#6230=ORIENTED_EDGE('',*,*,#4401,.T.);
#6231=ORIENTED_EDGE('',*,*,#4788,.F.);
#6232=ORIENTED_EDGE('',*,*,#4018,.F.);
#6233=ORIENTED_EDGE('',*,*,#4789,.T.);
#6234=ORIENTED_EDGE('',*,*,#4407,.T.);
#6235=ORIENTED_EDGE('',*,*,#4791,.F.);
#6236=ORIENTED_EDGE('',*,*,#4012,.F.);
#6237=ORIENTED_EDGE('',*,*,#4792,.T.);
#6238=ORIENTED_EDGE('',*,*,#4402,.T.);
#6239=ORIENTED_EDGE('',*,*,#4790,.F.);
#6240=ORIENTED_EDGE('',*,*,#4017,.F.);
#6241=ORIENTED_EDGE('',*,*,#4791,.T.);
#6242=ORIENTED_EDGE('',*,*,#4406,.T.);
#6243=ORIENTED_EDGE('',*,*,#4793,.F.);
#6244=ORIENTED_EDGE('',*,*,#4013,.F.);
#6245=ORIENTED_EDGE('',*,*,#4794,.T.);
#6246=ORIENTED_EDGE('',*,*,#4403,.T.);
#6247=ORIENTED_EDGE('',*,*,#4792,.F.);
#6248=ORIENTED_EDGE('',*,*,#4016,.F.);
#6249=ORIENTED_EDGE('',*,*,#4793,.T.);
#6250=ORIENTED_EDGE('',*,*,#4405,.T.);
#6251=ORIENTED_EDGE('',*,*,#4795,.F.);
#6252=ORIENTED_EDGE('',*,*,#4014,.F.);
#6253=ORIENTED_EDGE('',*,*,#4795,.T.);
#6254=ORIENTED_EDGE('',*,*,#4404,.T.);
#6255=ORIENTED_EDGE('',*,*,#4794,.F.);
#6256=ORIENTED_EDGE('',*,*,#4015,.F.);
#6257=ORIENTED_EDGE('',*,*,#4796,.T.);
#6258=ORIENTED_EDGE('',*,*,#4408,.T.);
#6259=ORIENTED_EDGE('',*,*,#4797,.F.);
#6260=ORIENTED_EDGE('',*,*,#4019,.F.);
#6261=ORIENTED_EDGE('',*,*,#4798,.T.);
#6262=ORIENTED_EDGE('',*,*,#4409,.T.);
#6263=ORIENTED_EDGE('',*,*,#4796,.F.);
#6264=ORIENTED_EDGE('',*,*,#4026,.F.);
#6265=ORIENTED_EDGE('',*,*,#4797,.T.);
#6266=ORIENTED_EDGE('',*,*,#4415,.T.);
#6267=ORIENTED_EDGE('',*,*,#4799,.F.);
#6268=ORIENTED_EDGE('',*,*,#4020,.F.);
#6269=ORIENTED_EDGE('',*,*,#4800,.T.);
#6270=ORIENTED_EDGE('',*,*,#4410,.T.);
#6271=ORIENTED_EDGE('',*,*,#4798,.F.);
#6272=ORIENTED_EDGE('',*,*,#4025,.F.);
#6273=ORIENTED_EDGE('',*,*,#4799,.T.);
#6274=ORIENTED_EDGE('',*,*,#4414,.T.);
#6275=ORIENTED_EDGE('',*,*,#4801,.F.);
#6276=ORIENTED_EDGE('',*,*,#4021,.F.);
#6277=ORIENTED_EDGE('',*,*,#4802,.T.);
#6278=ORIENTED_EDGE('',*,*,#4411,.T.);
#6279=ORIENTED_EDGE('',*,*,#4800,.F.);
#6280=ORIENTED_EDGE('',*,*,#4024,.F.);
#6281=ORIENTED_EDGE('',*,*,#4801,.T.);
#6282=ORIENTED_EDGE('',*,*,#4413,.T.);
#6283=ORIENTED_EDGE('',*,*,#4803,.F.);
#6284=ORIENTED_EDGE('',*,*,#4022,.F.);
#6285=ORIENTED_EDGE('',*,*,#4803,.T.);
#6286=ORIENTED_EDGE('',*,*,#4412,.T.);
#6287=ORIENTED_EDGE('',*,*,#4802,.F.);
#6288=ORIENTED_EDGE('',*,*,#4023,.F.);
#6289=ORIENTED_EDGE('',*,*,#4804,.T.);
#6290=ORIENTED_EDGE('',*,*,#4416,.T.);
#6291=ORIENTED_EDGE('',*,*,#4805,.F.);
#6292=ORIENTED_EDGE('',*,*,#4027,.F.);
#6293=ORIENTED_EDGE('',*,*,#4806,.T.);
#6294=ORIENTED_EDGE('',*,*,#4417,.T.);
#6295=ORIENTED_EDGE('',*,*,#4804,.F.);
#6296=ORIENTED_EDGE('',*,*,#4056,.F.);
#6297=ORIENTED_EDGE('',*,*,#4805,.T.);
#6298=ORIENTED_EDGE('',*,*,#4445,.T.);
#6299=ORIENTED_EDGE('',*,*,#4807,.F.);
#6300=ORIENTED_EDGE('',*,*,#4028,.F.);
#6301=ORIENTED_EDGE('',*,*,#4808,.T.);
#6302=ORIENTED_EDGE('',*,*,#4418,.T.);
#6303=ORIENTED_EDGE('',*,*,#4806,.F.);
#6304=ORIENTED_EDGE('',*,*,#4055,.F.);
#6305=ORIENTED_EDGE('',*,*,#4807,.T.);
#6306=ORIENTED_EDGE('',*,*,#4444,.T.);
#6307=ORIENTED_EDGE('',*,*,#4809,.F.);
#6308=ORIENTED_EDGE('',*,*,#4029,.F.);
#6309=ORIENTED_EDGE('',*,*,#4810,.T.);
#6310=ORIENTED_EDGE('',*,*,#4419,.T.);
#6311=ORIENTED_EDGE('',*,*,#4808,.F.);
#6312=ORIENTED_EDGE('',*,*,#4054,.F.);
#6313=ORIENTED_EDGE('',*,*,#4809,.T.);
#6314=ORIENTED_EDGE('',*,*,#4443,.T.);
#6315=ORIENTED_EDGE('',*,*,#4811,.F.);
#6316=ORIENTED_EDGE('',*,*,#4030,.F.);
#6317=ORIENTED_EDGE('',*,*,#4812,.T.);
#6318=ORIENTED_EDGE('',*,*,#4420,.T.);
#6319=ORIENTED_EDGE('',*,*,#4810,.F.);
#6320=ORIENTED_EDGE('',*,*,#4053,.F.);
#6321=ORIENTED_EDGE('',*,*,#4811,.T.);
#6322=ORIENTED_EDGE('',*,*,#4442,.T.);
#6323=ORIENTED_EDGE('',*,*,#4813,.F.);
#6324=ORIENTED_EDGE('',*,*,#4031,.F.);
#6325=ORIENTED_EDGE('',*,*,#4814,.T.);
#6326=ORIENTED_EDGE('',*,*,#4421,.T.);
#6327=ORIENTED_EDGE('',*,*,#4812,.F.);
#6328=ORIENTED_EDGE('',*,*,#4052,.F.);
#6329=ORIENTED_EDGE('',*,*,#4813,.T.);
#6330=ORIENTED_EDGE('',*,*,#4441,.T.);
#6331=ORIENTED_EDGE('',*,*,#4815,.F.);
#6332=ORIENTED_EDGE('',*,*,#4032,.F.);
#6333=ORIENTED_EDGE('',*,*,#4816,.T.);
#6334=ORIENTED_EDGE('',*,*,#4422,.T.);
#6335=ORIENTED_EDGE('',*,*,#4814,.F.);
#6336=ORIENTED_EDGE('',*,*,#4051,.F.);
#6337=ORIENTED_EDGE('',*,*,#4815,.T.);
#6338=ORIENTED_EDGE('',*,*,#4440,.T.);
#6339=ORIENTED_EDGE('',*,*,#4817,.F.);
#6340=ORIENTED_EDGE('',*,*,#4033,.F.);
#6341=ORIENTED_EDGE('',*,*,#4818,.T.);
#6342=ORIENTED_EDGE('',*,*,#4423,.T.);
#6343=ORIENTED_EDGE('',*,*,#4816,.F.);
#6344=ORIENTED_EDGE('',*,*,#4050,.F.);
#6345=ORIENTED_EDGE('',*,*,#4817,.T.);
#6346=ORIENTED_EDGE('',*,*,#4439,.T.);
#6347=ORIENTED_EDGE('',*,*,#4819,.F.);
#6348=ORIENTED_EDGE('',*,*,#4034,.F.);
#6349=ORIENTED_EDGE('',*,*,#4820,.T.);
#6350=ORIENTED_EDGE('',*,*,#4424,.T.);
#6351=ORIENTED_EDGE('',*,*,#4818,.F.);
#6352=ORIENTED_EDGE('',*,*,#4049,.F.);
#6353=ORIENTED_EDGE('',*,*,#4819,.T.);
#6354=ORIENTED_EDGE('',*,*,#4438,.T.);
#6355=ORIENTED_EDGE('',*,*,#4821,.F.);
#6356=ORIENTED_EDGE('',*,*,#4035,.F.);
#6357=ORIENTED_EDGE('',*,*,#4822,.T.);
#6358=ORIENTED_EDGE('',*,*,#4425,.T.);
#6359=ORIENTED_EDGE('',*,*,#4820,.F.);
#6360=ORIENTED_EDGE('',*,*,#4048,.F.);
#6361=ORIENTED_EDGE('',*,*,#4821,.T.);
#6362=ORIENTED_EDGE('',*,*,#4437,.T.);
#6363=ORIENTED_EDGE('',*,*,#4823,.F.);
#6364=ORIENTED_EDGE('',*,*,#4036,.F.);
#6365=ORIENTED_EDGE('',*,*,#4824,.T.);
#6366=ORIENTED_EDGE('',*,*,#4426,.T.);
#6367=ORIENTED_EDGE('',*,*,#4822,.F.);
#6368=ORIENTED_EDGE('',*,*,#4047,.F.);
#6369=ORIENTED_EDGE('',*,*,#4823,.T.);
#6370=ORIENTED_EDGE('',*,*,#4436,.T.);
#6371=ORIENTED_EDGE('',*,*,#4825,.F.);
#6372=ORIENTED_EDGE('',*,*,#4037,.F.);
#6373=ORIENTED_EDGE('',*,*,#4826,.T.);
#6374=ORIENTED_EDGE('',*,*,#4427,.T.);
#6375=ORIENTED_EDGE('',*,*,#4824,.F.);
#6376=ORIENTED_EDGE('',*,*,#4046,.F.);
#6377=ORIENTED_EDGE('',*,*,#4825,.T.);
#6378=ORIENTED_EDGE('',*,*,#4435,.T.);
#6379=ORIENTED_EDGE('',*,*,#4827,.F.);
#6380=ORIENTED_EDGE('',*,*,#4038,.F.);
#6381=ORIENTED_EDGE('',*,*,#4828,.T.);
#6382=ORIENTED_EDGE('',*,*,#4428,.T.);
#6383=ORIENTED_EDGE('',*,*,#4826,.F.);
#6384=ORIENTED_EDGE('',*,*,#4045,.F.);
#6385=ORIENTED_EDGE('',*,*,#4827,.T.);
#6386=ORIENTED_EDGE('',*,*,#4434,.T.);
#6387=ORIENTED_EDGE('',*,*,#4829,.F.);
#6388=ORIENTED_EDGE('',*,*,#4039,.F.);
#6389=ORIENTED_EDGE('',*,*,#4830,.T.);
#6390=ORIENTED_EDGE('',*,*,#4429,.T.);
#6391=ORIENTED_EDGE('',*,*,#4828,.F.);
#6392=ORIENTED_EDGE('',*,*,#4044,.F.);
#6393=ORIENTED_EDGE('',*,*,#4829,.T.);
#6394=ORIENTED_EDGE('',*,*,#4433,.T.);
#6395=ORIENTED_EDGE('',*,*,#4831,.F.);
#6396=ORIENTED_EDGE('',*,*,#4040,.F.);
#6397=ORIENTED_EDGE('',*,*,#4832,.T.);
#6398=ORIENTED_EDGE('',*,*,#4430,.T.);
#6399=ORIENTED_EDGE('',*,*,#4830,.F.);
#6400=ORIENTED_EDGE('',*,*,#4043,.F.);
#6401=ORIENTED_EDGE('',*,*,#4831,.T.);
#6402=ORIENTED_EDGE('',*,*,#4432,.T.);
#6403=ORIENTED_EDGE('',*,*,#4833,.F.);
#6404=ORIENTED_EDGE('',*,*,#4041,.F.);
#6405=ORIENTED_EDGE('',*,*,#4833,.T.);
#6406=ORIENTED_EDGE('',*,*,#4431,.T.);
#6407=ORIENTED_EDGE('',*,*,#4832,.F.);
#6408=ORIENTED_EDGE('',*,*,#4042,.F.);
#6409=ORIENTED_EDGE('',*,*,#4446,.F.);
#6410=ORIENTED_EDGE('',*,*,#4834,.T.);
#6411=ORIENTED_EDGE('',*,*,#4057,.T.);
#6412=ORIENTED_EDGE('',*,*,#4834,.F.);
#6413=ORIENTED_EDGE('',*,*,#4835,.T.);
#6414=ORIENTED_EDGE('',*,*,#4447,.T.);
#6415=ORIENTED_EDGE('',*,*,#4836,.F.);
#6416=ORIENTED_EDGE('',*,*,#4058,.F.);
#6417=ORIENTED_EDGE('',*,*,#4837,.T.);
#6418=ORIENTED_EDGE('',*,*,#4448,.T.);
#6419=ORIENTED_EDGE('',*,*,#4835,.F.);
#6420=ORIENTED_EDGE('',*,*,#4065,.F.);
#6421=ORIENTED_EDGE('',*,*,#4836,.T.);
#6422=ORIENTED_EDGE('',*,*,#4454,.T.);
#6423=ORIENTED_EDGE('',*,*,#4838,.F.);
#6424=ORIENTED_EDGE('',*,*,#4059,.F.);
#6425=ORIENTED_EDGE('',*,*,#4839,.T.);
#6426=ORIENTED_EDGE('',*,*,#4449,.T.);
#6427=ORIENTED_EDGE('',*,*,#4837,.F.);
#6428=ORIENTED_EDGE('',*,*,#4064,.F.);
#6429=ORIENTED_EDGE('',*,*,#4838,.T.);
#6430=ORIENTED_EDGE('',*,*,#4453,.T.);
#6431=ORIENTED_EDGE('',*,*,#4840,.F.);
#6432=ORIENTED_EDGE('',*,*,#4060,.F.);
#6433=ORIENTED_EDGE('',*,*,#4841,.T.);
#6434=ORIENTED_EDGE('',*,*,#4450,.T.);
#6435=ORIENTED_EDGE('',*,*,#4839,.F.);
#6436=ORIENTED_EDGE('',*,*,#4063,.F.);
#6437=ORIENTED_EDGE('',*,*,#4840,.T.);
#6438=ORIENTED_EDGE('',*,*,#4452,.T.);
#6439=ORIENTED_EDGE('',*,*,#4842,.F.);
#6440=ORIENTED_EDGE('',*,*,#4061,.F.);
#6441=ORIENTED_EDGE('',*,*,#4842,.T.);
#6442=ORIENTED_EDGE('',*,*,#4451,.T.);
#6443=ORIENTED_EDGE('',*,*,#4841,.F.);
#6444=ORIENTED_EDGE('',*,*,#4062,.F.);
#6445=ORIENTED_EDGE('',*,*,#4843,.T.);
#6446=ORIENTED_EDGE('',*,*,#4455,.T.);
#6447=ORIENTED_EDGE('',*,*,#4844,.F.);
#6448=ORIENTED_EDGE('',*,*,#4066,.F.);
#6449=ORIENTED_EDGE('',*,*,#4845,.T.);
#6450=ORIENTED_EDGE('',*,*,#4456,.T.);
#6451=ORIENTED_EDGE('',*,*,#4843,.F.);
#6452=ORIENTED_EDGE('',*,*,#4073,.F.);
#6453=ORIENTED_EDGE('',*,*,#4844,.T.);
#6454=ORIENTED_EDGE('',*,*,#4462,.T.);
#6455=ORIENTED_EDGE('',*,*,#4846,.F.);
#6456=ORIENTED_EDGE('',*,*,#4067,.F.);
#6457=ORIENTED_EDGE('',*,*,#4847,.T.);
#6458=ORIENTED_EDGE('',*,*,#4457,.T.);
#6459=ORIENTED_EDGE('',*,*,#4845,.F.);
#6460=ORIENTED_EDGE('',*,*,#4072,.F.);
#6461=ORIENTED_EDGE('',*,*,#4846,.T.);
#6462=ORIENTED_EDGE('',*,*,#4461,.T.);
#6463=ORIENTED_EDGE('',*,*,#4848,.F.);
#6464=ORIENTED_EDGE('',*,*,#4068,.F.);
#6465=ORIENTED_EDGE('',*,*,#4849,.T.);
#6466=ORIENTED_EDGE('',*,*,#4458,.T.);
#6467=ORIENTED_EDGE('',*,*,#4847,.F.);
#6468=ORIENTED_EDGE('',*,*,#4071,.F.);
#6469=ORIENTED_EDGE('',*,*,#4848,.T.);
#6470=ORIENTED_EDGE('',*,*,#4460,.T.);
#6471=ORIENTED_EDGE('',*,*,#4850,.F.);
#6472=ORIENTED_EDGE('',*,*,#4069,.F.);
#6473=ORIENTED_EDGE('',*,*,#4850,.T.);
#6474=ORIENTED_EDGE('',*,*,#4459,.T.);
#6475=ORIENTED_EDGE('',*,*,#4849,.F.);
#6476=ORIENTED_EDGE('',*,*,#4070,.F.);
#6477=ORIENTED_EDGE('',*,*,#4851,.T.);
#6478=ORIENTED_EDGE('',*,*,#4463,.T.);
#6479=ORIENTED_EDGE('',*,*,#4852,.F.);
#6480=ORIENTED_EDGE('',*,*,#4074,.F.);
#6481=ORIENTED_EDGE('',*,*,#4853,.T.);
#6482=ORIENTED_EDGE('',*,*,#4464,.T.);
#6483=ORIENTED_EDGE('',*,*,#4851,.F.);
#6484=ORIENTED_EDGE('',*,*,#4081,.F.);
#6485=ORIENTED_EDGE('',*,*,#4852,.T.);
#6486=ORIENTED_EDGE('',*,*,#4470,.T.);
#6487=ORIENTED_EDGE('',*,*,#4854,.F.);
#6488=ORIENTED_EDGE('',*,*,#4075,.F.);
#6489=ORIENTED_EDGE('',*,*,#4855,.T.);
#6490=ORIENTED_EDGE('',*,*,#4465,.T.);
#6491=ORIENTED_EDGE('',*,*,#4853,.F.);
#6492=ORIENTED_EDGE('',*,*,#4080,.F.);
#6493=ORIENTED_EDGE('',*,*,#4854,.T.);
#6494=ORIENTED_EDGE('',*,*,#4469,.T.);
#6495=ORIENTED_EDGE('',*,*,#4856,.F.);
#6496=ORIENTED_EDGE('',*,*,#4076,.F.);
#6497=ORIENTED_EDGE('',*,*,#4857,.T.);
#6498=ORIENTED_EDGE('',*,*,#4466,.T.);
#6499=ORIENTED_EDGE('',*,*,#4855,.F.);
#6500=ORIENTED_EDGE('',*,*,#4079,.F.);
#6501=ORIENTED_EDGE('',*,*,#4856,.T.);
#6502=ORIENTED_EDGE('',*,*,#4468,.T.);
#6503=ORIENTED_EDGE('',*,*,#4858,.F.);
#6504=ORIENTED_EDGE('',*,*,#4077,.F.);
#6505=ORIENTED_EDGE('',*,*,#4858,.T.);
#6506=ORIENTED_EDGE('',*,*,#4467,.T.);
#6507=ORIENTED_EDGE('',*,*,#4857,.F.);
#6508=ORIENTED_EDGE('',*,*,#4078,.F.);
#6509=ORIENTED_EDGE('',*,*,#4859,.T.);
#6510=ORIENTED_EDGE('',*,*,#4471,.T.);
#6511=ORIENTED_EDGE('',*,*,#4860,.F.);
#6512=ORIENTED_EDGE('',*,*,#4082,.F.);
#6513=ORIENTED_EDGE('',*,*,#4861,.T.);
#6514=ORIENTED_EDGE('',*,*,#4472,.T.);
#6515=ORIENTED_EDGE('',*,*,#4859,.F.);
#6516=ORIENTED_EDGE('',*,*,#4089,.F.);
#6517=ORIENTED_EDGE('',*,*,#4860,.T.);
#6518=ORIENTED_EDGE('',*,*,#4478,.T.);
#6519=ORIENTED_EDGE('',*,*,#4862,.F.);
#6520=ORIENTED_EDGE('',*,*,#4083,.F.);
#6521=ORIENTED_EDGE('',*,*,#4863,.T.);
#6522=ORIENTED_EDGE('',*,*,#4473,.T.);
#6523=ORIENTED_EDGE('',*,*,#4861,.F.);
#6524=ORIENTED_EDGE('',*,*,#4088,.F.);
#6525=ORIENTED_EDGE('',*,*,#4862,.T.);
#6526=ORIENTED_EDGE('',*,*,#4477,.T.);
#6527=ORIENTED_EDGE('',*,*,#4864,.F.);
#6528=ORIENTED_EDGE('',*,*,#4084,.F.);
#6529=ORIENTED_EDGE('',*,*,#4865,.T.);
#6530=ORIENTED_EDGE('',*,*,#4474,.T.);
#6531=ORIENTED_EDGE('',*,*,#4863,.F.);
#6532=ORIENTED_EDGE('',*,*,#4087,.F.);
#6533=ORIENTED_EDGE('',*,*,#4864,.T.);
#6534=ORIENTED_EDGE('',*,*,#4476,.T.);
#6535=ORIENTED_EDGE('',*,*,#4866,.F.);
#6536=ORIENTED_EDGE('',*,*,#4085,.F.);
#6537=ORIENTED_EDGE('',*,*,#4866,.T.);
#6538=ORIENTED_EDGE('',*,*,#4475,.T.);
#6539=ORIENTED_EDGE('',*,*,#4865,.F.);
#6540=ORIENTED_EDGE('',*,*,#4086,.F.);
#6541=ORIENTED_EDGE('',*,*,#4867,.T.);
#6542=ORIENTED_EDGE('',*,*,#4479,.T.);
#6543=ORIENTED_EDGE('',*,*,#4868,.F.);
#6544=ORIENTED_EDGE('',*,*,#4090,.F.);
#6545=ORIENTED_EDGE('',*,*,#4869,.T.);
#6546=ORIENTED_EDGE('',*,*,#4480,.T.);
#6547=ORIENTED_EDGE('',*,*,#4867,.F.);
#6548=ORIENTED_EDGE('',*,*,#4097,.F.);
#6549=ORIENTED_EDGE('',*,*,#4868,.T.);
#6550=ORIENTED_EDGE('',*,*,#4486,.T.);
#6551=ORIENTED_EDGE('',*,*,#4870,.F.);
#6552=ORIENTED_EDGE('',*,*,#4091,.F.);
#6553=ORIENTED_EDGE('',*,*,#4871,.T.);
#6554=ORIENTED_EDGE('',*,*,#4481,.T.);
#6555=ORIENTED_EDGE('',*,*,#4869,.F.);
#6556=ORIENTED_EDGE('',*,*,#4096,.F.);
#6557=ORIENTED_EDGE('',*,*,#4870,.T.);
#6558=ORIENTED_EDGE('',*,*,#4485,.T.);
#6559=ORIENTED_EDGE('',*,*,#4872,.F.);
#6560=ORIENTED_EDGE('',*,*,#4092,.F.);
#6561=ORIENTED_EDGE('',*,*,#4873,.T.);
#6562=ORIENTED_EDGE('',*,*,#4482,.T.);
#6563=ORIENTED_EDGE('',*,*,#4871,.F.);
#6564=ORIENTED_EDGE('',*,*,#4095,.F.);
#6565=ORIENTED_EDGE('',*,*,#4872,.T.);
#6566=ORIENTED_EDGE('',*,*,#4484,.T.);
#6567=ORIENTED_EDGE('',*,*,#4874,.F.);
#6568=ORIENTED_EDGE('',*,*,#4093,.F.);
#6569=ORIENTED_EDGE('',*,*,#4874,.T.);
#6570=ORIENTED_EDGE('',*,*,#4483,.T.);
#6571=ORIENTED_EDGE('',*,*,#4873,.F.);
#6572=ORIENTED_EDGE('',*,*,#4094,.F.);
#6573=ORIENTED_EDGE('',*,*,#4875,.T.);
#6574=ORIENTED_EDGE('',*,*,#4487,.T.);
#6575=ORIENTED_EDGE('',*,*,#4876,.F.);
#6576=ORIENTED_EDGE('',*,*,#4098,.F.);
#6577=ORIENTED_EDGE('',*,*,#4877,.T.);
#6578=ORIENTED_EDGE('',*,*,#4488,.T.);
#6579=ORIENTED_EDGE('',*,*,#4875,.F.);
#6580=ORIENTED_EDGE('',*,*,#4105,.F.);
#6581=ORIENTED_EDGE('',*,*,#4876,.T.);
#6582=ORIENTED_EDGE('',*,*,#4494,.T.);
#6583=ORIENTED_EDGE('',*,*,#4878,.F.);
#6584=ORIENTED_EDGE('',*,*,#4099,.F.);
#6585=ORIENTED_EDGE('',*,*,#4879,.T.);
#6586=ORIENTED_EDGE('',*,*,#4489,.T.);
#6587=ORIENTED_EDGE('',*,*,#4877,.F.);
#6588=ORIENTED_EDGE('',*,*,#4104,.F.);
#6589=ORIENTED_EDGE('',*,*,#4878,.T.);
#6590=ORIENTED_EDGE('',*,*,#4493,.T.);
#6591=ORIENTED_EDGE('',*,*,#4880,.F.);
#6592=ORIENTED_EDGE('',*,*,#4100,.F.);
#6593=ORIENTED_EDGE('',*,*,#4881,.T.);
#6594=ORIENTED_EDGE('',*,*,#4490,.T.);
#6595=ORIENTED_EDGE('',*,*,#4879,.F.);
#6596=ORIENTED_EDGE('',*,*,#4103,.F.);
#6597=ORIENTED_EDGE('',*,*,#4880,.T.);
#6598=ORIENTED_EDGE('',*,*,#4492,.T.);
#6599=ORIENTED_EDGE('',*,*,#4882,.F.);
#6600=ORIENTED_EDGE('',*,*,#4101,.F.);
#6601=ORIENTED_EDGE('',*,*,#4882,.T.);
#6602=ORIENTED_EDGE('',*,*,#4491,.T.);
#6603=ORIENTED_EDGE('',*,*,#4881,.F.);
#6604=ORIENTED_EDGE('',*,*,#4102,.F.);
#6605=ORIENTED_EDGE('',*,*,#4883,.T.);
#6606=ORIENTED_EDGE('',*,*,#4495,.T.);
#6607=ORIENTED_EDGE('',*,*,#4884,.F.);
#6608=ORIENTED_EDGE('',*,*,#4106,.F.);
#6609=ORIENTED_EDGE('',*,*,#4885,.T.);
#6610=ORIENTED_EDGE('',*,*,#4496,.T.);
#6611=ORIENTED_EDGE('',*,*,#4883,.F.);
#6612=ORIENTED_EDGE('',*,*,#4113,.F.);
#6613=ORIENTED_EDGE('',*,*,#4884,.T.);
#6614=ORIENTED_EDGE('',*,*,#4502,.T.);
#6615=ORIENTED_EDGE('',*,*,#4886,.F.);
#6616=ORIENTED_EDGE('',*,*,#4107,.F.);
#6617=ORIENTED_EDGE('',*,*,#4887,.T.);
#6618=ORIENTED_EDGE('',*,*,#4497,.T.);
#6619=ORIENTED_EDGE('',*,*,#4885,.F.);
#6620=ORIENTED_EDGE('',*,*,#4112,.F.);
#6621=ORIENTED_EDGE('',*,*,#4886,.T.);
#6622=ORIENTED_EDGE('',*,*,#4501,.T.);
#6623=ORIENTED_EDGE('',*,*,#4888,.F.);
#6624=ORIENTED_EDGE('',*,*,#4108,.F.);
#6625=ORIENTED_EDGE('',*,*,#4889,.T.);
#6626=ORIENTED_EDGE('',*,*,#4498,.T.);
#6627=ORIENTED_EDGE('',*,*,#4887,.F.);
#6628=ORIENTED_EDGE('',*,*,#4111,.F.);
#6629=ORIENTED_EDGE('',*,*,#4888,.T.);
#6630=ORIENTED_EDGE('',*,*,#4500,.T.);
#6631=ORIENTED_EDGE('',*,*,#4890,.F.);
#6632=ORIENTED_EDGE('',*,*,#4109,.F.);
#6633=ORIENTED_EDGE('',*,*,#4890,.T.);
#6634=ORIENTED_EDGE('',*,*,#4499,.T.);
#6635=ORIENTED_EDGE('',*,*,#4889,.F.);
#6636=ORIENTED_EDGE('',*,*,#4110,.F.);
#6637=ORIENTED_EDGE('',*,*,#4891,.T.);
#6638=ORIENTED_EDGE('',*,*,#4503,.T.);
#6639=ORIENTED_EDGE('',*,*,#4892,.F.);
#6640=ORIENTED_EDGE('',*,*,#4114,.F.);
#6641=ORIENTED_EDGE('',*,*,#4893,.T.);
#6642=ORIENTED_EDGE('',*,*,#4504,.T.);
#6643=ORIENTED_EDGE('',*,*,#4891,.F.);
#6644=ORIENTED_EDGE('',*,*,#4121,.F.);
#6645=ORIENTED_EDGE('',*,*,#4892,.T.);
#6646=ORIENTED_EDGE('',*,*,#4510,.T.);
#6647=ORIENTED_EDGE('',*,*,#4894,.F.);
#6648=ORIENTED_EDGE('',*,*,#4115,.F.);
#6649=ORIENTED_EDGE('',*,*,#4895,.T.);
#6650=ORIENTED_EDGE('',*,*,#4505,.T.);
#6651=ORIENTED_EDGE('',*,*,#4893,.F.);
#6652=ORIENTED_EDGE('',*,*,#4120,.F.);
#6653=ORIENTED_EDGE('',*,*,#4894,.T.);
#6654=ORIENTED_EDGE('',*,*,#4509,.T.);
#6655=ORIENTED_EDGE('',*,*,#4896,.F.);
#6656=ORIENTED_EDGE('',*,*,#4116,.F.);
#6657=ORIENTED_EDGE('',*,*,#4897,.T.);
#6658=ORIENTED_EDGE('',*,*,#4506,.T.);
#6659=ORIENTED_EDGE('',*,*,#4895,.F.);
#6660=ORIENTED_EDGE('',*,*,#4119,.F.);
#6661=ORIENTED_EDGE('',*,*,#4896,.T.);
#6662=ORIENTED_EDGE('',*,*,#4508,.T.);
#6663=ORIENTED_EDGE('',*,*,#4898,.F.);
#6664=ORIENTED_EDGE('',*,*,#4117,.F.);
#6665=ORIENTED_EDGE('',*,*,#4898,.T.);
#6666=ORIENTED_EDGE('',*,*,#4507,.T.);
#6667=ORIENTED_EDGE('',*,*,#4897,.F.);
#6668=ORIENTED_EDGE('',*,*,#4118,.F.);
#6669=ORIENTED_EDGE('',*,*,#4899,.T.);
#6670=ORIENTED_EDGE('',*,*,#4511,.T.);
#6671=ORIENTED_EDGE('',*,*,#4900,.F.);
#6672=ORIENTED_EDGE('',*,*,#4122,.F.);
#6673=ORIENTED_EDGE('',*,*,#4901,.T.);
#6674=ORIENTED_EDGE('',*,*,#4512,.T.);
#6675=ORIENTED_EDGE('',*,*,#4899,.F.);
#6676=ORIENTED_EDGE('',*,*,#4129,.F.);
#6677=ORIENTED_EDGE('',*,*,#4900,.T.);
#6678=ORIENTED_EDGE('',*,*,#4518,.T.);
#6679=ORIENTED_EDGE('',*,*,#4902,.F.);
#6680=ORIENTED_EDGE('',*,*,#4123,.F.);
#6681=ORIENTED_EDGE('',*,*,#4903,.T.);
#6682=ORIENTED_EDGE('',*,*,#4513,.T.);
#6683=ORIENTED_EDGE('',*,*,#4901,.F.);
#6684=ORIENTED_EDGE('',*,*,#4128,.F.);
#6685=ORIENTED_EDGE('',*,*,#4902,.T.);
#6686=ORIENTED_EDGE('',*,*,#4517,.T.);
#6687=ORIENTED_EDGE('',*,*,#4904,.F.);
#6688=ORIENTED_EDGE('',*,*,#4124,.F.);
#6689=ORIENTED_EDGE('',*,*,#4905,.T.);
#6690=ORIENTED_EDGE('',*,*,#4514,.T.);
#6691=ORIENTED_EDGE('',*,*,#4903,.F.);
#6692=ORIENTED_EDGE('',*,*,#4127,.F.);
#6693=ORIENTED_EDGE('',*,*,#4904,.T.);
#6694=ORIENTED_EDGE('',*,*,#4516,.T.);
#6695=ORIENTED_EDGE('',*,*,#4906,.F.);
#6696=ORIENTED_EDGE('',*,*,#4125,.F.);
#6697=ORIENTED_EDGE('',*,*,#4906,.T.);
#6698=ORIENTED_EDGE('',*,*,#4515,.T.);
#6699=ORIENTED_EDGE('',*,*,#4905,.F.);
#6700=ORIENTED_EDGE('',*,*,#4126,.F.);
#6701=ORIENTED_EDGE('',*,*,#4907,.T.);
#6702=ORIENTED_EDGE('',*,*,#4519,.T.);
#6703=ORIENTED_EDGE('',*,*,#4908,.F.);
#6704=ORIENTED_EDGE('',*,*,#4130,.F.);
#6705=ORIENTED_EDGE('',*,*,#4909,.T.);
#6706=ORIENTED_EDGE('',*,*,#4520,.T.);
#6707=ORIENTED_EDGE('',*,*,#4907,.F.);
#6708=ORIENTED_EDGE('',*,*,#4137,.F.);
#6709=ORIENTED_EDGE('',*,*,#4908,.T.);
#6710=ORIENTED_EDGE('',*,*,#4526,.T.);
#6711=ORIENTED_EDGE('',*,*,#4910,.F.);
#6712=ORIENTED_EDGE('',*,*,#4131,.F.);
#6713=ORIENTED_EDGE('',*,*,#4911,.T.);
#6714=ORIENTED_EDGE('',*,*,#4521,.T.);
#6715=ORIENTED_EDGE('',*,*,#4909,.F.);
#6716=ORIENTED_EDGE('',*,*,#4136,.F.);
#6717=ORIENTED_EDGE('',*,*,#4910,.T.);
#6718=ORIENTED_EDGE('',*,*,#4525,.T.);
#6719=ORIENTED_EDGE('',*,*,#4912,.F.);
#6720=ORIENTED_EDGE('',*,*,#4132,.F.);
#6721=ORIENTED_EDGE('',*,*,#4913,.T.);
#6722=ORIENTED_EDGE('',*,*,#4522,.T.);
#6723=ORIENTED_EDGE('',*,*,#4911,.F.);
#6724=ORIENTED_EDGE('',*,*,#4135,.F.);
#6725=ORIENTED_EDGE('',*,*,#4912,.T.);
#6726=ORIENTED_EDGE('',*,*,#4524,.T.);
#6727=ORIENTED_EDGE('',*,*,#4914,.F.);
#6728=ORIENTED_EDGE('',*,*,#4133,.F.);
#6729=ORIENTED_EDGE('',*,*,#4914,.T.);
#6730=ORIENTED_EDGE('',*,*,#4523,.T.);
#6731=ORIENTED_EDGE('',*,*,#4913,.F.);
#6732=ORIENTED_EDGE('',*,*,#4134,.F.);
#6733=ORIENTED_EDGE('',*,*,#4527,.F.);
#6734=ORIENTED_EDGE('',*,*,#4915,.T.);
#6735=ORIENTED_EDGE('',*,*,#4138,.T.);
#6736=ORIENTED_EDGE('',*,*,#4915,.F.);
#6737=ORIENTED_EDGE('',*,*,#4916,.T.);
#6738=ORIENTED_EDGE('',*,*,#4528,.T.);
#6739=ORIENTED_EDGE('',*,*,#4917,.F.);
#6740=ORIENTED_EDGE('',*,*,#4139,.F.);
#6741=ORIENTED_EDGE('',*,*,#4918,.T.);
#6742=ORIENTED_EDGE('',*,*,#4529,.T.);
#6743=ORIENTED_EDGE('',*,*,#4916,.F.);
#6744=ORIENTED_EDGE('',*,*,#4146,.F.);
#6745=ORIENTED_EDGE('',*,*,#4917,.T.);
#6746=ORIENTED_EDGE('',*,*,#4535,.T.);
#6747=ORIENTED_EDGE('',*,*,#4919,.F.);
#6748=ORIENTED_EDGE('',*,*,#4140,.F.);
#6749=ORIENTED_EDGE('',*,*,#4920,.T.);
#6750=ORIENTED_EDGE('',*,*,#4530,.T.);
#6751=ORIENTED_EDGE('',*,*,#4918,.F.);
#6752=ORIENTED_EDGE('',*,*,#4145,.F.);
#6753=ORIENTED_EDGE('',*,*,#4919,.T.);
#6754=ORIENTED_EDGE('',*,*,#4534,.T.);
#6755=ORIENTED_EDGE('',*,*,#4921,.F.);
#6756=ORIENTED_EDGE('',*,*,#4141,.F.);
#6757=ORIENTED_EDGE('',*,*,#4922,.T.);
#6758=ORIENTED_EDGE('',*,*,#4531,.T.);
#6759=ORIENTED_EDGE('',*,*,#4920,.F.);
#6760=ORIENTED_EDGE('',*,*,#4144,.F.);
#6761=ORIENTED_EDGE('',*,*,#4921,.T.);
#6762=ORIENTED_EDGE('',*,*,#4533,.T.);
#6763=ORIENTED_EDGE('',*,*,#4923,.F.);
#6764=ORIENTED_EDGE('',*,*,#4142,.F.);
#6765=ORIENTED_EDGE('',*,*,#4923,.T.);
#6766=ORIENTED_EDGE('',*,*,#4532,.T.);
#6767=ORIENTED_EDGE('',*,*,#4922,.F.);
#6768=ORIENTED_EDGE('',*,*,#4143,.F.);
#6769=ORIENTED_EDGE('',*,*,#4924,.T.);
#6770=ORIENTED_EDGE('',*,*,#4536,.T.);
#6771=ORIENTED_EDGE('',*,*,#4925,.F.);
#6772=ORIENTED_EDGE('',*,*,#4147,.F.);
#6773=ORIENTED_EDGE('',*,*,#4926,.T.);
#6774=ORIENTED_EDGE('',*,*,#4537,.T.);
#6775=ORIENTED_EDGE('',*,*,#4924,.F.);
#6776=ORIENTED_EDGE('',*,*,#4154,.F.);
#6777=ORIENTED_EDGE('',*,*,#4925,.T.);
#6778=ORIENTED_EDGE('',*,*,#4543,.T.);
#6779=ORIENTED_EDGE('',*,*,#4927,.F.);
#6780=ORIENTED_EDGE('',*,*,#4148,.F.);
#6781=ORIENTED_EDGE('',*,*,#4928,.T.);
#6782=ORIENTED_EDGE('',*,*,#4538,.T.);
#6783=ORIENTED_EDGE('',*,*,#4926,.F.);
#6784=ORIENTED_EDGE('',*,*,#4153,.F.);
#6785=ORIENTED_EDGE('',*,*,#4927,.T.);
#6786=ORIENTED_EDGE('',*,*,#4542,.T.);
#6787=ORIENTED_EDGE('',*,*,#4929,.F.);
#6788=ORIENTED_EDGE('',*,*,#4149,.F.);
#6789=ORIENTED_EDGE('',*,*,#4930,.T.);
#6790=ORIENTED_EDGE('',*,*,#4539,.T.);
#6791=ORIENTED_EDGE('',*,*,#4928,.F.);
#6792=ORIENTED_EDGE('',*,*,#4152,.F.);
#6793=ORIENTED_EDGE('',*,*,#4929,.T.);
#6794=ORIENTED_EDGE('',*,*,#4541,.T.);
#6795=ORIENTED_EDGE('',*,*,#4931,.F.);
#6796=ORIENTED_EDGE('',*,*,#4150,.F.);
#6797=ORIENTED_EDGE('',*,*,#4931,.T.);
#6798=ORIENTED_EDGE('',*,*,#4540,.T.);
#6799=ORIENTED_EDGE('',*,*,#4930,.F.);
#6800=ORIENTED_EDGE('',*,*,#4151,.F.);
#6801=ORIENTED_EDGE('',*,*,#4932,.T.);
#6802=ORIENTED_EDGE('',*,*,#4544,.T.);
#6803=ORIENTED_EDGE('',*,*,#4933,.F.);
#6804=ORIENTED_EDGE('',*,*,#4155,.F.);
#6805=ORIENTED_EDGE('',*,*,#4934,.T.);
#6806=ORIENTED_EDGE('',*,*,#4545,.T.);
#6807=ORIENTED_EDGE('',*,*,#4932,.F.);
#6808=ORIENTED_EDGE('',*,*,#4162,.F.);
#6809=ORIENTED_EDGE('',*,*,#4933,.T.);
#6810=ORIENTED_EDGE('',*,*,#4551,.T.);
#6811=ORIENTED_EDGE('',*,*,#4935,.F.);
#6812=ORIENTED_EDGE('',*,*,#4156,.F.);
#6813=ORIENTED_EDGE('',*,*,#4936,.T.);
#6814=ORIENTED_EDGE('',*,*,#4546,.T.);
#6815=ORIENTED_EDGE('',*,*,#4934,.F.);
#6816=ORIENTED_EDGE('',*,*,#4161,.F.);
#6817=ORIENTED_EDGE('',*,*,#4935,.T.);
#6818=ORIENTED_EDGE('',*,*,#4550,.T.);
#6819=ORIENTED_EDGE('',*,*,#4937,.F.);
#6820=ORIENTED_EDGE('',*,*,#4157,.F.);
#6821=ORIENTED_EDGE('',*,*,#4938,.T.);
#6822=ORIENTED_EDGE('',*,*,#4547,.T.);
#6823=ORIENTED_EDGE('',*,*,#4936,.F.);
#6824=ORIENTED_EDGE('',*,*,#4160,.F.);
#6825=ORIENTED_EDGE('',*,*,#4937,.T.);
#6826=ORIENTED_EDGE('',*,*,#4549,.T.);
#6827=ORIENTED_EDGE('',*,*,#4939,.F.);
#6828=ORIENTED_EDGE('',*,*,#4158,.F.);
#6829=ORIENTED_EDGE('',*,*,#4939,.T.);
#6830=ORIENTED_EDGE('',*,*,#4548,.T.);
#6831=ORIENTED_EDGE('',*,*,#4938,.F.);
#6832=ORIENTED_EDGE('',*,*,#4159,.F.);
#6833=ORIENTED_EDGE('',*,*,#4940,.T.);
#6834=ORIENTED_EDGE('',*,*,#4552,.T.);
#6835=ORIENTED_EDGE('',*,*,#4941,.F.);
#6836=ORIENTED_EDGE('',*,*,#4163,.F.);
#6837=ORIENTED_EDGE('',*,*,#4942,.T.);
#6838=ORIENTED_EDGE('',*,*,#4553,.T.);
#6839=ORIENTED_EDGE('',*,*,#4940,.F.);
#6840=ORIENTED_EDGE('',*,*,#4170,.F.);
#6841=ORIENTED_EDGE('',*,*,#4941,.T.);
#6842=ORIENTED_EDGE('',*,*,#4559,.T.);
#6843=ORIENTED_EDGE('',*,*,#4943,.F.);
#6844=ORIENTED_EDGE('',*,*,#4164,.F.);
#6845=ORIENTED_EDGE('',*,*,#4944,.T.);
#6846=ORIENTED_EDGE('',*,*,#4554,.T.);
#6847=ORIENTED_EDGE('',*,*,#4942,.F.);
#6848=ORIENTED_EDGE('',*,*,#4169,.F.);
#6849=ORIENTED_EDGE('',*,*,#4943,.T.);
#6850=ORIENTED_EDGE('',*,*,#4558,.T.);
#6851=ORIENTED_EDGE('',*,*,#4945,.F.);
#6852=ORIENTED_EDGE('',*,*,#4165,.F.);
#6853=ORIENTED_EDGE('',*,*,#4946,.T.);
#6854=ORIENTED_EDGE('',*,*,#4555,.T.);
#6855=ORIENTED_EDGE('',*,*,#4944,.F.);
#6856=ORIENTED_EDGE('',*,*,#4168,.F.);
#6857=ORIENTED_EDGE('',*,*,#4945,.T.);
#6858=ORIENTED_EDGE('',*,*,#4557,.T.);
#6859=ORIENTED_EDGE('',*,*,#4947,.F.);
#6860=ORIENTED_EDGE('',*,*,#4166,.F.);
#6861=ORIENTED_EDGE('',*,*,#4947,.T.);
#6862=ORIENTED_EDGE('',*,*,#4556,.T.);
#6863=ORIENTED_EDGE('',*,*,#4946,.F.);
#6864=ORIENTED_EDGE('',*,*,#4167,.F.);
#6865=ORIENTED_EDGE('',*,*,#4948,.T.);
#6866=ORIENTED_EDGE('',*,*,#4560,.T.);
#6867=ORIENTED_EDGE('',*,*,#4949,.F.);
#6868=ORIENTED_EDGE('',*,*,#4171,.F.);
#6869=ORIENTED_EDGE('',*,*,#4950,.T.);
#6870=ORIENTED_EDGE('',*,*,#4561,.T.);
#6871=ORIENTED_EDGE('',*,*,#4948,.F.);
#6872=ORIENTED_EDGE('',*,*,#4178,.F.);
#6873=ORIENTED_EDGE('',*,*,#4949,.T.);
#6874=ORIENTED_EDGE('',*,*,#4567,.T.);
#6875=ORIENTED_EDGE('',*,*,#4951,.F.);
#6876=ORIENTED_EDGE('',*,*,#4172,.F.);
#6877=ORIENTED_EDGE('',*,*,#4952,.T.);
#6878=ORIENTED_EDGE('',*,*,#4562,.T.);
#6879=ORIENTED_EDGE('',*,*,#4950,.F.);
#6880=ORIENTED_EDGE('',*,*,#4177,.F.);
#6881=ORIENTED_EDGE('',*,*,#4951,.T.);
#6882=ORIENTED_EDGE('',*,*,#4566,.T.);
#6883=ORIENTED_EDGE('',*,*,#4953,.F.);
#6884=ORIENTED_EDGE('',*,*,#4173,.F.);
#6885=ORIENTED_EDGE('',*,*,#4954,.T.);
#6886=ORIENTED_EDGE('',*,*,#4563,.T.);
#6887=ORIENTED_EDGE('',*,*,#4952,.F.);
#6888=ORIENTED_EDGE('',*,*,#4176,.F.);
#6889=ORIENTED_EDGE('',*,*,#4953,.T.);
#6890=ORIENTED_EDGE('',*,*,#4565,.T.);
#6891=ORIENTED_EDGE('',*,*,#4955,.F.);
#6892=ORIENTED_EDGE('',*,*,#4174,.F.);
#6893=ORIENTED_EDGE('',*,*,#4955,.T.);
#6894=ORIENTED_EDGE('',*,*,#4564,.T.);
#6895=ORIENTED_EDGE('',*,*,#4954,.F.);
#6896=ORIENTED_EDGE('',*,*,#4175,.F.);
#6897=ORIENTED_EDGE('',*,*,#4956,.T.);
#6898=ORIENTED_EDGE('',*,*,#4568,.T.);
#6899=ORIENTED_EDGE('',*,*,#4957,.F.);
#6900=ORIENTED_EDGE('',*,*,#4179,.F.);
#6901=ORIENTED_EDGE('',*,*,#4958,.T.);
#6902=ORIENTED_EDGE('',*,*,#4569,.T.);
#6903=ORIENTED_EDGE('',*,*,#4956,.F.);
#6904=ORIENTED_EDGE('',*,*,#4186,.F.);
#6905=ORIENTED_EDGE('',*,*,#4957,.T.);
#6906=ORIENTED_EDGE('',*,*,#4575,.T.);
#6907=ORIENTED_EDGE('',*,*,#4959,.F.);
#6908=ORIENTED_EDGE('',*,*,#4180,.F.);
#6909=ORIENTED_EDGE('',*,*,#4960,.T.);
#6910=ORIENTED_EDGE('',*,*,#4570,.T.);
#6911=ORIENTED_EDGE('',*,*,#4958,.F.);
#6912=ORIENTED_EDGE('',*,*,#4185,.F.);
#6913=ORIENTED_EDGE('',*,*,#4959,.T.);
#6914=ORIENTED_EDGE('',*,*,#4574,.T.);
#6915=ORIENTED_EDGE('',*,*,#4961,.F.);
#6916=ORIENTED_EDGE('',*,*,#4181,.F.);
#6917=ORIENTED_EDGE('',*,*,#4962,.T.);
#6918=ORIENTED_EDGE('',*,*,#4571,.T.);
#6919=ORIENTED_EDGE('',*,*,#4960,.F.);
#6920=ORIENTED_EDGE('',*,*,#4184,.F.);
#6921=ORIENTED_EDGE('',*,*,#4961,.T.);
#6922=ORIENTED_EDGE('',*,*,#4573,.T.);
#6923=ORIENTED_EDGE('',*,*,#4963,.F.);
#6924=ORIENTED_EDGE('',*,*,#4182,.F.);
#6925=ORIENTED_EDGE('',*,*,#4963,.T.);
#6926=ORIENTED_EDGE('',*,*,#4572,.T.);
#6927=ORIENTED_EDGE('',*,*,#4962,.F.);
#6928=ORIENTED_EDGE('',*,*,#4183,.F.);
#6929=ORIENTED_EDGE('',*,*,#4964,.T.);
#6930=ORIENTED_EDGE('',*,*,#4576,.T.);
#6931=ORIENTED_EDGE('',*,*,#4965,.F.);
#6932=ORIENTED_EDGE('',*,*,#4187,.F.);
#6933=ORIENTED_EDGE('',*,*,#4966,.T.);
#6934=ORIENTED_EDGE('',*,*,#4577,.T.);
#6935=ORIENTED_EDGE('',*,*,#4964,.F.);
#6936=ORIENTED_EDGE('',*,*,#4194,.F.);
#6937=ORIENTED_EDGE('',*,*,#4965,.T.);
#6938=ORIENTED_EDGE('',*,*,#4583,.T.);
#6939=ORIENTED_EDGE('',*,*,#4967,.F.);
#6940=ORIENTED_EDGE('',*,*,#4188,.F.);
#6941=ORIENTED_EDGE('',*,*,#4968,.T.);
#6942=ORIENTED_EDGE('',*,*,#4578,.T.);
#6943=ORIENTED_EDGE('',*,*,#4966,.F.);
#6944=ORIENTED_EDGE('',*,*,#4193,.F.);
#6945=ORIENTED_EDGE('',*,*,#4967,.T.);
#6946=ORIENTED_EDGE('',*,*,#4582,.T.);
#6947=ORIENTED_EDGE('',*,*,#4969,.F.);
#6948=ORIENTED_EDGE('',*,*,#4189,.F.);
#6949=ORIENTED_EDGE('',*,*,#4970,.T.);
#6950=ORIENTED_EDGE('',*,*,#4579,.T.);
#6951=ORIENTED_EDGE('',*,*,#4968,.F.);
#6952=ORIENTED_EDGE('',*,*,#4192,.F.);
#6953=ORIENTED_EDGE('',*,*,#4969,.T.);
#6954=ORIENTED_EDGE('',*,*,#4581,.T.);
#6955=ORIENTED_EDGE('',*,*,#4971,.F.);
#6956=ORIENTED_EDGE('',*,*,#4190,.F.);
#6957=ORIENTED_EDGE('',*,*,#4971,.T.);
#6958=ORIENTED_EDGE('',*,*,#4580,.T.);
#6959=ORIENTED_EDGE('',*,*,#4970,.F.);
#6960=ORIENTED_EDGE('',*,*,#4191,.F.);
#6961=ORIENTED_EDGE('',*,*,#4972,.T.);
#6962=ORIENTED_EDGE('',*,*,#4584,.T.);
#6963=ORIENTED_EDGE('',*,*,#4973,.F.);
#6964=ORIENTED_EDGE('',*,*,#4195,.F.);
#6965=ORIENTED_EDGE('',*,*,#4974,.T.);
#6966=ORIENTED_EDGE('',*,*,#4585,.T.);
#6967=ORIENTED_EDGE('',*,*,#4972,.F.);
#6968=ORIENTED_EDGE('',*,*,#4202,.F.);
#6969=ORIENTED_EDGE('',*,*,#4973,.T.);
#6970=ORIENTED_EDGE('',*,*,#4591,.T.);
#6971=ORIENTED_EDGE('',*,*,#4975,.F.);
#6972=ORIENTED_EDGE('',*,*,#4196,.F.);
#6973=ORIENTED_EDGE('',*,*,#4976,.T.);
#6974=ORIENTED_EDGE('',*,*,#4586,.T.);
#6975=ORIENTED_EDGE('',*,*,#4974,.F.);
#6976=ORIENTED_EDGE('',*,*,#4201,.F.);
#6977=ORIENTED_EDGE('',*,*,#4975,.T.);
#6978=ORIENTED_EDGE('',*,*,#4590,.T.);
#6979=ORIENTED_EDGE('',*,*,#4977,.F.);
#6980=ORIENTED_EDGE('',*,*,#4197,.F.);
#6981=ORIENTED_EDGE('',*,*,#4978,.T.);
#6982=ORIENTED_EDGE('',*,*,#4587,.T.);
#6983=ORIENTED_EDGE('',*,*,#4976,.F.);
#6984=ORIENTED_EDGE('',*,*,#4200,.F.);
#6985=ORIENTED_EDGE('',*,*,#4977,.T.);
#6986=ORIENTED_EDGE('',*,*,#4589,.T.);
#6987=ORIENTED_EDGE('',*,*,#4979,.F.);
#6988=ORIENTED_EDGE('',*,*,#4198,.F.);
#6989=ORIENTED_EDGE('',*,*,#4979,.T.);
#6990=ORIENTED_EDGE('',*,*,#4588,.T.);
#6991=ORIENTED_EDGE('',*,*,#4978,.F.);
#6992=ORIENTED_EDGE('',*,*,#4199,.F.);
#6993=ORIENTED_EDGE('',*,*,#4980,.T.);
#6994=ORIENTED_EDGE('',*,*,#4592,.T.);
#6995=ORIENTED_EDGE('',*,*,#4981,.F.);
#6996=ORIENTED_EDGE('',*,*,#4203,.F.);
#6997=ORIENTED_EDGE('',*,*,#4982,.T.);
#6998=ORIENTED_EDGE('',*,*,#4593,.T.);
#6999=ORIENTED_EDGE('',*,*,#4980,.F.);
#7000=ORIENTED_EDGE('',*,*,#4210,.F.);
#7001=ORIENTED_EDGE('',*,*,#4981,.T.);
#7002=ORIENTED_EDGE('',*,*,#4599,.T.);
#7003=ORIENTED_EDGE('',*,*,#4983,.F.);
#7004=ORIENTED_EDGE('',*,*,#4204,.F.);
#7005=ORIENTED_EDGE('',*,*,#4984,.T.);
#7006=ORIENTED_EDGE('',*,*,#4594,.T.);
#7007=ORIENTED_EDGE('',*,*,#4982,.F.);
#7008=ORIENTED_EDGE('',*,*,#4209,.F.);
#7009=ORIENTED_EDGE('',*,*,#4983,.T.);
#7010=ORIENTED_EDGE('',*,*,#4598,.T.);
#7011=ORIENTED_EDGE('',*,*,#4985,.F.);
#7012=ORIENTED_EDGE('',*,*,#4205,.F.);
#7013=ORIENTED_EDGE('',*,*,#4986,.T.);
#7014=ORIENTED_EDGE('',*,*,#4595,.T.);
#7015=ORIENTED_EDGE('',*,*,#4984,.F.);
#7016=ORIENTED_EDGE('',*,*,#4208,.F.);
#7017=ORIENTED_EDGE('',*,*,#4985,.T.);
#7018=ORIENTED_EDGE('',*,*,#4597,.T.);
#7019=ORIENTED_EDGE('',*,*,#4987,.F.);
#7020=ORIENTED_EDGE('',*,*,#4206,.F.);
#7021=ORIENTED_EDGE('',*,*,#4987,.T.);
#7022=ORIENTED_EDGE('',*,*,#4596,.T.);
#7023=ORIENTED_EDGE('',*,*,#4986,.F.);
#7024=ORIENTED_EDGE('',*,*,#4207,.F.);
#7025=ORIENTED_EDGE('',*,*,#4988,.T.);
#7026=ORIENTED_EDGE('',*,*,#4600,.T.);
#7027=ORIENTED_EDGE('',*,*,#4989,.F.);
#7028=ORIENTED_EDGE('',*,*,#4211,.F.);
#7029=ORIENTED_EDGE('',*,*,#4990,.T.);
#7030=ORIENTED_EDGE('',*,*,#4601,.T.);
#7031=ORIENTED_EDGE('',*,*,#4988,.F.);
#7032=ORIENTED_EDGE('',*,*,#4218,.F.);
#7033=ORIENTED_EDGE('',*,*,#4989,.T.);
#7034=ORIENTED_EDGE('',*,*,#4607,.T.);
#7035=ORIENTED_EDGE('',*,*,#4991,.F.);
#7036=ORIENTED_EDGE('',*,*,#4212,.F.);
#7037=ORIENTED_EDGE('',*,*,#4992,.T.);
#7038=ORIENTED_EDGE('',*,*,#4602,.T.);
#7039=ORIENTED_EDGE('',*,*,#4990,.F.);
#7040=ORIENTED_EDGE('',*,*,#4217,.F.);
#7041=ORIENTED_EDGE('',*,*,#4991,.T.);
#7042=ORIENTED_EDGE('',*,*,#4606,.T.);
#7043=ORIENTED_EDGE('',*,*,#4993,.F.);
#7044=ORIENTED_EDGE('',*,*,#4213,.F.);
#7045=ORIENTED_EDGE('',*,*,#4994,.T.);
#7046=ORIENTED_EDGE('',*,*,#4603,.T.);
#7047=ORIENTED_EDGE('',*,*,#4992,.F.);
#7048=ORIENTED_EDGE('',*,*,#4216,.F.);
#7049=ORIENTED_EDGE('',*,*,#4993,.T.);
#7050=ORIENTED_EDGE('',*,*,#4605,.T.);
#7051=ORIENTED_EDGE('',*,*,#4995,.F.);
#7052=ORIENTED_EDGE('',*,*,#4214,.F.);
#7053=ORIENTED_EDGE('',*,*,#4995,.T.);
#7054=ORIENTED_EDGE('',*,*,#4604,.T.);
#7055=ORIENTED_EDGE('',*,*,#4994,.F.);
#7056=ORIENTED_EDGE('',*,*,#4215,.F.);
#7057=ORIENTED_EDGE('',*,*,#4996,.T.);
#7058=ORIENTED_EDGE('',*,*,#4608,.T.);
#7059=ORIENTED_EDGE('',*,*,#4997,.F.);
#7060=ORIENTED_EDGE('',*,*,#4219,.F.);
#7061=ORIENTED_EDGE('',*,*,#4998,.T.);
#7062=ORIENTED_EDGE('',*,*,#4609,.T.);
#7063=ORIENTED_EDGE('',*,*,#4996,.F.);
#7064=ORIENTED_EDGE('',*,*,#4226,.F.);
#7065=ORIENTED_EDGE('',*,*,#4997,.T.);
#7066=ORIENTED_EDGE('',*,*,#4615,.T.);
#7067=ORIENTED_EDGE('',*,*,#4999,.F.);
#7068=ORIENTED_EDGE('',*,*,#4220,.F.);
#7069=ORIENTED_EDGE('',*,*,#5000,.T.);
#7070=ORIENTED_EDGE('',*,*,#4610,.T.);
#7071=ORIENTED_EDGE('',*,*,#4998,.F.);
#7072=ORIENTED_EDGE('',*,*,#4225,.F.);
#7073=ORIENTED_EDGE('',*,*,#4999,.T.);
#7074=ORIENTED_EDGE('',*,*,#4614,.T.);
#7075=ORIENTED_EDGE('',*,*,#5001,.F.);
#7076=ORIENTED_EDGE('',*,*,#4221,.F.);
#7077=ORIENTED_EDGE('',*,*,#5002,.T.);
#7078=ORIENTED_EDGE('',*,*,#4611,.T.);
#7079=ORIENTED_EDGE('',*,*,#5000,.F.);
#7080=ORIENTED_EDGE('',*,*,#4224,.F.);
#7081=ORIENTED_EDGE('',*,*,#5001,.T.);
#7082=ORIENTED_EDGE('',*,*,#4613,.T.);
#7083=ORIENTED_EDGE('',*,*,#5003,.F.);
#7084=ORIENTED_EDGE('',*,*,#4222,.F.);
#7085=ORIENTED_EDGE('',*,*,#5003,.T.);
#7086=ORIENTED_EDGE('',*,*,#4612,.T.);
#7087=ORIENTED_EDGE('',*,*,#5002,.F.);
#7088=ORIENTED_EDGE('',*,*,#4223,.F.);
#7089=ORIENTED_EDGE('',*,*,#5004,.T.);
#7090=ORIENTED_EDGE('',*,*,#4616,.T.);
#7091=ORIENTED_EDGE('',*,*,#5005,.F.);
#7092=ORIENTED_EDGE('',*,*,#4227,.F.);
#7093=ORIENTED_EDGE('',*,*,#5006,.T.);
#7094=ORIENTED_EDGE('',*,*,#4617,.T.);
#7095=ORIENTED_EDGE('',*,*,#5004,.F.);
#7096=ORIENTED_EDGE('',*,*,#4234,.F.);
#7097=ORIENTED_EDGE('',*,*,#5005,.T.);
#7098=ORIENTED_EDGE('',*,*,#4623,.T.);
#7099=ORIENTED_EDGE('',*,*,#5007,.F.);
#7100=ORIENTED_EDGE('',*,*,#4228,.F.);
#7101=ORIENTED_EDGE('',*,*,#5008,.T.);
#7102=ORIENTED_EDGE('',*,*,#4618,.T.);
#7103=ORIENTED_EDGE('',*,*,#5006,.F.);
#7104=ORIENTED_EDGE('',*,*,#4233,.F.);
#7105=ORIENTED_EDGE('',*,*,#5007,.T.);
#7106=ORIENTED_EDGE('',*,*,#4622,.T.);
#7107=ORIENTED_EDGE('',*,*,#5009,.F.);
#7108=ORIENTED_EDGE('',*,*,#4229,.F.);
#7109=ORIENTED_EDGE('',*,*,#5010,.T.);
#7110=ORIENTED_EDGE('',*,*,#4619,.T.);
#7111=ORIENTED_EDGE('',*,*,#5008,.F.);
#7112=ORIENTED_EDGE('',*,*,#4232,.F.);
#7113=ORIENTED_EDGE('',*,*,#5009,.T.);
#7114=ORIENTED_EDGE('',*,*,#4621,.T.);
#7115=ORIENTED_EDGE('',*,*,#5011,.F.);
#7116=ORIENTED_EDGE('',*,*,#4230,.F.);
#7117=ORIENTED_EDGE('',*,*,#5011,.T.);
#7118=ORIENTED_EDGE('',*,*,#4620,.T.);
#7119=ORIENTED_EDGE('',*,*,#5010,.F.);
#7120=ORIENTED_EDGE('',*,*,#4231,.F.);
#7121=ORIENTED_EDGE('',*,*,#5012,.T.);
#7122=ORIENTED_EDGE('',*,*,#4624,.T.);
#7123=ORIENTED_EDGE('',*,*,#5013,.F.);
#7124=ORIENTED_EDGE('',*,*,#4235,.F.);
#7125=ORIENTED_EDGE('',*,*,#5014,.T.);
#7126=ORIENTED_EDGE('',*,*,#4625,.T.);
#7127=ORIENTED_EDGE('',*,*,#5012,.F.);
#7128=ORIENTED_EDGE('',*,*,#4242,.F.);
#7129=ORIENTED_EDGE('',*,*,#5013,.T.);
#7130=ORIENTED_EDGE('',*,*,#4631,.T.);
#7131=ORIENTED_EDGE('',*,*,#5015,.F.);
#7132=ORIENTED_EDGE('',*,*,#4236,.F.);
#7133=ORIENTED_EDGE('',*,*,#5016,.T.);
#7134=ORIENTED_EDGE('',*,*,#4626,.T.);
#7135=ORIENTED_EDGE('',*,*,#5014,.F.);
#7136=ORIENTED_EDGE('',*,*,#4241,.F.);
#7137=ORIENTED_EDGE('',*,*,#5015,.T.);
#7138=ORIENTED_EDGE('',*,*,#4630,.T.);
#7139=ORIENTED_EDGE('',*,*,#5017,.F.);
#7140=ORIENTED_EDGE('',*,*,#4237,.F.);
#7141=ORIENTED_EDGE('',*,*,#5018,.T.);
#7142=ORIENTED_EDGE('',*,*,#4627,.T.);
#7143=ORIENTED_EDGE('',*,*,#5016,.F.);
#7144=ORIENTED_EDGE('',*,*,#4240,.F.);
#7145=ORIENTED_EDGE('',*,*,#5017,.T.);
#7146=ORIENTED_EDGE('',*,*,#4629,.T.);
#7147=ORIENTED_EDGE('',*,*,#5019,.F.);
#7148=ORIENTED_EDGE('',*,*,#4238,.F.);
#7149=ORIENTED_EDGE('',*,*,#5019,.T.);
#7150=ORIENTED_EDGE('',*,*,#4628,.T.);
#7151=ORIENTED_EDGE('',*,*,#5018,.F.);
#7152=ORIENTED_EDGE('',*,*,#4239,.F.);
#7153=ORIENTED_EDGE('',*,*,#5020,.T.);
#7154=ORIENTED_EDGE('',*,*,#4632,.T.);
#7155=ORIENTED_EDGE('',*,*,#5021,.F.);
#7156=ORIENTED_EDGE('',*,*,#4243,.F.);
#7157=ORIENTED_EDGE('',*,*,#5022,.T.);
#7158=ORIENTED_EDGE('',*,*,#4633,.T.);
#7159=ORIENTED_EDGE('',*,*,#5020,.F.);
#7160=ORIENTED_EDGE('',*,*,#4250,.F.);
#7161=ORIENTED_EDGE('',*,*,#5021,.T.);
#7162=ORIENTED_EDGE('',*,*,#4639,.T.);
#7163=ORIENTED_EDGE('',*,*,#5023,.F.);
#7164=ORIENTED_EDGE('',*,*,#4244,.F.);
#7165=ORIENTED_EDGE('',*,*,#5024,.T.);
#7166=ORIENTED_EDGE('',*,*,#4634,.T.);
#7167=ORIENTED_EDGE('',*,*,#5022,.F.);
#7168=ORIENTED_EDGE('',*,*,#4249,.F.);
#7169=ORIENTED_EDGE('',*,*,#5023,.T.);
#7170=ORIENTED_EDGE('',*,*,#4638,.T.);
#7171=ORIENTED_EDGE('',*,*,#5025,.F.);
#7172=ORIENTED_EDGE('',*,*,#4245,.F.);
#7173=ORIENTED_EDGE('',*,*,#5026,.T.);
#7174=ORIENTED_EDGE('',*,*,#4635,.T.);
#7175=ORIENTED_EDGE('',*,*,#5024,.F.);
#7176=ORIENTED_EDGE('',*,*,#4248,.F.);
#7177=ORIENTED_EDGE('',*,*,#5025,.T.);
#7178=ORIENTED_EDGE('',*,*,#4637,.T.);
#7179=ORIENTED_EDGE('',*,*,#5027,.F.);
#7180=ORIENTED_EDGE('',*,*,#4246,.F.);
#7181=ORIENTED_EDGE('',*,*,#5027,.T.);
#7182=ORIENTED_EDGE('',*,*,#4636,.T.);
#7183=ORIENTED_EDGE('',*,*,#5026,.F.);
#7184=ORIENTED_EDGE('',*,*,#4247,.F.);
#7185=ORIENTED_EDGE('',*,*,#5028,.T.);
#7186=ORIENTED_EDGE('',*,*,#4640,.T.);
#7187=ORIENTED_EDGE('',*,*,#5029,.F.);
#7188=ORIENTED_EDGE('',*,*,#4251,.F.);
#7189=ORIENTED_EDGE('',*,*,#5030,.T.);
#7190=ORIENTED_EDGE('',*,*,#4641,.T.);
#7191=ORIENTED_EDGE('',*,*,#5028,.F.);
#7192=ORIENTED_EDGE('',*,*,#4258,.F.);
#7193=ORIENTED_EDGE('',*,*,#5029,.T.);
#7194=ORIENTED_EDGE('',*,*,#4647,.T.);
#7195=ORIENTED_EDGE('',*,*,#5031,.F.);
#7196=ORIENTED_EDGE('',*,*,#4252,.F.);
#7197=ORIENTED_EDGE('',*,*,#5032,.T.);
#7198=ORIENTED_EDGE('',*,*,#4642,.T.);
#7199=ORIENTED_EDGE('',*,*,#5030,.F.);
#7200=ORIENTED_EDGE('',*,*,#4257,.F.);
#7201=ORIENTED_EDGE('',*,*,#5031,.T.);
#7202=ORIENTED_EDGE('',*,*,#4646,.T.);
#7203=ORIENTED_EDGE('',*,*,#5033,.F.);
#7204=ORIENTED_EDGE('',*,*,#4253,.F.);
#7205=ORIENTED_EDGE('',*,*,#5034,.T.);
#7206=ORIENTED_EDGE('',*,*,#4643,.T.);
#7207=ORIENTED_EDGE('',*,*,#5032,.F.);
#7208=ORIENTED_EDGE('',*,*,#4256,.F.);
#7209=ORIENTED_EDGE('',*,*,#5033,.T.);
#7210=ORIENTED_EDGE('',*,*,#4645,.T.);
#7211=ORIENTED_EDGE('',*,*,#5035,.F.);
#7212=ORIENTED_EDGE('',*,*,#4254,.F.);
#7213=ORIENTED_EDGE('',*,*,#5035,.T.);
#7214=ORIENTED_EDGE('',*,*,#4644,.T.);
#7215=ORIENTED_EDGE('',*,*,#5034,.F.);
#7216=ORIENTED_EDGE('',*,*,#4255,.F.);
#7217=ORIENTED_EDGE('',*,*,#5036,.T.);
#7218=ORIENTED_EDGE('',*,*,#4648,.T.);
#7219=ORIENTED_EDGE('',*,*,#5037,.F.);
#7220=ORIENTED_EDGE('',*,*,#4259,.F.);
#7221=ORIENTED_EDGE('',*,*,#5038,.T.);
#7222=ORIENTED_EDGE('',*,*,#4649,.T.);
#7223=ORIENTED_EDGE('',*,*,#5036,.F.);
#7224=ORIENTED_EDGE('',*,*,#4266,.F.);
#7225=ORIENTED_EDGE('',*,*,#5037,.T.);
#7226=ORIENTED_EDGE('',*,*,#4655,.T.);
#7227=ORIENTED_EDGE('',*,*,#5039,.F.);
#7228=ORIENTED_EDGE('',*,*,#4260,.F.);
#7229=ORIENTED_EDGE('',*,*,#5040,.T.);
#7230=ORIENTED_EDGE('',*,*,#4650,.T.);
#7231=ORIENTED_EDGE('',*,*,#5038,.F.);
#7232=ORIENTED_EDGE('',*,*,#4265,.F.);
#7233=ORIENTED_EDGE('',*,*,#5039,.T.);
#7234=ORIENTED_EDGE('',*,*,#4654,.T.);
#7235=ORIENTED_EDGE('',*,*,#5041,.F.);
#7236=ORIENTED_EDGE('',*,*,#4261,.F.);
#7237=ORIENTED_EDGE('',*,*,#5042,.T.);
#7238=ORIENTED_EDGE('',*,*,#4651,.T.);
#7239=ORIENTED_EDGE('',*,*,#5040,.F.);
#7240=ORIENTED_EDGE('',*,*,#4264,.F.);
#7241=ORIENTED_EDGE('',*,*,#5041,.T.);
#7242=ORIENTED_EDGE('',*,*,#4653,.T.);
#7243=ORIENTED_EDGE('',*,*,#5043,.F.);
#7244=ORIENTED_EDGE('',*,*,#4262,.F.);
#7245=ORIENTED_EDGE('',*,*,#5043,.T.);
#7246=ORIENTED_EDGE('',*,*,#4652,.T.);
#7247=ORIENTED_EDGE('',*,*,#5042,.F.);
#7248=ORIENTED_EDGE('',*,*,#4263,.F.);
#7249=ORIENTED_EDGE('',*,*,#4656,.F.);
#7250=ORIENTED_EDGE('',*,*,#5044,.T.);
#7251=ORIENTED_EDGE('',*,*,#4267,.T.);
#7252=ORIENTED_EDGE('',*,*,#5044,.F.);
#7253=ORIENTED_EDGE('',*,*,#5045,.T.);
#7254=ORIENTED_EDGE('',*,*,#4657,.T.);
#7255=ORIENTED_EDGE('',*,*,#5046,.F.);
#7256=ORIENTED_EDGE('',*,*,#4268,.F.);
#7257=ORIENTED_EDGE('',*,*,#5047,.T.);
#7258=ORIENTED_EDGE('',*,*,#4658,.T.);
#7259=ORIENTED_EDGE('',*,*,#5045,.F.);
#7260=ORIENTED_EDGE('',*,*,#4275,.F.);
#7261=ORIENTED_EDGE('',*,*,#5046,.T.);
#7262=ORIENTED_EDGE('',*,*,#4664,.T.);
#7263=ORIENTED_EDGE('',*,*,#5048,.F.);
#7264=ORIENTED_EDGE('',*,*,#4269,.F.);
#7265=ORIENTED_EDGE('',*,*,#5049,.T.);
#7266=ORIENTED_EDGE('',*,*,#4659,.T.);
#7267=ORIENTED_EDGE('',*,*,#5047,.F.);
#7268=ORIENTED_EDGE('',*,*,#4274,.F.);
#7269=ORIENTED_EDGE('',*,*,#5048,.T.);
#7270=ORIENTED_EDGE('',*,*,#4663,.T.);
#7271=ORIENTED_EDGE('',*,*,#5050,.F.);
#7272=ORIENTED_EDGE('',*,*,#4270,.F.);
#7273=ORIENTED_EDGE('',*,*,#5051,.T.);
#7274=ORIENTED_EDGE('',*,*,#4660,.T.);
#7275=ORIENTED_EDGE('',*,*,#5049,.F.);
#7276=ORIENTED_EDGE('',*,*,#4273,.F.);
#7277=ORIENTED_EDGE('',*,*,#5050,.T.);
#7278=ORIENTED_EDGE('',*,*,#4662,.T.);
#7279=ORIENTED_EDGE('',*,*,#5052,.F.);
#7280=ORIENTED_EDGE('',*,*,#4271,.F.);
#7281=ORIENTED_EDGE('',*,*,#5052,.T.);
#7282=ORIENTED_EDGE('',*,*,#4661,.T.);
#7283=ORIENTED_EDGE('',*,*,#5051,.F.);
#7284=ORIENTED_EDGE('',*,*,#4272,.F.);
#7285=ORIENTED_EDGE('',*,*,#5053,.T.);
#7286=ORIENTED_EDGE('',*,*,#4665,.T.);
#7287=ORIENTED_EDGE('',*,*,#5054,.F.);
#7288=ORIENTED_EDGE('',*,*,#4276,.F.);
#7289=ORIENTED_EDGE('',*,*,#5055,.T.);
#7290=ORIENTED_EDGE('',*,*,#4666,.T.);
#7291=ORIENTED_EDGE('',*,*,#5053,.F.);
#7292=ORIENTED_EDGE('',*,*,#4283,.F.);
#7293=ORIENTED_EDGE('',*,*,#5054,.T.);
#7294=ORIENTED_EDGE('',*,*,#4672,.T.);
#7295=ORIENTED_EDGE('',*,*,#5056,.F.);
#7296=ORIENTED_EDGE('',*,*,#4277,.F.);
#7297=ORIENTED_EDGE('',*,*,#5057,.T.);
#7298=ORIENTED_EDGE('',*,*,#4667,.T.);
#7299=ORIENTED_EDGE('',*,*,#5055,.F.);
#7300=ORIENTED_EDGE('',*,*,#4282,.F.);
#7301=ORIENTED_EDGE('',*,*,#5056,.T.);
#7302=ORIENTED_EDGE('',*,*,#4671,.T.);
#7303=ORIENTED_EDGE('',*,*,#5058,.F.);
#7304=ORIENTED_EDGE('',*,*,#4278,.F.);
#7305=ORIENTED_EDGE('',*,*,#5059,.T.);
#7306=ORIENTED_EDGE('',*,*,#4668,.T.);
#7307=ORIENTED_EDGE('',*,*,#5057,.F.);
#7308=ORIENTED_EDGE('',*,*,#4281,.F.);
#7309=ORIENTED_EDGE('',*,*,#5058,.T.);
#7310=ORIENTED_EDGE('',*,*,#4670,.T.);
#7311=ORIENTED_EDGE('',*,*,#5060,.F.);
#7312=ORIENTED_EDGE('',*,*,#4279,.F.);
#7313=ORIENTED_EDGE('',*,*,#5060,.T.);
#7314=ORIENTED_EDGE('',*,*,#4669,.T.);
#7315=ORIENTED_EDGE('',*,*,#5059,.F.);
#7316=ORIENTED_EDGE('',*,*,#4280,.F.);
#7317=ORIENTED_EDGE('',*,*,#5061,.T.);
#7318=ORIENTED_EDGE('',*,*,#4673,.T.);
#7319=ORIENTED_EDGE('',*,*,#5062,.F.);
#7320=ORIENTED_EDGE('',*,*,#4284,.F.);
#7321=ORIENTED_EDGE('',*,*,#5063,.T.);
#7322=ORIENTED_EDGE('',*,*,#4674,.T.);
#7323=ORIENTED_EDGE('',*,*,#5061,.F.);
#7324=ORIENTED_EDGE('',*,*,#4291,.F.);
#7325=ORIENTED_EDGE('',*,*,#5062,.T.);
#7326=ORIENTED_EDGE('',*,*,#4680,.T.);
#7327=ORIENTED_EDGE('',*,*,#5064,.F.);
#7328=ORIENTED_EDGE('',*,*,#4285,.F.);
#7329=ORIENTED_EDGE('',*,*,#5065,.T.);
#7330=ORIENTED_EDGE('',*,*,#4675,.T.);
#7331=ORIENTED_EDGE('',*,*,#5063,.F.);
#7332=ORIENTED_EDGE('',*,*,#4290,.F.);
#7333=ORIENTED_EDGE('',*,*,#5064,.T.);
#7334=ORIENTED_EDGE('',*,*,#4679,.T.);
#7335=ORIENTED_EDGE('',*,*,#5066,.F.);
#7336=ORIENTED_EDGE('',*,*,#4286,.F.);
#7337=ORIENTED_EDGE('',*,*,#5067,.T.);
#7338=ORIENTED_EDGE('',*,*,#4676,.T.);
#7339=ORIENTED_EDGE('',*,*,#5065,.F.);
#7340=ORIENTED_EDGE('',*,*,#4289,.F.);
#7341=ORIENTED_EDGE('',*,*,#5066,.T.);
#7342=ORIENTED_EDGE('',*,*,#4678,.T.);
#7343=ORIENTED_EDGE('',*,*,#5068,.F.);
#7344=ORIENTED_EDGE('',*,*,#4287,.F.);
#7345=ORIENTED_EDGE('',*,*,#5068,.T.);
#7346=ORIENTED_EDGE('',*,*,#4677,.T.);
#7347=ORIENTED_EDGE('',*,*,#5067,.F.);
#7348=ORIENTED_EDGE('',*,*,#4288,.F.);
#7349=ORIENTED_EDGE('',*,*,#5069,.T.);
#7350=ORIENTED_EDGE('',*,*,#4681,.T.);
#7351=ORIENTED_EDGE('',*,*,#5070,.F.);
#7352=ORIENTED_EDGE('',*,*,#4292,.F.);
#7353=ORIENTED_EDGE('',*,*,#5071,.T.);
#7354=ORIENTED_EDGE('',*,*,#4682,.T.);
#7355=ORIENTED_EDGE('',*,*,#5069,.F.);
#7356=ORIENTED_EDGE('',*,*,#4299,.F.);
#7357=ORIENTED_EDGE('',*,*,#5070,.T.);
#7358=ORIENTED_EDGE('',*,*,#4688,.T.);
#7359=ORIENTED_EDGE('',*,*,#5072,.F.);
#7360=ORIENTED_EDGE('',*,*,#4293,.F.);
#7361=ORIENTED_EDGE('',*,*,#5073,.T.);
#7362=ORIENTED_EDGE('',*,*,#4683,.T.);
#7363=ORIENTED_EDGE('',*,*,#5071,.F.);
#7364=ORIENTED_EDGE('',*,*,#4298,.F.);
#7365=ORIENTED_EDGE('',*,*,#5072,.T.);
#7366=ORIENTED_EDGE('',*,*,#4687,.T.);
#7367=ORIENTED_EDGE('',*,*,#5074,.F.);
#7368=ORIENTED_EDGE('',*,*,#4294,.F.);
#7369=ORIENTED_EDGE('',*,*,#5075,.T.);
#7370=ORIENTED_EDGE('',*,*,#4684,.T.);
#7371=ORIENTED_EDGE('',*,*,#5073,.F.);
#7372=ORIENTED_EDGE('',*,*,#4297,.F.);
#7373=ORIENTED_EDGE('',*,*,#5074,.T.);
#7374=ORIENTED_EDGE('',*,*,#4686,.T.);
#7375=ORIENTED_EDGE('',*,*,#5076,.F.);
#7376=ORIENTED_EDGE('',*,*,#4295,.F.);
#7377=ORIENTED_EDGE('',*,*,#5076,.T.);
#7378=ORIENTED_EDGE('',*,*,#4685,.T.);
#7379=ORIENTED_EDGE('',*,*,#5075,.F.);
#7380=ORIENTED_EDGE('',*,*,#4296,.F.);
#7381=ORIENTED_EDGE('',*,*,#5077,.T.);
#7382=ORIENTED_EDGE('',*,*,#4689,.T.);
#7383=ORIENTED_EDGE('',*,*,#5078,.F.);
#7384=ORIENTED_EDGE('',*,*,#4300,.F.);
#7385=ORIENTED_EDGE('',*,*,#5079,.T.);
#7386=ORIENTED_EDGE('',*,*,#4690,.T.);
#7387=ORIENTED_EDGE('',*,*,#5077,.F.);
#7388=ORIENTED_EDGE('',*,*,#4307,.F.);
#7389=ORIENTED_EDGE('',*,*,#5078,.T.);
#7390=ORIENTED_EDGE('',*,*,#4696,.T.);
#7391=ORIENTED_EDGE('',*,*,#5080,.F.);
#7392=ORIENTED_EDGE('',*,*,#4301,.F.);
#7393=ORIENTED_EDGE('',*,*,#5081,.T.);
#7394=ORIENTED_EDGE('',*,*,#4691,.T.);
#7395=ORIENTED_EDGE('',*,*,#5079,.F.);
#7396=ORIENTED_EDGE('',*,*,#4306,.F.);
#7397=ORIENTED_EDGE('',*,*,#5080,.T.);
#7398=ORIENTED_EDGE('',*,*,#4695,.T.);
#7399=ORIENTED_EDGE('',*,*,#5082,.F.);
#7400=ORIENTED_EDGE('',*,*,#4302,.F.);
#7401=ORIENTED_EDGE('',*,*,#5083,.T.);
#7402=ORIENTED_EDGE('',*,*,#4692,.T.);
#7403=ORIENTED_EDGE('',*,*,#5081,.F.);
#7404=ORIENTED_EDGE('',*,*,#4305,.F.);
#7405=ORIENTED_EDGE('',*,*,#5082,.T.);
#7406=ORIENTED_EDGE('',*,*,#4694,.T.);
#7407=ORIENTED_EDGE('',*,*,#5084,.F.);
#7408=ORIENTED_EDGE('',*,*,#4303,.F.);
#7409=ORIENTED_EDGE('',*,*,#5084,.T.);
#7410=ORIENTED_EDGE('',*,*,#4693,.T.);
#7411=ORIENTED_EDGE('',*,*,#5083,.F.);
#7412=ORIENTED_EDGE('',*,*,#4304,.F.);
#7413=ORIENTED_EDGE('',*,*,#5085,.T.);
#7414=ORIENTED_EDGE('',*,*,#4697,.T.);
#7415=ORIENTED_EDGE('',*,*,#5086,.F.);
#7416=ORIENTED_EDGE('',*,*,#4308,.F.);
#7417=ORIENTED_EDGE('',*,*,#5087,.T.);
#7418=ORIENTED_EDGE('',*,*,#4698,.T.);
#7419=ORIENTED_EDGE('',*,*,#5085,.F.);
#7420=ORIENTED_EDGE('',*,*,#4315,.F.);
#7421=ORIENTED_EDGE('',*,*,#5086,.T.);
#7422=ORIENTED_EDGE('',*,*,#4704,.T.);
#7423=ORIENTED_EDGE('',*,*,#5088,.F.);
#7424=ORIENTED_EDGE('',*,*,#4309,.F.);
#7425=ORIENTED_EDGE('',*,*,#5089,.T.);
#7426=ORIENTED_EDGE('',*,*,#4699,.T.);
#7427=ORIENTED_EDGE('',*,*,#5087,.F.);
#7428=ORIENTED_EDGE('',*,*,#4314,.F.);
#7429=ORIENTED_EDGE('',*,*,#5088,.T.);
#7430=ORIENTED_EDGE('',*,*,#4703,.T.);
#7431=ORIENTED_EDGE('',*,*,#5090,.F.);
#7432=ORIENTED_EDGE('',*,*,#4310,.F.);
#7433=ORIENTED_EDGE('',*,*,#5091,.T.);
#7434=ORIENTED_EDGE('',*,*,#4700,.T.);
#7435=ORIENTED_EDGE('',*,*,#5089,.F.);
#7436=ORIENTED_EDGE('',*,*,#4313,.F.);
#7437=ORIENTED_EDGE('',*,*,#5090,.T.);
#7438=ORIENTED_EDGE('',*,*,#4702,.T.);
#7439=ORIENTED_EDGE('',*,*,#5092,.F.);
#7440=ORIENTED_EDGE('',*,*,#4311,.F.);
#7441=ORIENTED_EDGE('',*,*,#5092,.T.);
#7442=ORIENTED_EDGE('',*,*,#4701,.T.);
#7443=ORIENTED_EDGE('',*,*,#5091,.F.);
#7444=ORIENTED_EDGE('',*,*,#4312,.F.);
#7445=CYLINDRICAL_SURFACE('',#8053,2.381250077504);
#7446=CYLINDRICAL_SURFACE('',#8458,2.381250077504);
#7447=CYLINDRICAL_SURFACE('',#8459,2.381248370398);
#7448=CYLINDRICAL_SURFACE('',#8462,2.381250077504);
#7449=CYLINDRICAL_SURFACE('',#8463,0.500001333575);
#7450=CYLINDRICAL_SURFACE('',#8466,0.500001333599);
#7451=CYLINDRICAL_SURFACE('',#8467,0.500001333599);
#7452=CYLINDRICAL_SURFACE('',#8470,0.500001333599);
#7453=CYLINDRICAL_SURFACE('',#8471,0.500001333575);
#7454=CYLINDRICAL_SURFACE('',#8474,0.500001333599);
#7455=CYLINDRICAL_SURFACE('',#8475,0.500001333599);
#7456=CYLINDRICAL_SURFACE('',#8478,0.500001333599);
#7457=CYLINDRICAL_SURFACE('',#8479,0.500001333575);
#7458=CYLINDRICAL_SURFACE('',#8482,0.500001333599);
#7459=CYLINDRICAL_SURFACE('',#8483,0.500001333599);
#7460=CYLINDRICAL_SURFACE('',#8486,0.500001333599);
#7461=CYLINDRICAL_SURFACE('',#8487,1.1);
#7462=CYLINDRICAL_SURFACE('',#8488,0.500100380151);
#7463=CYLINDRICAL_SURFACE('',#8491,0.499898942044);
#7464=CYLINDRICAL_SURFACE('',#8492,0.499898924606);
#7465=CYLINDRICAL_SURFACE('',#8493,0.499898942044);
#7466=CYLINDRICAL_SURFACE('',#8496,0.500100362954);
#7467=CYLINDRICAL_SURFACE('',#8497,0.500049140802);
#7468=CYLINDRICAL_SURFACE('',#8499,0.500049140802);
#7469=CYLINDRICAL_SURFACE('',#8500,0.500085006192);
#7470=CYLINDRICAL_SURFACE('',#8503,0.500049140802);
#7471=CYLINDRICAL_SURFACE('',#8504,0.500049140802);
#7472=CYLINDRICAL_SURFACE('',#8507,0.499898942044);
#7473=CYLINDRICAL_SURFACE('',#8508,0.50000133357);
#7474=CYLINDRICAL_SURFACE('',#8511,0.500100362954);
#7475=CYLINDRICAL_SURFACE('',#8512,0.50000133357);
#7476=CYLINDRICAL_SURFACE('',#8515,0.500134549674);
#7477=CYLINDRICAL_SURFACE('',#8516,0.499912590112);
#7478=CYLINDRICAL_SURFACE('',#8518,0.500001333575);
#7479=CYLINDRICAL_SURFACE('',#8521,0.500001333599);
#7480=CYLINDRICAL_SURFACE('',#8522,0.500001333599);
#7481=CYLINDRICAL_SURFACE('',#8525,0.500001333599);
#7482=CYLINDRICAL_SURFACE('',#8526,0.500001333575);
#7483=CYLINDRICAL_SURFACE('',#8529,0.500001333599);
#7484=CYLINDRICAL_SURFACE('',#8530,0.500001333599);
#7485=CYLINDRICAL_SURFACE('',#8533,0.500001333599);
#7486=CYLINDRICAL_SURFACE('',#8534,0.500001333575);
#7487=CYLINDRICAL_SURFACE('',#8537,0.500001333599);
#7488=CYLINDRICAL_SURFACE('',#8538,0.500001333599);
#7489=CYLINDRICAL_SURFACE('',#8541,0.500001333599);
#7490=CYLINDRICAL_SURFACE('',#8542,0.500001333575);
#7491=CYLINDRICAL_SURFACE('',#8545,0.500001333599);
#7492=CYLINDRICAL_SURFACE('',#8546,0.500001333599);
#7493=CYLINDRICAL_SURFACE('',#8549,0.500001333599);
#7494=CYLINDRICAL_SURFACE('',#8550,0.500001333575);
#7495=CYLINDRICAL_SURFACE('',#8553,0.500001333599);
#7496=CYLINDRICAL_SURFACE('',#8554,0.500001333599);
#7497=CYLINDRICAL_SURFACE('',#8557,0.500001333599);
#7498=CYLINDRICAL_SURFACE('',#8558,0.500100380151);
#7499=CYLINDRICAL_SURFACE('',#8561,0.499898942044);
#7500=CYLINDRICAL_SURFACE('',#8562,0.499898942044);
#7501=CYLINDRICAL_SURFACE('',#8563,0.499898942044);
#7502=CYLINDRICAL_SURFACE('',#8566,0.500100362954);
#7503=CYLINDRICAL_SURFACE('',#8567,0.500049140802);
#7504=CYLINDRICAL_SURFACE('',#8569,0.500049140802);
#7505=CYLINDRICAL_SURFACE('',#8570,0.500085006192);
#7506=CYLINDRICAL_SURFACE('',#8573,0.500049140802);
#7507=CYLINDRICAL_SURFACE('',#8574,0.500049140802);
#7508=CYLINDRICAL_SURFACE('',#8577,0.499898924606);
#7509=CYLINDRICAL_SURFACE('',#8578,0.500001333599);
#7510=CYLINDRICAL_SURFACE('',#8581,0.500100380151);
#7511=CYLINDRICAL_SURFACE('',#8582,0.500001333599);
#7512=CYLINDRICAL_SURFACE('',#8585,0.500134549674);
#7513=CYLINDRICAL_SURFACE('',#8586,0.499912590112);
#7514=CYLINDRICAL_SURFACE('',#8588,1.1);
#7515=CYLINDRICAL_SURFACE('',#8589,0.500001333575);
#7516=CYLINDRICAL_SURFACE('',#8592,0.500001333599);
#7517=CYLINDRICAL_SURFACE('',#8593,0.500001333599);
#7518=CYLINDRICAL_SURFACE('',#8596,0.500001333599);
#7519=CYLINDRICAL_SURFACE('',#8597,0.500001333575);
#7520=CYLINDRICAL_SURFACE('',#8600,0.500001333599);
#7521=CYLINDRICAL_SURFACE('',#8601,0.500001333599);
#7522=CYLINDRICAL_SURFACE('',#8604,0.500001333599);
#7523=CYLINDRICAL_SURFACE('',#8605,0.500001333575);
#7524=CYLINDRICAL_SURFACE('',#8608,0.500001333599);
#7525=CYLINDRICAL_SURFACE('',#8609,0.500001333599);
#7526=CYLINDRICAL_SURFACE('',#8612,0.500001333599);
#7527=CYLINDRICAL_SURFACE('',#8613,0.500001333575);
#7528=CYLINDRICAL_SURFACE('',#8616,0.50000133357);
#7529=CYLINDRICAL_SURFACE('',#8617,0.500001333599);
#7530=CYLINDRICAL_SURFACE('',#8620,0.500001333599);
#7531=CYLINDRICAL_SURFACE('',#8621,0.500001333575);
#7532=CYLINDRICAL_SURFACE('',#8624,0.500001333599);
#7533=CYLINDRICAL_SURFACE('',#8625,0.500001333599);
#7534=CYLINDRICAL_SURFACE('',#8628,0.500001333599);
#7535=CYLINDRICAL_SURFACE('',#8629,0.500001333575);
#7536=CYLINDRICAL_SURFACE('',#8632,0.500001333599);
#7537=CYLINDRICAL_SURFACE('',#8633,0.500001333599);
#7538=CYLINDRICAL_SURFACE('',#8636,0.500001333599);
#7539=CYLINDRICAL_SURFACE('',#8637,0.500001333575);
#7540=CYLINDRICAL_SURFACE('',#8640,0.500001333599);
#7541=CYLINDRICAL_SURFACE('',#8641,0.500001333599);
#7542=CYLINDRICAL_SURFACE('',#8644,0.500001333599);
#7543=CYLINDRICAL_SURFACE('',#8645,0.500001333575);
#7544=CYLINDRICAL_SURFACE('',#8648,0.500001333599);
#7545=CYLINDRICAL_SURFACE('',#8649,0.500001333599);
#7546=CYLINDRICAL_SURFACE('',#8652,0.500001333599);
#7547=CYLINDRICAL_SURFACE('',#8653,0.500001333575);
#7548=CYLINDRICAL_SURFACE('',#8656,0.500001333599);
#7549=CYLINDRICAL_SURFACE('',#8657,0.500001333599);
#7550=CYLINDRICAL_SURFACE('',#8660,0.500001333599);
#7551=CYLINDRICAL_SURFACE('',#8661,0.500001333575);
#7552=CYLINDRICAL_SURFACE('',#8664,0.500001333599);
#7553=CYLINDRICAL_SURFACE('',#8665,0.500001333599);
#7554=CYLINDRICAL_SURFACE('',#8668,0.50000133357);
#7555=CYLINDRICAL_SURFACE('',#8669,1.1);
#7556=CYLINDRICAL_SURFACE('',#8670,0.500001333575);
#7557=CYLINDRICAL_SURFACE('',#8673,0.500001333599);
#7558=CYLINDRICAL_SURFACE('',#8674,0.500001333599);
#7559=CYLINDRICAL_SURFACE('',#8677,0.500001333599);
#7560=CYLINDRICAL_SURFACE('',#8678,0.500001333575);
#7561=CYLINDRICAL_SURFACE('',#8681,0.500001333599);
#7562=CYLINDRICAL_SURFACE('',#8682,0.500001333599);
#7563=CYLINDRICAL_SURFACE('',#8685,0.50000133357);
#7564=CYLINDRICAL_SURFACE('',#8686,0.500001333575);
#7565=CYLINDRICAL_SURFACE('',#8689,0.500001333599);
#7566=CYLINDRICAL_SURFACE('',#8690,0.500001333599);
#7567=CYLINDRICAL_SURFACE('',#8693,0.50000133357);
#7568=CYLINDRICAL_SURFACE('',#8694,0.500001333575);
#7569=CYLINDRICAL_SURFACE('',#8697,0.50000133357);
#7570=CYLINDRICAL_SURFACE('',#8698,0.500001333599);
#7571=CYLINDRICAL_SURFACE('',#8701,0.500001333599);
#7572=CYLINDRICAL_SURFACE('',#8702,0.500001333575);
#7573=CYLINDRICAL_SURFACE('',#8705,0.500001333599);
#7574=CYLINDRICAL_SURFACE('',#8706,0.500001333599);
#7575=CYLINDRICAL_SURFACE('',#8709,0.50000133357);
#7576=CYLINDRICAL_SURFACE('',#8710,0.500001333575);
#7577=CYLINDRICAL_SURFACE('',#8713,0.50000133357);
#7578=CYLINDRICAL_SURFACE('',#8714,0.500001333599);
#7579=CYLINDRICAL_SURFACE('',#8717,0.500001333599);
#7580=CYLINDRICAL_SURFACE('',#8718,0.500001333575);
#7581=CYLINDRICAL_SURFACE('',#8721,0.50000133357);
#7582=CYLINDRICAL_SURFACE('',#8722,0.500001333599);
#7583=CYLINDRICAL_SURFACE('',#8725,0.500001333599);
#7584=CYLINDRICAL_SURFACE('',#8726,0.500001333575);
#7585=CYLINDRICAL_SURFACE('',#8729,0.500001333599);
#7586=CYLINDRICAL_SURFACE('',#8730,0.500001333599);
#7587=CYLINDRICAL_SURFACE('',#8733,0.500001333599);
#7588=CYLINDRICAL_SURFACE('',#8734,0.500001333575);
#7589=CYLINDRICAL_SURFACE('',#8737,0.500001333599);
#7590=CYLINDRICAL_SURFACE('',#8738,0.500001333599);
#7591=CYLINDRICAL_SURFACE('',#8741,0.500001333599);
#7592=CYLINDRICAL_SURFACE('',#8742,0.500001333575);
#7593=CYLINDRICAL_SURFACE('',#8745,0.500001333599);
#7594=CYLINDRICAL_SURFACE('',#8746,0.500001333599);
#7595=CYLINDRICAL_SURFACE('',#8749,0.50000133357);
#7596=CYLINDRICAL_SURFACE('',#8750,0.500001333575);
#7597=CYLINDRICAL_SURFACE('',#8753,0.500001333599);
#7598=CYLINDRICAL_SURFACE('',#8754,0.500001333599);
#7599=CYLINDRICAL_SURFACE('',#8757,0.50000133357);
#7600=CYLINDRICAL_SURFACE('',#8758,0.500001333575);
#7601=CYLINDRICAL_SURFACE('',#8761,0.50000133357);
#7602=CYLINDRICAL_SURFACE('',#8762,0.500001333599);
#7603=CYLINDRICAL_SURFACE('',#8765,0.500001333599);
#7604=CYLINDRICAL_SURFACE('',#8766,0.500001333575);
#7605=CYLINDRICAL_SURFACE('',#8769,0.500001333599);
#7606=CYLINDRICAL_SURFACE('',#8770,0.500001333599);
#7607=CYLINDRICAL_SURFACE('',#8773,0.500001333599);
#7608=CYLINDRICAL_SURFACE('',#8774,0.500001333575);
#7609=CYLINDRICAL_SURFACE('',#8777,0.500001333599);
#7610=CYLINDRICAL_SURFACE('',#8778,0.500001333599);
#7611=CYLINDRICAL_SURFACE('',#8781,0.500001333599);
#7612=CYLINDRICAL_SURFACE('',#8782,0.500001333575);
#7613=CYLINDRICAL_SURFACE('',#8785,0.500001333599);
#7614=CYLINDRICAL_SURFACE('',#8786,0.500001333599);
#7615=CYLINDRICAL_SURFACE('',#8789,0.500001333599);
#7616=CYLINDRICAL_SURFACE('',#8790,0.500001333575);
#7617=CYLINDRICAL_SURFACE('',#8793,0.500001333599);
#7618=CYLINDRICAL_SURFACE('',#8794,0.500001333599);
#7619=CYLINDRICAL_SURFACE('',#8797,0.500001333599);
#7620=CYLINDRICAL_SURFACE('',#8798,1.1);
#7621=CYLINDRICAL_SURFACE('',#8799,0.500001333575);
#7622=CYLINDRICAL_SURFACE('',#8802,0.50000133357);
#7623=CYLINDRICAL_SURFACE('',#8803,0.500001333599);
#7624=CYLINDRICAL_SURFACE('',#8806,0.500001333599);
#7625=CYLINDRICAL_SURFACE('',#8807,0.500001333575);
#7626=CYLINDRICAL_SURFACE('',#8810,0.500001333599);
#7627=CYLINDRICAL_SURFACE('',#8811,0.500001333599);
#7628=CYLINDRICAL_SURFACE('',#8814,0.500001333599);
#7629=CYLINDRICAL_SURFACE('',#8815,0.500001333575);
#7630=CYLINDRICAL_SURFACE('',#8818,0.50000133357);
#7631=CYLINDRICAL_SURFACE('',#8819,0.500001333599);
#7632=CYLINDRICAL_SURFACE('',#8822,0.500001333599);
#7633=CYLINDRICAL_SURFACE('',#8823,0.500001333575);
#7634=CYLINDRICAL_SURFACE('',#8826,0.500001333599);
#7635=CYLINDRICAL_SURFACE('',#8827,0.500001333599);
#7636=CYLINDRICAL_SURFACE('',#8830,0.50000133357);
#7637=CYLINDRICAL_SURFACE('',#8831,0.500001333575);
#7638=CYLINDRICAL_SURFACE('',#8834,0.50000133357);
#7639=CYLINDRICAL_SURFACE('',#8835,0.500001333599);
#7640=CYLINDRICAL_SURFACE('',#8838,0.500001333599);
#7641=CYLINDRICAL_SURFACE('',#8839,0.500001333575);
#7642=CYLINDRICAL_SURFACE('',#8842,0.500001333599);
#7643=CYLINDRICAL_SURFACE('',#8843,0.500001333599);
#7644=CYLINDRICAL_SURFACE('',#8846,0.500001333599);
#7645=ADVANCED_FACE('',(#301),#7445,.T.);
#7646=ADVANCED_FACE('',(#302),#107,.T.);
#7647=ADVANCED_FACE('',(#303),#108,.T.);
#7648=ADVANCED_FACE('',(#304,#15,#16,#17,#18,#19,#20,#21,#22,#23,#24,#25,
#26,#27,#28,#29,#30,#31,#32,#33,#34,#35,#36,#37,#38,#39,#40,#41,#42,#43,
#44,#45,#46,#47,#48,#49,#50,#51,#52,#53,#54,#55,#56,#57,#58,#59,#60),#109,
 .F.);
#7649=ADVANCED_FACE('',(#305,#61,#62,#63,#64,#65,#66,#67,#68,#69,#70,#71,
#72,#73,#74,#75,#76,#77,#78,#79,#80,#81,#82,#83,#84,#85,#86,#87,#88,#89,
#90,#91,#92,#93,#94,#95,#96,#97,#98,#99,#100,#101,#102,#103,#104,#105,#106),
#110,.T.);
#7650=ADVANCED_FACE('',(#306),#7446,.T.);
#7651=ADVANCED_FACE('',(#307),#7447,.T.);
#7652=ADVANCED_FACE('',(#308),#111,.T.);
#7653=ADVANCED_FACE('',(#309),#112,.T.);
#7654=ADVANCED_FACE('',(#310),#7448,.T.);
#7655=ADVANCED_FACE('',(#311),#7449,.F.);
#7656=ADVANCED_FACE('',(#312),#113,.T.);
#7657=ADVANCED_FACE('',(#313),#114,.T.);
#7658=ADVANCED_FACE('',(#314),#7450,.F.);
#7659=ADVANCED_FACE('',(#315),#7451,.F.);
#7660=ADVANCED_FACE('',(#316),#115,.T.);
#7661=ADVANCED_FACE('',(#317),#116,.T.);
#7662=ADVANCED_FACE('',(#318),#7452,.F.);
#7663=ADVANCED_FACE('',(#319),#7453,.F.);
#7664=ADVANCED_FACE('',(#320),#117,.T.);
#7665=ADVANCED_FACE('',(#321),#118,.T.);
#7666=ADVANCED_FACE('',(#322),#7454,.F.);
#7667=ADVANCED_FACE('',(#323),#7455,.F.);
#7668=ADVANCED_FACE('',(#324),#119,.T.);
#7669=ADVANCED_FACE('',(#325),#120,.T.);
#7670=ADVANCED_FACE('',(#326),#7456,.F.);
#7671=ADVANCED_FACE('',(#327),#7457,.F.);
#7672=ADVANCED_FACE('',(#328),#121,.T.);
#7673=ADVANCED_FACE('',(#329),#122,.T.);
#7674=ADVANCED_FACE('',(#330),#7458,.F.);
#7675=ADVANCED_FACE('',(#331),#7459,.F.);
#7676=ADVANCED_FACE('',(#332),#123,.T.);
#7677=ADVANCED_FACE('',(#333),#124,.T.);
#7678=ADVANCED_FACE('',(#334),#7460,.F.);
#7679=ADVANCED_FACE('',(#335),#7461,.F.);
#7680=ADVANCED_FACE('',(#336),#7462,.F.);
#7681=ADVANCED_FACE('',(#337),#125,.T.);
#7682=ADVANCED_FACE('',(#338),#126,.T.);
#7683=ADVANCED_FACE('',(#339),#7463,.F.);
#7684=ADVANCED_FACE('',(#340),#7464,.F.);
#7685=ADVANCED_FACE('',(#341),#7465,.T.);
#7686=ADVANCED_FACE('',(#342),#127,.T.);
#7687=ADVANCED_FACE('',(#343),#128,.T.);
#7688=ADVANCED_FACE('',(#344),#7466,.F.);
#7689=ADVANCED_FACE('',(#345),#7467,.T.);
#7690=ADVANCED_FACE('',(#346),#129,.T.);
#7691=ADVANCED_FACE('',(#347),#7468,.F.);
#7692=ADVANCED_FACE('',(#348),#7469,.T.);
#7693=ADVANCED_FACE('',(#349),#130,.T.);
#7694=ADVANCED_FACE('',(#350),#131,.T.);
#7695=ADVANCED_FACE('',(#351),#7470,.F.);
#7696=ADVANCED_FACE('',(#352),#7471,.T.);
#7697=ADVANCED_FACE('',(#353),#132,.T.);
#7698=ADVANCED_FACE('',(#354),#133,.T.);
#7699=ADVANCED_FACE('',(#355),#7472,.F.);
#7700=ADVANCED_FACE('',(#356),#7473,.F.);
#7701=ADVANCED_FACE('',(#357),#134,.T.);
#7702=ADVANCED_FACE('',(#358),#135,.T.);
#7703=ADVANCED_FACE('',(#359),#7474,.F.);
#7704=ADVANCED_FACE('',(#360),#7475,.F.);
#7705=ADVANCED_FACE('',(#361),#136,.T.);
#7706=ADVANCED_FACE('',(#362),#137,.T.);
#7707=ADVANCED_FACE('',(#363),#7476,.T.);
#7708=ADVANCED_FACE('',(#364),#7477,.T.);
#7709=ADVANCED_FACE('',(#365),#138,.T.);
#7710=ADVANCED_FACE('',(#366),#7478,.F.);
#7711=ADVANCED_FACE('',(#367),#139,.T.);
#7712=ADVANCED_FACE('',(#368),#140,.T.);
#7713=ADVANCED_FACE('',(#369),#7479,.F.);
#7714=ADVANCED_FACE('',(#370),#7480,.F.);
#7715=ADVANCED_FACE('',(#371),#141,.T.);
#7716=ADVANCED_FACE('',(#372),#142,.T.);
#7717=ADVANCED_FACE('',(#373),#7481,.F.);
#7718=ADVANCED_FACE('',(#374),#7482,.F.);
#7719=ADVANCED_FACE('',(#375),#143,.T.);
#7720=ADVANCED_FACE('',(#376),#144,.T.);
#7721=ADVANCED_FACE('',(#377),#7483,.F.);
#7722=ADVANCED_FACE('',(#378),#7484,.F.);
#7723=ADVANCED_FACE('',(#379),#145,.T.);
#7724=ADVANCED_FACE('',(#380),#146,.T.);
#7725=ADVANCED_FACE('',(#381),#7485,.F.);
#7726=ADVANCED_FACE('',(#382),#7486,.F.);
#7727=ADVANCED_FACE('',(#383),#147,.T.);
#7728=ADVANCED_FACE('',(#384),#148,.T.);
#7729=ADVANCED_FACE('',(#385),#7487,.F.);
#7730=ADVANCED_FACE('',(#386),#7488,.F.);
#7731=ADVANCED_FACE('',(#387),#149,.T.);
#7732=ADVANCED_FACE('',(#388),#150,.T.);
#7733=ADVANCED_FACE('',(#389),#7489,.F.);
#7734=ADVANCED_FACE('',(#390),#7490,.F.);
#7735=ADVANCED_FACE('',(#391),#151,.T.);
#7736=ADVANCED_FACE('',(#392),#152,.T.);
#7737=ADVANCED_FACE('',(#393),#7491,.F.);
#7738=ADVANCED_FACE('',(#394),#7492,.F.);
#7739=ADVANCED_FACE('',(#395),#153,.T.);
#7740=ADVANCED_FACE('',(#396),#154,.T.);
#7741=ADVANCED_FACE('',(#397),#7493,.F.);
#7742=ADVANCED_FACE('',(#398),#7494,.F.);
#7743=ADVANCED_FACE('',(#399),#155,.T.);
#7744=ADVANCED_FACE('',(#400),#156,.T.);
#7745=ADVANCED_FACE('',(#401),#7495,.F.);
#7746=ADVANCED_FACE('',(#402),#7496,.F.);
#7747=ADVANCED_FACE('',(#403),#157,.T.);
#7748=ADVANCED_FACE('',(#404),#158,.T.);
#7749=ADVANCED_FACE('',(#405),#7497,.F.);
#7750=ADVANCED_FACE('',(#406),#7498,.F.);
#7751=ADVANCED_FACE('',(#407),#159,.T.);
#7752=ADVANCED_FACE('',(#408),#160,.T.);
#7753=ADVANCED_FACE('',(#409),#7499,.F.);
#7754=ADVANCED_FACE('',(#410),#7500,.F.);
#7755=ADVANCED_FACE('',(#411),#7501,.T.);
#7756=ADVANCED_FACE('',(#412),#161,.T.);
#7757=ADVANCED_FACE('',(#413),#162,.T.);
#7758=ADVANCED_FACE('',(#414),#7502,.F.);
#7759=ADVANCED_FACE('',(#415),#7503,.T.);
#7760=ADVANCED_FACE('',(#416),#163,.T.);
#7761=ADVANCED_FACE('',(#417),#7504,.F.);
#7762=ADVANCED_FACE('',(#418),#7505,.T.);
#7763=ADVANCED_FACE('',(#419),#164,.T.);
#7764=ADVANCED_FACE('',(#420),#165,.T.);
#7765=ADVANCED_FACE('',(#421),#7506,.F.);
#7766=ADVANCED_FACE('',(#422),#7507,.T.);
#7767=ADVANCED_FACE('',(#423),#166,.T.);
#7768=ADVANCED_FACE('',(#424),#167,.T.);
#7769=ADVANCED_FACE('',(#425),#7508,.F.);
#7770=ADVANCED_FACE('',(#426),#7509,.F.);
#7771=ADVANCED_FACE('',(#427),#168,.T.);
#7772=ADVANCED_FACE('',(#428),#169,.T.);
#7773=ADVANCED_FACE('',(#429),#7510,.F.);
#7774=ADVANCED_FACE('',(#430),#7511,.F.);
#7775=ADVANCED_FACE('',(#431),#170,.T.);
#7776=ADVANCED_FACE('',(#432),#171,.T.);
#7777=ADVANCED_FACE('',(#433),#7512,.T.);
#7778=ADVANCED_FACE('',(#434),#7513,.T.);
#7779=ADVANCED_FACE('',(#435),#172,.T.);
#7780=ADVANCED_FACE('',(#436),#7514,.F.);
#7781=ADVANCED_FACE('',(#437),#7515,.F.);
#7782=ADVANCED_FACE('',(#438),#173,.T.);
#7783=ADVANCED_FACE('',(#439),#174,.T.);
#7784=ADVANCED_FACE('',(#440),#7516,.F.);
#7785=ADVANCED_FACE('',(#441),#7517,.F.);
#7786=ADVANCED_FACE('',(#442),#175,.T.);
#7787=ADVANCED_FACE('',(#443),#176,.T.);
#7788=ADVANCED_FACE('',(#444),#7518,.F.);
#7789=ADVANCED_FACE('',(#445),#7519,.F.);
#7790=ADVANCED_FACE('',(#446),#177,.T.);
#7791=ADVANCED_FACE('',(#447),#178,.T.);
#7792=ADVANCED_FACE('',(#448),#7520,.F.);
#7793=ADVANCED_FACE('',(#449),#7521,.F.);
#7794=ADVANCED_FACE('',(#450),#179,.T.);
#7795=ADVANCED_FACE('',(#451),#180,.T.);
#7796=ADVANCED_FACE('',(#452),#7522,.F.);
#7797=ADVANCED_FACE('',(#453),#7523,.F.);
#7798=ADVANCED_FACE('',(#454),#181,.T.);
#7799=ADVANCED_FACE('',(#455),#182,.T.);
#7800=ADVANCED_FACE('',(#456),#7524,.F.);
#7801=ADVANCED_FACE('',(#457),#7525,.F.);
#7802=ADVANCED_FACE('',(#458),#183,.T.);
#7803=ADVANCED_FACE('',(#459),#184,.T.);
#7804=ADVANCED_FACE('',(#460),#7526,.F.);
#7805=ADVANCED_FACE('',(#461),#7527,.F.);
#7806=ADVANCED_FACE('',(#462),#185,.T.);
#7807=ADVANCED_FACE('',(#463),#186,.T.);
#7808=ADVANCED_FACE('',(#464),#7528,.F.);
#7809=ADVANCED_FACE('',(#465),#7529,.F.);
#7810=ADVANCED_FACE('',(#466),#187,.T.);
#7811=ADVANCED_FACE('',(#467),#188,.T.);
#7812=ADVANCED_FACE('',(#468),#7530,.F.);
#7813=ADVANCED_FACE('',(#469),#7531,.F.);
#7814=ADVANCED_FACE('',(#470),#189,.T.);
#7815=ADVANCED_FACE('',(#471),#190,.T.);
#7816=ADVANCED_FACE('',(#472),#7532,.F.);
#7817=ADVANCED_FACE('',(#473),#7533,.F.);
#7818=ADVANCED_FACE('',(#474),#191,.T.);
#7819=ADVANCED_FACE('',(#475),#192,.T.);
#7820=ADVANCED_FACE('',(#476),#7534,.F.);
#7821=ADVANCED_FACE('',(#477),#7535,.F.);
#7822=ADVANCED_FACE('',(#478),#193,.T.);
#7823=ADVANCED_FACE('',(#479),#194,.T.);
#7824=ADVANCED_FACE('',(#480),#7536,.F.);
#7825=ADVANCED_FACE('',(#481),#7537,.F.);
#7826=ADVANCED_FACE('',(#482),#195,.T.);
#7827=ADVANCED_FACE('',(#483),#196,.T.);
#7828=ADVANCED_FACE('',(#484),#7538,.F.);
#7829=ADVANCED_FACE('',(#485),#7539,.F.);
#7830=ADVANCED_FACE('',(#486),#197,.T.);
#7831=ADVANCED_FACE('',(#487),#198,.T.);
#7832=ADVANCED_FACE('',(#488),#7540,.F.);
#7833=ADVANCED_FACE('',(#489),#7541,.F.);
#7834=ADVANCED_FACE('',(#490),#199,.T.);
#7835=ADVANCED_FACE('',(#491),#200,.T.);
#7836=ADVANCED_FACE('',(#492),#7542,.F.);
#7837=ADVANCED_FACE('',(#493),#7543,.F.);
#7838=ADVANCED_FACE('',(#494),#201,.T.);
#7839=ADVANCED_FACE('',(#495),#202,.T.);
#7840=ADVANCED_FACE('',(#496),#7544,.F.);
#7841=ADVANCED_FACE('',(#497),#7545,.F.);
#7842=ADVANCED_FACE('',(#498),#203,.T.);
#7843=ADVANCED_FACE('',(#499),#204,.T.);
#7844=ADVANCED_FACE('',(#500),#7546,.F.);
#7845=ADVANCED_FACE('',(#501),#7547,.F.);
#7846=ADVANCED_FACE('',(#502),#205,.T.);
#7847=ADVANCED_FACE('',(#503),#206,.T.);
#7848=ADVANCED_FACE('',(#504),#7548,.F.);
#7849=ADVANCED_FACE('',(#505),#7549,.F.);
#7850=ADVANCED_FACE('',(#506),#207,.T.);
#7851=ADVANCED_FACE('',(#507),#208,.T.);
#7852=ADVANCED_FACE('',(#508),#7550,.F.);
#7853=ADVANCED_FACE('',(#509),#7551,.F.);
#7854=ADVANCED_FACE('',(#510),#209,.T.);
#7855=ADVANCED_FACE('',(#511),#210,.T.);
#7856=ADVANCED_FACE('',(#512),#7552,.F.);
#7857=ADVANCED_FACE('',(#513),#7553,.F.);
#7858=ADVANCED_FACE('',(#514),#211,.T.);
#7859=ADVANCED_FACE('',(#515),#212,.T.);
#7860=ADVANCED_FACE('',(#516),#7554,.F.);
#7861=ADVANCED_FACE('',(#517),#7555,.F.);
#7862=ADVANCED_FACE('',(#518),#7556,.F.);
#7863=ADVANCED_FACE('',(#519),#213,.T.);
#7864=ADVANCED_FACE('',(#520),#214,.T.);
#7865=ADVANCED_FACE('',(#521),#7557,.F.);
#7866=ADVANCED_FACE('',(#522),#7558,.F.);
#7867=ADVANCED_FACE('',(#523),#215,.T.);
#7868=ADVANCED_FACE('',(#524),#216,.T.);
#7869=ADVANCED_FACE('',(#525),#7559,.F.);
#7870=ADVANCED_FACE('',(#526),#7560,.F.);
#7871=ADVANCED_FACE('',(#527),#217,.T.);
#7872=ADVANCED_FACE('',(#528),#218,.T.);
#7873=ADVANCED_FACE('',(#529),#7561,.F.);
#7874=ADVANCED_FACE('',(#530),#7562,.F.);
#7875=ADVANCED_FACE('',(#531),#219,.T.);
#7876=ADVANCED_FACE('',(#532),#220,.T.);
#7877=ADVANCED_FACE('',(#533),#7563,.F.);
#7878=ADVANCED_FACE('',(#534),#7564,.F.);
#7879=ADVANCED_FACE('',(#535),#221,.T.);
#7880=ADVANCED_FACE('',(#536),#222,.T.);
#7881=ADVANCED_FACE('',(#537),#7565,.F.);
#7882=ADVANCED_FACE('',(#538),#7566,.F.);
#7883=ADVANCED_FACE('',(#539),#223,.T.);
#7884=ADVANCED_FACE('',(#540),#224,.T.);
#7885=ADVANCED_FACE('',(#541),#7567,.F.);
#7886=ADVANCED_FACE('',(#542),#7568,.F.);
#7887=ADVANCED_FACE('',(#543),#225,.T.);
#7888=ADVANCED_FACE('',(#544),#226,.T.);
#7889=ADVANCED_FACE('',(#545),#7569,.F.);
#7890=ADVANCED_FACE('',(#546),#7570,.F.);
#7891=ADVANCED_FACE('',(#547),#227,.T.);
#7892=ADVANCED_FACE('',(#548),#228,.T.);
#7893=ADVANCED_FACE('',(#549),#7571,.F.);
#7894=ADVANCED_FACE('',(#550),#7572,.F.);
#7895=ADVANCED_FACE('',(#551),#229,.T.);
#7896=ADVANCED_FACE('',(#552),#230,.T.);
#7897=ADVANCED_FACE('',(#553),#7573,.F.);
#7898=ADVANCED_FACE('',(#554),#7574,.F.);
#7899=ADVANCED_FACE('',(#555),#231,.T.);
#7900=ADVANCED_FACE('',(#556),#232,.T.);
#7901=ADVANCED_FACE('',(#557),#7575,.F.);
#7902=ADVANCED_FACE('',(#558),#7576,.F.);
#7903=ADVANCED_FACE('',(#559),#233,.T.);
#7904=ADVANCED_FACE('',(#560),#234,.T.);
#7905=ADVANCED_FACE('',(#561),#7577,.F.);
#7906=ADVANCED_FACE('',(#562),#7578,.F.);
#7907=ADVANCED_FACE('',(#563),#235,.T.);
#7908=ADVANCED_FACE('',(#564),#236,.T.);
#7909=ADVANCED_FACE('',(#565),#7579,.F.);
#7910=ADVANCED_FACE('',(#566),#7580,.F.);
#7911=ADVANCED_FACE('',(#567),#237,.T.);
#7912=ADVANCED_FACE('',(#568),#238,.T.);
#7913=ADVANCED_FACE('',(#569),#7581,.F.);
#7914=ADVANCED_FACE('',(#570),#7582,.F.);
#7915=ADVANCED_FACE('',(#571),#239,.T.);
#7916=ADVANCED_FACE('',(#572),#240,.T.);
#7917=ADVANCED_FACE('',(#573),#7583,.F.);
#7918=ADVANCED_FACE('',(#574),#7584,.F.);
#7919=ADVANCED_FACE('',(#575),#241,.T.);
#7920=ADVANCED_FACE('',(#576),#242,.T.);
#7921=ADVANCED_FACE('',(#577),#7585,.F.);
#7922=ADVANCED_FACE('',(#578),#7586,.F.);
#7923=ADVANCED_FACE('',(#579),#243,.T.);
#7924=ADVANCED_FACE('',(#580),#244,.T.);
#7925=ADVANCED_FACE('',(#581),#7587,.F.);
#7926=ADVANCED_FACE('',(#582),#7588,.F.);
#7927=ADVANCED_FACE('',(#583),#245,.T.);
#7928=ADVANCED_FACE('',(#584),#246,.T.);
#7929=ADVANCED_FACE('',(#585),#7589,.F.);
#7930=ADVANCED_FACE('',(#586),#7590,.F.);
#7931=ADVANCED_FACE('',(#587),#247,.T.);
#7932=ADVANCED_FACE('',(#588),#248,.T.);
#7933=ADVANCED_FACE('',(#589),#7591,.F.);
#7934=ADVANCED_FACE('',(#590),#7592,.F.);
#7935=ADVANCED_FACE('',(#591),#249,.T.);
#7936=ADVANCED_FACE('',(#592),#250,.T.);
#7937=ADVANCED_FACE('',(#593),#7593,.F.);
#7938=ADVANCED_FACE('',(#594),#7594,.F.);
#7939=ADVANCED_FACE('',(#595),#251,.T.);
#7940=ADVANCED_FACE('',(#596),#252,.T.);
#7941=ADVANCED_FACE('',(#597),#7595,.F.);
#7942=ADVANCED_FACE('',(#598),#7596,.F.);
#7943=ADVANCED_FACE('',(#599),#253,.T.);
#7944=ADVANCED_FACE('',(#600),#254,.T.);
#7945=ADVANCED_FACE('',(#601),#7597,.F.);
#7946=ADVANCED_FACE('',(#602),#7598,.F.);
#7947=ADVANCED_FACE('',(#603),#255,.T.);
#7948=ADVANCED_FACE('',(#604),#256,.T.);
#7949=ADVANCED_FACE('',(#605),#7599,.F.);
#7950=ADVANCED_FACE('',(#606),#7600,.F.);
#7951=ADVANCED_FACE('',(#607),#257,.T.);
#7952=ADVANCED_FACE('',(#608),#258,.T.);
#7953=ADVANCED_FACE('',(#609),#7601,.F.);
#7954=ADVANCED_FACE('',(#610),#7602,.F.);
#7955=ADVANCED_FACE('',(#611),#259,.T.);
#7956=ADVANCED_FACE('',(#612),#260,.T.);
#7957=ADVANCED_FACE('',(#613),#7603,.F.);
#7958=ADVANCED_FACE('',(#614),#7604,.F.);
#7959=ADVANCED_FACE('',(#615),#261,.T.);
#7960=ADVANCED_FACE('',(#616),#262,.T.);
#7961=ADVANCED_FACE('',(#617),#7605,.F.);
#7962=ADVANCED_FACE('',(#618),#7606,.F.);
#7963=ADVANCED_FACE('',(#619),#263,.T.);
#7964=ADVANCED_FACE('',(#620),#264,.T.);
#7965=ADVANCED_FACE('',(#621),#7607,.F.);
#7966=ADVANCED_FACE('',(#622),#7608,.F.);
#7967=ADVANCED_FACE('',(#623),#265,.T.);
#7968=ADVANCED_FACE('',(#624),#266,.T.);
#7969=ADVANCED_FACE('',(#625),#7609,.F.);
#7970=ADVANCED_FACE('',(#626),#7610,.F.);
#7971=ADVANCED_FACE('',(#627),#267,.T.);
#7972=ADVANCED_FACE('',(#628),#268,.T.);
#7973=ADVANCED_FACE('',(#629),#7611,.F.);
#7974=ADVANCED_FACE('',(#630),#7612,.F.);
#7975=ADVANCED_FACE('',(#631),#269,.T.);
#7976=ADVANCED_FACE('',(#632),#270,.T.);
#7977=ADVANCED_FACE('',(#633),#7613,.F.);
#7978=ADVANCED_FACE('',(#634),#7614,.F.);
#7979=ADVANCED_FACE('',(#635),#271,.T.);
#7980=ADVANCED_FACE('',(#636),#272,.T.);
#7981=ADVANCED_FACE('',(#637),#7615,.F.);
#7982=ADVANCED_FACE('',(#638),#7616,.F.);
#7983=ADVANCED_FACE('',(#639),#273,.T.);
#7984=ADVANCED_FACE('',(#640),#274,.T.);
#7985=ADVANCED_FACE('',(#641),#7617,.F.);
#7986=ADVANCED_FACE('',(#642),#7618,.F.);
#7987=ADVANCED_FACE('',(#643),#275,.T.);
#7988=ADVANCED_FACE('',(#644),#276,.T.);
#7989=ADVANCED_FACE('',(#645),#7619,.F.);
#7990=ADVANCED_FACE('',(#646),#7620,.F.);
#7991=ADVANCED_FACE('',(#647),#7621,.F.);
#7992=ADVANCED_FACE('',(#648),#277,.T.);
#7993=ADVANCED_FACE('',(#649),#278,.T.);
#7994=ADVANCED_FACE('',(#650),#7622,.F.);
#7995=ADVANCED_FACE('',(#651),#7623,.F.);
#7996=ADVANCED_FACE('',(#652),#279,.T.);
#7997=ADVANCED_FACE('',(#653),#280,.T.);
#7998=ADVANCED_FACE('',(#654),#7624,.F.);
#7999=ADVANCED_FACE('',(#655),#7625,.F.);
#8000=ADVANCED_FACE('',(#656),#281,.T.);
#8001=ADVANCED_FACE('',(#657),#282,.T.);
#8002=ADVANCED_FACE('',(#658),#7626,.F.);
#8003=ADVANCED_FACE('',(#659),#7627,.F.);
#8004=ADVANCED_FACE('',(#660),#283,.T.);
#8005=ADVANCED_FACE('',(#661),#284,.T.);
#8006=ADVANCED_FACE('',(#662),#7628,.F.);
#8007=ADVANCED_FACE('',(#663),#7629,.F.);
#8008=ADVANCED_FACE('',(#664),#285,.T.);
#8009=ADVANCED_FACE('',(#665),#286,.T.);
#8010=ADVANCED_FACE('',(#666),#7630,.F.);
#8011=ADVANCED_FACE('',(#667),#7631,.F.);
#8012=ADVANCED_FACE('',(#668),#287,.T.);
#8013=ADVANCED_FACE('',(#669),#288,.T.);
#8014=ADVANCED_FACE('',(#670),#7632,.F.);
#8015=ADVANCED_FACE('',(#671),#7633,.F.);
#8016=ADVANCED_FACE('',(#672),#289,.T.);
#8017=ADVANCED_FACE('',(#673),#290,.T.);
#8018=ADVANCED_FACE('',(#674),#7634,.F.);
#8019=ADVANCED_FACE('',(#675),#7635,.F.);
#8020=ADVANCED_FACE('',(#676),#291,.T.);
#8021=ADVANCED_FACE('',(#677),#292,.T.);
#8022=ADVANCED_FACE('',(#678),#7636,.F.);
#8023=ADVANCED_FACE('',(#679),#7637,.F.);
#8024=ADVANCED_FACE('',(#680),#293,.T.);
#8025=ADVANCED_FACE('',(#681),#294,.T.);
#8026=ADVANCED_FACE('',(#682),#7638,.F.);
#8027=ADVANCED_FACE('',(#683),#7639,.F.);
#8028=ADVANCED_FACE('',(#684),#295,.T.);
#8029=ADVANCED_FACE('',(#685),#296,.T.);
#8030=ADVANCED_FACE('',(#686),#7640,.F.);
#8031=ADVANCED_FACE('',(#687),#7641,.F.);
#8032=ADVANCED_FACE('',(#688),#297,.T.);
#8033=ADVANCED_FACE('',(#689),#298,.T.);
#8034=ADVANCED_FACE('',(#690),#7642,.F.);
#8035=ADVANCED_FACE('',(#691),#7643,.F.);
#8036=ADVANCED_FACE('',(#692),#299,.T.);
#8037=ADVANCED_FACE('',(#693),#300,.T.);
#8038=ADVANCED_FACE('',(#694),#7644,.F.);
#8039=CLOSED_SHELL('',(#7645,#7646,#7647,#7648,#7649,#7650,#7651,#7652,
#7653,#7654,#7655,#7656,#7657,#7658,#7659,#7660,#7661,#7662,#7663,#7664,
#7665,#7666,#7667,#7668,#7669,#7670,#7671,#7672,#7673,#7674,#7675,#7676,
#7677,#7678,#7679,#7680,#7681,#7682,#7683,#7684,#7685,#7686,#7687,#7688,
#7689,#7690,#7691,#7692,#7693,#7694,#7695,#7696,#7697,#7698,#7699,#7700,
#7701,#7702,#7703,#7704,#7705,#7706,#7707,#7708,#7709,#7710,#7711,#7712,
#7713,#7714,#7715,#7716,#7717,#7718,#7719,#7720,#7721,#7722,#7723,#7724,
#7725,#7726,#7727,#7728,#7729,#7730,#7731,#7732,#7733,#7734,#7735,#7736,
#7737,#7738,#7739,#7740,#7741,#7742,#7743,#7744,#7745,#7746,#7747,#7748,
#7749,#7750,#7751,#7752,#7753,#7754,#7755,#7756,#7757,#7758,#7759,#7760,
#7761,#7762,#7763,#7764,#7765,#7766,#7767,#7768,#7769,#7770,#7771,#7772,
#7773,#7774,#7775,#7776,#7777,#7778,#7779,#7780,#7781,#7782,#7783,#7784,
#7785,#7786,#7787,#7788,#7789,#7790,#7791,#7792,#7793,#7794,#7795,#7796,
#7797,#7798,#7799,#7800,#7801,#7802,#7803,#7804,#7805,#7806,#7807,#7808,
#7809,#7810,#7811,#7812,#7813,#7814,#7815,#7816,#7817,#7818,#7819,#7820,
#7821,#7822,#7823,#7824,#7825,#7826,#7827,#7828,#7829,#7830,#7831,#7832,
#7833,#7834,#7835,#7836,#7837,#7838,#7839,#7840,#7841,#7842,#7843,#7844,
#7845,#7846,#7847,#7848,#7849,#7850,#7851,#7852,#7853,#7854,#7855,#7856,
#7857,#7858,#7859,#7860,#7861,#7862,#7863,#7864,#7865,#7866,#7867,#7868,
#7869,#7870,#7871,#7872,#7873,#7874,#7875,#7876,#7877,#7878,#7879,#7880,
#7881,#7882,#7883,#7884,#7885,#7886,#7887,#7888,#7889,#7890,#7891,#7892,
#7893,#7894,#7895,#7896,#7897,#7898,#7899,#7900,#7901,#7902,#7903,#7904,
#7905,#7906,#7907,#7908,#7909,#7910,#7911,#7912,#7913,#7914,#7915,#7916,
#7917,#7918,#7919,#7920,#7921,#7922,#7923,#7924,#7925,#7926,#7927,#7928,
#7929,#7930,#7931,#7932,#7933,#7934,#7935,#7936,#7937,#7938,#7939,#7940,
#7941,#7942,#7943,#7944,#7945,#7946,#7947,#7948,#7949,#7950,#7951,#7952,
#7953,#7954,#7955,#7956,#7957,#7958,#7959,#7960,#7961,#7962,#7963,#7964,
#7965,#7966,#7967,#7968,#7969,#7970,#7971,#7972,#7973,#7974,#7975,#7976,
#7977,#7978,#7979,#7980,#7981,#7982,#7983,#7984,#7985,#7986,#7987,#7988,
#7989,#7990,#7991,#7992,#7993,#7994,#7995,#7996,#7997,#7998,#7999,#8000,
#8001,#8002,#8003,#8004,#8005,#8006,#8007,#8008,#8009,#8010,#8011,#8012,
#8013,#8014,#8015,#8016,#8017,#8018,#8019,#8020,#8021,#8022,#8023,#8024,
#8025,#8026,#8027,#8028,#8029,#8030,#8031,#8032,#8033,#8034,#8035,#8036,
#8037,#8038));
#8040=DERIVED_UNIT_ELEMENT(#8042,1.);
#8041=DERIVED_UNIT_ELEMENT(#13573,-3.);
#8042=(
MASS_UNIT()
NAMED_UNIT(*)
SI_UNIT(.KILO.,.GRAM.)
);
#8043=DERIVED_UNIT((#8040,#8041));
#8044=MEASURE_REPRESENTATION_ITEM('density measure',
POSITIVE_RATIO_MEASURE(7850.),#8043);
#8045=PROPERTY_DEFINITION_REPRESENTATION(#8050,#8047);
#8046=PROPERTY_DEFINITION_REPRESENTATION(#8051,#8048);
#8047=REPRESENTATION('material name',(#8049),#13570);
#8048=REPRESENTATION('density',(#8044),#13570);
#8049=DESCRIPTIVE_REPRESENTATION_ITEM('\X2\92FC\X0\','\X2\92FC\X0\');
#8050=PROPERTY_DEFINITION('material property','material name',#13580);
#8051=PROPERTY_DEFINITION('material property','density of part',#13580);
#8052=AXIS2_PLACEMENT_3D('',#11213,#8847,#8848);
#8053=AXIS2_PLACEMENT_3D('',#11214,#8849,#8850);
#8054=AXIS2_PLACEMENT_3D('',#11219,#8852,#8853);
#8055=AXIS2_PLACEMENT_3D('',#11222,#8855,#8856);
#8056=AXIS2_PLACEMENT_3D('',#11223,#8857,#8858);
#8057=AXIS2_PLACEMENT_3D('',#11229,#8862,#8863);
#8058=AXIS2_PLACEMENT_3D('',#11235,#8867,#8868);
#8059=AXIS2_PLACEMENT_3D('',#11237,#8869,#8870);
#8060=AXIS2_PLACEMENT_3D('',#11241,#8872,#8873);
#8061=AXIS2_PLACEMENT_3D('',#11244,#8875,#8876);
#8062=AXIS2_PLACEMENT_3D('',#11247,#8877,#8878);
#8063=AXIS2_PLACEMENT_3D('',#11251,#8880,#8881);
#8064=AXIS2_PLACEMENT_3D('',#11255,#8883,#8884);
#8065=AXIS2_PLACEMENT_3D('',#11259,#8886,#8887);
#8066=AXIS2_PLACEMENT_3D('',#11263,#8889,#8890);
#8067=AXIS2_PLACEMENT_3D('',#11267,#8892,#8893);
#8068=AXIS2_PLACEMENT_3D('',#11271,#8895,#8896);
#8069=AXIS2_PLACEMENT_3D('',#11275,#8898,#8899);
#8070=AXIS2_PLACEMENT_3D('',#11279,#8901,#8902);
#8071=AXIS2_PLACEMENT_3D('',#11283,#8904,#8905);
#8072=AXIS2_PLACEMENT_3D('',#11287,#8907,#8908);
#8073=AXIS2_PLACEMENT_3D('',#11291,#8910,#8911);
#8074=AXIS2_PLACEMENT_3D('',#11294,#8913,#8914);
#8075=AXIS2_PLACEMENT_3D('',#11297,#8915,#8916);
#8076=AXIS2_PLACEMENT_3D('',#11301,#8918,#8919);
#8077=AXIS2_PLACEMENT_3D('',#11305,#8921,#8922);
#8078=AXIS2_PLACEMENT_3D('',#11309,#8924,#8925);
#8079=AXIS2_PLACEMENT_3D('',#11313,#8927,#8928);
#8080=AXIS2_PLACEMENT_3D('',#11317,#8930,#8931);
#8081=AXIS2_PLACEMENT_3D('',#11321,#8933,#8934);
#8082=AXIS2_PLACEMENT_3D('',#11325,#8936,#8937);
#8083=AXIS2_PLACEMENT_3D('',#11329,#8939,#8940);
#8084=AXIS2_PLACEMENT_3D('',#11333,#8942,#8943);
#8085=AXIS2_PLACEMENT_3D('',#11337,#8945,#8946);
#8086=AXIS2_PLACEMENT_3D('',#11341,#8948,#8949);
#8087=AXIS2_PLACEMENT_3D('',#11345,#8951,#8952);
#8088=AXIS2_PLACEMENT_3D('',#11347,#8953,#8954);
#8089=AXIS2_PLACEMENT_3D('',#11351,#8956,#8957);
#8090=AXIS2_PLACEMENT_3D('',#11353,#8958,#8959);
#8091=AXIS2_PLACEMENT_3D('',#11357,#8961,#8962);
#8092=AXIS2_PLACEMENT_3D('',#11361,#8964,#8965);
#8093=AXIS2_PLACEMENT_3D('',#11365,#8967,#8968);
#8094=AXIS2_PLACEMENT_3D('',#11369,#8970,#8971);
#8095=AXIS2_PLACEMENT_3D('',#11373,#8973,#8974);
#8096=AXIS2_PLACEMENT_3D('',#11377,#8976,#8977);
#8097=AXIS2_PLACEMENT_3D('',#11381,#8979,#8980);
#8098=AXIS2_PLACEMENT_3D('',#11385,#8982,#8983);
#8099=AXIS2_PLACEMENT_3D('',#11389,#8985,#8986);
#8100=AXIS2_PLACEMENT_3D('',#11393,#8988,#8989);
#8101=AXIS2_PLACEMENT_3D('',#11397,#8991,#8992);
#8102=AXIS2_PLACEMENT_3D('',#11401,#8994,#8995);
#8103=AXIS2_PLACEMENT_3D('',#11405,#8997,#8998);
#8104=AXIS2_PLACEMENT_3D('',#11409,#9000,#9001);
#8105=AXIS2_PLACEMENT_3D('',#11413,#9003,#9004);
#8106=AXIS2_PLACEMENT_3D('',#11417,#9006,#9007);
#8107=AXIS2_PLACEMENT_3D('',#11421,#9009,#9010);
#8108=AXIS2_PLACEMENT_3D('',#11425,#9012,#9013);
#8109=AXIS2_PLACEMENT_3D('',#11429,#9015,#9016);
#8110=AXIS2_PLACEMENT_3D('',#11433,#9018,#9019);
#8111=AXIS2_PLACEMENT_3D('',#11437,#9021,#9022);
#8112=AXIS2_PLACEMENT_3D('',#11441,#9024,#9025);
#8113=AXIS2_PLACEMENT_3D('',#11445,#9027,#9028);
#8114=AXIS2_PLACEMENT_3D('',#11449,#9030,#9031);
#8115=AXIS2_PLACEMENT_3D('',#11453,#9033,#9034);
#8116=AXIS2_PLACEMENT_3D('',#11457,#9036,#9037);
#8117=AXIS2_PLACEMENT_3D('',#11461,#9039,#9040);
#8118=AXIS2_PLACEMENT_3D('',#11465,#9042,#9043);
#8119=AXIS2_PLACEMENT_3D('',#11469,#9045,#9046);
#8120=AXIS2_PLACEMENT_3D('',#11473,#9048,#9049);
#8121=AXIS2_PLACEMENT_3D('',#11477,#9051,#9052);
#8122=AXIS2_PLACEMENT_3D('',#11481,#9054,#9055);
#8123=AXIS2_PLACEMENT_3D('',#11485,#9057,#9058);
#8124=AXIS2_PLACEMENT_3D('',#11487,#9059,#9060);
#8125=AXIS2_PLACEMENT_3D('',#11491,#9062,#9063);
#8126=AXIS2_PLACEMENT_3D('',#11493,#9064,#9065);
#8127=AXIS2_PLACEMENT_3D('',#11496,#9067,#9068);
#8128=AXIS2_PLACEMENT_3D('',#11499,#9069,#9070);
#8129=AXIS2_PLACEMENT_3D('',#11503,#9072,#9073);
#8130=AXIS2_PLACEMENT_3D('',#11507,#9075,#9076);
#8131=AXIS2_PLACEMENT_3D('',#11511,#9078,#9079);
#8132=AXIS2_PLACEMENT_3D('',#11515,#9081,#9082);
#8133=AXIS2_PLACEMENT_3D('',#11519,#9084,#9085);
#8134=AXIS2_PLACEMENT_3D('',#11523,#9087,#9088);
#8135=AXIS2_PLACEMENT_3D('',#11527,#9090,#9091);
#8136=AXIS2_PLACEMENT_3D('',#11531,#9093,#9094);
#8137=AXIS2_PLACEMENT_3D('',#11535,#9096,#9097);
#8138=AXIS2_PLACEMENT_3D('',#11539,#9099,#9100);
#8139=AXIS2_PLACEMENT_3D('',#11543,#9102,#9103);
#8140=AXIS2_PLACEMENT_3D('',#11547,#9105,#9106);
#8141=AXIS2_PLACEMENT_3D('',#11551,#9108,#9109);
#8142=AXIS2_PLACEMENT_3D('',#11555,#9111,#9112);
#8143=AXIS2_PLACEMENT_3D('',#11559,#9114,#9115);
#8144=AXIS2_PLACEMENT_3D('',#11563,#9117,#9118);
#8145=AXIS2_PLACEMENT_3D('',#11567,#9120,#9121);
#8146=AXIS2_PLACEMENT_3D('',#11571,#9123,#9124);
#8147=AXIS2_PLACEMENT_3D('',#11575,#9126,#9127);
#8148=AXIS2_PLACEMENT_3D('',#11579,#9129,#9130);
#8149=AXIS2_PLACEMENT_3D('',#11583,#9132,#9133);
#8150=AXIS2_PLACEMENT_3D('',#11587,#9135,#9136);
#8151=AXIS2_PLACEMENT_3D('',#11591,#9138,#9139);
#8152=AXIS2_PLACEMENT_3D('',#11595,#9141,#9142);
#8153=AXIS2_PLACEMENT_3D('',#11599,#9144,#9145);
#8154=AXIS2_PLACEMENT_3D('',#11603,#9147,#9148);
#8155=AXIS2_PLACEMENT_3D('',#11607,#9150,#9151);
#8156=AXIS2_PLACEMENT_3D('',#11611,#9153,#9154);
#8157=AXIS2_PLACEMENT_3D('',#11615,#9156,#9157);
#8158=AXIS2_PLACEMENT_3D('',#11619,#9159,#9160);
#8159=AXIS2_PLACEMENT_3D('',#11623,#9162,#9163);
#8160=AXIS2_PLACEMENT_3D('',#11627,#9165,#9166);
#8161=AXIS2_PLACEMENT_3D('',#11631,#9168,#9169);
#8162=AXIS2_PLACEMENT_3D('',#11635,#9171,#9172);
#8163=AXIS2_PLACEMENT_3D('',#11639,#9174,#9175);
#8164=AXIS2_PLACEMENT_3D('',#11643,#9177,#9178);
#8165=AXIS2_PLACEMENT_3D('',#11647,#9180,#9181);
#8166=AXIS2_PLACEMENT_3D('',#11651,#9183,#9184);
#8167=AXIS2_PLACEMENT_3D('',#11655,#9186,#9187);
#8168=AXIS2_PLACEMENT_3D('',#11658,#9189,#9190);
#8169=AXIS2_PLACEMENT_3D('',#11661,#9191,#9192);
#8170=AXIS2_PLACEMENT_3D('',#11665,#9194,#9195);
#8171=AXIS2_PLACEMENT_3D('',#11669,#9197,#9198);
#8172=AXIS2_PLACEMENT_3D('',#11673,#9200,#9201);
#8173=AXIS2_PLACEMENT_3D('',#11677,#9203,#9204);
#8174=AXIS2_PLACEMENT_3D('',#11681,#9206,#9207);
#8175=AXIS2_PLACEMENT_3D('',#11685,#9209,#9210);
#8176=AXIS2_PLACEMENT_3D('',#11689,#9212,#9213);
#8177=AXIS2_PLACEMENT_3D('',#11693,#9215,#9216);
#8178=AXIS2_PLACEMENT_3D('',#11697,#9218,#9219);
#8179=AXIS2_PLACEMENT_3D('',#11701,#9221,#9222);
#8180=AXIS2_PLACEMENT_3D('',#11705,#9224,#9225);
#8181=AXIS2_PLACEMENT_3D('',#11709,#9227,#9228);
#8182=AXIS2_PLACEMENT_3D('',#11713,#9230,#9231);
#8183=AXIS2_PLACEMENT_3D('',#11717,#9233,#9234);
#8184=AXIS2_PLACEMENT_3D('',#11721,#9236,#9237);
#8185=AXIS2_PLACEMENT_3D('',#11725,#9239,#9240);
#8186=AXIS2_PLACEMENT_3D('',#11729,#9242,#9243);
#8187=AXIS2_PLACEMENT_3D('',#11733,#9245,#9246);
#8188=AXIS2_PLACEMENT_3D('',#11737,#9248,#9249);
#8189=AXIS2_PLACEMENT_3D('',#11741,#9251,#9252);
#8190=AXIS2_PLACEMENT_3D('',#11745,#9254,#9255);
#8191=AXIS2_PLACEMENT_3D('',#11749,#9257,#9258);
#8192=AXIS2_PLACEMENT_3D('',#11753,#9260,#9261);
#8193=AXIS2_PLACEMENT_3D('',#11757,#9263,#9264);
#8194=AXIS2_PLACEMENT_3D('',#11761,#9266,#9267);
#8195=AXIS2_PLACEMENT_3D('',#11765,#9269,#9270);
#8196=AXIS2_PLACEMENT_3D('',#11769,#9272,#9273);
#8197=AXIS2_PLACEMENT_3D('',#11773,#9275,#9276);
#8198=AXIS2_PLACEMENT_3D('',#11777,#9278,#9279);
#8199=AXIS2_PLACEMENT_3D('',#11781,#9281,#9282);
#8200=AXIS2_PLACEMENT_3D('',#11785,#9284,#9285);
#8201=AXIS2_PLACEMENT_3D('',#11789,#9287,#9288);
#8202=AXIS2_PLACEMENT_3D('',#11793,#9290,#9291);
#8203=AXIS2_PLACEMENT_3D('',#11797,#9293,#9294);
#8204=AXIS2_PLACEMENT_3D('',#11801,#9296,#9297);
#8205=AXIS2_PLACEMENT_3D('',#11805,#9299,#9300);
#8206=AXIS2_PLACEMENT_3D('',#11809,#9302,#9303);
#8207=AXIS2_PLACEMENT_3D('',#11813,#9305,#9306);
#8208=AXIS2_PLACEMENT_3D('',#11817,#9308,#9309);
#8209=AXIS2_PLACEMENT_3D('',#11821,#9311,#9312);
#8210=AXIS2_PLACEMENT_3D('',#11825,#9314,#9315);
#8211=AXIS2_PLACEMENT_3D('',#11829,#9317,#9318);
#8212=AXIS2_PLACEMENT_3D('',#11833,#9320,#9321);
#8213=AXIS2_PLACEMENT_3D('',#11837,#9323,#9324);
#8214=AXIS2_PLACEMENT_3D('',#11841,#9326,#9327);
#8215=AXIS2_PLACEMENT_3D('',#11845,#9329,#9330);
#8216=AXIS2_PLACEMENT_3D('',#11849,#9332,#9333);
#8217=AXIS2_PLACEMENT_3D('',#11853,#9335,#9336);
#8218=AXIS2_PLACEMENT_3D('',#11857,#9338,#9339);
#8219=AXIS2_PLACEMENT_3D('',#11861,#9341,#9342);
#8220=AXIS2_PLACEMENT_3D('',#11865,#9344,#9345);
#8221=AXIS2_PLACEMENT_3D('',#11869,#9347,#9348);
#8222=AXIS2_PLACEMENT_3D('',#11873,#9350,#9351);
#8223=AXIS2_PLACEMENT_3D('',#11877,#9353,#9354);
#8224=AXIS2_PLACEMENT_3D('',#11881,#9356,#9357);
#8225=AXIS2_PLACEMENT_3D('',#11885,#9359,#9360);
#8226=AXIS2_PLACEMENT_3D('',#11889,#9362,#9363);
#8227=AXIS2_PLACEMENT_3D('',#11893,#9365,#9366);
#8228=AXIS2_PLACEMENT_3D('',#11897,#9368,#9369);
#8229=AXIS2_PLACEMENT_3D('',#11901,#9371,#9372);
#8230=AXIS2_PLACEMENT_3D('',#11905,#9374,#9375);
#8231=AXIS2_PLACEMENT_3D('',#11909,#9377,#9378);
#8232=AXIS2_PLACEMENT_3D('',#11913,#9380,#9381);
#8233=AXIS2_PLACEMENT_3D('',#11916,#9383,#9384);
#8234=AXIS2_PLACEMENT_3D('',#11919,#9385,#9386);
#8235=AXIS2_PLACEMENT_3D('',#11923,#9388,#9389);
#8236=AXIS2_PLACEMENT_3D('',#11927,#9391,#9392);
#8237=AXIS2_PLACEMENT_3D('',#11931,#9394,#9395);
#8238=AXIS2_PLACEMENT_3D('',#11935,#9397,#9398);
#8239=AXIS2_PLACEMENT_3D('',#11939,#9400,#9401);
#8240=AXIS2_PLACEMENT_3D('',#11943,#9403,#9404);
#8241=AXIS2_PLACEMENT_3D('',#11947,#9406,#9407);
#8242=AXIS2_PLACEMENT_3D('',#11951,#9409,#9410);
#8243=AXIS2_PLACEMENT_3D('',#11955,#9412,#9413);
#8244=AXIS2_PLACEMENT_3D('',#11959,#9415,#9416);
#8245=AXIS2_PLACEMENT_3D('',#11963,#9418,#9419);
#8246=AXIS2_PLACEMENT_3D('',#11967,#9421,#9422);
#8247=AXIS2_PLACEMENT_3D('',#11971,#9424,#9425);
#8248=AXIS2_PLACEMENT_3D('',#11975,#9427,#9428);
#8249=AXIS2_PLACEMENT_3D('',#11979,#9430,#9431);
#8250=AXIS2_PLACEMENT_3D('',#11983,#9433,#9434);
#8251=AXIS2_PLACEMENT_3D('',#11987,#9436,#9437);
#8252=AXIS2_PLACEMENT_3D('',#11991,#9439,#9440);
#8253=AXIS2_PLACEMENT_3D('',#11995,#9442,#9443);
#8254=AXIS2_PLACEMENT_3D('',#11999,#9445,#9446);
#8255=AXIS2_PLACEMENT_3D('',#12003,#9448,#9449);
#8256=AXIS2_PLACEMENT_3D('',#12007,#9451,#9452);
#8257=AXIS2_PLACEMENT_3D('',#12011,#9454,#9455);
#8258=AXIS2_PLACEMENT_3D('',#12013,#9457,#9458);
#8259=AXIS2_PLACEMENT_3D('',#12015,#9459,#9460);
#8260=AXIS2_PLACEMENT_3D('',#12019,#9462,#9463);
#8261=AXIS2_PLACEMENT_3D('',#12022,#9465,#9466);
#8262=AXIS2_PLACEMENT_3D('',#12025,#9467,#9468);
#8263=AXIS2_PLACEMENT_3D('',#12029,#9470,#9471);
#8264=AXIS2_PLACEMENT_3D('',#12033,#9473,#9474);
#8265=AXIS2_PLACEMENT_3D('',#12037,#9476,#9477);
#8266=AXIS2_PLACEMENT_3D('',#12041,#9479,#9480);
#8267=AXIS2_PLACEMENT_3D('',#12045,#9482,#9483);
#8268=AXIS2_PLACEMENT_3D('',#12049,#9485,#9486);
#8269=AXIS2_PLACEMENT_3D('',#12053,#9488,#9489);
#8270=AXIS2_PLACEMENT_3D('',#12057,#9491,#9492);
#8271=AXIS2_PLACEMENT_3D('',#12061,#9494,#9495);
#8272=AXIS2_PLACEMENT_3D('',#12065,#9497,#9498);
#8273=AXIS2_PLACEMENT_3D('',#12069,#9500,#9501);
#8274=AXIS2_PLACEMENT_3D('',#12072,#9503,#9504);
#8275=AXIS2_PLACEMENT_3D('',#12075,#9505,#9506);
#8276=AXIS2_PLACEMENT_3D('',#12079,#9508,#9509);
#8277=AXIS2_PLACEMENT_3D('',#12081,#9510,#9511);
#8278=AXIS2_PLACEMENT_3D('',#12085,#9513,#9514);
#8279=AXIS2_PLACEMENT_3D('',#12087,#9515,#9516);
#8280=AXIS2_PLACEMENT_3D('',#12091,#9518,#9519);
#8281=AXIS2_PLACEMENT_3D('',#12095,#9521,#9522);
#8282=AXIS2_PLACEMENT_3D('',#12099,#9524,#9525);
#8283=AXIS2_PLACEMENT_3D('',#12103,#9527,#9528);
#8284=AXIS2_PLACEMENT_3D('',#12107,#9530,#9531);
#8285=AXIS2_PLACEMENT_3D('',#12111,#9533,#9534);
#8286=AXIS2_PLACEMENT_3D('',#12115,#9536,#9537);
#8287=AXIS2_PLACEMENT_3D('',#12119,#9539,#9540);
#8288=AXIS2_PLACEMENT_3D('',#12123,#9542,#9543);
#8289=AXIS2_PLACEMENT_3D('',#12127,#9545,#9546);
#8290=AXIS2_PLACEMENT_3D('',#12131,#9548,#9549);
#8291=AXIS2_PLACEMENT_3D('',#12135,#9551,#9552);
#8292=AXIS2_PLACEMENT_3D('',#12139,#9554,#9555);
#8293=AXIS2_PLACEMENT_3D('',#12143,#9557,#9558);
#8294=AXIS2_PLACEMENT_3D('',#12147,#9560,#9561);
#8295=AXIS2_PLACEMENT_3D('',#12151,#9563,#9564);
#8296=AXIS2_PLACEMENT_3D('',#12155,#9566,#9567);
#8297=AXIS2_PLACEMENT_3D('',#12159,#9569,#9570);
#8298=AXIS2_PLACEMENT_3D('',#12163,#9572,#9573);
#8299=AXIS2_PLACEMENT_3D('',#12167,#9575,#9576);
#8300=AXIS2_PLACEMENT_3D('',#12171,#9578,#9579);
#8301=AXIS2_PLACEMENT_3D('',#12175,#9581,#9582);
#8302=AXIS2_PLACEMENT_3D('',#12179,#9584,#9585);
#8303=AXIS2_PLACEMENT_3D('',#12183,#9587,#9588);
#8304=AXIS2_PLACEMENT_3D('',#12187,#9590,#9591);
#8305=AXIS2_PLACEMENT_3D('',#12191,#9593,#9594);
#8306=AXIS2_PLACEMENT_3D('',#12195,#9596,#9597);
#8307=AXIS2_PLACEMENT_3D('',#12199,#9599,#9600);
#8308=AXIS2_PLACEMENT_3D('',#12203,#9602,#9603);
#8309=AXIS2_PLACEMENT_3D('',#12207,#9605,#9606);
#8310=AXIS2_PLACEMENT_3D('',#12211,#9608,#9609);
#8311=AXIS2_PLACEMENT_3D('',#12215,#9611,#9612);
#8312=AXIS2_PLACEMENT_3D('',#12219,#9614,#9615);
#8313=AXIS2_PLACEMENT_3D('',#12221,#9616,#9617);
#8314=AXIS2_PLACEMENT_3D('',#12225,#9619,#9620);
#8315=AXIS2_PLACEMENT_3D('',#12227,#9621,#9622);
#8316=AXIS2_PLACEMENT_3D('',#12231,#9624,#9625);
#8317=AXIS2_PLACEMENT_3D('',#12235,#9627,#9628);
#8318=AXIS2_PLACEMENT_3D('',#12239,#9630,#9631);
#8319=AXIS2_PLACEMENT_3D('',#12243,#9633,#9634);
#8320=AXIS2_PLACEMENT_3D('',#12247,#9636,#9637);
#8321=AXIS2_PLACEMENT_3D('',#12251,#9639,#9640);
#8322=AXIS2_PLACEMENT_3D('',#12255,#9642,#9643);
#8323=AXIS2_PLACEMENT_3D('',#12259,#9645,#9646);
#8324=AXIS2_PLACEMENT_3D('',#12263,#9648,#9649);
#8325=AXIS2_PLACEMENT_3D('',#12267,#9651,#9652);
#8326=AXIS2_PLACEMENT_3D('',#12271,#9654,#9655);
#8327=AXIS2_PLACEMENT_3D('',#12274,#9657,#9658);
#8328=AXIS2_PLACEMENT_3D('',#12277,#9659,#9660);
#8329=AXIS2_PLACEMENT_3D('',#12281,#9662,#9663);
#8330=AXIS2_PLACEMENT_3D('',#12285,#9665,#9666);
#8331=AXIS2_PLACEMENT_3D('',#12289,#9668,#9669);
#8332=AXIS2_PLACEMENT_3D('',#12293,#9671,#9672);
#8333=AXIS2_PLACEMENT_3D('',#12297,#9674,#9675);
#8334=AXIS2_PLACEMENT_3D('',#12301,#9677,#9678);
#8335=AXIS2_PLACEMENT_3D('',#12305,#9680,#9681);
#8336=AXIS2_PLACEMENT_3D('',#12309,#9683,#9684);
#8337=AXIS2_PLACEMENT_3D('',#12313,#9686,#9687);
#8338=AXIS2_PLACEMENT_3D('',#12317,#9689,#9690);
#8339=AXIS2_PLACEMENT_3D('',#12321,#9692,#9693);
#8340=AXIS2_PLACEMENT_3D('',#12325,#9695,#9696);
#8341=AXIS2_PLACEMENT_3D('',#12329,#9698,#9699);
#8342=AXIS2_PLACEMENT_3D('',#12333,#9701,#9702);
#8343=AXIS2_PLACEMENT_3D('',#12337,#9704,#9705);
#8344=AXIS2_PLACEMENT_3D('',#12341,#9707,#9708);
#8345=AXIS2_PLACEMENT_3D('',#12345,#9710,#9711);
#8346=AXIS2_PLACEMENT_3D('',#12349,#9713,#9714);
#8347=AXIS2_PLACEMENT_3D('',#12353,#9716,#9717);
#8348=AXIS2_PLACEMENT_3D('',#12357,#9719,#9720);
#8349=AXIS2_PLACEMENT_3D('',#12361,#9722,#9723);
#8350=AXIS2_PLACEMENT_3D('',#12365,#9725,#9726);
#8351=AXIS2_PLACEMENT_3D('',#12369,#9728,#9729);
#8352=AXIS2_PLACEMENT_3D('',#12373,#9731,#9732);
#8353=AXIS2_PLACEMENT_3D('',#12377,#9734,#9735);
#8354=AXIS2_PLACEMENT_3D('',#12381,#9737,#9738);
#8355=AXIS2_PLACEMENT_3D('',#12385,#9740,#9741);
#8356=AXIS2_PLACEMENT_3D('',#12389,#9743,#9744);
#8357=AXIS2_PLACEMENT_3D('',#12393,#9746,#9747);
#8358=AXIS2_PLACEMENT_3D('',#12397,#9749,#9750);
#8359=AXIS2_PLACEMENT_3D('',#12401,#9752,#9753);
#8360=AXIS2_PLACEMENT_3D('',#12405,#9755,#9756);
#8361=AXIS2_PLACEMENT_3D('',#12409,#9758,#9759);
#8362=AXIS2_PLACEMENT_3D('',#12413,#9761,#9762);
#8363=AXIS2_PLACEMENT_3D('',#12417,#9764,#9765);
#8364=AXIS2_PLACEMENT_3D('',#12421,#9767,#9768);
#8365=AXIS2_PLACEMENT_3D('',#12425,#9770,#9771);
#8366=AXIS2_PLACEMENT_3D('',#12429,#9773,#9774);
#8367=AXIS2_PLACEMENT_3D('',#12433,#9776,#9777);
#8368=AXIS2_PLACEMENT_3D('',#12436,#9779,#9780);
#8369=AXIS2_PLACEMENT_3D('',#12439,#9781,#9782);
#8370=AXIS2_PLACEMENT_3D('',#12443,#9784,#9785);
#8371=AXIS2_PLACEMENT_3D('',#12447,#9787,#9788);
#8372=AXIS2_PLACEMENT_3D('',#12451,#9790,#9791);
#8373=AXIS2_PLACEMENT_3D('',#12455,#9793,#9794);
#8374=AXIS2_PLACEMENT_3D('',#12459,#9796,#9797);
#8375=AXIS2_PLACEMENT_3D('',#12463,#9799,#9800);
#8376=AXIS2_PLACEMENT_3D('',#12467,#9802,#9803);
#8377=AXIS2_PLACEMENT_3D('',#12471,#9805,#9806);
#8378=AXIS2_PLACEMENT_3D('',#12475,#9808,#9809);
#8379=AXIS2_PLACEMENT_3D('',#12479,#9811,#9812);
#8380=AXIS2_PLACEMENT_3D('',#12483,#9814,#9815);
#8381=AXIS2_PLACEMENT_3D('',#12487,#9817,#9818);
#8382=AXIS2_PLACEMENT_3D('',#12491,#9820,#9821);
#8383=AXIS2_PLACEMENT_3D('',#12495,#9823,#9824);
#8384=AXIS2_PLACEMENT_3D('',#12499,#9826,#9827);
#8385=AXIS2_PLACEMENT_3D('',#12503,#9829,#9830);
#8386=AXIS2_PLACEMENT_3D('',#12507,#9832,#9833);
#8387=AXIS2_PLACEMENT_3D('',#12511,#9835,#9836);
#8388=AXIS2_PLACEMENT_3D('',#12515,#9838,#9839);
#8389=AXIS2_PLACEMENT_3D('',#12519,#9841,#9842);
#8390=AXIS2_PLACEMENT_3D('',#12523,#9844,#9845);
#8391=AXIS2_PLACEMENT_3D('',#12527,#9847,#9848);
#8392=AXIS2_PLACEMENT_3D('',#12531,#9850,#9851);
#8393=AXIS2_PLACEMENT_3D('',#12535,#9853,#9854);
#8394=AXIS2_PLACEMENT_3D('',#12539,#9856,#9857);
#8395=AXIS2_PLACEMENT_3D('',#12543,#9859,#9860);
#8396=AXIS2_PLACEMENT_3D('',#12547,#9862,#9863);
#8397=AXIS2_PLACEMENT_3D('',#12551,#9865,#9866);
#8398=AXIS2_PLACEMENT_3D('',#12555,#9868,#9869);
#8399=AXIS2_PLACEMENT_3D('',#12559,#9871,#9872);
#8400=AXIS2_PLACEMENT_3D('',#12563,#9874,#9875);
#8401=AXIS2_PLACEMENT_3D('',#12567,#9877,#9878);
#8402=AXIS2_PLACEMENT_3D('',#12571,#9880,#9881);
#8403=AXIS2_PLACEMENT_3D('',#12575,#9883,#9884);
#8404=AXIS2_PLACEMENT_3D('',#12579,#9886,#9887);
#8405=AXIS2_PLACEMENT_3D('',#12583,#9889,#9890);
#8406=AXIS2_PLACEMENT_3D('',#12587,#9892,#9893);
#8407=AXIS2_PLACEMENT_3D('',#12591,#9895,#9896);
#8408=AXIS2_PLACEMENT_3D('',#12595,#9898,#9899);
#8409=AXIS2_PLACEMENT_3D('',#12599,#9901,#9902);
#8410=AXIS2_PLACEMENT_3D('',#12603,#9904,#9905);
#8411=AXIS2_PLACEMENT_3D('',#12607,#9907,#9908);
#8412=AXIS2_PLACEMENT_3D('',#12611,#9910,#9911);
#8413=AXIS2_PLACEMENT_3D('',#12615,#9913,#9914);
#8414=AXIS2_PLACEMENT_3D('',#12619,#9916,#9917);
#8415=AXIS2_PLACEMENT_3D('',#12623,#9919,#9920);
#8416=AXIS2_PLACEMENT_3D('',#12627,#9922,#9923);
#8417=AXIS2_PLACEMENT_3D('',#12631,#9925,#9926);
#8418=AXIS2_PLACEMENT_3D('',#12635,#9928,#9929);
#8419=AXIS2_PLACEMENT_3D('',#12639,#9931,#9932);
#8420=AXIS2_PLACEMENT_3D('',#12643,#9934,#9935);
#8421=AXIS2_PLACEMENT_3D('',#12647,#9937,#9938);
#8422=AXIS2_PLACEMENT_3D('',#12651,#9940,#9941);
#8423=AXIS2_PLACEMENT_3D('',#12655,#9943,#9944);
#8424=AXIS2_PLACEMENT_3D('',#12659,#9946,#9947);
#8425=AXIS2_PLACEMENT_3D('',#12663,#9949,#9950);
#8426=AXIS2_PLACEMENT_3D('',#12667,#9952,#9953);
#8427=AXIS2_PLACEMENT_3D('',#12671,#9955,#9956);
#8428=AXIS2_PLACEMENT_3D('',#12675,#9958,#9959);
#8429=AXIS2_PLACEMENT_3D('',#12679,#9961,#9962);
#8430=AXIS2_PLACEMENT_3D('',#12683,#9964,#9965);
#8431=AXIS2_PLACEMENT_3D('',#12687,#9967,#9968);
#8432=AXIS2_PLACEMENT_3D('',#12691,#9970,#9971);
#8433=AXIS2_PLACEMENT_3D('',#12694,#9973,#9974);
#8434=AXIS2_PLACEMENT_3D('',#12697,#9975,#9976);
#8435=AXIS2_PLACEMENT_3D('',#12701,#9978,#9979);
#8436=AXIS2_PLACEMENT_3D('',#12705,#9981,#9982);
#8437=AXIS2_PLACEMENT_3D('',#12709,#9984,#9985);
#8438=AXIS2_PLACEMENT_3D('',#12713,#9987,#9988);
#8439=AXIS2_PLACEMENT_3D('',#12717,#9990,#9991);
#8440=AXIS2_PLACEMENT_3D('',#12721,#9993,#9994);
#8441=AXIS2_PLACEMENT_3D('',#12725,#9996,#9997);
#8442=AXIS2_PLACEMENT_3D('',#12729,#9999,#10000);
#8443=AXIS2_PLACEMENT_3D('',#12733,#10002,#10003);
#8444=AXIS2_PLACEMENT_3D('',#12737,#10005,#10006);
#8445=AXIS2_PLACEMENT_3D('',#12741,#10008,#10009);
#8446=AXIS2_PLACEMENT_3D('',#12745,#10011,#10012);
#8447=AXIS2_PLACEMENT_3D('',#12749,#10014,#10015);
#8448=AXIS2_PLACEMENT_3D('',#12753,#10017,#10018);
#8449=AXIS2_PLACEMENT_3D('',#12757,#10020,#10021);
#8450=AXIS2_PLACEMENT_3D('',#12761,#10023,#10024);
#8451=AXIS2_PLACEMENT_3D('',#12765,#10026,#10027);
#8452=AXIS2_PLACEMENT_3D('',#12769,#10029,#10030);
#8453=AXIS2_PLACEMENT_3D('',#12773,#10032,#10033);
#8454=AXIS2_PLACEMENT_3D('',#12777,#10035,#10036);
#8455=AXIS2_PLACEMENT_3D('',#12781,#10038,#10039);
#8456=AXIS2_PLACEMENT_3D('',#12785,#10041,#10042);
#8457=AXIS2_PLACEMENT_3D('',#12789,#10044,#10045);
#8458=AXIS2_PLACEMENT_3D('',#12791,#10047,#10048);
#8459=AXIS2_PLACEMENT_3D('',#12793,#10050,#10051);
#8460=AXIS2_PLACEMENT_3D('',#12795,#10053,#10054);
#8461=AXIS2_PLACEMENT_3D('',#12797,#10056,#10057);
#8462=AXIS2_PLACEMENT_3D('',#12799,#10059,#10060);
#8463=AXIS2_PLACEMENT_3D('',#12800,#10061,#10062);
#8464=AXIS2_PLACEMENT_3D('',#12803,#10065,#10066);
#8465=AXIS2_PLACEMENT_3D('',#12805,#10068,#10069);
#8466=AXIS2_PLACEMENT_3D('',#12807,#10071,#10072);
#8467=AXIS2_PLACEMENT_3D('',#12809,#10074,#10075);
#8468=AXIS2_PLACEMENT_3D('',#12811,#10077,#10078);
#8469=AXIS2_PLACEMENT_3D('',#12813,#10080,#10081);
#8470=AXIS2_PLACEMENT_3D('',#12815,#10083,#10084);
#8471=AXIS2_PLACEMENT_3D('',#12816,#10085,#10086);
#8472=AXIS2_PLACEMENT_3D('',#12819,#10089,#10090);
#8473=AXIS2_PLACEMENT_3D('',#12821,#10092,#10093);
#8474=AXIS2_PLACEMENT_3D('',#12823,#10095,#10096);
#8475=AXIS2_PLACEMENT_3D('',#12825,#10098,#10099);
#8476=AXIS2_PLACEMENT_3D('',#12827,#10101,#10102);
#8477=AXIS2_PLACEMENT_3D('',#12829,#10104,#10105);
#8478=AXIS2_PLACEMENT_3D('',#12831,#10107,#10108);
#8479=AXIS2_PLACEMENT_3D('',#12832,#10109,#10110);
#8480=AXIS2_PLACEMENT_3D('',#12835,#10113,#10114);
#8481=AXIS2_PLACEMENT_3D('',#12837,#10116,#10117);
#8482=AXIS2_PLACEMENT_3D('',#12839,#10119,#10120);
#8483=AXIS2_PLACEMENT_3D('',#12841,#10122,#10123);
#8484=AXIS2_PLACEMENT_3D('',#12843,#10125,#10126);
#8485=AXIS2_PLACEMENT_3D('',#12845,#10128,#10129);
#8486=AXIS2_PLACEMENT_3D('',#12847,#10131,#10132);
#8487=AXIS2_PLACEMENT_3D('',#12848,#10133,#10134);
#8488=AXIS2_PLACEMENT_3D('',#12850,#10136,#10137);
#8489=AXIS2_PLACEMENT_3D('',#12853,#10140,#10141);
#8490=AXIS2_PLACEMENT_3D('',#12855,#10143,#10144);
#8491=AXIS2_PLACEMENT_3D('',#12857,#10146,#10147);
#8492=AXIS2_PLACEMENT_3D('',#12859,#10149,#10150);
#8493=AXIS2_PLACEMENT_3D('',#12861,#10152,#10153);
#8494=AXIS2_PLACEMENT_3D('',#12863,#10155,#10156);
#8495=AXIS2_PLACEMENT_3D('',#12865,#10158,#10159);
#8496=AXIS2_PLACEMENT_3D('',#12867,#10161,#10162);
#8497=AXIS2_PLACEMENT_3D('',#12869,#10164,#10165);
#8498=AXIS2_PLACEMENT_3D('',#12871,#10167,#10168);
#8499=AXIS2_PLACEMENT_3D('',#12873,#10170,#10171);
#8500=AXIS2_PLACEMENT_3D('',#12875,#10173,#10174);
#8501=AXIS2_PLACEMENT_3D('',#12877,#10176,#10177);
#8502=AXIS2_PLACEMENT_3D('',#12879,#10179,#10180);
#8503=AXIS2_PLACEMENT_3D('',#12881,#10182,#10183);
#8504=AXIS2_PLACEMENT_3D('',#12883,#10185,#10186);
#8505=AXIS2_PLACEMENT_3D('',#12885,#10188,#10189);
#8506=AXIS2_PLACEMENT_3D('',#12887,#10191,#10192);
#8507=AXIS2_PLACEMENT_3D('',#12889,#10194,#10195);
#8508=AXIS2_PLACEMENT_3D('',#12891,#10197,#10198);
#8509=AXIS2_PLACEMENT_3D('',#12893,#10200,#10201);
#8510=AXIS2_PLACEMENT_3D('',#12895,#10203,#10204);
#8511=AXIS2_PLACEMENT_3D('',#12897,#10206,#10207);
#8512=AXIS2_PLACEMENT_3D('',#12899,#10209,#10210);
#8513=AXIS2_PLACEMENT_3D('',#12901,#10212,#10213);
#8514=AXIS2_PLACEMENT_3D('',#12903,#10215,#10216);
#8515=AXIS2_PLACEMENT_3D('',#12905,#10218,#10219);
#8516=AXIS2_PLACEMENT_3D('',#12907,#10221,#10222);
#8517=AXIS2_PLACEMENT_3D('',#12909,#10224,#10225);
#8518=AXIS2_PLACEMENT_3D('',#12910,#10226,#10227);
#8519=AXIS2_PLACEMENT_3D('',#12913,#10230,#10231);
#8520=AXIS2_PLACEMENT_3D('',#12915,#10233,#10234);
#8521=AXIS2_PLACEMENT_3D('',#12917,#10236,#10237);
#8522=AXIS2_PLACEMENT_3D('',#12919,#10239,#10240);
#8523=AXIS2_PLACEMENT_3D('',#12921,#10242,#10243);
#8524=AXIS2_PLACEMENT_3D('',#12923,#10245,#10246);
#8525=AXIS2_PLACEMENT_3D('',#12925,#10248,#10249);
#8526=AXIS2_PLACEMENT_3D('',#12926,#10250,#10251);
#8527=AXIS2_PLACEMENT_3D('',#12929,#10254,#10255);
#8528=AXIS2_PLACEMENT_3D('',#12931,#10257,#10258);
#8529=AXIS2_PLACEMENT_3D('',#12933,#10260,#10261);
#8530=AXIS2_PLACEMENT_3D('',#12935,#10263,#10264);
#8531=AXIS2_PLACEMENT_3D('',#12937,#10266,#10267);
#8532=AXIS2_PLACEMENT_3D('',#12939,#10269,#10270);
#8533=AXIS2_PLACEMENT_3D('',#12941,#10272,#10273);
#8534=AXIS2_PLACEMENT_3D('',#12942,#10274,#10275);
#8535=AXIS2_PLACEMENT_3D('',#12945,#10278,#10279);
#8536=AXIS2_PLACEMENT_3D('',#12947,#10281,#10282);
#8537=AXIS2_PLACEMENT_3D('',#12949,#10284,#10285);
#8538=AXIS2_PLACEMENT_3D('',#12951,#10287,#10288);
#8539=AXIS2_PLACEMENT_3D('',#12953,#10290,#10291);
#8540=AXIS2_PLACEMENT_3D('',#12955,#10293,#10294);
#8541=AXIS2_PLACEMENT_3D('',#12957,#10296,#10297);
#8542=AXIS2_PLACEMENT_3D('',#12958,#10298,#10299);
#8543=AXIS2_PLACEMENT_3D('',#12961,#10302,#10303);
#8544=AXIS2_PLACEMENT_3D('',#12963,#10305,#10306);
#8545=AXIS2_PLACEMENT_3D('',#12965,#10308,#10309);
#8546=AXIS2_PLACEMENT_3D('',#12967,#10311,#10312);
#8547=AXIS2_PLACEMENT_3D('',#12969,#10314,#10315);
#8548=AXIS2_PLACEMENT_3D('',#12971,#10317,#10318);
#8549=AXIS2_PLACEMENT_3D('',#12973,#10320,#10321);
#8550=AXIS2_PLACEMENT_3D('',#12974,#10322,#10323);
#8551=AXIS2_PLACEMENT_3D('',#12977,#10326,#10327);
#8552=AXIS2_PLACEMENT_3D('',#12979,#10329,#10330);
#8553=AXIS2_PLACEMENT_3D('',#12981,#10332,#10333);
#8554=AXIS2_PLACEMENT_3D('',#12983,#10335,#10336);
#8555=AXIS2_PLACEMENT_3D('',#12985,#10338,#10339);
#8556=AXIS2_PLACEMENT_3D('',#12987,#10341,#10342);
#8557=AXIS2_PLACEMENT_3D('',#12989,#10344,#10345);
#8558=AXIS2_PLACEMENT_3D('',#12990,#10346,#10347);
#8559=AXIS2_PLACEMENT_3D('',#12993,#10350,#10351);
#8560=AXIS2_PLACEMENT_3D('',#12995,#10353,#10354);
#8561=AXIS2_PLACEMENT_3D('',#12997,#10356,#10357);
#8562=AXIS2_PLACEMENT_3D('',#12999,#10359,#10360);
#8563=AXIS2_PLACEMENT_3D('',#13001,#10362,#10363);
#8564=AXIS2_PLACEMENT_3D('',#13003,#10365,#10366);
#8565=AXIS2_PLACEMENT_3D('',#13005,#10368,#10369);
#8566=AXIS2_PLACEMENT_3D('',#13007,#10371,#10372);
#8567=AXIS2_PLACEMENT_3D('',#13009,#10374,#10375);
#8568=AXIS2_PLACEMENT_3D('',#13011,#10377,#10378);
#8569=AXIS2_PLACEMENT_3D('',#13013,#10380,#10381);
#8570=AXIS2_PLACEMENT_3D('',#13015,#10383,#10384);
#8571=AXIS2_PLACEMENT_3D('',#13017,#10386,#10387);
#8572=AXIS2_PLACEMENT_3D('',#13019,#10389,#10390);
#8573=AXIS2_PLACEMENT_3D('',#13021,#10392,#10393);
#8574=AXIS2_PLACEMENT_3D('',#13023,#10395,#10396);
#8575=AXIS2_PLACEMENT_3D('',#13025,#10398,#10399);
#8576=AXIS2_PLACEMENT_3D('',#13027,#10401,#10402);
#8577=AXIS2_PLACEMENT_3D('',#13029,#10404,#10405);
#8578=AXIS2_PLACEMENT_3D('',#13031,#10407,#10408);
#8579=AXIS2_PLACEMENT_3D('',#13033,#10410,#10411);
#8580=AXIS2_PLACEMENT_3D('',#13035,#10413,#10414);
#8581=AXIS2_PLACEMENT_3D('',#13037,#10416,#10417);
#8582=AXIS2_PLACEMENT_3D('',#13039,#10419,#10420);
#8583=AXIS2_PLACEMENT_3D('',#13041,#10422,#10423);
#8584=AXIS2_PLACEMENT_3D('',#13043,#10425,#10426);
#8585=AXIS2_PLACEMENT_3D('',#13045,#10428,#10429);
#8586=AXIS2_PLACEMENT_3D('',#13047,#10431,#10432);
#8587=AXIS2_PLACEMENT_3D('',#13049,#10434,#10435);
#8588=AXIS2_PLACEMENT_3D('',#13050,#10436,#10437);
#8589=AXIS2_PLACEMENT_3D('',#13052,#10439,#10440);
#8590=AXIS2_PLACEMENT_3D('',#13055,#10443,#10444);
#8591=AXIS2_PLACEMENT_3D('',#13057,#10446,#10447);
#8592=AXIS2_PLACEMENT_3D('',#13059,#10449,#10450);
#8593=AXIS2_PLACEMENT_3D('',#13061,#10452,#10453);
#8594=AXIS2_PLACEMENT_3D('',#13063,#10455,#10456);
#8595=AXIS2_PLACEMENT_3D('',#13065,#10458,#10459);
#8596=AXIS2_PLACEMENT_3D('',#13067,#10461,#10462);
#8597=AXIS2_PLACEMENT_3D('',#13068,#10463,#10464);
#8598=AXIS2_PLACEMENT_3D('',#13071,#10467,#10468);
#8599=AXIS2_PLACEMENT_3D('',#13073,#10470,#10471);
#8600=AXIS2_PLACEMENT_3D('',#13075,#10473,#10474);
#8601=AXIS2_PLACEMENT_3D('',#13077,#10476,#10477);
#8602=AXIS2_PLACEMENT_3D('',#13079,#10479,#10480);
#8603=AXIS2_PLACEMENT_3D('',#13081,#10482,#10483);
#8604=AXIS2_PLACEMENT_3D('',#13083,#10485,#10486);
#8605=AXIS2_PLACEMENT_3D('',#13084,#10487,#10488);
#8606=AXIS2_PLACEMENT_3D('',#13087,#10491,#10492);
#8607=AXIS2_PLACEMENT_3D('',#13089,#10494,#10495);
#8608=AXIS2_PLACEMENT_3D('',#13091,#10497,#10498);
#8609=AXIS2_PLACEMENT_3D('',#13093,#10500,#10501);
#8610=AXIS2_PLACEMENT_3D('',#13095,#10503,#10504);
#8611=AXIS2_PLACEMENT_3D('',#13097,#10506,#10507);
#8612=AXIS2_PLACEMENT_3D('',#13099,#10509,#10510);
#8613=AXIS2_PLACEMENT_3D('',#13100,#10511,#10512);
#8614=AXIS2_PLACEMENT_3D('',#13103,#10515,#10516);
#8615=AXIS2_PLACEMENT_3D('',#13105,#10518,#10519);
#8616=AXIS2_PLACEMENT_3D('',#13107,#10521,#10522);
#8617=AXIS2_PLACEMENT_3D('',#13109,#10524,#10525);
#8618=AXIS2_PLACEMENT_3D('',#13111,#10527,#10528);
#8619=AXIS2_PLACEMENT_3D('',#13113,#10530,#10531);
#8620=AXIS2_PLACEMENT_3D('',#13115,#10533,#10534);
#8621=AXIS2_PLACEMENT_3D('',#13116,#10535,#10536);
#8622=AXIS2_PLACEMENT_3D('',#13119,#10539,#10540);
#8623=AXIS2_PLACEMENT_3D('',#13121,#10542,#10543);
#8624=AXIS2_PLACEMENT_3D('',#13123,#10545,#10546);
#8625=AXIS2_PLACEMENT_3D('',#13125,#10548,#10549);
#8626=AXIS2_PLACEMENT_3D('',#13127,#10551,#10552);
#8627=AXIS2_PLACEMENT_3D('',#13129,#10554,#10555);
#8628=AXIS2_PLACEMENT_3D('',#13131,#10557,#10558);
#8629=AXIS2_PLACEMENT_3D('',#13132,#10559,#10560);
#8630=AXIS2_PLACEMENT_3D('',#13135,#10563,#10564);
#8631=AXIS2_PLACEMENT_3D('',#13137,#10566,#10567);
#8632=AXIS2_PLACEMENT_3D('',#13139,#10569,#10570);
#8633=AXIS2_PLACEMENT_3D('',#13141,#10572,#10573);
#8634=AXIS2_PLACEMENT_3D('',#13143,#10575,#10576);
#8635=AXIS2_PLACEMENT_3D('',#13145,#10578,#10579);
#8636=AXIS2_PLACEMENT_3D('',#13147,#10581,#10582);
#8637=AXIS2_PLACEMENT_3D('',#13148,#10583,#10584);
#8638=AXIS2_PLACEMENT_3D('',#13151,#10587,#10588);
#8639=AXIS2_PLACEMENT_3D('',#13153,#10590,#10591);
#8640=AXIS2_PLACEMENT_3D('',#13155,#10593,#10594);
#8641=AXIS2_PLACEMENT_3D('',#13157,#10596,#10597);
#8642=AXIS2_PLACEMENT_3D('',#13159,#10599,#10600);
#8643=AXIS2_PLACEMENT_3D('',#13161,#10602,#10603);
#8644=AXIS2_PLACEMENT_3D('',#13163,#10605,#10606);
#8645=AXIS2_PLACEMENT_3D('',#13164,#10607,#10608);
#8646=AXIS2_PLACEMENT_3D('',#13167,#10611,#10612);
#8647=AXIS2_PLACEMENT_3D('',#13169,#10614,#10615);
#8648=AXIS2_PLACEMENT_3D('',#13171,#10617,#10618);
#8649=AXIS2_PLACEMENT_3D('',#13173,#10620,#10621);
#8650=AXIS2_PLACEMENT_3D('',#13175,#10623,#10624);
#8651=AXIS2_PLACEMENT_3D('',#13177,#10626,#10627);
#8652=AXIS2_PLACEMENT_3D('',#13179,#10629,#10630);
#8653=AXIS2_PLACEMENT_3D('',#13180,#10631,#10632);
#8654=AXIS2_PLACEMENT_3D('',#13183,#10635,#10636);
#8655=AXIS2_PLACEMENT_3D('',#13185,#10638,#10639);
#8656=AXIS2_PLACEMENT_3D('',#13187,#10641,#10642);
#8657=AXIS2_PLACEMENT_3D('',#13189,#10644,#10645);
#8658=AXIS2_PLACEMENT_3D('',#13191,#10647,#10648);
#8659=AXIS2_PLACEMENT_3D('',#13193,#10650,#10651);
#8660=AXIS2_PLACEMENT_3D('',#13195,#10653,#10654);
#8661=AXIS2_PLACEMENT_3D('',#13196,#10655,#10656);
#8662=AXIS2_PLACEMENT_3D('',#13199,#10659,#10660);
#8663=AXIS2_PLACEMENT_3D('',#13201,#10662,#10663);
#8664=AXIS2_PLACEMENT_3D('',#13203,#10665,#10666);
#8665=AXIS2_PLACEMENT_3D('',#13205,#10668,#10669);
#8666=AXIS2_PLACEMENT_3D('',#13207,#10671,#10672);
#8667=AXIS2_PLACEMENT_3D('',#13209,#10674,#10675);
#8668=AXIS2_PLACEMENT_3D('',#13211,#10677,#10678);
#8669=AXIS2_PLACEMENT_3D('',#13212,#10679,#10680);
#8670=AXIS2_PLACEMENT_3D('',#13214,#10682,#10683);
#8671=AXIS2_PLACEMENT_3D('',#13217,#10686,#10687);
#8672=AXIS2_PLACEMENT_3D('',#13219,#10689,#10690);
#8673=AXIS2_PLACEMENT_3D('',#13221,#10692,#10693);
#8674=AXIS2_PLACEMENT_3D('',#13223,#10695,#10696);
#8675=AXIS2_PLACEMENT_3D('',#13225,#10698,#10699);
#8676=AXIS2_PLACEMENT_3D('',#13227,#10701,#10702);
#8677=AXIS2_PLACEMENT_3D('',#13229,#10704,#10705);
#8678=AXIS2_PLACEMENT_3D('',#13230,#10706,#10707);
#8679=AXIS2_PLACEMENT_3D('',#13233,#10710,#10711);
#8680=AXIS2_PLACEMENT_3D('',#13235,#10713,#10714);
#8681=AXIS2_PLACEMENT_3D('',#13237,#10716,#10717);
#8682=AXIS2_PLACEMENT_3D('',#13239,#10719,#10720);
#8683=AXIS2_PLACEMENT_3D('',#13241,#10722,#10723);
#8684=AXIS2_PLACEMENT_3D('',#13243,#10725,#10726);
#8685=AXIS2_PLACEMENT_3D('',#13245,#10728,#10729);
#8686=AXIS2_PLACEMENT_3D('',#13246,#10730,#10731);
#8687=AXIS2_PLACEMENT_3D('',#13249,#10734,#10735);
#8688=AXIS2_PLACEMENT_3D('',#13251,#10737,#10738);
#8689=AXIS2_PLACEMENT_3D('',#13253,#10740,#10741);
#8690=AXIS2_PLACEMENT_3D('',#13255,#10743,#10744);
#8691=AXIS2_PLACEMENT_3D('',#13257,#10746,#10747);
#8692=AXIS2_PLACEMENT_3D('',#13259,#10749,#10750);
#8693=AXIS2_PLACEMENT_3D('',#13261,#10752,#10753);
#8694=AXIS2_PLACEMENT_3D('',#13262,#10754,#10755);
#8695=AXIS2_PLACEMENT_3D('',#13265,#10758,#10759);
#8696=AXIS2_PLACEMENT_3D('',#13267,#10761,#10762);
#8697=AXIS2_PLACEMENT_3D('',#13269,#10764,#10765);
#8698=AXIS2_PLACEMENT_3D('',#13271,#10767,#10768);
#8699=AXIS2_PLACEMENT_3D('',#13273,#10770,#10771);
#8700=AXIS2_PLACEMENT_3D('',#13275,#10773,#10774);
#8701=AXIS2_PLACEMENT_3D('',#13277,#10776,#10777);
#8702=AXIS2_PLACEMENT_3D('',#13278,#10778,#10779);
#8703=AXIS2_PLACEMENT_3D('',#13281,#10782,#10783);
#8704=AXIS2_PLACEMENT_3D('',#13283,#10785,#10786);
#8705=AXIS2_PLACEMENT_3D('',#13285,#10788,#10789);
#8706=AXIS2_PLACEMENT_3D('',#13287,#10791,#10792);
#8707=AXIS2_PLACEMENT_3D('',#13289,#10794,#10795);
#8708=AXIS2_PLACEMENT_3D('',#13291,#10797,#10798);
#8709=AXIS2_PLACEMENT_3D('',#13293,#10800,#10801);
#8710=AXIS2_PLACEMENT_3D('',#13294,#10802,#10803);
#8711=AXIS2_PLACEMENT_3D('',#13297,#10806,#10807);
#8712=AXIS2_PLACEMENT_3D('',#13299,#10809,#10810);
#8713=AXIS2_PLACEMENT_3D('',#13301,#10812,#10813);
#8714=AXIS2_PLACEMENT_3D('',#13303,#10815,#10816);
#8715=AXIS2_PLACEMENT_3D('',#13305,#10818,#10819);
#8716=AXIS2_PLACEMENT_3D('',#13307,#10821,#10822);
#8717=AXIS2_PLACEMENT_3D('',#13309,#10824,#10825);
#8718=AXIS2_PLACEMENT_3D('',#13310,#10826,#10827);
#8719=AXIS2_PLACEMENT_3D('',#13313,#10830,#10831);
#8720=AXIS2_PLACEMENT_3D('',#13315,#10833,#10834);
#8721=AXIS2_PLACEMENT_3D('',#13317,#10836,#10837);
#8722=AXIS2_PLACEMENT_3D('',#13319,#10839,#10840);
#8723=AXIS2_PLACEMENT_3D('',#13321,#10842,#10843);
#8724=AXIS2_PLACEMENT_3D('',#13323,#10845,#10846);
#8725=AXIS2_PLACEMENT_3D('',#13325,#10848,#10849);
#8726=AXIS2_PLACEMENT_3D('',#13326,#10850,#10851);
#8727=AXIS2_PLACEMENT_3D('',#13329,#10854,#10855);
#8728=AXIS2_PLACEMENT_3D('',#13331,#10857,#10858);
#8729=AXIS2_PLACEMENT_3D('',#13333,#10860,#10861);
#8730=AXIS2_PLACEMENT_3D('',#13335,#10863,#10864);
#8731=AXIS2_PLACEMENT_3D('',#13337,#10866,#10867);
#8732=AXIS2_PLACEMENT_3D('',#13339,#10869,#10870);
#8733=AXIS2_PLACEMENT_3D('',#13341,#10872,#10873);
#8734=AXIS2_PLACEMENT_3D('',#13342,#10874,#10875);
#8735=AXIS2_PLACEMENT_3D('',#13345,#10878,#10879);
#8736=AXIS2_PLACEMENT_3D('',#13347,#10881,#10882);
#8737=AXIS2_PLACEMENT_3D('',#13349,#10884,#10885);
#8738=AXIS2_PLACEMENT_3D('',#13351,#10887,#10888);
#8739=AXIS2_PLACEMENT_3D('',#13353,#10890,#10891);
#8740=AXIS2_PLACEMENT_3D('',#13355,#10893,#10894);
#8741=AXIS2_PLACEMENT_3D('',#13357,#10896,#10897);
#8742=AXIS2_PLACEMENT_3D('',#13358,#10898,#10899);
#8743=AXIS2_PLACEMENT_3D('',#13361,#10902,#10903);
#8744=AXIS2_PLACEMENT_3D('',#13363,#10905,#10906);
#8745=AXIS2_PLACEMENT_3D('',#13365,#10908,#10909);
#8746=AXIS2_PLACEMENT_3D('',#13367,#10911,#10912);
#8747=AXIS2_PLACEMENT_3D('',#13369,#10914,#10915);
#8748=AXIS2_PLACEMENT_3D('',#13371,#10917,#10918);
#8749=AXIS2_PLACEMENT_3D('',#13373,#10920,#10921);
#8750=AXIS2_PLACEMENT_3D('',#13374,#10922,#10923);
#8751=AXIS2_PLACEMENT_3D('',#13377,#10926,#10927);
#8752=AXIS2_PLACEMENT_3D('',#13379,#10929,#10930);
#8753=AXIS2_PLACEMENT_3D('',#13381,#10932,#10933);
#8754=AXIS2_PLACEMENT_3D('',#13383,#10935,#10936);
#8755=AXIS2_PLACEMENT_3D('',#13385,#10938,#10939);
#8756=AXIS2_PLACEMENT_3D('',#13387,#10941,#10942);
#8757=AXIS2_PLACEMENT_3D('',#13389,#10944,#10945);
#8758=AXIS2_PLACEMENT_3D('',#13390,#10946,#10947);
#8759=AXIS2_PLACEMENT_3D('',#13393,#10950,#10951);
#8760=AXIS2_PLACEMENT_3D('',#13395,#10953,#10954);
#8761=AXIS2_PLACEMENT_3D('',#13397,#10956,#10957);
#8762=AXIS2_PLACEMENT_3D('',#13399,#10959,#10960);
#8763=AXIS2_PLACEMENT_3D('',#13401,#10962,#10963);
#8764=AXIS2_PLACEMENT_3D('',#13403,#10965,#10966);
#8765=AXIS2_PLACEMENT_3D('',#13405,#10968,#10969);
#8766=AXIS2_PLACEMENT_3D('',#13406,#10970,#10971);
#8767=AXIS2_PLACEMENT_3D('',#13409,#10974,#10975);
#8768=AXIS2_PLACEMENT_3D('',#13411,#10977,#10978);
#8769=AXIS2_PLACEMENT_3D('',#13413,#10980,#10981);
#8770=AXIS2_PLACEMENT_3D('',#13415,#10983,#10984);
#8771=AXIS2_PLACEMENT_3D('',#13417,#10986,#10987);
#8772=AXIS2_PLACEMENT_3D('',#13419,#10989,#10990);
#8773=AXIS2_PLACEMENT_3D('',#13421,#10992,#10993);
#8774=AXIS2_PLACEMENT_3D('',#13422,#10994,#10995);
#8775=AXIS2_PLACEMENT_3D('',#13425,#10998,#10999);
#8776=AXIS2_PLACEMENT_3D('',#13427,#11001,#11002);
#8777=AXIS2_PLACEMENT_3D('',#13429,#11004,#11005);
#8778=AXIS2_PLACEMENT_3D('',#13431,#11007,#11008);
#8779=AXIS2_PLACEMENT_3D('',#13433,#11010,#11011);
#8780=AXIS2_PLACEMENT_3D('',#13435,#11013,#11014);
#8781=AXIS2_PLACEMENT_3D('',#13437,#11016,#11017);
#8782=AXIS2_PLACEMENT_3D('',#13438,#11018,#11019);
#8783=AXIS2_PLACEMENT_3D('',#13441,#11022,#11023);
#8784=AXIS2_PLACEMENT_3D('',#13443,#11025,#11026);
#8785=AXIS2_PLACEMENT_3D('',#13445,#11028,#11029);
#8786=AXIS2_PLACEMENT_3D('',#13447,#11031,#11032);
#8787=AXIS2_PLACEMENT_3D('',#13449,#11034,#11035);
#8788=AXIS2_PLACEMENT_3D('',#13451,#11037,#11038);
#8789=AXIS2_PLACEMENT_3D('',#13453,#11040,#11041);
#8790=AXIS2_PLACEMENT_3D('',#13454,#11042,#11043);
#8791=AXIS2_PLACEMENT_3D('',#13457,#11046,#11047);
#8792=AXIS2_PLACEMENT_3D('',#13459,#11049,#11050);
#8793=AXIS2_PLACEMENT_3D('',#13461,#11052,#11053);
#8794=AXIS2_PLACEMENT_3D('',#13463,#11055,#11056);
#8795=AXIS2_PLACEMENT_3D('',#13465,#11058,#11059);
#8796=AXIS2_PLACEMENT_3D('',#13467,#11061,#11062);
#8797=AXIS2_PLACEMENT_3D('',#13469,#11064,#11065);
#8798=AXIS2_PLACEMENT_3D('',#13470,#11066,#11067);
#8799=AXIS2_PLACEMENT_3D('',#13472,#11069,#11070);
#8800=AXIS2_PLACEMENT_3D('',#13475,#11073,#11074);
#8801=AXIS2_PLACEMENT_3D('',#13477,#11076,#11077);
#8802=AXIS2_PLACEMENT_3D('',#13479,#11079,#11080);
#8803=AXIS2_PLACEMENT_3D('',#13481,#11082,#11083);
#8804=AXIS2_PLACEMENT_3D('',#13483,#11085,#11086);
#8805=AXIS2_PLACEMENT_3D('',#13485,#11088,#11089);
#8806=AXIS2_PLACEMENT_3D('',#13487,#11091,#11092);
#8807=AXIS2_PLACEMENT_3D('',#13488,#11093,#11094);
#8808=AXIS2_PLACEMENT_3D('',#13491,#11097,#11098);
#8809=AXIS2_PLACEMENT_3D('',#13493,#11100,#11101);
#8810=AXIS2_PLACEMENT_3D('',#13495,#11103,#11104);
#8811=AXIS2_PLACEMENT_3D('',#13497,#11106,#11107);
#8812=AXIS2_PLACEMENT_3D('',#13499,#11109,#11110);
#8813=AXIS2_PLACEMENT_3D('',#13501,#11112,#11113);
#8814=AXIS2_PLACEMENT_3D('',#13503,#11115,#11116);
#8815=AXIS2_PLACEMENT_3D('',#13504,#11117,#11118);
#8816=AXIS2_PLACEMENT_3D('',#13507,#11121,#11122);
#8817=AXIS2_PLACEMENT_3D('',#13509,#11124,#11125);
#8818=AXIS2_PLACEMENT_3D('',#13511,#11127,#11128);
#8819=AXIS2_PLACEMENT_3D('',#13513,#11130,#11131);
#8820=AXIS2_PLACEMENT_3D('',#13515,#11133,#11134);
#8821=AXIS2_PLACEMENT_3D('',#13517,#11136,#11137);
#8822=AXIS2_PLACEMENT_3D('',#13519,#11139,#11140);
#8823=AXIS2_PLACEMENT_3D('',#13520,#11141,#11142);
#8824=AXIS2_PLACEMENT_3D('',#13523,#11145,#11146);
#8825=AXIS2_PLACEMENT_3D('',#13525,#11148,#11149);
#8826=AXIS2_PLACEMENT_3D('',#13527,#11151,#11152);
#8827=AXIS2_PLACEMENT_3D('',#13529,#11154,#11155);
#8828=AXIS2_PLACEMENT_3D('',#13531,#11157,#11158);
#8829=AXIS2_PLACEMENT_3D('',#13533,#11160,#11161);
#8830=AXIS2_PLACEMENT_3D('',#13535,#11163,#11164);
#8831=AXIS2_PLACEMENT_3D('',#13536,#11165,#11166);
#8832=AXIS2_PLACEMENT_3D('',#13539,#11169,#11170);
#8833=AXIS2_PLACEMENT_3D('',#13541,#11172,#11173);
#8834=AXIS2_PLACEMENT_3D('',#13543,#11175,#11176);
#8835=AXIS2_PLACEMENT_3D('',#13545,#11178,#11179);
#8836=AXIS2_PLACEMENT_3D('',#13547,#11181,#11182);
#8837=AXIS2_PLACEMENT_3D('',#13549,#11184,#11185);
#8838=AXIS2_PLACEMENT_3D('',#13551,#11187,#11188);
#8839=AXIS2_PLACEMENT_3D('',#13552,#11189,#11190);
#8840=AXIS2_PLACEMENT_3D('',#13555,#11193,#11194);
#8841=AXIS2_PLACEMENT_3D('',#13557,#11196,#11197);
#8842=AXIS2_PLACEMENT_3D('',#13559,#11199,#11200);
#8843=AXIS2_PLACEMENT_3D('',#13561,#11202,#11203);
#8844=AXIS2_PLACEMENT_3D('',#13563,#11205,#11206);
#8845=AXIS2_PLACEMENT_3D('',#13565,#11208,#11209);
#8846=AXIS2_PLACEMENT_3D('',#13567,#11211,#11212);
#8847=DIRECTION('axis',(0.,0.,1.));
#8848=DIRECTION('refdir',(1.,0.,0.));
#8849=DIRECTION('center_axis',(0.,0.,-1.));
#8850=DIRECTION('ref_axis',(3.254772298996E-8,0.999999999999999,0.));
#8851=DIRECTION('',(0.,0.,1.));
#8852=DIRECTION('center_axis',(0.,0.,-1.));
#8853=DIRECTION('ref_axis',(3.254772298996E-8,0.999999999999999,0.));
#8854=DIRECTION('',(0.,0.,1.));
#8855=DIRECTION('center_axis',(0.,0.,-1.));
#8856=DIRECTION('ref_axis',(3.254772298996E-8,0.999999999999999,0.));
#8857=DIRECTION('center_axis',(0.,1.,0.));
#8858=DIRECTION('ref_axis',(1.,0.,0.));
#8859=DIRECTION('',(0.,0.,1.));
#8860=DIRECTION('',(1.,0.,0.));
#8861=DIRECTION('',(1.,0.,0.));
#8862=DIRECTION('center_axis',(1.,-1.399825018338E-8,0.));
#8863=DIRECTION('ref_axis',(-1.399825018338E-8,-1.,0.));
#8864=DIRECTION('',(-1.399825018338E-8,-1.,0.));
#8865=DIRECTION('',(0.,0.,1.));
#8866=DIRECTION('',(-1.399825018338E-8,-1.,0.));
#8867=DIRECTION('center_axis',(0.,0.,1.));
#8868=DIRECTION('ref_axis',(1.,0.,0.));
#8869=DIRECTION('center_axis',(0.,0.,-1.));
#8870=DIRECTION('ref_axis',(0.999999999999766,6.8434766794574E-7,0.));
#8871=DIRECTION('',(-1.,0.,0.));
#8872=DIRECTION('center_axis',(0.,0.,-1.));
#8873=DIRECTION('ref_axis',(-3.254771180031E-8,-0.999999999999999,0.));
#8874=DIRECTION('',(0.,1.,0.));
#8875=DIRECTION('center_axis',(0.,0.,-1.));
#8876=DIRECTION('ref_axis',(-0.999999999999999,3.254771403824E-8,0.));
#8877=DIRECTION('center_axis',(0.,0.,1.));
#8878=DIRECTION('ref_axis',(-2.66713921236018E-6,0.999999999996443,0.));
#8879=DIRECTION('',(0.,-1.,0.));
#8880=DIRECTION('center_axis',(0.,0.,1.));
#8881=DIRECTION('ref_axis',(-0.99999999996244,-8.66717160308482E-6,0.));
#8882=DIRECTION('',(1.,0.,0.));
#8883=DIRECTION('center_axis',(0.,0.,1.));
#8884=DIRECTION('ref_axis',(8.66717159597981E-6,-0.99999999996244,0.));
#8885=DIRECTION('',(0.,1.,0.));
#8886=DIRECTION('center_axis',(0.,0.,1.));
#8887=DIRECTION('ref_axis',(0.99999999996244,8.66717154624182E-6,0.));
#8888=DIRECTION('',(-1.,0.,0.));
#8889=DIRECTION('center_axis',(0.,0.,1.));
#8890=DIRECTION('ref_axis',(-2.66713919104318E-6,0.999999999996443,0.));
#8891=DIRECTION('',(0.,-1.,0.));
#8892=DIRECTION('center_axis',(0.,0.,1.));
#8893=DIRECTION('ref_axis',(-0.99999999996244,-8.66717160308581E-6,0.));
#8894=DIRECTION('',(1.,0.,0.));
#8895=DIRECTION('center_axis',(0.,0.,1.));
#8896=DIRECTION('ref_axis',(8.66717158887481E-6,-0.99999999996244,0.));
#8897=DIRECTION('',(0.,1.,0.));
#8898=DIRECTION('center_axis',(0.,0.,1.));
#8899=DIRECTION('ref_axis',(0.99999999996244,8.66717154624282E-6,0.));
#8900=DIRECTION('',(-1.,0.,0.));
#8901=DIRECTION('center_axis',(0.,0.,1.));
#8902=DIRECTION('ref_axis',(-2.66713920525418E-6,0.999999999996443,0.));
#8903=DIRECTION('',(0.,-1.,0.));
#8904=DIRECTION('center_axis',(0.,0.,1.));
#8905=DIRECTION('ref_axis',(-0.99999999996244,-8.66717160308581E-6,0.));
#8906=DIRECTION('',(1.,0.,0.));
#8907=DIRECTION('center_axis',(0.,0.,1.));
#8908=DIRECTION('ref_axis',(8.66717157466382E-6,-0.99999999996244,0.));
#8909=DIRECTION('',(0.,1.,0.));
#8910=DIRECTION('center_axis',(0.,0.,1.));
#8911=DIRECTION('ref_axis',(0.99999999996244,8.66717151782082E-6,0.));
#8912=DIRECTION('',(-1.,0.,0.));
#8913=DIRECTION('center_axis',(0.,0.,-1.));
#8914=DIRECTION('ref_axis',(-1.2918958832E-14,-1.,0.));
#8915=DIRECTION('center_axis',(0.,0.,1.));
#8916=DIRECTION('ref_axis',(-0.000200699864319456,0.999999979859782,0.));
#8917=DIRECTION('',(0.,-1.,0.));
#8918=DIRECTION('center_axis',(0.,0.,1.));
#8919=DIRECTION('ref_axis',(-0.999999999999985,1.71259759251697E-7,0.));
#8920=DIRECTION('',(1.,0.,0.));
#8921=DIRECTION('center_axis',(0.,0.,1.));
#8922=DIRECTION('ref_axis',(0.000200685625197228,-0.99999997986264,0.));
#8923=DIRECTION('',(0.,1.,0.));
#8924=DIRECTION('center_axis',(0.,0.,-1.));
#8925=DIRECTION('ref_axis',(-0.999999985555262,0.000169969040961145,0.));
#8926=DIRECTION('',(1.,0.,0.));
#8927=DIRECTION('center_axis',(0.,0.,-1.));
#8928=DIRECTION('ref_axis',(9.82671170850291E-5,0.999999995171787,0.));
#8929=DIRECTION('',(0.,-1.,0.));
#8930=DIRECTION('center_axis',(0.,0.,1.));
#8931=DIRECTION('ref_axis',(-0.999999999996443,-2.66712958455718E-6,0.));
#8932=DIRECTION('',(1.,0.,0.));
#8933=DIRECTION('center_axis',(0.,0.,1.));
#8934=DIRECTION('ref_axis',(2.66712952771418E-6,-0.999999999996443,0.));
#8935=DIRECTION('',(0.,1.,0.));
#8936=DIRECTION('center_axis',(0.,0.,-1.));
#8937=DIRECTION('ref_axis',(-0.999999984711005,-0.000174865633034401,0.));
#8938=DIRECTION('',(1.,0.,0.));
#8939=DIRECTION('center_axis',(0.,0.,-1.));
#8940=DIRECTION('ref_axis',(0.000268990775273895,0.999999963821981,0.));
#8941=DIRECTION('',(0.,-1.,0.));
#8942=DIRECTION('center_axis',(0.,0.,1.));
#8943=DIRECTION('ref_axis',(-0.999999999999751,-7.05625228129324E-7,0.));
#8944=DIRECTION('',(1.,0.,0.));
#8945=DIRECTION('center_axis',(0.,0.,1.));
#8946=DIRECTION('ref_axis',(-0.000202177207998838,-0.999999979562188,0.));
#8947=DIRECTION('',(0.,1.,0.));
#8948=DIRECTION('center_axis',(0.,0.,1.));
#8949=DIRECTION('ref_axis',(0.999999995171787,9.82671171134491E-5,0.));
#8950=DIRECTION('',(-1.,0.,0.));
#8951=DIRECTION('center_axis',(0.,0.,1.));
#8952=DIRECTION('ref_axis',(-9.82671171134491E-5,0.999999995171787,0.));
#8953=DIRECTION('center_axis',(0.,0.,-1.));
#8954=DIRECTION('ref_axis',(0.999999995171787,-9.82671171134491E-5,0.));
#8955=DIRECTION('',(-1.,0.,0.));
#8956=DIRECTION('center_axis',(0.,0.,-1.));
#8957=DIRECTION('ref_axis',(0.000202177207998838,-0.999999979562188,0.));
#8958=DIRECTION('center_axis',(0.,0.,1.));
#8959=DIRECTION('ref_axis',(0.999999979562188,-0.000202177207998838,0.));
#8960=DIRECTION('',(-1.,0.,0.));
#8961=DIRECTION('center_axis',(0.,0.,1.));
#8962=DIRECTION('ref_axis',(-2.66713919104318E-6,0.999999999996443,0.));
#8963=DIRECTION('',(0.,-1.,0.));
#8964=DIRECTION('center_axis',(0.,0.,1.));
#8965=DIRECTION('ref_axis',(-0.99999999996244,-8.66717157466382E-6,0.));
#8966=DIRECTION('',(1.,0.,0.));
#8967=DIRECTION('center_axis',(0.,0.,1.));
#8968=DIRECTION('ref_axis',(8.66717153203182E-6,-0.99999999996244,0.));
#8969=DIRECTION('',(0.,1.,0.));
#8970=DIRECTION('center_axis',(0.,0.,1.));
#8971=DIRECTION('ref_axis',(0.99999999996244,8.66717156045282E-6,0.));
#8972=DIRECTION('',(-1.,0.,0.));
#8973=DIRECTION('center_axis',(0.,0.,1.));
#8974=DIRECTION('ref_axis',(-2.66713920525418E-6,0.999999999996443,0.));
#8975=DIRECTION('',(0.,-1.,0.));
#8976=DIRECTION('center_axis',(0.,0.,1.));
#8977=DIRECTION('ref_axis',(-0.99999999996244,-8.66717154624282E-6,0.));
#8978=DIRECTION('',(1.,0.,0.));
#8979=DIRECTION('center_axis',(0.,0.,1.));
#8980=DIRECTION('ref_axis',(8.66717156045282E-6,-0.99999999996244,0.));
#8981=DIRECTION('',(0.,1.,0.));
#8982=DIRECTION('center_axis',(0.,0.,1.));
#8983=DIRECTION('ref_axis',(0.99999999996244,8.66717156045282E-6,0.));
#8984=DIRECTION('',(-1.,0.,0.));
#8985=DIRECTION('center_axis',(0.,0.,1.));
#8986=DIRECTION('ref_axis',(-2.66713916262218E-6,0.999999999996443,0.));
#8987=DIRECTION('',(0.,-1.,0.));
#8988=DIRECTION('center_axis',(0.,0.,1.));
#8989=DIRECTION('ref_axis',(-0.99999999996244,-8.66717151782082E-6,0.));
#8990=DIRECTION('',(1.,0.,0.));
#8991=DIRECTION('center_axis',(0.,0.,1.));
#8992=DIRECTION('ref_axis',(8.66717151782082E-6,-0.99999999996244,0.));
#8993=DIRECTION('',(0.,1.,0.));
#8994=DIRECTION('center_axis',(0.,0.,1.));
#8995=DIRECTION('ref_axis',(0.99999999996244,8.66717158887481E-6,0.));
#8996=DIRECTION('',(-1.,0.,0.));
#8997=DIRECTION('center_axis',(0.,0.,1.));
#8998=DIRECTION('ref_axis',(-2.66713919104318E-6,0.999999999996443,0.));
#8999=DIRECTION('',(0.,-1.,0.));
#9000=DIRECTION('center_axis',(0.,0.,1.));
#9001=DIRECTION('ref_axis',(-0.99999999996244,-8.66717157466382E-6,0.));
#9002=DIRECTION('',(1.,0.,0.));
#9003=DIRECTION('center_axis',(0.,0.,1.));
#9004=DIRECTION('ref_axis',(8.66717157466382E-6,-0.99999999996244,0.));
#9005=DIRECTION('',(0.,1.,0.));
#9006=DIRECTION('center_axis',(0.,0.,1.));
#9007=DIRECTION('ref_axis',(0.99999999996244,8.66717158887481E-6,0.));
#9008=DIRECTION('',(-1.,0.,0.));
#9009=DIRECTION('center_axis',(0.,0.,1.));
#9010=DIRECTION('ref_axis',(-2.66713916262218E-6,0.999999999996443,0.));
#9011=DIRECTION('',(0.,-1.,0.));
#9012=DIRECTION('center_axis',(0.,0.,1.));
#9013=DIRECTION('ref_axis',(-0.99999999996244,-8.66717157466382E-6,0.));
#9014=DIRECTION('',(1.,0.,0.));
#9015=DIRECTION('center_axis',(0.,0.,1.));
#9016=DIRECTION('ref_axis',(8.66717151782082E-6,-0.99999999996244,0.));
#9017=DIRECTION('',(0.,1.,0.));
#9018=DIRECTION('center_axis',(0.,0.,1.));
#9019=DIRECTION('ref_axis',(0.99999999996244,8.66717153203182E-6,0.));
#9020=DIRECTION('',(-1.,0.,0.));
#9021=DIRECTION('center_axis',(0.,0.,1.));
#9022=DIRECTION('ref_axis',(-0.000200699864234156,0.999999979859782,0.));
#9023=DIRECTION('',(0.,-1.,0.));
#9024=DIRECTION('center_axis',(0.,0.,1.));
#9025=DIRECTION('ref_axis',(-0.999999979562188,0.000202177208055638,0.));
#9026=DIRECTION('',(1.,0.,0.));
#9027=DIRECTION('center_axis',(0.,0.,1.));
#9028=DIRECTION('ref_axis',(0.000200685625282428,-0.99999997986264,0.));
#9029=DIRECTION('',(0.,1.,0.));
#9030=DIRECTION('center_axis',(0.,0.,-1.));
#9031=DIRECTION('ref_axis',(-0.999999985555263,0.000169969040847545,0.));
#9032=DIRECTION('',(1.,0.,0.));
#9033=DIRECTION('center_axis',(0.,0.,-1.));
#9034=DIRECTION('ref_axis',(9.82671170566191E-5,0.999999995171787,0.));
#9035=DIRECTION('',(0.,-1.,0.));
#9036=DIRECTION('center_axis',(0.,0.,1.));
#9037=DIRECTION('ref_axis',(-0.99999999996244,-8.66717157466382E-6,0.));
#9038=DIRECTION('',(1.,0.,0.));
#9039=DIRECTION('center_axis',(0.,0.,1.));
#9040=DIRECTION('ref_axis',(8.66717160308581E-6,-0.99999999996244,0.));
#9041=DIRECTION('',(0.,1.,0.));
#9042=DIRECTION('center_axis',(0.,0.,-1.));
#9043=DIRECTION('ref_axis',(-0.999999984711005,-0.000174865633034401,0.));
#9044=DIRECTION('',(1.,0.,0.));
#9045=DIRECTION('center_axis',(0.,0.,-1.));
#9046=DIRECTION('ref_axis',(0.000268990775245495,0.999999963821981,0.));
#9047=DIRECTION('',(0.,-1.,0.));
#9048=DIRECTION('center_axis',(0.,0.,1.));
#9049=DIRECTION('ref_axis',(-0.999999979859782,-0.000200699864347856,0.));
#9050=DIRECTION('',(1.,0.,0.));
#9051=DIRECTION('center_axis',(0.,0.,1.));
#9052=DIRECTION('ref_axis',(-0.000202191661799554,-0.999999979559266,0.));
#9053=DIRECTION('',(0.,1.,0.));
#9054=DIRECTION('center_axis',(0.,0.,1.));
#9055=DIRECTION('ref_axis',(0.999999995171787,9.82671170566191E-5,0.));
#9056=DIRECTION('',(-1.,0.,0.));
#9057=DIRECTION('center_axis',(0.,0.,1.));
#9058=DIRECTION('ref_axis',(-9.82671171702791E-5,0.999999995171787,0.));
#9059=DIRECTION('center_axis',(0.,0.,-1.));
#9060=DIRECTION('ref_axis',(0.999999995171787,-9.82671170566191E-5,0.));
#9061=DIRECTION('',(-1.,0.,0.));
#9062=DIRECTION('center_axis',(0.,0.,-1.));
#9063=DIRECTION('ref_axis',(0.000202177208027238,-0.999999979562188,0.));
#9064=DIRECTION('center_axis',(0.,0.,1.));
#9065=DIRECTION('ref_axis',(0.999999979562188,-0.000202177207941938,0.));
#9066=DIRECTION('',(-1.,0.,0.));
#9067=DIRECTION('center_axis',(0.,0.,-1.));
#9068=DIRECTION('ref_axis',(0.,-1.,0.));
#9069=DIRECTION('center_axis',(0.,0.,1.));
#9070=DIRECTION('ref_axis',(-2.66713924788718E-6,0.999999999996443,0.));
#9071=DIRECTION('',(0.,-1.,0.));
#9072=DIRECTION('center_axis',(0.,0.,1.));
#9073=DIRECTION('ref_axis',(-0.99999999996244,-8.66717157466382E-6,0.));
#9074=DIRECTION('',(1.,0.,0.));
#9075=DIRECTION('center_axis',(0.,0.,1.));
#9076=DIRECTION('ref_axis',(8.66717154624182E-6,-0.99999999996244,0.));
#9077=DIRECTION('',(0.,1.,0.));
#9078=DIRECTION('center_axis',(0.,0.,1.));
#9079=DIRECTION('ref_axis',(0.99999999996244,8.66717151782082E-6,0.));
#9080=DIRECTION('',(-1.,0.,0.));
#9081=DIRECTION('center_axis',(0.,0.,1.));
#9082=DIRECTION('ref_axis',(-2.66713924788718E-6,0.999999999996443,0.));
#9083=DIRECTION('',(0.,-1.,0.));
#9084=DIRECTION('center_axis',(0.,0.,1.));
#9085=DIRECTION('ref_axis',(-0.99999999996244,-8.66717157466382E-6,0.));
#9086=DIRECTION('',(1.,0.,0.));
#9087=DIRECTION('center_axis',(0.,0.,1.));
#9088=DIRECTION('ref_axis',(8.66717160308581E-6,-0.99999999996244,0.));
#9089=DIRECTION('',(0.,1.,0.));
#9090=DIRECTION('center_axis',(0.,0.,1.));
#9091=DIRECTION('ref_axis',(0.99999999996244,8.66717151782082E-6,0.));
#9092=DIRECTION('',(-1.,0.,0.));
#9093=DIRECTION('center_axis',(0.,0.,1.));
#9094=DIRECTION('ref_axis',(-2.66713924788718E-6,0.999999999996443,0.));
#9095=DIRECTION('',(0.,-1.,0.));
#9096=DIRECTION('center_axis',(0.,0.,1.));
#9097=DIRECTION('ref_axis',(-0.99999999996244,-8.66717157466382E-6,0.));
#9098=DIRECTION('',(1.,0.,0.));
#9099=DIRECTION('center_axis',(0.,0.,1.));
#9100=DIRECTION('ref_axis',(8.66717154624182E-6,-0.99999999996244,0.));
#9101=DIRECTION('',(0.,1.,0.));
#9102=DIRECTION('center_axis',(0.,0.,1.));
#9103=DIRECTION('ref_axis',(0.99999999996244,8.66717151782082E-6,0.));
#9104=DIRECTION('',(-1.,0.,0.));
#9105=DIRECTION('center_axis',(0.,0.,1.));
#9106=DIRECTION('ref_axis',(-2.66713919104318E-6,0.999999999996443,0.));
#9107=DIRECTION('',(0.,-1.,0.));
#9108=DIRECTION('center_axis',(0.,0.,1.));
#9109=DIRECTION('ref_axis',(-0.99999999996244,-8.66717157466382E-6,0.));
#9110=DIRECTION('',(1.,0.,0.));
#9111=DIRECTION('center_axis',(0.,0.,1.));
#9112=DIRECTION('ref_axis',(8.66717154624282E-6,-0.99999999996244,0.));
#9113=DIRECTION('',(0.,1.,0.));
#9114=DIRECTION('center_axis',(0.,0.,1.));
#9115=DIRECTION('ref_axis',(0.999999999996443,2.66712948508118E-6,0.));
#9116=DIRECTION('',(-1.,0.,0.));
#9117=DIRECTION('center_axis',(0.,0.,1.));
#9118=DIRECTION('ref_axis',(-2.66713919104318E-6,0.999999999996443,0.));
#9119=DIRECTION('',(0.,-1.,0.));
#9120=DIRECTION('center_axis',(0.,0.,1.));
#9121=DIRECTION('ref_axis',(-0.99999999996244,-8.66717151782082E-6,0.));
#9122=DIRECTION('',(1.,0.,0.));
#9123=DIRECTION('center_axis',(0.,0.,1.));
#9124=DIRECTION('ref_axis',(8.66717160308581E-6,-0.99999999996244,0.));
#9125=DIRECTION('',(0.,1.,0.));
#9126=DIRECTION('center_axis',(0.,0.,1.));
#9127=DIRECTION('ref_axis',(0.99999999996244,8.66717153203182E-6,0.));
#9128=DIRECTION('',(-1.,0.,0.));
#9129=DIRECTION('center_axis',(0.,0.,1.));
#9130=DIRECTION('ref_axis',(-2.66713919104318E-6,0.999999999996443,0.));
#9131=DIRECTION('',(0.,-1.,0.));
#9132=DIRECTION('center_axis',(0.,0.,1.));
#9133=DIRECTION('ref_axis',(-0.99999999996244,-8.66717151782082E-6,0.));
#9134=DIRECTION('',(1.,0.,0.));
#9135=DIRECTION('center_axis',(0.,0.,1.));
#9136=DIRECTION('ref_axis',(8.66717148939881E-6,-0.99999999996244,0.));
#9137=DIRECTION('',(0.,1.,0.));
#9138=DIRECTION('center_axis',(0.,0.,1.));
#9139=DIRECTION('ref_axis',(0.99999999996244,8.66717153203182E-6,0.));
#9140=DIRECTION('',(-1.,0.,0.));
#9141=DIRECTION('center_axis',(0.,0.,1.));
#9142=DIRECTION('ref_axis',(-2.66713924788618E-6,0.999999999996443,0.));
#9143=DIRECTION('',(0.,-1.,0.));
#9144=DIRECTION('center_axis',(0.,0.,1.));
#9145=DIRECTION('ref_axis',(-0.99999999996244,-8.66717163150681E-6,0.));
#9146=DIRECTION('',(1.,0.,0.));
#9147=DIRECTION('center_axis',(0.,0.,1.));
#9148=DIRECTION('ref_axis',(8.66717148939881E-6,-0.99999999996244,0.));
#9149=DIRECTION('',(0.,1.,0.));
#9150=DIRECTION('center_axis',(0.,0.,1.));
#9151=DIRECTION('ref_axis',(0.99999999996244,8.66717163150681E-6,0.));
#9152=DIRECTION('',(-1.,0.,0.));
#9153=DIRECTION('center_axis',(0.,0.,1.));
#9154=DIRECTION('ref_axis',(-2.66713919104318E-6,0.999999999996443,0.));
#9155=DIRECTION('',(0.,-1.,0.));
#9156=DIRECTION('center_axis',(0.,0.,1.));
#9157=DIRECTION('ref_axis',(-0.99999999996244,-8.66717151782082E-6,0.));
#9158=DIRECTION('',(1.,0.,0.));
#9159=DIRECTION('center_axis',(0.,0.,1.));
#9160=DIRECTION('ref_axis',(8.66717160308581E-6,-0.99999999996244,0.));
#9161=DIRECTION('',(0.,1.,0.));
#9162=DIRECTION('center_axis',(0.,0.,1.));
#9163=DIRECTION('ref_axis',(0.99999999996244,8.66717153203182E-6,0.));
#9164=DIRECTION('',(-1.,0.,0.));
#9165=DIRECTION('center_axis',(0.,0.,1.));
#9166=DIRECTION('ref_axis',(-2.66713919104318E-6,0.999999999996443,0.));
#9167=DIRECTION('',(0.,-1.,0.));
#9168=DIRECTION('center_axis',(0.,0.,1.));
#9169=DIRECTION('ref_axis',(-0.99999999996244,-8.66717151782082E-6,0.));
#9170=DIRECTION('',(1.,0.,0.));
#9171=DIRECTION('center_axis',(0.,0.,1.));
#9172=DIRECTION('ref_axis',(8.66717148939881E-6,-0.99999999996244,0.));
#9173=DIRECTION('',(0.,1.,0.));
#9174=DIRECTION('center_axis',(0.,0.,1.));
#9175=DIRECTION('ref_axis',(0.99999999996244,8.66717153203182E-6,0.));
#9176=DIRECTION('',(-1.,0.,0.));
#9177=DIRECTION('center_axis',(0.,0.,1.));
#9178=DIRECTION('ref_axis',(-2.66713916262218E-6,0.999999999996443,0.));
#9179=DIRECTION('',(0.,-1.,0.));
#9180=DIRECTION('center_axis',(0.,0.,1.));
#9181=DIRECTION('ref_axis',(-0.99999999996244,-8.66717156045282E-6,0.));
#9182=DIRECTION('',(1.,0.,0.));
#9183=DIRECTION('center_axis',(0.,0.,1.));
#9184=DIRECTION('ref_axis',(2.66712952060818E-6,-0.999999999996443,0.));
#9185=DIRECTION('',(0.,1.,0.));
#9186=DIRECTION('center_axis',(0.,0.,1.));
#9187=DIRECTION('ref_axis',(0.99999999996244,8.66717157466382E-6,0.));
#9188=DIRECTION('',(-1.,0.,0.));
#9189=DIRECTION('center_axis',(0.,0.,-1.));
#9190=DIRECTION('ref_axis',(0.,-1.,0.));
#9191=DIRECTION('center_axis',(0.,0.,1.));
#9192=DIRECTION('ref_axis',(-2.66713914841118E-6,0.999999999996443,0.));
#9193=DIRECTION('',(0.,-1.,0.));
#9194=DIRECTION('center_axis',(0.,0.,1.));
#9195=DIRECTION('ref_axis',(-0.99999999996244,-8.66717156045282E-6,0.));
#9196=DIRECTION('',(1.,0.,0.));
#9197=DIRECTION('center_axis',(0.,0.,1.));
#9198=DIRECTION('ref_axis',(8.66717157466382E-6,-0.99999999996244,0.));
#9199=DIRECTION('',(0.,1.,0.));
#9200=DIRECTION('center_axis',(0.,0.,1.));
#9201=DIRECTION('ref_axis',(0.99999999996244,8.66717156045282E-6,0.));
#9202=DIRECTION('',(-1.,0.,0.));
#9203=DIRECTION('center_axis',(0.,0.,1.));
#9204=DIRECTION('ref_axis',(-2.66713916262218E-6,0.999999999996443,0.));
#9205=DIRECTION('',(0.,-1.,0.));
#9206=DIRECTION('center_axis',(0.,0.,1.));
#9207=DIRECTION('ref_axis',(-0.99999999996244,-8.66717156045282E-6,0.));
#9208=DIRECTION('',(1.,0.,0.));
#9209=DIRECTION('center_axis',(0.,0.,1.));
#9210=DIRECTION('ref_axis',(2.66712949929218E-6,-0.999999999996443,0.));
#9211=DIRECTION('',(0.,1.,0.));
#9212=DIRECTION('center_axis',(0.,0.,1.));
#9213=DIRECTION('ref_axis',(0.99999999996244,8.66717153203182E-6,0.));
#9214=DIRECTION('',(-1.,0.,0.));
#9215=DIRECTION('center_axis',(0.,0.,1.));
#9216=DIRECTION('ref_axis',(-2.66713919104318E-6,0.999999999996443,0.));
#9217=DIRECTION('',(0.,-1.,0.));
#9218=DIRECTION('center_axis',(0.,0.,1.));
#9219=DIRECTION('ref_axis',(-0.99999999996244,-8.66717158887481E-6,0.));
#9220=DIRECTION('',(1.,0.,0.));
#9221=DIRECTION('center_axis',(0.,0.,1.));
#9222=DIRECTION('ref_axis',(2.66712958455718E-6,-0.999999999996443,0.));
#9223=DIRECTION('',(0.,1.,0.));
#9224=DIRECTION('center_axis',(0.,0.,1.));
#9225=DIRECTION('ref_axis',(0.99999999996244,8.66717158887481E-6,0.));
#9226=DIRECTION('',(-1.,0.,0.));
#9227=DIRECTION('center_axis',(0.,0.,1.));
#9228=DIRECTION('ref_axis',(-2.66713921946518E-6,0.999999999996443,0.));
#9229=DIRECTION('',(0.,-1.,0.));
#9230=DIRECTION('center_axis',(0.,0.,1.));
#9231=DIRECTION('ref_axis',(-0.99999999996244,-8.66717158887481E-6,0.));
#9232=DIRECTION('',(1.,0.,0.));
#9233=DIRECTION('center_axis',(0.,0.,1.));
#9234=DIRECTION('ref_axis',(8.66717154624282E-6,-0.99999999996244,0.));
#9235=DIRECTION('',(0.,1.,0.));
#9236=DIRECTION('center_axis',(0.,0.,1.));
#9237=DIRECTION('ref_axis',(0.999999999996443,2.66712954192518E-6,0.));
#9238=DIRECTION('',(-1.,0.,0.));
#9239=DIRECTION('center_axis',(0.,0.,1.));
#9240=DIRECTION('ref_axis',(-2.66713913420018E-6,0.999999999996443,0.));
#9241=DIRECTION('',(0.,-1.,0.));
#9242=DIRECTION('center_axis',(0.,0.,1.));
#9243=DIRECTION('ref_axis',(-0.99999999996244,-8.66717153203182E-6,0.));
#9244=DIRECTION('',(1.,0.,0.));
#9245=DIRECTION('center_axis',(0.,0.,1.));
#9246=DIRECTION('ref_axis',(2.66712949929218E-6,-0.999999999996443,0.));
#9247=DIRECTION('',(0.,1.,0.));
#9248=DIRECTION('center_axis',(0.,0.,1.));
#9249=DIRECTION('ref_axis',(0.99999999996244,8.66717158887481E-6,0.));
#9250=DIRECTION('',(-1.,0.,0.));
#9251=DIRECTION('center_axis',(0.,0.,1.));
#9252=DIRECTION('ref_axis',(-2.66713918749118E-6,0.999999999996443,0.));
#9253=DIRECTION('',(0.,-1.,0.));
#9254=DIRECTION('center_axis',(0.,0.,1.));
#9255=DIRECTION('ref_axis',(-0.99999999996244,-8.66717156045282E-6,0.));
#9256=DIRECTION('',(1.,0.,0.));
#9257=DIRECTION('center_axis',(0.,0.,1.));
#9258=DIRECTION('ref_axis',(8.66717156755882E-6,-0.99999999996244,0.));
#9259=DIRECTION('',(0.,1.,0.));
#9260=DIRECTION('center_axis',(0.,0.,1.));
#9261=DIRECTION('ref_axis',(0.999999999996443,2.66712953481918E-6,0.));
#9262=DIRECTION('',(-1.,0.,0.));
#9263=DIRECTION('center_axis',(0.,0.,1.));
#9264=DIRECTION('ref_axis',(-2.66713918393818E-6,0.999999999996443,0.));
#9265=DIRECTION('',(0.,-1.,0.));
#9266=DIRECTION('center_axis',(0.,0.,1.));
#9267=DIRECTION('ref_axis',(-0.99999999996244,-8.66717156045282E-6,0.));
#9268=DIRECTION('',(1.,0.,0.));
#9269=DIRECTION('center_axis',(0.,0.,1.));
#9270=DIRECTION('ref_axis',(8.66717154624282E-6,-0.99999999996244,0.));
#9271=DIRECTION('',(0.,1.,0.));
#9272=DIRECTION('center_axis',(0.,0.,1.));
#9273=DIRECTION('ref_axis',(0.999999999996443,2.66712952060818E-6,0.));
#9274=DIRECTION('',(-1.,0.,0.));
#9275=DIRECTION('center_axis',(0.,0.,1.));
#9276=DIRECTION('ref_axis',(-2.66713920525418E-6,0.999999999996443,0.));
#9277=DIRECTION('',(0.,-1.,0.));
#9278=DIRECTION('center_axis',(0.,0.,1.));
#9279=DIRECTION('ref_axis',(-0.99999999996244,-8.66717156045282E-6,0.));
#9280=DIRECTION('',(1.,0.,0.));
#9281=DIRECTION('center_axis',(0.,0.,1.));
#9282=DIRECTION('ref_axis',(8.66717156045282E-6,-0.99999999996244,0.));
#9283=DIRECTION('',(0.,1.,0.));
#9284=DIRECTION('center_axis',(0.,0.,1.));
#9285=DIRECTION('ref_axis',(0.99999999996244,8.66717160308581E-6,0.));
#9286=DIRECTION('',(-1.,0.,0.));
#9287=DIRECTION('center_axis',(0.,0.,1.));
#9288=DIRECTION('ref_axis',(-2.66713916262218E-6,0.999999999996443,0.));
#9289=DIRECTION('',(0.,-1.,0.));
#9290=DIRECTION('center_axis',(0.,0.,1.));
#9291=DIRECTION('ref_axis',(-0.99999999996244,-8.66717153203182E-6,0.));
#9292=DIRECTION('',(1.,0.,0.));
#9293=DIRECTION('center_axis',(0.,0.,1.));
#9294=DIRECTION('ref_axis',(8.66717154624282E-6,-0.99999999996244,0.));
#9295=DIRECTION('',(0.,1.,0.));
#9296=DIRECTION('center_axis',(0.,0.,1.));
#9297=DIRECTION('ref_axis',(0.99999999996244,8.66717159597981E-6,0.));
#9298=DIRECTION('',(-1.,0.,0.));
#9299=DIRECTION('center_axis',(0.,0.,1.));
#9300=DIRECTION('ref_axis',(-2.66713916262218E-6,0.999999999996443,0.));
#9301=DIRECTION('',(0.,-1.,0.));
#9302=DIRECTION('center_axis',(0.,0.,1.));
#9303=DIRECTION('ref_axis',(-0.99999999996244,-8.66717153203182E-6,0.));
#9304=DIRECTION('',(1.,0.,0.));
#9305=DIRECTION('center_axis',(0.,0.,1.));
#9306=DIRECTION('ref_axis',(2.66712949929218E-6,-0.999999999996443,0.));
#9307=DIRECTION('',(0.,1.,0.));
#9308=DIRECTION('center_axis',(0.,0.,1.));
#9309=DIRECTION('ref_axis',(0.99999999996244,8.66717154624282E-6,0.));
#9310=DIRECTION('',(-1.,0.,0.));
#9311=DIRECTION('center_axis',(0.,0.,1.));
#9312=DIRECTION('ref_axis',(-2.66713916262218E-6,0.999999999996443,0.));
#9313=DIRECTION('',(0.,-1.,0.));
#9314=DIRECTION('center_axis',(0.,0.,1.));
#9315=DIRECTION('ref_axis',(-0.99999999996244,-8.66717158887481E-6,0.));
#9316=DIRECTION('',(1.,0.,0.));
#9317=DIRECTION('center_axis',(0.,0.,1.));
#9318=DIRECTION('ref_axis',(2.66712949929218E-6,-0.999999999996443,0.));
#9319=DIRECTION('',(0.,1.,0.));
#9320=DIRECTION('center_axis',(0.,0.,1.));
#9321=DIRECTION('ref_axis',(0.99999999996244,8.66717154624282E-6,0.));
#9322=DIRECTION('',(-1.,0.,0.));
#9323=DIRECTION('center_axis',(0.,0.,1.));
#9324=DIRECTION('ref_axis',(-2.66713924788718E-6,0.999999999996443,0.));
#9325=DIRECTION('',(0.,-1.,0.));
#9326=DIRECTION('center_axis',(0.,0.,1.));
#9327=DIRECTION('ref_axis',(-0.99999999996244,-8.66717163150681E-6,0.));
#9328=DIRECTION('',(1.,0.,0.));
#9329=DIRECTION('center_axis',(0.,0.,1.));
#9330=DIRECTION('ref_axis',(8.66717148939881E-6,-0.99999999996244,0.));
#9331=DIRECTION('',(0.,1.,0.));
#9332=DIRECTION('center_axis',(0.,0.,1.));
#9333=DIRECTION('ref_axis',(0.999999999996443,2.66712958455718E-6,0.));
#9334=DIRECTION('',(-1.,0.,0.));
#9335=DIRECTION('center_axis',(0.,0.,1.));
#9336=DIRECTION('ref_axis',(-2.66713919104418E-6,0.999999999996443,0.));
#9337=DIRECTION('',(0.,-1.,0.));
#9338=DIRECTION('center_axis',(0.,0.,1.));
#9339=DIRECTION('ref_axis',(-0.99999999996244,-8.66717153203182E-6,0.));
#9340=DIRECTION('',(1.,0.,0.));
#9341=DIRECTION('center_axis',(0.,0.,1.));
#9342=DIRECTION('ref_axis',(8.66717160308581E-6,-0.99999999996244,0.));
#9343=DIRECTION('',(0.,1.,0.));
#9344=DIRECTION('center_axis',(0.,0.,1.));
#9345=DIRECTION('ref_axis',(0.99999999996244,8.66717153203182E-6,0.));
#9346=DIRECTION('',(-1.,0.,0.));
#9347=DIRECTION('center_axis',(0.,0.,1.));
#9348=DIRECTION('ref_axis',(-2.66713913420018E-6,0.999999999996443,0.));
#9349=DIRECTION('',(0.,-1.,0.));
#9350=DIRECTION('center_axis',(0.,0.,1.));
#9351=DIRECTION('ref_axis',(-0.99999999996244,-8.66717153203182E-6,0.));
#9352=DIRECTION('',(1.,0.,0.));
#9353=DIRECTION('center_axis',(0.,0.,1.));
#9354=DIRECTION('ref_axis',(8.66717154624282E-6,-0.99999999996244,0.));
#9355=DIRECTION('',(0.,1.,0.));
#9356=DIRECTION('center_axis',(0.,0.,1.));
#9357=DIRECTION('ref_axis',(0.99999999996244,8.66717153203182E-6,0.));
#9358=DIRECTION('',(-1.,0.,0.));
#9359=DIRECTION('center_axis',(0.,0.,1.));
#9360=DIRECTION('ref_axis',(-2.66713919104418E-6,0.999999999996443,0.));
#9361=DIRECTION('',(0.,-1.,0.));
#9362=DIRECTION('center_axis',(0.,0.,1.));
#9363=DIRECTION('ref_axis',(-0.99999999996244,-8.66717153203182E-6,0.));
#9364=DIRECTION('',(1.,0.,0.));
#9365=DIRECTION('center_axis',(0.,0.,1.));
#9366=DIRECTION('ref_axis',(8.66717160308581E-6,-0.99999999996244,0.));
#9367=DIRECTION('',(0.,1.,0.));
#9368=DIRECTION('center_axis',(0.,0.,1.));
#9369=DIRECTION('ref_axis',(0.99999999996244,8.66717153203182E-6,0.));
#9370=DIRECTION('',(-1.,0.,0.));
#9371=DIRECTION('center_axis',(0.,0.,1.));
#9372=DIRECTION('ref_axis',(-2.66713913420018E-6,0.999999999996443,0.));
#9373=DIRECTION('',(0.,-1.,0.));
#9374=DIRECTION('center_axis',(0.,0.,1.));
#9375=DIRECTION('ref_axis',(-0.99999999996244,-8.66717153203182E-6,0.));
#9376=DIRECTION('',(1.,0.,0.));
#9377=DIRECTION('center_axis',(0.,0.,1.));
#9378=DIRECTION('ref_axis',(8.66717154624282E-6,-0.99999999996244,0.));
#9379=DIRECTION('',(0.,1.,0.));
#9380=DIRECTION('center_axis',(0.,0.,1.));
#9381=DIRECTION('ref_axis',(0.99999999996244,8.66717153203182E-6,0.));
#9382=DIRECTION('',(-1.,0.,0.));
#9383=DIRECTION('center_axis',(0.,0.,-1.));
#9384=DIRECTION('ref_axis',(0.,-1.,0.));
#9385=DIRECTION('center_axis',(0.,0.,1.));
#9386=DIRECTION('ref_axis',(-2.66713919104318E-6,0.999999999996443,0.));
#9387=DIRECTION('',(0.,-1.,0.));
#9388=DIRECTION('center_axis',(0.,0.,1.));
#9389=DIRECTION('ref_axis',(-0.99999999996244,-8.66717158887481E-6,0.));
#9390=DIRECTION('',(1.,0.,0.));
#9391=DIRECTION('center_axis',(0.,0.,1.));
#9392=DIRECTION('ref_axis',(8.66717154624282E-6,-0.99999999996244,0.));
#9393=DIRECTION('',(0.,1.,0.));
#9394=DIRECTION('center_axis',(0.,0.,1.));
#9395=DIRECTION('ref_axis',(0.999999999996443,2.66712949218718E-6,0.));
#9396=DIRECTION('',(-1.,0.,0.));
#9397=DIRECTION('center_axis',(0.,0.,1.));
#9398=DIRECTION('ref_axis',(-2.66713919104318E-6,0.999999999996443,0.));
#9399=DIRECTION('',(0.,-1.,0.));
#9400=DIRECTION('center_axis',(0.,0.,1.));
#9401=DIRECTION('ref_axis',(-0.99999999996244,-8.66717153203182E-6,0.));
#9402=DIRECTION('',(1.,0.,0.));
#9403=DIRECTION('center_axis',(0.,0.,1.));
#9404=DIRECTION('ref_axis',(8.66717160308581E-6,-0.99999999996244,0.));
#9405=DIRECTION('',(0.,1.,0.));
#9406=DIRECTION('center_axis',(0.,0.,1.));
#9407=DIRECTION('ref_axis',(0.99999999996244,8.66717154624282E-6,0.));
#9408=DIRECTION('',(-1.,0.,0.));
#9409=DIRECTION('center_axis',(0.,0.,1.));
#9410=DIRECTION('ref_axis',(-2.66713919104318E-6,0.999999999996443,0.));
#9411=DIRECTION('',(0.,-1.,0.));
#9412=DIRECTION('center_axis',(0.,0.,1.));
#9413=DIRECTION('ref_axis',(-0.99999999996244,-8.66717153203182E-6,0.));
#9414=DIRECTION('',(1.,0.,0.));
#9415=DIRECTION('center_axis',(0.,0.,1.));
#9416=DIRECTION('ref_axis',(8.66717148939881E-6,-0.99999999996244,0.));
#9417=DIRECTION('',(0.,1.,0.));
#9418=DIRECTION('center_axis',(0.,0.,1.));
#9419=DIRECTION('ref_axis',(0.999999999996443,2.66712949218718E-6,0.));
#9420=DIRECTION('',(-1.,0.,0.));
#9421=DIRECTION('center_axis',(0.,0.,1.));
#9422=DIRECTION('ref_axis',(-2.66713924788618E-6,0.999999999996443,0.));
#9423=DIRECTION('',(0.,-1.,0.));
#9424=DIRECTION('center_axis',(0.,0.,1.));
#9425=DIRECTION('ref_axis',(-0.99999999996244,-8.66717163150681E-6,0.));
#9426=DIRECTION('',(1.,0.,0.));
#9427=DIRECTION('center_axis',(0.,0.,1.));
#9428=DIRECTION('ref_axis',(2.66712947087118E-6,-0.999999999996443,0.));
#9429=DIRECTION('',(0.,1.,0.));
#9430=DIRECTION('center_axis',(0.,0.,1.));
#9431=DIRECTION('ref_axis',(0.99999999996244,8.66717164571781E-6,0.));
#9432=DIRECTION('',(-1.,0.,0.));
#9433=DIRECTION('center_axis',(0.,0.,1.));
#9434=DIRECTION('ref_axis',(-2.66713913420018E-6,0.999999999996443,0.));
#9435=DIRECTION('',(0.,-1.,0.));
#9436=DIRECTION('center_axis',(0.,0.,1.));
#9437=DIRECTION('ref_axis',(-0.99999999996244,-8.66717153203182E-6,0.));
#9438=DIRECTION('',(1.,0.,0.));
#9439=DIRECTION('center_axis',(0.,0.,1.));
#9440=DIRECTION('ref_axis',(8.66717154624282E-6,-0.99999999996244,0.));
#9441=DIRECTION('',(0.,1.,0.));
#9442=DIRECTION('center_axis',(0.,0.,1.));
#9443=DIRECTION('ref_axis',(0.999999999996443,2.66712949218718E-6,0.));
#9444=DIRECTION('',(-1.,0.,0.));
#9445=DIRECTION('center_axis',(0.,0.,1.));
#9446=DIRECTION('ref_axis',(-2.66713913420018E-6,0.999999999996443,0.));
#9447=DIRECTION('',(0.,-1.,0.));
#9448=DIRECTION('center_axis',(0.,0.,1.));
#9449=DIRECTION('ref_axis',(-0.99999999996244,-8.66717153203182E-6,0.));
#9450=DIRECTION('',(1.,0.,0.));
#9451=DIRECTION('center_axis',(0.,0.,1.));
#9452=DIRECTION('ref_axis',(8.66717154624282E-6,-0.99999999996244,0.));
#9453=DIRECTION('',(0.,1.,0.));
#9454=DIRECTION('center_axis',(0.,0.,1.));
#9455=DIRECTION('ref_axis',(0.99999999996244,8.66717154624182E-6,0.));
#9456=DIRECTION('',(-1.,0.,0.));
#9457=DIRECTION('center_axis',(0.,0.,1.));
#9458=DIRECTION('ref_axis',(1.,0.,0.));
#9459=DIRECTION('center_axis',(0.,0.,-1.));
#9460=DIRECTION('ref_axis',(-0.999999999999999,3.254771403824E-8,0.));
#9461=DIRECTION('',(0.,1.,0.));
#9462=DIRECTION('center_axis',(0.,0.,-1.));
#9463=DIRECTION('ref_axis',(-3.254771180031E-8,-0.999999999999999,0.));
#9464=DIRECTION('',(-1.,0.,0.));
#9465=DIRECTION('center_axis',(0.,0.,-1.));
#9466=DIRECTION('ref_axis',(0.999999999999766,6.8434766794574E-7,0.));
#9467=DIRECTION('center_axis',(0.,0.,1.));
#9468=DIRECTION('ref_axis',(-2.66713921236018E-6,0.999999999996443,0.));
#9469=DIRECTION('',(-1.,0.,0.));
#9470=DIRECTION('center_axis',(0.,0.,1.));
#9471=DIRECTION('ref_axis',(0.99999999996244,8.66717154624182E-6,0.));
#9472=DIRECTION('',(0.,1.,0.));
#9473=DIRECTION('center_axis',(0.,0.,1.));
#9474=DIRECTION('ref_axis',(8.66717159597981E-6,-0.99999999996244,0.));
#9475=DIRECTION('',(1.,0.,0.));
#9476=DIRECTION('center_axis',(0.,0.,1.));
#9477=DIRECTION('ref_axis',(-0.99999999996244,-8.66717160308482E-6,0.));
#9478=DIRECTION('',(0.,-1.,0.));
#9479=DIRECTION('center_axis',(0.,0.,1.));
#9480=DIRECTION('ref_axis',(-2.66713919104318E-6,0.999999999996443,0.));
#9481=DIRECTION('',(-1.,0.,0.));
#9482=DIRECTION('center_axis',(0.,0.,1.));
#9483=DIRECTION('ref_axis',(0.99999999996244,8.66717154624282E-6,0.));
#9484=DIRECTION('',(0.,1.,0.));
#9485=DIRECTION('center_axis',(0.,0.,1.));
#9486=DIRECTION('ref_axis',(8.66717158887481E-6,-0.99999999996244,0.));
#9487=DIRECTION('',(1.,0.,0.));
#9488=DIRECTION('center_axis',(0.,0.,1.));
#9489=DIRECTION('ref_axis',(-0.99999999996244,-8.66717160308581E-6,0.));
#9490=DIRECTION('',(0.,-1.,0.));
#9491=DIRECTION('center_axis',(0.,0.,1.));
#9492=DIRECTION('ref_axis',(-2.66713920525418E-6,0.999999999996443,0.));
#9493=DIRECTION('',(-1.,0.,0.));
#9494=DIRECTION('center_axis',(0.,0.,1.));
#9495=DIRECTION('ref_axis',(0.99999999996244,8.66717151782082E-6,0.));
#9496=DIRECTION('',(0.,1.,0.));
#9497=DIRECTION('center_axis',(0.,0.,1.));
#9498=DIRECTION('ref_axis',(8.66717157466382E-6,-0.99999999996244,0.));
#9499=DIRECTION('',(1.,0.,0.));
#9500=DIRECTION('center_axis',(0.,0.,1.));
#9501=DIRECTION('ref_axis',(-0.99999999996244,-8.66717160308581E-6,0.));
#9502=DIRECTION('',(0.,-1.,0.));
#9503=DIRECTION('center_axis',(0.,0.,-1.));
#9504=DIRECTION('ref_axis',(-1.2918958832E-14,-1.,0.));
#9505=DIRECTION('center_axis',(0.,0.,1.));
#9506=DIRECTION('ref_axis',(-0.000200699864319456,0.999999979859782,0.));
#9507=DIRECTION('',(-1.,0.,0.));
#9508=DIRECTION('center_axis',(0.,0.,1.));
#9509=DIRECTION('ref_axis',(0.999999979562188,-0.000202177207998838,0.));
#9510=DIRECTION('center_axis',(0.,0.,-1.));
#9511=DIRECTION('ref_axis',(0.000202177207998838,-0.999999979562188,0.));
#9512=DIRECTION('',(-1.,0.,0.));
#9513=DIRECTION('center_axis',(0.,0.,-1.));
#9514=DIRECTION('ref_axis',(0.999999995171787,-9.82671171134491E-5,0.));
#9515=DIRECTION('center_axis',(0.,0.,1.));
#9516=DIRECTION('ref_axis',(-9.82671171134491E-5,0.999999995171787,0.));
#9517=DIRECTION('',(-1.,0.,0.));
#9518=DIRECTION('center_axis',(0.,0.,1.));
#9519=DIRECTION('ref_axis',(0.999999995171787,9.82671171134491E-5,0.));
#9520=DIRECTION('',(0.,1.,0.));
#9521=DIRECTION('center_axis',(0.,0.,1.));
#9522=DIRECTION('ref_axis',(-0.000202177207998838,-0.999999979562188,0.));
#9523=DIRECTION('',(1.,0.,0.));
#9524=DIRECTION('center_axis',(0.,0.,1.));
#9525=DIRECTION('ref_axis',(-0.999999999999751,-7.05625228129324E-7,0.));
#9526=DIRECTION('',(0.,-1.,0.));
#9527=DIRECTION('center_axis',(0.,0.,-1.));
#9528=DIRECTION('ref_axis',(0.000268990775273895,0.999999963821981,0.));
#9529=DIRECTION('',(1.,0.,0.));
#9530=DIRECTION('center_axis',(0.,0.,-1.));
#9531=DIRECTION('ref_axis',(-0.999999984711005,-0.000174865633034401,0.));
#9532=DIRECTION('',(0.,1.,0.));
#9533=DIRECTION('center_axis',(0.,0.,1.));
#9534=DIRECTION('ref_axis',(2.66712952771418E-6,-0.999999999996443,0.));
#9535=DIRECTION('',(1.,0.,0.));
#9536=DIRECTION('center_axis',(0.,0.,1.));
#9537=DIRECTION('ref_axis',(-0.999999999996443,-2.66712958455718E-6,0.));
#9538=DIRECTION('',(0.,-1.,0.));
#9539=DIRECTION('center_axis',(0.,0.,-1.));
#9540=DIRECTION('ref_axis',(9.82671170850291E-5,0.999999995171787,0.));
#9541=DIRECTION('',(1.,0.,0.));
#9542=DIRECTION('center_axis',(0.,0.,-1.));
#9543=DIRECTION('ref_axis',(-0.999999985555262,0.000169969040961145,0.));
#9544=DIRECTION('',(0.,1.,0.));
#9545=DIRECTION('center_axis',(0.,0.,1.));
#9546=DIRECTION('ref_axis',(0.000200685625197228,-0.99999997986264,0.));
#9547=DIRECTION('',(1.,0.,0.));
#9548=DIRECTION('center_axis',(0.,0.,1.));
#9549=DIRECTION('ref_axis',(-0.999999999999985,1.71259759251697E-7,0.));
#9550=DIRECTION('',(0.,-1.,0.));
#9551=DIRECTION('center_axis',(0.,0.,1.));
#9552=DIRECTION('ref_axis',(-2.66713919104318E-6,0.999999999996443,0.));
#9553=DIRECTION('',(-1.,0.,0.));
#9554=DIRECTION('center_axis',(0.,0.,1.));
#9555=DIRECTION('ref_axis',(0.99999999996244,8.66717156045282E-6,0.));
#9556=DIRECTION('',(0.,1.,0.));
#9557=DIRECTION('center_axis',(0.,0.,1.));
#9558=DIRECTION('ref_axis',(8.66717153203182E-6,-0.99999999996244,0.));
#9559=DIRECTION('',(1.,0.,0.));
#9560=DIRECTION('center_axis',(0.,0.,1.));
#9561=DIRECTION('ref_axis',(-0.99999999996244,-8.66717157466382E-6,0.));
#9562=DIRECTION('',(0.,-1.,0.));
#9563=DIRECTION('center_axis',(0.,0.,1.));
#9564=DIRECTION('ref_axis',(-2.66713920525418E-6,0.999999999996443,0.));
#9565=DIRECTION('',(-1.,0.,0.));
#9566=DIRECTION('center_axis',(0.,0.,1.));
#9567=DIRECTION('ref_axis',(0.99999999996244,8.66717156045282E-6,0.));
#9568=DIRECTION('',(0.,1.,0.));
#9569=DIRECTION('center_axis',(0.,0.,1.));
#9570=DIRECTION('ref_axis',(8.66717156045282E-6,-0.99999999996244,0.));
#9571=DIRECTION('',(1.,0.,0.));
#9572=DIRECTION('center_axis',(0.,0.,1.));
#9573=DIRECTION('ref_axis',(-0.99999999996244,-8.66717154624282E-6,0.));
#9574=DIRECTION('',(0.,-1.,0.));
#9575=DIRECTION('center_axis',(0.,0.,1.));
#9576=DIRECTION('ref_axis',(-2.66713916262218E-6,0.999999999996443,0.));
#9577=DIRECTION('',(-1.,0.,0.));
#9578=DIRECTION('center_axis',(0.,0.,1.));
#9579=DIRECTION('ref_axis',(0.99999999996244,8.66717158887481E-6,0.));
#9580=DIRECTION('',(0.,1.,0.));
#9581=DIRECTION('center_axis',(0.,0.,1.));
#9582=DIRECTION('ref_axis',(8.66717151782082E-6,-0.99999999996244,0.));
#9583=DIRECTION('',(1.,0.,0.));
#9584=DIRECTION('center_axis',(0.,0.,1.));
#9585=DIRECTION('ref_axis',(-0.99999999996244,-8.66717151782082E-6,0.));
#9586=DIRECTION('',(0.,-1.,0.));
#9587=DIRECTION('center_axis',(0.,0.,1.));
#9588=DIRECTION('ref_axis',(-2.66713919104318E-6,0.999999999996443,0.));
#9589=DIRECTION('',(-1.,0.,0.));
#9590=DIRECTION('center_axis',(0.,0.,1.));
#9591=DIRECTION('ref_axis',(0.99999999996244,8.66717158887481E-6,0.));
#9592=DIRECTION('',(0.,1.,0.));
#9593=DIRECTION('center_axis',(0.,0.,1.));
#9594=DIRECTION('ref_axis',(8.66717157466382E-6,-0.99999999996244,0.));
#9595=DIRECTION('',(1.,0.,0.));
#9596=DIRECTION('center_axis',(0.,0.,1.));
#9597=DIRECTION('ref_axis',(-0.99999999996244,-8.66717157466382E-6,0.));
#9598=DIRECTION('',(0.,-1.,0.));
#9599=DIRECTION('center_axis',(0.,0.,1.));
#9600=DIRECTION('ref_axis',(-2.66713916262218E-6,0.999999999996443,0.));
#9601=DIRECTION('',(-1.,0.,0.));
#9602=DIRECTION('center_axis',(0.,0.,1.));
#9603=DIRECTION('ref_axis',(0.99999999996244,8.66717153203182E-6,0.));
#9604=DIRECTION('',(0.,1.,0.));
#9605=DIRECTION('center_axis',(0.,0.,1.));
#9606=DIRECTION('ref_axis',(8.66717151782082E-6,-0.99999999996244,0.));
#9607=DIRECTION('',(1.,0.,0.));
#9608=DIRECTION('center_axis',(0.,0.,1.));
#9609=DIRECTION('ref_axis',(-0.99999999996244,-8.66717157466382E-6,0.));
#9610=DIRECTION('',(0.,-1.,0.));
#9611=DIRECTION('center_axis',(0.,0.,1.));
#9612=DIRECTION('ref_axis',(-0.000200699864234156,0.999999979859782,0.));
#9613=DIRECTION('',(-1.,0.,0.));
#9614=DIRECTION('center_axis',(0.,0.,1.));
#9615=DIRECTION('ref_axis',(0.999999979562188,-0.000202177207941938,0.));
#9616=DIRECTION('center_axis',(0.,0.,-1.));
#9617=DIRECTION('ref_axis',(0.000202177208027238,-0.999999979562188,0.));
#9618=DIRECTION('',(-1.,0.,0.));
#9619=DIRECTION('center_axis',(0.,0.,-1.));
#9620=DIRECTION('ref_axis',(0.999999995171787,-9.82671170566191E-5,0.));
#9621=DIRECTION('center_axis',(0.,0.,1.));
#9622=DIRECTION('ref_axis',(-9.82671171702791E-5,0.999999995171787,0.));
#9623=DIRECTION('',(-1.,0.,0.));
#9624=DIRECTION('center_axis',(0.,0.,1.));
#9625=DIRECTION('ref_axis',(0.999999995171787,9.82671170566191E-5,0.));
#9626=DIRECTION('',(0.,1.,0.));
#9627=DIRECTION('center_axis',(0.,0.,1.));
#9628=DIRECTION('ref_axis',(-0.000202191661799554,-0.999999979559266,0.));
#9629=DIRECTION('',(1.,0.,0.));
#9630=DIRECTION('center_axis',(0.,0.,1.));
#9631=DIRECTION('ref_axis',(-0.999999979859782,-0.000200699864347856,0.));
#9632=DIRECTION('',(0.,-1.,0.));
#9633=DIRECTION('center_axis',(0.,0.,-1.));
#9634=DIRECTION('ref_axis',(0.000268990775245495,0.999999963821981,0.));
#9635=DIRECTION('',(1.,0.,0.));
#9636=DIRECTION('center_axis',(0.,0.,-1.));
#9637=DIRECTION('ref_axis',(-0.999999984711005,-0.000174865633034401,0.));
#9638=DIRECTION('',(0.,1.,0.));
#9639=DIRECTION('center_axis',(0.,0.,1.));
#9640=DIRECTION('ref_axis',(8.66717160308581E-6,-0.99999999996244,0.));
#9641=DIRECTION('',(1.,0.,0.));
#9642=DIRECTION('center_axis',(0.,0.,1.));
#9643=DIRECTION('ref_axis',(-0.99999999996244,-8.66717157466382E-6,0.));
#9644=DIRECTION('',(0.,-1.,0.));
#9645=DIRECTION('center_axis',(0.,0.,-1.));
#9646=DIRECTION('ref_axis',(9.82671170566191E-5,0.999999995171787,0.));
#9647=DIRECTION('',(1.,0.,0.));
#9648=DIRECTION('center_axis',(0.,0.,-1.));
#9649=DIRECTION('ref_axis',(-0.999999985555263,0.000169969040847545,0.));
#9650=DIRECTION('',(0.,1.,0.));
#9651=DIRECTION('center_axis',(0.,0.,1.));
#9652=DIRECTION('ref_axis',(0.000200685625282428,-0.99999997986264,0.));
#9653=DIRECTION('',(1.,0.,0.));
#9654=DIRECTION('center_axis',(0.,0.,1.));
#9655=DIRECTION('ref_axis',(-0.999999979562188,0.000202177208055638,0.));
#9656=DIRECTION('',(0.,-1.,0.));
#9657=DIRECTION('center_axis',(0.,0.,-1.));
#9658=DIRECTION('ref_axis',(0.,-1.,0.));
#9659=DIRECTION('center_axis',(0.,0.,1.));
#9660=DIRECTION('ref_axis',(-2.66713924788718E-6,0.999999999996443,0.));
#9661=DIRECTION('',(-1.,0.,0.));
#9662=DIRECTION('center_axis',(0.,0.,1.));
#9663=DIRECTION('ref_axis',(0.99999999996244,8.66717151782082E-6,0.));
#9664=DIRECTION('',(0.,1.,0.));
#9665=DIRECTION('center_axis',(0.,0.,1.));
#9666=DIRECTION('ref_axis',(8.66717154624182E-6,-0.99999999996244,0.));
#9667=DIRECTION('',(1.,0.,0.));
#9668=DIRECTION('center_axis',(0.,0.,1.));
#9669=DIRECTION('ref_axis',(-0.99999999996244,-8.66717157466382E-6,0.));
#9670=DIRECTION('',(0.,-1.,0.));
#9671=DIRECTION('center_axis',(0.,0.,1.));
#9672=DIRECTION('ref_axis',(-2.66713924788718E-6,0.999999999996443,0.));
#9673=DIRECTION('',(-1.,0.,0.));
#9674=DIRECTION('center_axis',(0.,0.,1.));
#9675=DIRECTION('ref_axis',(0.99999999996244,8.66717151782082E-6,0.));
#9676=DIRECTION('',(0.,1.,0.));
#9677=DIRECTION('center_axis',(0.,0.,1.));
#9678=DIRECTION('ref_axis',(8.66717160308581E-6,-0.99999999996244,0.));
#9679=DIRECTION('',(1.,0.,0.));
#9680=DIRECTION('center_axis',(0.,0.,1.));
#9681=DIRECTION('ref_axis',(-0.99999999996244,-8.66717157466382E-6,0.));
#9682=DIRECTION('',(0.,-1.,0.));
#9683=DIRECTION('center_axis',(0.,0.,1.));
#9684=DIRECTION('ref_axis',(-2.66713924788718E-6,0.999999999996443,0.));
#9685=DIRECTION('',(-1.,0.,0.));
#9686=DIRECTION('center_axis',(0.,0.,1.));
#9687=DIRECTION('ref_axis',(0.99999999996244,8.66717151782082E-6,0.));
#9688=DIRECTION('',(0.,1.,0.));
#9689=DIRECTION('center_axis',(0.,0.,1.));
#9690=DIRECTION('ref_axis',(8.66717154624182E-6,-0.99999999996244,0.));
#9691=DIRECTION('',(1.,0.,0.));
#9692=DIRECTION('center_axis',(0.,0.,1.));
#9693=DIRECTION('ref_axis',(-0.99999999996244,-8.66717157466382E-6,0.));
#9694=DIRECTION('',(0.,-1.,0.));
#9695=DIRECTION('center_axis',(0.,0.,1.));
#9696=DIRECTION('ref_axis',(-2.66713919104318E-6,0.999999999996443,0.));
#9697=DIRECTION('',(-1.,0.,0.));
#9698=DIRECTION('center_axis',(0.,0.,1.));
#9699=DIRECTION('ref_axis',(0.999999999996443,2.66712948508118E-6,0.));
#9700=DIRECTION('',(0.,1.,0.));
#9701=DIRECTION('center_axis',(0.,0.,1.));
#9702=DIRECTION('ref_axis',(8.66717154624282E-6,-0.99999999996244,0.));
#9703=DIRECTION('',(1.,0.,0.));
#9704=DIRECTION('center_axis',(0.,0.,1.));
#9705=DIRECTION('ref_axis',(-0.99999999996244,-8.66717157466382E-6,0.));
#9706=DIRECTION('',(0.,-1.,0.));
#9707=DIRECTION('center_axis',(0.,0.,1.));
#9708=DIRECTION('ref_axis',(-2.66713919104318E-6,0.999999999996443,0.));
#9709=DIRECTION('',(-1.,0.,0.));
#9710=DIRECTION('center_axis',(0.,0.,1.));
#9711=DIRECTION('ref_axis',(0.99999999996244,8.66717153203182E-6,0.));
#9712=DIRECTION('',(0.,1.,0.));
#9713=DIRECTION('center_axis',(0.,0.,1.));
#9714=DIRECTION('ref_axis',(8.66717160308581E-6,-0.99999999996244,0.));
#9715=DIRECTION('',(1.,0.,0.));
#9716=DIRECTION('center_axis',(0.,0.,1.));
#9717=DIRECTION('ref_axis',(-0.99999999996244,-8.66717151782082E-6,0.));
#9718=DIRECTION('',(0.,-1.,0.));
#9719=DIRECTION('center_axis',(0.,0.,1.));
#9720=DIRECTION('ref_axis',(-2.66713919104318E-6,0.999999999996443,0.));
#9721=DIRECTION('',(-1.,0.,0.));
#9722=DIRECTION('center_axis',(0.,0.,1.));
#9723=DIRECTION('ref_axis',(0.99999999996244,8.66717153203182E-6,0.));
#9724=DIRECTION('',(0.,1.,0.));
#9725=DIRECTION('center_axis',(0.,0.,1.));
#9726=DIRECTION('ref_axis',(8.66717148939881E-6,-0.99999999996244,0.));
#9727=DIRECTION('',(1.,0.,0.));
#9728=DIRECTION('center_axis',(0.,0.,1.));
#9729=DIRECTION('ref_axis',(-0.99999999996244,-8.66717151782082E-6,0.));
#9730=DIRECTION('',(0.,-1.,0.));
#9731=DIRECTION('center_axis',(0.,0.,1.));
#9732=DIRECTION('ref_axis',(-2.66713924788618E-6,0.999999999996443,0.));
#9733=DIRECTION('',(-1.,0.,0.));
#9734=DIRECTION('center_axis',(0.,0.,1.));
#9735=DIRECTION('ref_axis',(0.99999999996244,8.66717163150681E-6,0.));
#9736=DIRECTION('',(0.,1.,0.));
#9737=DIRECTION('center_axis',(0.,0.,1.));
#9738=DIRECTION('ref_axis',(8.66717148939881E-6,-0.99999999996244,0.));
#9739=DIRECTION('',(1.,0.,0.));
#9740=DIRECTION('center_axis',(0.,0.,1.));
#9741=DIRECTION('ref_axis',(-0.99999999996244,-8.66717163150681E-6,0.));
#9742=DIRECTION('',(0.,-1.,0.));
#9743=DIRECTION('center_axis',(0.,0.,1.));
#9744=DIRECTION('ref_axis',(-2.66713919104318E-6,0.999999999996443,0.));
#9745=DIRECTION('',(-1.,0.,0.));
#9746=DIRECTION('center_axis',(0.,0.,1.));
#9747=DIRECTION('ref_axis',(0.99999999996244,8.66717153203182E-6,0.));
#9748=DIRECTION('',(0.,1.,0.));
#9749=DIRECTION('center_axis',(0.,0.,1.));
#9750=DIRECTION('ref_axis',(8.66717160308581E-6,-0.99999999996244,0.));
#9751=DIRECTION('',(1.,0.,0.));
#9752=DIRECTION('center_axis',(0.,0.,1.));
#9753=DIRECTION('ref_axis',(-0.99999999996244,-8.66717151782082E-6,0.));
#9754=DIRECTION('',(0.,-1.,0.));
#9755=DIRECTION('center_axis',(0.,0.,1.));
#9756=DIRECTION('ref_axis',(-2.66713919104318E-6,0.999999999996443,0.));
#9757=DIRECTION('',(-1.,0.,0.));
#9758=DIRECTION('center_axis',(0.,0.,1.));
#9759=DIRECTION('ref_axis',(0.99999999996244,8.66717153203182E-6,0.));
#9760=DIRECTION('',(0.,1.,0.));
#9761=DIRECTION('center_axis',(0.,0.,1.));
#9762=DIRECTION('ref_axis',(8.66717148939881E-6,-0.99999999996244,0.));
#9763=DIRECTION('',(1.,0.,0.));
#9764=DIRECTION('center_axis',(0.,0.,1.));
#9765=DIRECTION('ref_axis',(-0.99999999996244,-8.66717151782082E-6,0.));
#9766=DIRECTION('',(0.,-1.,0.));
#9767=DIRECTION('center_axis',(0.,0.,1.));
#9768=DIRECTION('ref_axis',(-2.66713916262218E-6,0.999999999996443,0.));
#9769=DIRECTION('',(-1.,0.,0.));
#9770=DIRECTION('center_axis',(0.,0.,1.));
#9771=DIRECTION('ref_axis',(0.99999999996244,8.66717157466382E-6,0.));
#9772=DIRECTION('',(0.,1.,0.));
#9773=DIRECTION('center_axis',(0.,0.,1.));
#9774=DIRECTION('ref_axis',(2.66712952060818E-6,-0.999999999996443,0.));
#9775=DIRECTION('',(1.,0.,0.));
#9776=DIRECTION('center_axis',(0.,0.,1.));
#9777=DIRECTION('ref_axis',(-0.99999999996244,-8.66717156045282E-6,0.));
#9778=DIRECTION('',(0.,-1.,0.));
#9779=DIRECTION('center_axis',(0.,0.,-1.));
#9780=DIRECTION('ref_axis',(0.,-1.,0.));
#9781=DIRECTION('center_axis',(0.,0.,1.));
#9782=DIRECTION('ref_axis',(-2.66713914841118E-6,0.999999999996443,0.));
#9783=DIRECTION('',(-1.,0.,0.));
#9784=DIRECTION('center_axis',(0.,0.,1.));
#9785=DIRECTION('ref_axis',(0.99999999996244,8.66717156045282E-6,0.));
#9786=DIRECTION('',(0.,1.,0.));
#9787=DIRECTION('center_axis',(0.,0.,1.));
#9788=DIRECTION('ref_axis',(8.66717157466382E-6,-0.99999999996244,0.));
#9789=DIRECTION('',(1.,0.,0.));
#9790=DIRECTION('center_axis',(0.,0.,1.));
#9791=DIRECTION('ref_axis',(-0.99999999996244,-8.66717156045282E-6,0.));
#9792=DIRECTION('',(0.,-1.,0.));
#9793=DIRECTION('center_axis',(0.,0.,1.));
#9794=DIRECTION('ref_axis',(-2.66713916262218E-6,0.999999999996443,0.));
#9795=DIRECTION('',(-1.,0.,0.));
#9796=DIRECTION('center_axis',(0.,0.,1.));
#9797=DIRECTION('ref_axis',(0.99999999996244,8.66717153203182E-6,0.));
#9798=DIRECTION('',(0.,1.,0.));
#9799=DIRECTION('center_axis',(0.,0.,1.));
#9800=DIRECTION('ref_axis',(2.66712949929218E-6,-0.999999999996443,0.));
#9801=DIRECTION('',(1.,0.,0.));
#9802=DIRECTION('center_axis',(0.,0.,1.));
#9803=DIRECTION('ref_axis',(-0.99999999996244,-8.66717156045282E-6,0.));
#9804=DIRECTION('',(0.,-1.,0.));
#9805=DIRECTION('center_axis',(0.,0.,1.));
#9806=DIRECTION('ref_axis',(-2.66713919104318E-6,0.999999999996443,0.));
#9807=DIRECTION('',(-1.,0.,0.));
#9808=DIRECTION('center_axis',(0.,0.,1.));
#9809=DIRECTION('ref_axis',(0.99999999996244,8.66717158887481E-6,0.));
#9810=DIRECTION('',(0.,1.,0.));
#9811=DIRECTION('center_axis',(0.,0.,1.));
#9812=DIRECTION('ref_axis',(2.66712958455718E-6,-0.999999999996443,0.));
#9813=DIRECTION('',(1.,0.,0.));
#9814=DIRECTION('center_axis',(0.,0.,1.));
#9815=DIRECTION('ref_axis',(-0.99999999996244,-8.66717158887481E-6,0.));
#9816=DIRECTION('',(0.,-1.,0.));
#9817=DIRECTION('center_axis',(0.,0.,1.));
#9818=DIRECTION('ref_axis',(-2.66713921946518E-6,0.999999999996443,0.));
#9819=DIRECTION('',(-1.,0.,0.));
#9820=DIRECTION('center_axis',(0.,0.,1.));
#9821=DIRECTION('ref_axis',(0.999999999996443,2.66712954192518E-6,0.));
#9822=DIRECTION('',(0.,1.,0.));
#9823=DIRECTION('center_axis',(0.,0.,1.));
#9824=DIRECTION('ref_axis',(8.66717154624282E-6,-0.99999999996244,0.));
#9825=DIRECTION('',(1.,0.,0.));
#9826=DIRECTION('center_axis',(0.,0.,1.));
#9827=DIRECTION('ref_axis',(-0.99999999996244,-8.66717158887481E-6,0.));
#9828=DIRECTION('',(0.,-1.,0.));
#9829=DIRECTION('center_axis',(0.,0.,1.));
#9830=DIRECTION('ref_axis',(-2.66713913420018E-6,0.999999999996443,0.));
#9831=DIRECTION('',(-1.,0.,0.));
#9832=DIRECTION('center_axis',(0.,0.,1.));
#9833=DIRECTION('ref_axis',(0.99999999996244,8.66717158887481E-6,0.));
#9834=DIRECTION('',(0.,1.,0.));
#9835=DIRECTION('center_axis',(0.,0.,1.));
#9836=DIRECTION('ref_axis',(2.66712949929218E-6,-0.999999999996443,0.));
#9837=DIRECTION('',(1.,0.,0.));
#9838=DIRECTION('center_axis',(0.,0.,1.));
#9839=DIRECTION('ref_axis',(-0.99999999996244,-8.66717153203182E-6,0.));
#9840=DIRECTION('',(0.,-1.,0.));
#9841=DIRECTION('center_axis',(0.,0.,1.));
#9842=DIRECTION('ref_axis',(-2.66713918749118E-6,0.999999999996443,0.));
#9843=DIRECTION('',(-1.,0.,0.));
#9844=DIRECTION('center_axis',(0.,0.,1.));
#9845=DIRECTION('ref_axis',(0.999999999996443,2.66712953481918E-6,0.));
#9846=DIRECTION('',(0.,1.,0.));
#9847=DIRECTION('center_axis',(0.,0.,1.));
#9848=DIRECTION('ref_axis',(8.66717156755882E-6,-0.99999999996244,0.));
#9849=DIRECTION('',(1.,0.,0.));
#9850=DIRECTION('center_axis',(0.,0.,1.));
#9851=DIRECTION('ref_axis',(-0.99999999996244,-8.66717156045282E-6,0.));
#9852=DIRECTION('',(0.,-1.,0.));
#9853=DIRECTION('center_axis',(0.,0.,1.));
#9854=DIRECTION('ref_axis',(-2.66713918393818E-6,0.999999999996443,0.));
#9855=DIRECTION('',(-1.,0.,0.));
#9856=DIRECTION('center_axis',(0.,0.,1.));
#9857=DIRECTION('ref_axis',(0.999999999996443,2.66712952060818E-6,0.));
#9858=DIRECTION('',(0.,1.,0.));
#9859=DIRECTION('center_axis',(0.,0.,1.));
#9860=DIRECTION('ref_axis',(8.66717154624282E-6,-0.99999999996244,0.));
#9861=DIRECTION('',(1.,0.,0.));
#9862=DIRECTION('center_axis',(0.,0.,1.));
#9863=DIRECTION('ref_axis',(-0.99999999996244,-8.66717156045282E-6,0.));
#9864=DIRECTION('',(0.,-1.,0.));
#9865=DIRECTION('center_axis',(0.,0.,1.));
#9866=DIRECTION('ref_axis',(-2.66713920525418E-6,0.999999999996443,0.));
#9867=DIRECTION('',(-1.,0.,0.));
#9868=DIRECTION('center_axis',(0.,0.,1.));
#9869=DIRECTION('ref_axis',(0.99999999996244,8.66717160308581E-6,0.));
#9870=DIRECTION('',(0.,1.,0.));
#9871=DIRECTION('center_axis',(0.,0.,1.));
#9872=DIRECTION('ref_axis',(8.66717156045282E-6,-0.99999999996244,0.));
#9873=DIRECTION('',(1.,0.,0.));
#9874=DIRECTION('center_axis',(0.,0.,1.));
#9875=DIRECTION('ref_axis',(-0.99999999996244,-8.66717156045282E-6,0.));
#9876=DIRECTION('',(0.,-1.,0.));
#9877=DIRECTION('center_axis',(0.,0.,1.));
#9878=DIRECTION('ref_axis',(-2.66713916262218E-6,0.999999999996443,0.));
#9879=DIRECTION('',(-1.,0.,0.));
#9880=DIRECTION('center_axis',(0.,0.,1.));
#9881=DIRECTION('ref_axis',(0.99999999996244,8.66717159597981E-6,0.));
#9882=DIRECTION('',(0.,1.,0.));
#9883=DIRECTION('center_axis',(0.,0.,1.));
#9884=DIRECTION('ref_axis',(8.66717154624282E-6,-0.99999999996244,0.));
#9885=DIRECTION('',(1.,0.,0.));
#9886=DIRECTION('center_axis',(0.,0.,1.));
#9887=DIRECTION('ref_axis',(-0.99999999996244,-8.66717153203182E-6,0.));
#9888=DIRECTION('',(0.,-1.,0.));
#9889=DIRECTION('center_axis',(0.,0.,1.));
#9890=DIRECTION('ref_axis',(-2.66713916262218E-6,0.999999999996443,0.));
#9891=DIRECTION('',(-1.,0.,0.));
#9892=DIRECTION('center_axis',(0.,0.,1.));
#9893=DIRECTION('ref_axis',(0.99999999996244,8.66717154624282E-6,0.));
#9894=DIRECTION('',(0.,1.,0.));
#9895=DIRECTION('center_axis',(0.,0.,1.));
#9896=DIRECTION('ref_axis',(2.66712949929218E-6,-0.999999999996443,0.));
#9897=DIRECTION('',(1.,0.,0.));
#9898=DIRECTION('center_axis',(0.,0.,1.));
#9899=DIRECTION('ref_axis',(-0.99999999996244,-8.66717153203182E-6,0.));
#9900=DIRECTION('',(0.,-1.,0.));
#9901=DIRECTION('center_axis',(0.,0.,1.));
#9902=DIRECTION('ref_axis',(-2.66713916262218E-6,0.999999999996443,0.));
#9903=DIRECTION('',(-1.,0.,0.));
#9904=DIRECTION('center_axis',(0.,0.,1.));
#9905=DIRECTION('ref_axis',(0.99999999996244,8.66717154624282E-6,0.));
#9906=DIRECTION('',(0.,1.,0.));
#9907=DIRECTION('center_axis',(0.,0.,1.));
#9908=DIRECTION('ref_axis',(2.66712949929218E-6,-0.999999999996443,0.));
#9909=DIRECTION('',(1.,0.,0.));
#9910=DIRECTION('center_axis',(0.,0.,1.));
#9911=DIRECTION('ref_axis',(-0.99999999996244,-8.66717158887481E-6,0.));
#9912=DIRECTION('',(0.,-1.,0.));
#9913=DIRECTION('center_axis',(0.,0.,1.));
#9914=DIRECTION('ref_axis',(-2.66713924788718E-6,0.999999999996443,0.));
#9915=DIRECTION('',(-1.,0.,0.));
#9916=DIRECTION('center_axis',(0.,0.,1.));
#9917=DIRECTION('ref_axis',(0.999999999996443,2.66712958455718E-6,0.));
#9918=DIRECTION('',(0.,1.,0.));
#9919=DIRECTION('center_axis',(0.,0.,1.));
#9920=DIRECTION('ref_axis',(8.66717148939881E-6,-0.99999999996244,0.));
#9921=DIRECTION('',(1.,0.,0.));
#9922=DIRECTION('center_axis',(0.,0.,1.));
#9923=DIRECTION('ref_axis',(-0.99999999996244,-8.66717163150681E-6,0.));
#9924=DIRECTION('',(0.,-1.,0.));
#9925=DIRECTION('center_axis',(0.,0.,1.));
#9926=DIRECTION('ref_axis',(-2.66713919104418E-6,0.999999999996443,0.));
#9927=DIRECTION('',(-1.,0.,0.));
#9928=DIRECTION('center_axis',(0.,0.,1.));
#9929=DIRECTION('ref_axis',(0.99999999996244,8.66717153203182E-6,0.));
#9930=DIRECTION('',(0.,1.,0.));
#9931=DIRECTION('center_axis',(0.,0.,1.));
#9932=DIRECTION('ref_axis',(8.66717160308581E-6,-0.99999999996244,0.));
#9933=DIRECTION('',(1.,0.,0.));
#9934=DIRECTION('center_axis',(0.,0.,1.));
#9935=DIRECTION('ref_axis',(-0.99999999996244,-8.66717153203182E-6,0.));
#9936=DIRECTION('',(0.,-1.,0.));
#9937=DIRECTION('center_axis',(0.,0.,1.));
#9938=DIRECTION('ref_axis',(-2.66713913420018E-6,0.999999999996443,0.));
#9939=DIRECTION('',(-1.,0.,0.));
#9940=DIRECTION('center_axis',(0.,0.,1.));
#9941=DIRECTION('ref_axis',(0.99999999996244,8.66717153203182E-6,0.));
#9942=DIRECTION('',(0.,1.,0.));
#9943=DIRECTION('center_axis',(0.,0.,1.));
#9944=DIRECTION('ref_axis',(8.66717154624282E-6,-0.99999999996244,0.));
#9945=DIRECTION('',(1.,0.,0.));
#9946=DIRECTION('center_axis',(0.,0.,1.));
#9947=DIRECTION('ref_axis',(-0.99999999996244,-8.66717153203182E-6,0.));
#9948=DIRECTION('',(0.,-1.,0.));
#9949=DIRECTION('center_axis',(0.,0.,1.));
#9950=DIRECTION('ref_axis',(-2.66713919104418E-6,0.999999999996443,0.));
#9951=DIRECTION('',(-1.,0.,0.));
#9952=DIRECTION('center_axis',(0.,0.,1.));
#9953=DIRECTION('ref_axis',(0.99999999996244,8.66717153203182E-6,0.));
#9954=DIRECTION('',(0.,1.,0.));
#9955=DIRECTION('center_axis',(0.,0.,1.));
#9956=DIRECTION('ref_axis',(8.66717160308581E-6,-0.99999999996244,0.));
#9957=DIRECTION('',(1.,0.,0.));
#9958=DIRECTION('center_axis',(0.,0.,1.));
#9959=DIRECTION('ref_axis',(-0.99999999996244,-8.66717153203182E-6,0.));
#9960=DIRECTION('',(0.,-1.,0.));
#9961=DIRECTION('center_axis',(0.,0.,1.));
#9962=DIRECTION('ref_axis',(-2.66713913420018E-6,0.999999999996443,0.));
#9963=DIRECTION('',(-1.,0.,0.));
#9964=DIRECTION('center_axis',(0.,0.,1.));
#9965=DIRECTION('ref_axis',(0.99999999996244,8.66717153203182E-6,0.));
#9966=DIRECTION('',(0.,1.,0.));
#9967=DIRECTION('center_axis',(0.,0.,1.));
#9968=DIRECTION('ref_axis',(8.66717154624282E-6,-0.99999999996244,0.));
#9969=DIRECTION('',(1.,0.,0.));
#9970=DIRECTION('center_axis',(0.,0.,1.));
#9971=DIRECTION('ref_axis',(-0.99999999996244,-8.66717153203182E-6,0.));
#9972=DIRECTION('',(0.,-1.,0.));
#9973=DIRECTION('center_axis',(0.,0.,-1.));
#9974=DIRECTION('ref_axis',(0.,-1.,0.));
#9975=DIRECTION('center_axis',(0.,0.,1.));
#9976=DIRECTION('ref_axis',(-2.66713919104318E-6,0.999999999996443,0.));
#9977=DIRECTION('',(-1.,0.,0.));
#9978=DIRECTION('center_axis',(0.,0.,1.));
#9979=DIRECTION('ref_axis',(0.999999999996443,2.66712949218718E-6,0.));
#9980=DIRECTION('',(0.,1.,0.));
#9981=DIRECTION('center_axis',(0.,0.,1.));
#9982=DIRECTION('ref_axis',(8.66717154624282E-6,-0.99999999996244,0.));
#9983=DIRECTION('',(1.,0.,0.));
#9984=DIRECTION('center_axis',(0.,0.,1.));
#9985=DIRECTION('ref_axis',(-0.99999999996244,-8.66717158887481E-6,0.));
#9986=DIRECTION('',(0.,-1.,0.));
#9987=DIRECTION('center_axis',(0.,0.,1.));
#9988=DIRECTION('ref_axis',(-2.66713919104318E-6,0.999999999996443,0.));
#9989=DIRECTION('',(-1.,0.,0.));
#9990=DIRECTION('center_axis',(0.,0.,1.));
#9991=DIRECTION('ref_axis',(0.99999999996244,8.66717154624282E-6,0.));
#9992=DIRECTION('',(0.,1.,0.));
#9993=DIRECTION('center_axis',(0.,0.,1.));
#9994=DIRECTION('ref_axis',(8.66717160308581E-6,-0.99999999996244,0.));
#9995=DIRECTION('',(1.,0.,0.));
#9996=DIRECTION('center_axis',(0.,0.,1.));
#9997=DIRECTION('ref_axis',(-0.99999999996244,-8.66717153203182E-6,0.));
#9998=DIRECTION('',(0.,-1.,0.));
#9999=DIRECTION('center_axis',(0.,0.,1.));
#10000=DIRECTION('ref_axis',(-2.66713919104318E-6,0.999999999996443,0.));
#10001=DIRECTION('',(-1.,0.,0.));
#10002=DIRECTION('center_axis',(0.,0.,1.));
#10003=DIRECTION('ref_axis',(0.999999999996443,2.66712949218718E-6,0.));
#10004=DIRECTION('',(0.,1.,0.));
#10005=DIRECTION('center_axis',(0.,0.,1.));
#10006=DIRECTION('ref_axis',(8.66717148939881E-6,-0.99999999996244,0.));
#10007=DIRECTION('',(1.,0.,0.));
#10008=DIRECTION('center_axis',(0.,0.,1.));
#10009=DIRECTION('ref_axis',(-0.99999999996244,-8.66717153203182E-6,0.));
#10010=DIRECTION('',(0.,-1.,0.));
#10011=DIRECTION('center_axis',(0.,0.,1.));
#10012=DIRECTION('ref_axis',(-2.66713924788618E-6,0.999999999996443,0.));
#10013=DIRECTION('',(-1.,0.,0.));
#10014=DIRECTION('center_axis',(0.,0.,1.));
#10015=DIRECTION('ref_axis',(0.99999999996244,8.66717164571781E-6,0.));
#10016=DIRECTION('',(0.,1.,0.));
#10017=DIRECTION('center_axis',(0.,0.,1.));
#10018=DIRECTION('ref_axis',(2.66712947087118E-6,-0.999999999996443,0.));
#10019=DIRECTION('',(1.,0.,0.));
#10020=DIRECTION('center_axis',(0.,0.,1.));
#10021=DIRECTION('ref_axis',(-0.99999999996244,-8.66717163150681E-6,0.));
#10022=DIRECTION('',(0.,-1.,0.));
#10023=DIRECTION('center_axis',(0.,0.,1.));
#10024=DIRECTION('ref_axis',(-2.66713913420018E-6,0.999999999996443,0.));
#10025=DIRECTION('',(-1.,0.,0.));
#10026=DIRECTION('center_axis',(0.,0.,1.));
#10027=DIRECTION('ref_axis',(0.999999999996443,2.66712949218718E-6,0.));
#10028=DIRECTION('',(0.,1.,0.));
#10029=DIRECTION('center_axis',(0.,0.,1.));
#10030=DIRECTION('ref_axis',(8.66717154624282E-6,-0.99999999996244,0.));
#10031=DIRECTION('',(1.,0.,0.));
#10032=DIRECTION('center_axis',(0.,0.,1.));
#10033=DIRECTION('ref_axis',(-0.99999999996244,-8.66717153203182E-6,0.));
#10034=DIRECTION('',(0.,-1.,0.));
#10035=DIRECTION('center_axis',(0.,0.,1.));
#10036=DIRECTION('ref_axis',(-2.66713913420018E-6,0.999999999996443,0.));
#10037=DIRECTION('',(-1.,0.,0.));
#10038=DIRECTION('center_axis',(0.,0.,1.));
#10039=DIRECTION('ref_axis',(0.99999999996244,8.66717154624182E-6,0.));
#10040=DIRECTION('',(0.,1.,0.));
#10041=DIRECTION('center_axis',(0.,0.,1.));
#10042=DIRECTION('ref_axis',(8.66717154624282E-6,-0.99999999996244,0.));
#10043=DIRECTION('',(1.,0.,0.));
#10044=DIRECTION('center_axis',(0.,0.,1.));
#10045=DIRECTION('ref_axis',(-0.99999999996244,-8.66717153203182E-6,0.));
#10046=DIRECTION('',(0.,-1.,0.));
#10047=DIRECTION('center_axis',(0.,0.,-1.));
#10048=DIRECTION('ref_axis',(-0.999999999999999,3.254771403824E-8,0.));
#10049=DIRECTION('',(0.,0.,1.));
#10050=DIRECTION('center_axis',(0.,0.,-1.));
#10051=DIRECTION('ref_axis',(0.999999999999766,6.8434766794574E-7,0.));
#10052=DIRECTION('',(0.,0.,1.));
#10053=DIRECTION('center_axis',(-1.,0.,0.));
#10054=DIRECTION('ref_axis',(0.,1.,0.));
#10055=DIRECTION('',(0.,0.,1.));
#10056=DIRECTION('center_axis',(0.,-1.,0.));
#10057=DIRECTION('ref_axis',(-1.,0.,0.));
#10058=DIRECTION('',(0.,0.,1.));
#10059=DIRECTION('center_axis',(0.,0.,-1.));
#10060=DIRECTION('ref_axis',(-3.254771180031E-8,-0.999999999999999,0.));
#10061=DIRECTION('center_axis',(0.,0.,-1.));
#10062=DIRECTION('ref_axis',(-2.66713921236018E-6,0.999999999996443,0.));
#10063=DIRECTION('',(0.,0.,1.));
#10064=DIRECTION('',(0.,0.,1.));
#10065=DIRECTION('center_axis',(0.,-1.,0.));
#10066=DIRECTION('ref_axis',(-1.,0.,0.));
#10067=DIRECTION('',(0.,0.,1.));
#10068=DIRECTION('center_axis',(1.,0.,0.));
#10069=DIRECTION('ref_axis',(0.,-1.,0.));
#10070=DIRECTION('',(0.,0.,1.));
#10071=DIRECTION('center_axis',(0.,0.,-1.));
#10072=DIRECTION('ref_axis',(0.99999999996244,8.66717154624182E-6,0.));
#10073=DIRECTION('',(0.,0.,1.));
#10074=DIRECTION('center_axis',(0.,0.,-1.));
#10075=DIRECTION('ref_axis',(-0.99999999996244,-8.66717160308482E-6,0.));
#10076=DIRECTION('',(0.,0.,1.));
#10077=DIRECTION('center_axis',(-1.,0.,0.));
#10078=DIRECTION('ref_axis',(0.,1.,0.));
#10079=DIRECTION('',(0.,0.,1.));
#10080=DIRECTION('center_axis',(0.,1.,0.));
#10081=DIRECTION('ref_axis',(1.,0.,0.));
#10082=DIRECTION('',(0.,0.,1.));
#10083=DIRECTION('center_axis',(0.,0.,-1.));
#10084=DIRECTION('ref_axis',(8.66717159597981E-6,-0.99999999996244,0.));
#10085=DIRECTION('center_axis',(0.,0.,-1.));
#10086=DIRECTION('ref_axis',(-2.66713919104318E-6,0.999999999996443,0.));
#10087=DIRECTION('',(0.,0.,1.));
#10088=DIRECTION('',(0.,0.,1.));
#10089=DIRECTION('center_axis',(0.,-1.,0.));
#10090=DIRECTION('ref_axis',(-1.,0.,0.));
#10091=DIRECTION('',(0.,0.,1.));
#10092=DIRECTION('center_axis',(1.,0.,0.));
#10093=DIRECTION('ref_axis',(0.,-1.,0.));
#10094=DIRECTION('',(0.,0.,1.));
#10095=DIRECTION('center_axis',(0.,0.,-1.));
#10096=DIRECTION('ref_axis',(0.99999999996244,8.66717154624282E-6,0.));
#10097=DIRECTION('',(0.,0.,1.));
#10098=DIRECTION('center_axis',(0.,0.,-1.));
#10099=DIRECTION('ref_axis',(-0.99999999996244,-8.66717160308581E-6,0.));
#10100=DIRECTION('',(0.,0.,1.));
#10101=DIRECTION('center_axis',(-1.,0.,0.));
#10102=DIRECTION('ref_axis',(0.,1.,0.));
#10103=DIRECTION('',(0.,0.,1.));
#10104=DIRECTION('center_axis',(0.,1.,0.));
#10105=DIRECTION('ref_axis',(1.,0.,0.));
#10106=DIRECTION('',(0.,0.,1.));
#10107=DIRECTION('center_axis',(0.,0.,-1.));
#10108=DIRECTION('ref_axis',(8.66717158887481E-6,-0.99999999996244,0.));
#10109=DIRECTION('center_axis',(0.,0.,-1.));
#10110=DIRECTION('ref_axis',(-2.66713920525418E-6,0.999999999996443,0.));
#10111=DIRECTION('',(0.,0.,1.));
#10112=DIRECTION('',(0.,0.,1.));
#10113=DIRECTION('center_axis',(0.,-1.,0.));
#10114=DIRECTION('ref_axis',(-1.,0.,0.));
#10115=DIRECTION('',(0.,0.,1.));
#10116=DIRECTION('center_axis',(1.,0.,0.));
#10117=DIRECTION('ref_axis',(0.,-1.,0.));
#10118=DIRECTION('',(0.,0.,1.));
#10119=DIRECTION('center_axis',(0.,0.,-1.));
#10120=DIRECTION('ref_axis',(0.99999999996244,8.66717151782082E-6,0.));
#10121=DIRECTION('',(0.,0.,1.));
#10122=DIRECTION('center_axis',(0.,0.,-1.));
#10123=DIRECTION('ref_axis',(-0.99999999996244,-8.66717160308581E-6,0.));
#10124=DIRECTION('',(0.,0.,1.));
#10125=DIRECTION('center_axis',(-1.,0.,0.));
#10126=DIRECTION('ref_axis',(0.,1.,0.));
#10127=DIRECTION('',(0.,0.,1.));
#10128=DIRECTION('center_axis',(0.,1.,0.));
#10129=DIRECTION('ref_axis',(1.,0.,0.));
#10130=DIRECTION('',(0.,0.,1.));
#10131=DIRECTION('center_axis',(0.,0.,-1.));
#10132=DIRECTION('ref_axis',(8.66717157466382E-6,-0.99999999996244,0.));
#10133=DIRECTION('center_axis',(0.,0.,-1.));
#10134=DIRECTION('ref_axis',(-1.2918958832E-14,-1.,0.));
#10135=DIRECTION('',(0.,0.,-1.));
#10136=DIRECTION('center_axis',(0.,0.,-1.));
#10137=DIRECTION('ref_axis',(-0.000200699864319456,0.999999979859782,0.));
#10138=DIRECTION('',(0.,0.,1.));
#10139=DIRECTION('',(0.,0.,1.));
#10140=DIRECTION('center_axis',(0.,-1.,0.));
#10141=DIRECTION('ref_axis',(-1.,0.,0.));
#10142=DIRECTION('',(0.,0.,1.));
#10143=DIRECTION('center_axis',(1.,0.,0.));
#10144=DIRECTION('ref_axis',(0.,-1.,0.));
#10145=DIRECTION('',(0.,0.,1.));
#10146=DIRECTION('center_axis',(0.,0.,-1.));
#10147=DIRECTION('ref_axis',(0.999999979562188,-0.000202177207998838,0.));
#10148=DIRECTION('',(0.,0.,1.));
#10149=DIRECTION('center_axis',(0.,0.,-1.));
#10150=DIRECTION('ref_axis',(-0.999999999999985,1.71259759251697E-7,0.));
#10151=DIRECTION('',(0.,0.,1.));
#10152=DIRECTION('center_axis',(0.,0.,-1.));
#10153=DIRECTION('ref_axis',(0.000202177207998838,-0.999999979562188,0.));
#10154=DIRECTION('',(0.,0.,1.));
#10155=DIRECTION('center_axis',(0.,1.,0.));
#10156=DIRECTION('ref_axis',(1.,0.,0.));
#10157=DIRECTION('',(0.,0.,1.));
#10158=DIRECTION('center_axis',(0.,-1.,0.));
#10159=DIRECTION('ref_axis',(-1.,0.,0.));
#10160=DIRECTION('',(0.,0.,1.));
#10161=DIRECTION('center_axis',(0.,0.,-1.));
#10162=DIRECTION('ref_axis',(0.000200685625197228,-0.99999997986264,0.));
#10163=DIRECTION('',(0.,0.,1.));
#10164=DIRECTION('center_axis',(0.,0.,-1.));
#10165=DIRECTION('ref_axis',(0.999999995171787,-9.82671171134491E-5,0.));
#10166=DIRECTION('',(0.,0.,1.));
#10167=DIRECTION('center_axis',(-1.,0.,0.));
#10168=DIRECTION('ref_axis',(0.,1.,0.));
#10169=DIRECTION('',(0.,0.,1.));
#10170=DIRECTION('center_axis',(0.,0.,-1.));
#10171=DIRECTION('ref_axis',(-9.82671171134491E-5,0.999999995171787,0.));
#10172=DIRECTION('',(0.,0.,1.));
#10173=DIRECTION('center_axis',(0.,0.,-1.));
#10174=DIRECTION('ref_axis',(-0.999999985555262,0.000169969040961145,0.));
#10175=DIRECTION('',(0.,0.,1.));
#10176=DIRECTION('center_axis',(0.,-1.,0.));
#10177=DIRECTION('ref_axis',(-1.,0.,0.));
#10178=DIRECTION('',(0.,0.,1.));
#10179=DIRECTION('center_axis',(0.,1.,0.));
#10180=DIRECTION('ref_axis',(1.,0.,0.));
#10181=DIRECTION('',(0.,0.,1.));
#10182=DIRECTION('center_axis',(0.,0.,-1.));
#10183=DIRECTION('ref_axis',(0.999999995171787,9.82671171134491E-5,0.));
#10184=DIRECTION('',(0.,0.,1.));
#10185=DIRECTION('center_axis',(0.,0.,-1.));
#10186=DIRECTION('ref_axis',(9.82671170850291E-5,0.999999995171787,0.));
#10187=DIRECTION('',(0.,0.,1.));
#10188=DIRECTION('center_axis',(-1.,0.,0.));
#10189=DIRECTION('ref_axis',(0.,1.,0.));
#10190=DIRECTION('',(0.,0.,1.));
#10191=DIRECTION('center_axis',(1.,0.,0.));
#10192=DIRECTION('ref_axis',(0.,-1.,0.));
#10193=DIRECTION('',(0.,0.,1.));
#10194=DIRECTION('center_axis',(0.,0.,-1.));
#10195=DIRECTION('ref_axis',(-0.000202177207998838,-0.999999979562188,0.));
#10196=DIRECTION('',(0.,0.,1.));
#10197=DIRECTION('center_axis',(0.,0.,-1.));
#10198=DIRECTION('ref_axis',(-0.999999999996443,-2.66712958455718E-6,0.));
#10199=DIRECTION('',(0.,0.,1.));
#10200=DIRECTION('center_axis',(0.,1.,0.));
#10201=DIRECTION('ref_axis',(1.,0.,0.));
#10202=DIRECTION('',(0.,0.,1.));
#10203=DIRECTION('center_axis',(0.,1.,0.));
#10204=DIRECTION('ref_axis',(1.,0.,0.));
#10205=DIRECTION('',(0.,0.,1.));
#10206=DIRECTION('center_axis',(0.,0.,-1.));
#10207=DIRECTION('ref_axis',(-0.999999999999751,-7.05625228129324E-7,0.));
#10208=DIRECTION('',(0.,0.,1.));
#10209=DIRECTION('center_axis',(0.,0.,-1.));
#10210=DIRECTION('ref_axis',(2.66712952771418E-6,-0.999999999996443,0.));
#10211=DIRECTION('',(0.,0.,1.));
#10212=DIRECTION('center_axis',(1.,0.,0.));
#10213=DIRECTION('ref_axis',(0.,-1.,0.));
#10214=DIRECTION('',(0.,0.,1.));
#10215=DIRECTION('center_axis',(-1.,0.,0.));
#10216=DIRECTION('ref_axis',(0.,1.,0.));
#10217=DIRECTION('',(0.,0.,1.));
#10218=DIRECTION('center_axis',(0.,0.,-1.));
#10219=DIRECTION('ref_axis',(0.000268990775273895,0.999999963821981,0.));
#10220=DIRECTION('',(0.,0.,1.));
#10221=DIRECTION('center_axis',(0.,0.,-1.));
#10222=DIRECTION('ref_axis',(-0.999999984711005,-0.000174865633034401,0.));
#10223=DIRECTION('',(0.,0.,1.));
#10224=DIRECTION('center_axis',(0.,1.,0.));
#10225=DIRECTION('ref_axis',(1.,0.,0.));
#10226=DIRECTION('center_axis',(0.,0.,-1.));
#10227=DIRECTION('ref_axis',(-2.66713919104318E-6,0.999999999996443,0.));
#10228=DIRECTION('',(0.,0.,1.));
#10229=DIRECTION('',(0.,0.,1.));
#10230=DIRECTION('center_axis',(0.,-1.,0.));
#10231=DIRECTION('ref_axis',(-1.,0.,0.));
#10232=DIRECTION('',(0.,0.,1.));
#10233=DIRECTION('center_axis',(1.,0.,0.));
#10234=DIRECTION('ref_axis',(0.,-1.,0.));
#10235=DIRECTION('',(0.,0.,1.));
#10236=DIRECTION('center_axis',(0.,0.,-1.));
#10237=DIRECTION('ref_axis',(0.99999999996244,8.66717156045282E-6,0.));
#10238=DIRECTION('',(0.,0.,1.));
#10239=DIRECTION('center_axis',(0.,0.,-1.));
#10240=DIRECTION('ref_axis',(-0.99999999996244,-8.66717157466382E-6,0.));
#10241=DIRECTION('',(0.,0.,1.));
#10242=DIRECTION('center_axis',(-1.,0.,0.));
#10243=DIRECTION('ref_axis',(0.,1.,0.));
#10244=DIRECTION('',(0.,0.,1.));
#10245=DIRECTION('center_axis',(0.,1.,0.));
#10246=DIRECTION('ref_axis',(1.,0.,0.));
#10247=DIRECTION('',(0.,0.,1.));
#10248=DIRECTION('center_axis',(0.,0.,-1.));
#10249=DIRECTION('ref_axis',(8.66717153203182E-6,-0.99999999996244,0.));
#10250=DIRECTION('center_axis',(0.,0.,-1.));
#10251=DIRECTION('ref_axis',(-2.66713920525418E-6,0.999999999996443,0.));
#10252=DIRECTION('',(0.,0.,1.));
#10253=DIRECTION('',(0.,0.,1.));
#10254=DIRECTION('center_axis',(0.,-1.,0.));
#10255=DIRECTION('ref_axis',(-1.,0.,0.));
#10256=DIRECTION('',(0.,0.,1.));
#10257=DIRECTION('center_axis',(1.,0.,0.));
#10258=DIRECTION('ref_axis',(0.,-1.,0.));
#10259=DIRECTION('',(0.,0.,1.));
#10260=DIRECTION('center_axis',(0.,0.,-1.));
#10261=DIRECTION('ref_axis',(0.99999999996244,8.66717156045282E-6,0.));
#10262=DIRECTION('',(0.,0.,1.));
#10263=DIRECTION('center_axis',(0.,0.,-1.));
#10264=DIRECTION('ref_axis',(-0.99999999996244,-8.66717154624282E-6,0.));
#10265=DIRECTION('',(0.,0.,1.));
#10266=DIRECTION('center_axis',(-1.,0.,0.));
#10267=DIRECTION('ref_axis',(0.,1.,0.));
#10268=DIRECTION('',(0.,0.,1.));
#10269=DIRECTION('center_axis',(0.,1.,0.));
#10270=DIRECTION('ref_axis',(1.,0.,0.));
#10271=DIRECTION('',(0.,0.,1.));
#10272=DIRECTION('center_axis',(0.,0.,-1.));
#10273=DIRECTION('ref_axis',(8.66717156045282E-6,-0.99999999996244,0.));
#10274=DIRECTION('center_axis',(0.,0.,-1.));
#10275=DIRECTION('ref_axis',(-2.66713916262218E-6,0.999999999996443,0.));
#10276=DIRECTION('',(0.,0.,1.));
#10277=DIRECTION('',(0.,0.,1.));
#10278=DIRECTION('center_axis',(0.,-1.,0.));
#10279=DIRECTION('ref_axis',(-1.,0.,0.));
#10280=DIRECTION('',(0.,0.,1.));
#10281=DIRECTION('center_axis',(1.,0.,0.));
#10282=DIRECTION('ref_axis',(0.,-1.,0.));
#10283=DIRECTION('',(0.,0.,1.));
#10284=DIRECTION('center_axis',(0.,0.,-1.));
#10285=DIRECTION('ref_axis',(0.99999999996244,8.66717158887481E-6,0.));
#10286=DIRECTION('',(0.,0.,1.));
#10287=DIRECTION('center_axis',(0.,0.,-1.));
#10288=DIRECTION('ref_axis',(-0.99999999996244,-8.66717151782082E-6,0.));
#10289=DIRECTION('',(0.,0.,1.));
#10290=DIRECTION('center_axis',(-1.,0.,0.));
#10291=DIRECTION('ref_axis',(0.,1.,0.));
#10292=DIRECTION('',(0.,0.,1.));
#10293=DIRECTION('center_axis',(0.,1.,0.));
#10294=DIRECTION('ref_axis',(1.,0.,0.));
#10295=DIRECTION('',(0.,0.,1.));
#10296=DIRECTION('center_axis',(0.,0.,-1.));
#10297=DIRECTION('ref_axis',(8.66717151782082E-6,-0.99999999996244,0.));
#10298=DIRECTION('center_axis',(0.,0.,-1.));
#10299=DIRECTION('ref_axis',(-2.66713919104318E-6,0.999999999996443,0.));
#10300=DIRECTION('',(0.,0.,1.));
#10301=DIRECTION('',(0.,0.,1.));
#10302=DIRECTION('center_axis',(0.,-1.,0.));
#10303=DIRECTION('ref_axis',(-1.,0.,0.));
#10304=DIRECTION('',(0.,0.,1.));
#10305=DIRECTION('center_axis',(1.,0.,0.));
#10306=DIRECTION('ref_axis',(0.,-1.,0.));
#10307=DIRECTION('',(0.,0.,1.));
#10308=DIRECTION('center_axis',(0.,0.,-1.));
#10309=DIRECTION('ref_axis',(0.99999999996244,8.66717158887481E-6,0.));
#10310=DIRECTION('',(0.,0.,1.));
#10311=DIRECTION('center_axis',(0.,0.,-1.));
#10312=DIRECTION('ref_axis',(-0.99999999996244,-8.66717157466382E-6,0.));
#10313=DIRECTION('',(0.,0.,1.));
#10314=DIRECTION('center_axis',(-1.,0.,0.));
#10315=DIRECTION('ref_axis',(0.,1.,0.));
#10316=DIRECTION('',(0.,0.,1.));
#10317=DIRECTION('center_axis',(0.,1.,0.));
#10318=DIRECTION('ref_axis',(1.,0.,0.));
#10319=DIRECTION('',(0.,0.,1.));
#10320=DIRECTION('center_axis',(0.,0.,-1.));
#10321=DIRECTION('ref_axis',(8.66717157466382E-6,-0.99999999996244,0.));
#10322=DIRECTION('center_axis',(0.,0.,-1.));
#10323=DIRECTION('ref_axis',(-2.66713916262218E-6,0.999999999996443,0.));
#10324=DIRECTION('',(0.,0.,1.));
#10325=DIRECTION('',(0.,0.,1.));
#10326=DIRECTION('center_axis',(0.,-1.,0.));
#10327=DIRECTION('ref_axis',(-1.,0.,0.));
#10328=DIRECTION('',(0.,0.,1.));
#10329=DIRECTION('center_axis',(1.,0.,0.));
#10330=DIRECTION('ref_axis',(0.,-1.,0.));
#10331=DIRECTION('',(0.,0.,1.));
#10332=DIRECTION('center_axis',(0.,0.,-1.));
#10333=DIRECTION('ref_axis',(0.99999999996244,8.66717153203182E-6,0.));
#10334=DIRECTION('',(0.,0.,1.));
#10335=DIRECTION('center_axis',(0.,0.,-1.));
#10336=DIRECTION('ref_axis',(-0.99999999996244,-8.66717157466382E-6,0.));
#10337=DIRECTION('',(0.,0.,1.));
#10338=DIRECTION('center_axis',(-1.,0.,0.));
#10339=DIRECTION('ref_axis',(0.,1.,0.));
#10340=DIRECTION('',(0.,0.,1.));
#10341=DIRECTION('center_axis',(0.,1.,0.));
#10342=DIRECTION('ref_axis',(1.,0.,0.));
#10343=DIRECTION('',(0.,0.,1.));
#10344=DIRECTION('center_axis',(0.,0.,-1.));
#10345=DIRECTION('ref_axis',(8.66717151782082E-6,-0.99999999996244,0.));
#10346=DIRECTION('center_axis',(0.,0.,-1.));
#10347=DIRECTION('ref_axis',(-0.000200699864234156,0.999999979859782,0.));
#10348=DIRECTION('',(0.,0.,1.));
#10349=DIRECTION('',(0.,0.,1.));
#10350=DIRECTION('center_axis',(0.,-1.,0.));
#10351=DIRECTION('ref_axis',(-1.,0.,0.));
#10352=DIRECTION('',(0.,0.,1.));
#10353=DIRECTION('center_axis',(1.,0.,0.));
#10354=DIRECTION('ref_axis',(0.,-1.,0.));
#10355=DIRECTION('',(0.,0.,1.));
#10356=DIRECTION('center_axis',(0.,0.,-1.));
#10357=DIRECTION('ref_axis',(0.999999979562188,-0.000202177207941938,0.));
#10358=DIRECTION('',(0.,0.,1.));
#10359=DIRECTION('center_axis',(0.,0.,-1.));
#10360=DIRECTION('ref_axis',(-0.999999979562188,0.000202177208055638,0.));
#10361=DIRECTION('',(0.,0.,1.));
#10362=DIRECTION('center_axis',(0.,0.,-1.));
#10363=DIRECTION('ref_axis',(0.000202177208027238,-0.999999979562188,0.));
#10364=DIRECTION('',(0.,0.,1.));
#10365=DIRECTION('center_axis',(0.,1.,0.));
#10366=DIRECTION('ref_axis',(1.,0.,0.));
#10367=DIRECTION('',(0.,0.,1.));
#10368=DIRECTION('center_axis',(0.,-1.,0.));
#10369=DIRECTION('ref_axis',(-1.,0.,0.));
#10370=DIRECTION('',(0.,0.,1.));
#10371=DIRECTION('center_axis',(0.,0.,-1.));
#10372=DIRECTION('ref_axis',(0.000200685625282428,-0.99999997986264,0.));
#10373=DIRECTION('',(0.,0.,1.));
#10374=DIRECTION('center_axis',(0.,0.,-1.));
#10375=DIRECTION('ref_axis',(0.999999995171787,-9.82671170566191E-5,0.));
#10376=DIRECTION('',(0.,0.,1.));
#10377=DIRECTION('center_axis',(-1.,0.,0.));
#10378=DIRECTION('ref_axis',(0.,1.,0.));
#10379=DIRECTION('',(0.,0.,1.));
#10380=DIRECTION('center_axis',(0.,0.,-1.));
#10381=DIRECTION('ref_axis',(-9.82671171702791E-5,0.999999995171787,0.));
#10382=DIRECTION('',(0.,0.,1.));
#10383=DIRECTION('center_axis',(0.,0.,-1.));
#10384=DIRECTION('ref_axis',(-0.999999985555263,0.000169969040847545,0.));
#10385=DIRECTION('',(0.,0.,1.));
#10386=DIRECTION('center_axis',(0.,-1.,0.));
#10387=DIRECTION('ref_axis',(-1.,0.,0.));
#10388=DIRECTION('',(0.,0.,1.));
#10389=DIRECTION('center_axis',(0.,1.,0.));
#10390=DIRECTION('ref_axis',(1.,0.,0.));
#10391=DIRECTION('',(0.,0.,1.));
#10392=DIRECTION('center_axis',(0.,0.,-1.));
#10393=DIRECTION('ref_axis',(0.999999995171787,9.82671170566191E-5,0.));
#10394=DIRECTION('',(0.,0.,1.));
#10395=DIRECTION('center_axis',(0.,0.,-1.));
#10396=DIRECTION('ref_axis',(9.82671170566191E-5,0.999999995171787,0.));
#10397=DIRECTION('',(0.,0.,1.));
#10398=DIRECTION('center_axis',(-1.,0.,0.));
#10399=DIRECTION('ref_axis',(0.,1.,0.));
#10400=DIRECTION('',(0.,0.,1.));
#10401=DIRECTION('center_axis',(1.,0.,0.));
#10402=DIRECTION('ref_axis',(0.,-1.,0.));
#10403=DIRECTION('',(0.,0.,1.));
#10404=DIRECTION('center_axis',(0.,0.,-1.));
#10405=DIRECTION('ref_axis',(-0.000202191661799554,-0.999999979559266,0.));
#10406=DIRECTION('',(0.,0.,1.));
#10407=DIRECTION('center_axis',(0.,0.,-1.));
#10408=DIRECTION('ref_axis',(-0.99999999996244,-8.66717157466382E-6,0.));
#10409=DIRECTION('',(0.,0.,1.));
#10410=DIRECTION('center_axis',(0.,1.,0.));
#10411=DIRECTION('ref_axis',(1.,0.,0.));
#10412=DIRECTION('',(0.,0.,1.));
#10413=DIRECTION('center_axis',(0.,1.,0.));
#10414=DIRECTION('ref_axis',(1.,0.,0.));
#10415=DIRECTION('',(0.,0.,1.));
#10416=DIRECTION('center_axis',(0.,0.,-1.));
#10417=DIRECTION('ref_axis',(-0.999999979859782,-0.000200699864347856,0.));
#10418=DIRECTION('',(0.,0.,1.));
#10419=DIRECTION('center_axis',(0.,0.,-1.));
#10420=DIRECTION('ref_axis',(8.66717160308581E-6,-0.99999999996244,0.));
#10421=DIRECTION('',(0.,0.,1.));
#10422=DIRECTION('center_axis',(1.,0.,0.));
#10423=DIRECTION('ref_axis',(0.,-1.,0.));
#10424=DIRECTION('',(0.,0.,1.));
#10425=DIRECTION('center_axis',(-1.,0.,0.));
#10426=DIRECTION('ref_axis',(0.,1.,0.));
#10427=DIRECTION('',(0.,0.,1.));
#10428=DIRECTION('center_axis',(0.,0.,-1.));
#10429=DIRECTION('ref_axis',(0.000268990775245495,0.999999963821981,0.));
#10430=DIRECTION('',(0.,0.,1.));
#10431=DIRECTION('center_axis',(0.,0.,-1.));
#10432=DIRECTION('ref_axis',(-0.999999984711005,-0.000174865633034401,0.));
#10433=DIRECTION('',(0.,0.,1.));
#10434=DIRECTION('center_axis',(0.,1.,0.));
#10435=DIRECTION('ref_axis',(1.,0.,0.));
#10436=DIRECTION('center_axis',(0.,0.,-1.));
#10437=DIRECTION('ref_axis',(0.,-1.,0.));
#10438=DIRECTION('',(0.,0.,-1.));
#10439=DIRECTION('center_axis',(0.,0.,-1.));
#10440=DIRECTION('ref_axis',(-2.66713924788718E-6,0.999999999996443,0.));
#10441=DIRECTION('',(0.,0.,1.));
#10442=DIRECTION('',(0.,0.,1.));
#10443=DIRECTION('center_axis',(0.,-1.,0.));
#10444=DIRECTION('ref_axis',(-1.,0.,0.));
#10445=DIRECTION('',(0.,0.,1.));
#10446=DIRECTION('center_axis',(1.,0.,0.));
#10447=DIRECTION('ref_axis',(0.,-1.,0.));
#10448=DIRECTION('',(0.,0.,1.));
#10449=DIRECTION('center_axis',(0.,0.,-1.));
#10450=DIRECTION('ref_axis',(0.99999999996244,8.66717151782082E-6,0.));
#10451=DIRECTION('',(0.,0.,1.));
#10452=DIRECTION('center_axis',(0.,0.,-1.));
#10453=DIRECTION('ref_axis',(-0.99999999996244,-8.66717157466382E-6,0.));
#10454=DIRECTION('',(0.,0.,1.));
#10455=DIRECTION('center_axis',(-1.,0.,0.));
#10456=DIRECTION('ref_axis',(0.,1.,0.));
#10457=DIRECTION('',(0.,0.,1.));
#10458=DIRECTION('center_axis',(0.,1.,0.));
#10459=DIRECTION('ref_axis',(1.,0.,0.));
#10460=DIRECTION('',(0.,0.,1.));
#10461=DIRECTION('center_axis',(0.,0.,-1.));
#10462=DIRECTION('ref_axis',(8.66717154624182E-6,-0.99999999996244,0.));
#10463=DIRECTION('center_axis',(0.,0.,-1.));
#10464=DIRECTION('ref_axis',(-2.66713924788718E-6,0.999999999996443,0.));
#10465=DIRECTION('',(0.,0.,1.));
#10466=DIRECTION('',(0.,0.,1.));
#10467=DIRECTION('center_axis',(0.,-1.,0.));
#10468=DIRECTION('ref_axis',(-1.,0.,0.));
#10469=DIRECTION('',(0.,0.,1.));
#10470=DIRECTION('center_axis',(1.,0.,0.));
#10471=DIRECTION('ref_axis',(0.,-1.,0.));
#10472=DIRECTION('',(0.,0.,1.));
#10473=DIRECTION('center_axis',(0.,0.,-1.));
#10474=DIRECTION('ref_axis',(0.99999999996244,8.66717151782082E-6,0.));
#10475=DIRECTION('',(0.,0.,1.));
#10476=DIRECTION('center_axis',(0.,0.,-1.));
#10477=DIRECTION('ref_axis',(-0.99999999996244,-8.66717157466382E-6,0.));
#10478=DIRECTION('',(0.,0.,1.));
#10479=DIRECTION('center_axis',(-1.,0.,0.));
#10480=DIRECTION('ref_axis',(0.,1.,0.));
#10481=DIRECTION('',(0.,0.,1.));
#10482=DIRECTION('center_axis',(0.,1.,0.));
#10483=DIRECTION('ref_axis',(1.,0.,0.));
#10484=DIRECTION('',(0.,0.,1.));
#10485=DIRECTION('center_axis',(0.,0.,-1.));
#10486=DIRECTION('ref_axis',(8.66717160308581E-6,-0.99999999996244,0.));
#10487=DIRECTION('center_axis',(0.,0.,-1.));
#10488=DIRECTION('ref_axis',(-2.66713924788718E-6,0.999999999996443,0.));
#10489=DIRECTION('',(0.,0.,1.));
#10490=DIRECTION('',(0.,0.,1.));
#10491=DIRECTION('center_axis',(0.,-1.,0.));
#10492=DIRECTION('ref_axis',(-1.,0.,0.));
#10493=DIRECTION('',(0.,0.,1.));
#10494=DIRECTION('center_axis',(1.,0.,0.));
#10495=DIRECTION('ref_axis',(0.,-1.,0.));
#10496=DIRECTION('',(0.,0.,1.));
#10497=DIRECTION('center_axis',(0.,0.,-1.));
#10498=DIRECTION('ref_axis',(0.99999999996244,8.66717151782082E-6,0.));
#10499=DIRECTION('',(0.,0.,1.));
#10500=DIRECTION('center_axis',(0.,0.,-1.));
#10501=DIRECTION('ref_axis',(-0.99999999996244,-8.66717157466382E-6,0.));
#10502=DIRECTION('',(0.,0.,1.));
#10503=DIRECTION('center_axis',(-1.,0.,0.));
#10504=DIRECTION('ref_axis',(0.,1.,0.));
#10505=DIRECTION('',(0.,0.,1.));
#10506=DIRECTION('center_axis',(0.,1.,0.));
#10507=DIRECTION('ref_axis',(1.,0.,0.));
#10508=DIRECTION('',(0.,0.,1.));
#10509=DIRECTION('center_axis',(0.,0.,-1.));
#10510=DIRECTION('ref_axis',(8.66717154624182E-6,-0.99999999996244,0.));
#10511=DIRECTION('center_axis',(0.,0.,-1.));
#10512=DIRECTION('ref_axis',(-2.66713919104318E-6,0.999999999996443,0.));
#10513=DIRECTION('',(0.,0.,1.));
#10514=DIRECTION('',(0.,0.,1.));
#10515=DIRECTION('center_axis',(0.,-1.,0.));
#10516=DIRECTION('ref_axis',(-1.,0.,0.));
#10517=DIRECTION('',(0.,0.,1.));
#10518=DIRECTION('center_axis',(1.,0.,0.));
#10519=DIRECTION('ref_axis',(0.,-1.,0.));
#10520=DIRECTION('',(0.,0.,1.));
#10521=DIRECTION('center_axis',(0.,0.,-1.));
#10522=DIRECTION('ref_axis',(0.999999999996443,2.66712948508118E-6,0.));
#10523=DIRECTION('',(0.,0.,1.));
#10524=DIRECTION('center_axis',(0.,0.,-1.));
#10525=DIRECTION('ref_axis',(-0.99999999996244,-8.66717157466382E-6,0.));
#10526=DIRECTION('',(0.,0.,1.));
#10527=DIRECTION('center_axis',(-1.,0.,0.));
#10528=DIRECTION('ref_axis',(0.,1.,0.));
#10529=DIRECTION('',(0.,0.,1.));
#10530=DIRECTION('center_axis',(0.,1.,0.));
#10531=DIRECTION('ref_axis',(1.,0.,0.));
#10532=DIRECTION('',(0.,0.,1.));
#10533=DIRECTION('center_axis',(0.,0.,-1.));
#10534=DIRECTION('ref_axis',(8.66717154624282E-6,-0.99999999996244,0.));
#10535=DIRECTION('center_axis',(0.,0.,-1.));
#10536=DIRECTION('ref_axis',(-2.66713919104318E-6,0.999999999996443,0.));
#10537=DIRECTION('',(0.,0.,1.));
#10538=DIRECTION('',(0.,0.,1.));
#10539=DIRECTION('center_axis',(0.,-1.,0.));
#10540=DIRECTION('ref_axis',(-1.,0.,0.));
#10541=DIRECTION('',(0.,0.,1.));
#10542=DIRECTION('center_axis',(1.,0.,0.));
#10543=DIRECTION('ref_axis',(0.,-1.,0.));
#10544=DIRECTION('',(0.,0.,1.));
#10545=DIRECTION('center_axis',(0.,0.,-1.));
#10546=DIRECTION('ref_axis',(0.99999999996244,8.66717153203182E-6,0.));
#10547=DIRECTION('',(0.,0.,1.));
#10548=DIRECTION('center_axis',(0.,0.,-1.));
#10549=DIRECTION('ref_axis',(-0.99999999996244,-8.66717151782082E-6,0.));
#10550=DIRECTION('',(0.,0.,1.));
#10551=DIRECTION('center_axis',(-1.,0.,0.));
#10552=DIRECTION('ref_axis',(0.,1.,0.));
#10553=DIRECTION('',(0.,0.,1.));
#10554=DIRECTION('center_axis',(0.,1.,0.));
#10555=DIRECTION('ref_axis',(1.,0.,0.));
#10556=DIRECTION('',(0.,0.,1.));
#10557=DIRECTION('center_axis',(0.,0.,-1.));
#10558=DIRECTION('ref_axis',(8.66717160308581E-6,-0.99999999996244,0.));
#10559=DIRECTION('center_axis',(0.,0.,-1.));
#10560=DIRECTION('ref_axis',(-2.66713919104318E-6,0.999999999996443,0.));
#10561=DIRECTION('',(0.,0.,1.));
#10562=DIRECTION('',(0.,0.,1.));
#10563=DIRECTION('center_axis',(0.,-1.,0.));
#10564=DIRECTION('ref_axis',(-1.,0.,0.));
#10565=DIRECTION('',(0.,0.,1.));
#10566=DIRECTION('center_axis',(1.,0.,0.));
#10567=DIRECTION('ref_axis',(0.,-1.,0.));
#10568=DIRECTION('',(0.,0.,1.));
#10569=DIRECTION('center_axis',(0.,0.,-1.));
#10570=DIRECTION('ref_axis',(0.99999999996244,8.66717153203182E-6,0.));
#10571=DIRECTION('',(0.,0.,1.));
#10572=DIRECTION('center_axis',(0.,0.,-1.));
#10573=DIRECTION('ref_axis',(-0.99999999996244,-8.66717151782082E-6,0.));
#10574=DIRECTION('',(0.,0.,1.));
#10575=DIRECTION('center_axis',(-1.,0.,0.));
#10576=DIRECTION('ref_axis',(0.,1.,0.));
#10577=DIRECTION('',(0.,0.,1.));
#10578=DIRECTION('center_axis',(0.,1.,0.));
#10579=DIRECTION('ref_axis',(1.,0.,0.));
#10580=DIRECTION('',(0.,0.,1.));
#10581=DIRECTION('center_axis',(0.,0.,-1.));
#10582=DIRECTION('ref_axis',(8.66717148939881E-6,-0.99999999996244,0.));
#10583=DIRECTION('center_axis',(0.,0.,-1.));
#10584=DIRECTION('ref_axis',(-2.66713924788618E-6,0.999999999996443,0.));
#10585=DIRECTION('',(0.,0.,1.));
#10586=DIRECTION('',(0.,0.,1.));
#10587=DIRECTION('center_axis',(0.,-1.,0.));
#10588=DIRECTION('ref_axis',(-1.,0.,0.));
#10589=DIRECTION('',(0.,0.,1.));
#10590=DIRECTION('center_axis',(1.,0.,0.));
#10591=DIRECTION('ref_axis',(0.,-1.,0.));
#10592=DIRECTION('',(0.,0.,1.));
#10593=DIRECTION('center_axis',(0.,0.,-1.));
#10594=DIRECTION('ref_axis',(0.99999999996244,8.66717163150681E-6,0.));
#10595=DIRECTION('',(0.,0.,1.));
#10596=DIRECTION('center_axis',(0.,0.,-1.));
#10597=DIRECTION('ref_axis',(-0.99999999996244,-8.66717163150681E-6,0.));
#10598=DIRECTION('',(0.,0.,1.));
#10599=DIRECTION('center_axis',(-1.,0.,0.));
#10600=DIRECTION('ref_axis',(0.,1.,0.));
#10601=DIRECTION('',(0.,0.,1.));
#10602=DIRECTION('center_axis',(0.,1.,0.));
#10603=DIRECTION('ref_axis',(1.,0.,0.));
#10604=DIRECTION('',(0.,0.,1.));
#10605=DIRECTION('center_axis',(0.,0.,-1.));
#10606=DIRECTION('ref_axis',(8.66717148939881E-6,-0.99999999996244,0.));
#10607=DIRECTION('center_axis',(0.,0.,-1.));
#10608=DIRECTION('ref_axis',(-2.66713919104318E-6,0.999999999996443,0.));
#10609=DIRECTION('',(0.,0.,1.));
#10610=DIRECTION('',(0.,0.,1.));
#10611=DIRECTION('center_axis',(0.,-1.,0.));
#10612=DIRECTION('ref_axis',(-1.,0.,0.));
#10613=DIRECTION('',(0.,0.,1.));
#10614=DIRECTION('center_axis',(1.,0.,0.));
#10615=DIRECTION('ref_axis',(0.,-1.,0.));
#10616=DIRECTION('',(0.,0.,1.));
#10617=DIRECTION('center_axis',(0.,0.,-1.));
#10618=DIRECTION('ref_axis',(0.99999999996244,8.66717153203182E-6,0.));
#10619=DIRECTION('',(0.,0.,1.));
#10620=DIRECTION('center_axis',(0.,0.,-1.));
#10621=DIRECTION('ref_axis',(-0.99999999996244,-8.66717151782082E-6,0.));
#10622=DIRECTION('',(0.,0.,1.));
#10623=DIRECTION('center_axis',(-1.,0.,0.));
#10624=DIRECTION('ref_axis',(0.,1.,0.));
#10625=DIRECTION('',(0.,0.,1.));
#10626=DIRECTION('center_axis',(0.,1.,0.));
#10627=DIRECTION('ref_axis',(1.,0.,0.));
#10628=DIRECTION('',(0.,0.,1.));
#10629=DIRECTION('center_axis',(0.,0.,-1.));
#10630=DIRECTION('ref_axis',(8.66717160308581E-6,-0.99999999996244,0.));
#10631=DIRECTION('center_axis',(0.,0.,-1.));
#10632=DIRECTION('ref_axis',(-2.66713919104318E-6,0.999999999996443,0.));
#10633=DIRECTION('',(0.,0.,1.));
#10634=DIRECTION('',(0.,0.,1.));
#10635=DIRECTION('center_axis',(0.,-1.,0.));
#10636=DIRECTION('ref_axis',(-1.,0.,0.));
#10637=DIRECTION('',(0.,0.,1.));
#10638=DIRECTION('center_axis',(1.,0.,0.));
#10639=DIRECTION('ref_axis',(0.,-1.,0.));
#10640=DIRECTION('',(0.,0.,1.));
#10641=DIRECTION('center_axis',(0.,0.,-1.));
#10642=DIRECTION('ref_axis',(0.99999999996244,8.66717153203182E-6,0.));
#10643=DIRECTION('',(0.,0.,1.));
#10644=DIRECTION('center_axis',(0.,0.,-1.));
#10645=DIRECTION('ref_axis',(-0.99999999996244,-8.66717151782082E-6,0.));
#10646=DIRECTION('',(0.,0.,1.));
#10647=DIRECTION('center_axis',(-1.,0.,0.));
#10648=DIRECTION('ref_axis',(0.,1.,0.));
#10649=DIRECTION('',(0.,0.,1.));
#10650=DIRECTION('center_axis',(0.,1.,0.));
#10651=DIRECTION('ref_axis',(1.,0.,0.));
#10652=DIRECTION('',(0.,0.,1.));
#10653=DIRECTION('center_axis',(0.,0.,-1.));
#10654=DIRECTION('ref_axis',(8.66717148939881E-6,-0.99999999996244,0.));
#10655=DIRECTION('center_axis',(0.,0.,-1.));
#10656=DIRECTION('ref_axis',(-2.66713916262218E-6,0.999999999996443,0.));
#10657=DIRECTION('',(0.,0.,1.));
#10658=DIRECTION('',(0.,0.,1.));
#10659=DIRECTION('center_axis',(0.,-1.,0.));
#10660=DIRECTION('ref_axis',(-1.,0.,0.));
#10661=DIRECTION('',(0.,0.,1.));
#10662=DIRECTION('center_axis',(1.,0.,0.));
#10663=DIRECTION('ref_axis',(0.,-1.,0.));
#10664=DIRECTION('',(0.,0.,1.));
#10665=DIRECTION('center_axis',(0.,0.,-1.));
#10666=DIRECTION('ref_axis',(0.99999999996244,8.66717157466382E-6,0.));
#10667=DIRECTION('',(0.,0.,1.));
#10668=DIRECTION('center_axis',(0.,0.,-1.));
#10669=DIRECTION('ref_axis',(-0.99999999996244,-8.66717156045282E-6,0.));
#10670=DIRECTION('',(0.,0.,1.));
#10671=DIRECTION('center_axis',(-1.,0.,0.));
#10672=DIRECTION('ref_axis',(0.,1.,0.));
#10673=DIRECTION('',(0.,0.,1.));
#10674=DIRECTION('center_axis',(0.,1.,0.));
#10675=DIRECTION('ref_axis',(1.,0.,0.));
#10676=DIRECTION('',(0.,0.,1.));
#10677=DIRECTION('center_axis',(0.,0.,-1.));
#10678=DIRECTION('ref_axis',(2.66712952060818E-6,-0.999999999996443,0.));
#10679=DIRECTION('center_axis',(0.,0.,-1.));
#10680=DIRECTION('ref_axis',(0.,-1.,0.));
#10681=DIRECTION('',(0.,0.,-1.));
#10682=DIRECTION('center_axis',(0.,0.,-1.));
#10683=DIRECTION('ref_axis',(-2.66713914841118E-6,0.999999999996443,0.));
#10684=DIRECTION('',(0.,0.,1.));
#10685=DIRECTION('',(0.,0.,1.));
#10686=DIRECTION('center_axis',(0.,-1.,0.));
#10687=DIRECTION('ref_axis',(-1.,0.,0.));
#10688=DIRECTION('',(0.,0.,1.));
#10689=DIRECTION('center_axis',(1.,0.,0.));
#10690=DIRECTION('ref_axis',(0.,-1.,0.));
#10691=DIRECTION('',(0.,0.,1.));
#10692=DIRECTION('center_axis',(0.,0.,-1.));
#10693=DIRECTION('ref_axis',(0.99999999996244,8.66717156045282E-6,0.));
#10694=DIRECTION('',(0.,0.,1.));
#10695=DIRECTION('center_axis',(0.,0.,-1.));
#10696=DIRECTION('ref_axis',(-0.99999999996244,-8.66717156045282E-6,0.));
#10697=DIRECTION('',(0.,0.,1.));
#10698=DIRECTION('center_axis',(-1.,0.,0.));
#10699=DIRECTION('ref_axis',(0.,1.,0.));
#10700=DIRECTION('',(0.,0.,1.));
#10701=DIRECTION('center_axis',(0.,1.,0.));
#10702=DIRECTION('ref_axis',(1.,0.,0.));
#10703=DIRECTION('',(0.,0.,1.));
#10704=DIRECTION('center_axis',(0.,0.,-1.));
#10705=DIRECTION('ref_axis',(8.66717157466382E-6,-0.99999999996244,0.));
#10706=DIRECTION('center_axis',(0.,0.,-1.));
#10707=DIRECTION('ref_axis',(-2.66713916262218E-6,0.999999999996443,0.));
#10708=DIRECTION('',(0.,0.,1.));
#10709=DIRECTION('',(0.,0.,1.));
#10710=DIRECTION('center_axis',(0.,-1.,0.));
#10711=DIRECTION('ref_axis',(-1.,0.,0.));
#10712=DIRECTION('',(0.,0.,1.));
#10713=DIRECTION('center_axis',(1.,0.,0.));
#10714=DIRECTION('ref_axis',(0.,-1.,0.));
#10715=DIRECTION('',(0.,0.,1.));
#10716=DIRECTION('center_axis',(0.,0.,-1.));
#10717=DIRECTION('ref_axis',(0.99999999996244,8.66717153203182E-6,0.));
#10718=DIRECTION('',(0.,0.,1.));
#10719=DIRECTION('center_axis',(0.,0.,-1.));
#10720=DIRECTION('ref_axis',(-0.99999999996244,-8.66717156045282E-6,0.));
#10721=DIRECTION('',(0.,0.,1.));
#10722=DIRECTION('center_axis',(-1.,0.,0.));
#10723=DIRECTION('ref_axis',(0.,1.,0.));
#10724=DIRECTION('',(0.,0.,1.));
#10725=DIRECTION('center_axis',(0.,1.,0.));
#10726=DIRECTION('ref_axis',(1.,0.,0.));
#10727=DIRECTION('',(0.,0.,1.));
#10728=DIRECTION('center_axis',(0.,0.,-1.));
#10729=DIRECTION('ref_axis',(2.66712949929218E-6,-0.999999999996443,0.));
#10730=DIRECTION('center_axis',(0.,0.,-1.));
#10731=DIRECTION('ref_axis',(-2.66713919104318E-6,0.999999999996443,0.));
#10732=DIRECTION('',(0.,0.,1.));
#10733=DIRECTION('',(0.,0.,1.));
#10734=DIRECTION('center_axis',(0.,-1.,0.));
#10735=DIRECTION('ref_axis',(-1.,0.,0.));
#10736=DIRECTION('',(0.,0.,1.));
#10737=DIRECTION('center_axis',(1.,0.,0.));
#10738=DIRECTION('ref_axis',(0.,-1.,0.));
#10739=DIRECTION('',(0.,0.,1.));
#10740=DIRECTION('center_axis',(0.,0.,-1.));
#10741=DIRECTION('ref_axis',(0.99999999996244,8.66717158887481E-6,0.));
#10742=DIRECTION('',(0.,0.,1.));
#10743=DIRECTION('center_axis',(0.,0.,-1.));
#10744=DIRECTION('ref_axis',(-0.99999999996244,-8.66717158887481E-6,0.));
#10745=DIRECTION('',(0.,0.,1.));
#10746=DIRECTION('center_axis',(-1.,0.,0.));
#10747=DIRECTION('ref_axis',(0.,1.,0.));
#10748=DIRECTION('',(0.,0.,1.));
#10749=DIRECTION('center_axis',(0.,1.,0.));
#10750=DIRECTION('ref_axis',(1.,0.,0.));
#10751=DIRECTION('',(0.,0.,1.));
#10752=DIRECTION('center_axis',(0.,0.,-1.));
#10753=DIRECTION('ref_axis',(2.66712958455718E-6,-0.999999999996443,0.));
#10754=DIRECTION('center_axis',(0.,0.,-1.));
#10755=DIRECTION('ref_axis',(-2.66713921946518E-6,0.999999999996443,0.));
#10756=DIRECTION('',(0.,0.,1.));
#10757=DIRECTION('',(0.,0.,1.));
#10758=DIRECTION('center_axis',(0.,-1.,0.));
#10759=DIRECTION('ref_axis',(-1.,0.,0.));
#10760=DIRECTION('',(0.,0.,1.));
#10761=DIRECTION('center_axis',(1.,0.,0.));
#10762=DIRECTION('ref_axis',(0.,-1.,0.));
#10763=DIRECTION('',(0.,0.,1.));
#10764=DIRECTION('center_axis',(0.,0.,-1.));
#10765=DIRECTION('ref_axis',(0.999999999996443,2.66712954192518E-6,0.));
#10766=DIRECTION('',(0.,0.,1.));
#10767=DIRECTION('center_axis',(0.,0.,-1.));
#10768=DIRECTION('ref_axis',(-0.99999999996244,-8.66717158887481E-6,0.));
#10769=DIRECTION('',(0.,0.,1.));
#10770=DIRECTION('center_axis',(-1.,0.,0.));
#10771=DIRECTION('ref_axis',(0.,1.,0.));
#10772=DIRECTION('',(0.,0.,1.));
#10773=DIRECTION('center_axis',(0.,1.,0.));
#10774=DIRECTION('ref_axis',(1.,0.,0.));
#10775=DIRECTION('',(0.,0.,1.));
#10776=DIRECTION('center_axis',(0.,0.,-1.));
#10777=DIRECTION('ref_axis',(8.66717154624282E-6,-0.99999999996244,0.));
#10778=DIRECTION('center_axis',(0.,0.,-1.));
#10779=DIRECTION('ref_axis',(-2.66713913420018E-6,0.999999999996443,0.));
#10780=DIRECTION('',(0.,0.,1.));
#10781=DIRECTION('',(0.,0.,1.));
#10782=DIRECTION('center_axis',(0.,-1.,0.));
#10783=DIRECTION('ref_axis',(-1.,0.,0.));
#10784=DIRECTION('',(0.,0.,1.));
#10785=DIRECTION('center_axis',(1.,0.,0.));
#10786=DIRECTION('ref_axis',(0.,-1.,0.));
#10787=DIRECTION('',(0.,0.,1.));
#10788=DIRECTION('center_axis',(0.,0.,-1.));
#10789=DIRECTION('ref_axis',(0.99999999996244,8.66717158887481E-6,0.));
#10790=DIRECTION('',(0.,0.,1.));
#10791=DIRECTION('center_axis',(0.,0.,-1.));
#10792=DIRECTION('ref_axis',(-0.99999999996244,-8.66717153203182E-6,0.));
#10793=DIRECTION('',(0.,0.,1.));
#10794=DIRECTION('center_axis',(-1.,0.,0.));
#10795=DIRECTION('ref_axis',(0.,1.,0.));
#10796=DIRECTION('',(0.,0.,1.));
#10797=DIRECTION('center_axis',(0.,1.,0.));
#10798=DIRECTION('ref_axis',(1.,0.,0.));
#10799=DIRECTION('',(0.,0.,1.));
#10800=DIRECTION('center_axis',(0.,0.,-1.));
#10801=DIRECTION('ref_axis',(2.66712949929218E-6,-0.999999999996443,0.));
#10802=DIRECTION('center_axis',(0.,0.,-1.));
#10803=DIRECTION('ref_axis',(-2.66713918749118E-6,0.999999999996443,0.));
#10804=DIRECTION('',(0.,0.,1.));
#10805=DIRECTION('',(0.,0.,1.));
#10806=DIRECTION('center_axis',(0.,-1.,0.));
#10807=DIRECTION('ref_axis',(-1.,0.,0.));
#10808=DIRECTION('',(0.,0.,1.));
#10809=DIRECTION('center_axis',(1.,0.,0.));
#10810=DIRECTION('ref_axis',(0.,-1.,0.));
#10811=DIRECTION('',(0.,0.,1.));
#10812=DIRECTION('center_axis',(0.,0.,-1.));
#10813=DIRECTION('ref_axis',(0.999999999996443,2.66712953481918E-6,0.));
#10814=DIRECTION('',(0.,0.,1.));
#10815=DIRECTION('center_axis',(0.,0.,-1.));
#10816=DIRECTION('ref_axis',(-0.99999999996244,-8.66717156045282E-6,0.));
#10817=DIRECTION('',(0.,0.,1.));
#10818=DIRECTION('center_axis',(-1.,0.,0.));
#10819=DIRECTION('ref_axis',(0.,1.,0.));
#10820=DIRECTION('',(0.,0.,1.));
#10821=DIRECTION('center_axis',(0.,1.,0.));
#10822=DIRECTION('ref_axis',(1.,0.,0.));
#10823=DIRECTION('',(0.,0.,1.));
#10824=DIRECTION('center_axis',(0.,0.,-1.));
#10825=DIRECTION('ref_axis',(8.66717156755882E-6,-0.99999999996244,0.));
#10826=DIRECTION('center_axis',(0.,0.,-1.));
#10827=DIRECTION('ref_axis',(-2.66713918393818E-6,0.999999999996443,0.));
#10828=DIRECTION('',(0.,0.,1.));
#10829=DIRECTION('',(0.,0.,1.));
#10830=DIRECTION('center_axis',(0.,-1.,0.));
#10831=DIRECTION('ref_axis',(-1.,0.,0.));
#10832=DIRECTION('',(0.,0.,1.));
#10833=DIRECTION('center_axis',(1.,0.,0.));
#10834=DIRECTION('ref_axis',(0.,-1.,0.));
#10835=DIRECTION('',(0.,0.,1.));
#10836=DIRECTION('center_axis',(0.,0.,-1.));
#10837=DIRECTION('ref_axis',(0.999999999996443,2.66712952060818E-6,0.));
#10838=DIRECTION('',(0.,0.,1.));
#10839=DIRECTION('center_axis',(0.,0.,-1.));
#10840=DIRECTION('ref_axis',(-0.99999999996244,-8.66717156045282E-6,0.));
#10841=DIRECTION('',(0.,0.,1.));
#10842=DIRECTION('center_axis',(-1.,0.,0.));
#10843=DIRECTION('ref_axis',(0.,1.,0.));
#10844=DIRECTION('',(0.,0.,1.));
#10845=DIRECTION('center_axis',(0.,1.,0.));
#10846=DIRECTION('ref_axis',(1.,0.,0.));
#10847=DIRECTION('',(0.,0.,1.));
#10848=DIRECTION('center_axis',(0.,0.,-1.));
#10849=DIRECTION('ref_axis',(8.66717154624282E-6,-0.99999999996244,0.));
#10850=DIRECTION('center_axis',(0.,0.,-1.));
#10851=DIRECTION('ref_axis',(-2.66713920525418E-6,0.999999999996443,0.));
#10852=DIRECTION('',(0.,0.,1.));
#10853=DIRECTION('',(0.,0.,1.));
#10854=DIRECTION('center_axis',(0.,-1.,0.));
#10855=DIRECTION('ref_axis',(-1.,0.,0.));
#10856=DIRECTION('',(0.,0.,1.));
#10857=DIRECTION('center_axis',(1.,0.,0.));
#10858=DIRECTION('ref_axis',(0.,-1.,0.));
#10859=DIRECTION('',(0.,0.,1.));
#10860=DIRECTION('center_axis',(0.,0.,-1.));
#10861=DIRECTION('ref_axis',(0.99999999996244,8.66717160308581E-6,0.));
#10862=DIRECTION('',(0.,0.,1.));
#10863=DIRECTION('center_axis',(0.,0.,-1.));
#10864=DIRECTION('ref_axis',(-0.99999999996244,-8.66717156045282E-6,0.));
#10865=DIRECTION('',(0.,0.,1.));
#10866=DIRECTION('center_axis',(-1.,0.,0.));
#10867=DIRECTION('ref_axis',(0.,1.,0.));
#10868=DIRECTION('',(0.,0.,1.));
#10869=DIRECTION('center_axis',(0.,1.,0.));
#10870=DIRECTION('ref_axis',(1.,0.,0.));
#10871=DIRECTION('',(0.,0.,1.));
#10872=DIRECTION('center_axis',(0.,0.,-1.));
#10873=DIRECTION('ref_axis',(8.66717156045282E-6,-0.99999999996244,0.));
#10874=DIRECTION('center_axis',(0.,0.,-1.));
#10875=DIRECTION('ref_axis',(-2.66713916262218E-6,0.999999999996443,0.));
#10876=DIRECTION('',(0.,0.,1.));
#10877=DIRECTION('',(0.,0.,1.));
#10878=DIRECTION('center_axis',(0.,-1.,0.));
#10879=DIRECTION('ref_axis',(-1.,0.,0.));
#10880=DIRECTION('',(0.,0.,1.));
#10881=DIRECTION('center_axis',(1.,0.,0.));
#10882=DIRECTION('ref_axis',(0.,-1.,0.));
#10883=DIRECTION('',(0.,0.,1.));
#10884=DIRECTION('center_axis',(0.,0.,-1.));
#10885=DIRECTION('ref_axis',(0.99999999996244,8.66717159597981E-6,0.));
#10886=DIRECTION('',(0.,0.,1.));
#10887=DIRECTION('center_axis',(0.,0.,-1.));
#10888=DIRECTION('ref_axis',(-0.99999999996244,-8.66717153203182E-6,0.));
#10889=DIRECTION('',(0.,0.,1.));
#10890=DIRECTION('center_axis',(-1.,0.,0.));
#10891=DIRECTION('ref_axis',(0.,1.,0.));
#10892=DIRECTION('',(0.,0.,1.));
#10893=DIRECTION('center_axis',(0.,1.,0.));
#10894=DIRECTION('ref_axis',(1.,0.,0.));
#10895=DIRECTION('',(0.,0.,1.));
#10896=DIRECTION('center_axis',(0.,0.,-1.));
#10897=DIRECTION('ref_axis',(8.66717154624282E-6,-0.99999999996244,0.));
#10898=DIRECTION('center_axis',(0.,0.,-1.));
#10899=DIRECTION('ref_axis',(-2.66713916262218E-6,0.999999999996443,0.));
#10900=DIRECTION('',(0.,0.,1.));
#10901=DIRECTION('',(0.,0.,1.));
#10902=DIRECTION('center_axis',(0.,-1.,0.));
#10903=DIRECTION('ref_axis',(-1.,0.,0.));
#10904=DIRECTION('',(0.,0.,1.));
#10905=DIRECTION('center_axis',(1.,0.,0.));
#10906=DIRECTION('ref_axis',(0.,-1.,0.));
#10907=DIRECTION('',(0.,0.,1.));
#10908=DIRECTION('center_axis',(0.,0.,-1.));
#10909=DIRECTION('ref_axis',(0.99999999996244,8.66717154624282E-6,0.));
#10910=DIRECTION('',(0.,0.,1.));
#10911=DIRECTION('center_axis',(0.,0.,-1.));
#10912=DIRECTION('ref_axis',(-0.99999999996244,-8.66717153203182E-6,0.));
#10913=DIRECTION('',(0.,0.,1.));
#10914=DIRECTION('center_axis',(-1.,0.,0.));
#10915=DIRECTION('ref_axis',(0.,1.,0.));
#10916=DIRECTION('',(0.,0.,1.));
#10917=DIRECTION('center_axis',(0.,1.,0.));
#10918=DIRECTION('ref_axis',(1.,0.,0.));
#10919=DIRECTION('',(0.,0.,1.));
#10920=DIRECTION('center_axis',(0.,0.,-1.));
#10921=DIRECTION('ref_axis',(2.66712949929218E-6,-0.999999999996443,0.));
#10922=DIRECTION('center_axis',(0.,0.,-1.));
#10923=DIRECTION('ref_axis',(-2.66713916262218E-6,0.999999999996443,0.));
#10924=DIRECTION('',(0.,0.,1.));
#10925=DIRECTION('',(0.,0.,1.));
#10926=DIRECTION('center_axis',(0.,-1.,0.));
#10927=DIRECTION('ref_axis',(-1.,0.,0.));
#10928=DIRECTION('',(0.,0.,1.));
#10929=DIRECTION('center_axis',(1.,0.,0.));
#10930=DIRECTION('ref_axis',(0.,-1.,0.));
#10931=DIRECTION('',(0.,0.,1.));
#10932=DIRECTION('center_axis',(0.,0.,-1.));
#10933=DIRECTION('ref_axis',(0.99999999996244,8.66717154624282E-6,0.));
#10934=DIRECTION('',(0.,0.,1.));
#10935=DIRECTION('center_axis',(0.,0.,-1.));
#10936=DIRECTION('ref_axis',(-0.99999999996244,-8.66717158887481E-6,0.));
#10937=DIRECTION('',(0.,0.,1.));
#10938=DIRECTION('center_axis',(-1.,0.,0.));
#10939=DIRECTION('ref_axis',(0.,1.,0.));
#10940=DIRECTION('',(0.,0.,1.));
#10941=DIRECTION('center_axis',(0.,1.,0.));
#10942=DIRECTION('ref_axis',(1.,0.,0.));
#10943=DIRECTION('',(0.,0.,1.));
#10944=DIRECTION('center_axis',(0.,0.,-1.));
#10945=DIRECTION('ref_axis',(2.66712949929218E-6,-0.999999999996443,0.));
#10946=DIRECTION('center_axis',(0.,0.,-1.));
#10947=DIRECTION('ref_axis',(-2.66713924788718E-6,0.999999999996443,0.));
#10948=DIRECTION('',(0.,0.,1.));
#10949=DIRECTION('',(0.,0.,1.));
#10950=DIRECTION('center_axis',(0.,-1.,0.));
#10951=DIRECTION('ref_axis',(-1.,0.,0.));
#10952=DIRECTION('',(0.,0.,1.));
#10953=DIRECTION('center_axis',(1.,0.,0.));
#10954=DIRECTION('ref_axis',(0.,-1.,0.));
#10955=DIRECTION('',(0.,0.,1.));
#10956=DIRECTION('center_axis',(0.,0.,-1.));
#10957=DIRECTION('ref_axis',(0.999999999996443,2.66712958455718E-6,0.));
#10958=DIRECTION('',(0.,0.,1.));
#10959=DIRECTION('center_axis',(0.,0.,-1.));
#10960=DIRECTION('ref_axis',(-0.99999999996244,-8.66717163150681E-6,0.));
#10961=DIRECTION('',(0.,0.,1.));
#10962=DIRECTION('center_axis',(-1.,0.,0.));
#10963=DIRECTION('ref_axis',(0.,1.,0.));
#10964=DIRECTION('',(0.,0.,1.));
#10965=DIRECTION('center_axis',(0.,1.,0.));
#10966=DIRECTION('ref_axis',(1.,0.,0.));
#10967=DIRECTION('',(0.,0.,1.));
#10968=DIRECTION('center_axis',(0.,0.,-1.));
#10969=DIRECTION('ref_axis',(8.66717148939881E-6,-0.99999999996244,0.));
#10970=DIRECTION('center_axis',(0.,0.,-1.));
#10971=DIRECTION('ref_axis',(-2.66713919104418E-6,0.999999999996443,0.));
#10972=DIRECTION('',(0.,0.,1.));
#10973=DIRECTION('',(0.,0.,1.));
#10974=DIRECTION('center_axis',(0.,-1.,0.));
#10975=DIRECTION('ref_axis',(-1.,0.,0.));
#10976=DIRECTION('',(0.,0.,1.));
#10977=DIRECTION('center_axis',(1.,0.,0.));
#10978=DIRECTION('ref_axis',(0.,-1.,0.));
#10979=DIRECTION('',(0.,0.,1.));
#10980=DIRECTION('center_axis',(0.,0.,-1.));
#10981=DIRECTION('ref_axis',(0.99999999996244,8.66717153203182E-6,0.));
#10982=DIRECTION('',(0.,0.,1.));
#10983=DIRECTION('center_axis',(0.,0.,-1.));
#10984=DIRECTION('ref_axis',(-0.99999999996244,-8.66717153203182E-6,0.));
#10985=DIRECTION('',(0.,0.,1.));
#10986=DIRECTION('center_axis',(-1.,0.,0.));
#10987=DIRECTION('ref_axis',(0.,1.,0.));
#10988=DIRECTION('',(0.,0.,1.));
#10989=DIRECTION('center_axis',(0.,1.,0.));
#10990=DIRECTION('ref_axis',(1.,0.,0.));
#10991=DIRECTION('',(0.,0.,1.));
#10992=DIRECTION('center_axis',(0.,0.,-1.));
#10993=DIRECTION('ref_axis',(8.66717160308581E-6,-0.99999999996244,0.));
#10994=DIRECTION('center_axis',(0.,0.,-1.));
#10995=DIRECTION('ref_axis',(-2.66713913420018E-6,0.999999999996443,0.));
#10996=DIRECTION('',(0.,0.,1.));
#10997=DIRECTION('',(0.,0.,1.));
#10998=DIRECTION('center_axis',(0.,-1.,0.));
#10999=DIRECTION('ref_axis',(-1.,0.,0.));
#11000=DIRECTION('',(0.,0.,1.));
#11001=DIRECTION('center_axis',(1.,0.,0.));
#11002=DIRECTION('ref_axis',(0.,-1.,0.));
#11003=DIRECTION('',(0.,0.,1.));
#11004=DIRECTION('center_axis',(0.,0.,-1.));
#11005=DIRECTION('ref_axis',(0.99999999996244,8.66717153203182E-6,0.));
#11006=DIRECTION('',(0.,0.,1.));
#11007=DIRECTION('center_axis',(0.,0.,-1.));
#11008=DIRECTION('ref_axis',(-0.99999999996244,-8.66717153203182E-6,0.));
#11009=DIRECTION('',(0.,0.,1.));
#11010=DIRECTION('center_axis',(-1.,0.,0.));
#11011=DIRECTION('ref_axis',(0.,1.,0.));
#11012=DIRECTION('',(0.,0.,1.));
#11013=DIRECTION('center_axis',(0.,1.,0.));
#11014=DIRECTION('ref_axis',(1.,0.,0.));
#11015=DIRECTION('',(0.,0.,1.));
#11016=DIRECTION('center_axis',(0.,0.,-1.));
#11017=DIRECTION('ref_axis',(8.66717154624282E-6,-0.99999999996244,0.));
#11018=DIRECTION('center_axis',(0.,0.,-1.));
#11019=DIRECTION('ref_axis',(-2.66713919104418E-6,0.999999999996443,0.));
#11020=DIRECTION('',(0.,0.,1.));
#11021=DIRECTION('',(0.,0.,1.));
#11022=DIRECTION('center_axis',(0.,-1.,0.));
#11023=DIRECTION('ref_axis',(-1.,0.,0.));
#11024=DIRECTION('',(0.,0.,1.));
#11025=DIRECTION('center_axis',(1.,0.,0.));
#11026=DIRECTION('ref_axis',(0.,-1.,0.));
#11027=DIRECTION('',(0.,0.,1.));
#11028=DIRECTION('center_axis',(0.,0.,-1.));
#11029=DIRECTION('ref_axis',(0.99999999996244,8.66717153203182E-6,0.));
#11030=DIRECTION('',(0.,0.,1.));
#11031=DIRECTION('center_axis',(0.,0.,-1.));
#11032=DIRECTION('ref_axis',(-0.99999999996244,-8.66717153203182E-6,0.));
#11033=DIRECTION('',(0.,0.,1.));
#11034=DIRECTION('center_axis',(-1.,0.,0.));
#11035=DIRECTION('ref_axis',(0.,1.,0.));
#11036=DIRECTION('',(0.,0.,1.));
#11037=DIRECTION('center_axis',(0.,1.,0.));
#11038=DIRECTION('ref_axis',(1.,0.,0.));
#11039=DIRECTION('',(0.,0.,1.));
#11040=DIRECTION('center_axis',(0.,0.,-1.));
#11041=DIRECTION('ref_axis',(8.66717160308581E-6,-0.99999999996244,0.));
#11042=DIRECTION('center_axis',(0.,0.,-1.));
#11043=DIRECTION('ref_axis',(-2.66713913420018E-6,0.999999999996443,0.));
#11044=DIRECTION('',(0.,0.,1.));
#11045=DIRECTION('',(0.,0.,1.));
#11046=DIRECTION('center_axis',(0.,-1.,0.));
#11047=DIRECTION('ref_axis',(-1.,0.,0.));
#11048=DIRECTION('',(0.,0.,1.));
#11049=DIRECTION('center_axis',(1.,0.,0.));
#11050=DIRECTION('ref_axis',(0.,-1.,0.));
#11051=DIRECTION('',(0.,0.,1.));
#11052=DIRECTION('center_axis',(0.,0.,-1.));
#11053=DIRECTION('ref_axis',(0.99999999996244,8.66717153203182E-6,0.));
#11054=DIRECTION('',(0.,0.,1.));
#11055=DIRECTION('center_axis',(0.,0.,-1.));
#11056=DIRECTION('ref_axis',(-0.99999999996244,-8.66717153203182E-6,0.));
#11057=DIRECTION('',(0.,0.,1.));
#11058=DIRECTION('center_axis',(-1.,0.,0.));
#11059=DIRECTION('ref_axis',(0.,1.,0.));
#11060=DIRECTION('',(0.,0.,1.));
#11061=DIRECTION('center_axis',(0.,1.,0.));
#11062=DIRECTION('ref_axis',(1.,0.,0.));
#11063=DIRECTION('',(0.,0.,1.));
#11064=DIRECTION('center_axis',(0.,0.,-1.));
#11065=DIRECTION('ref_axis',(8.66717154624282E-6,-0.99999999996244,0.));
#11066=DIRECTION('center_axis',(0.,0.,-1.));
#11067=DIRECTION('ref_axis',(0.,-1.,0.));
#11068=DIRECTION('',(0.,0.,-1.));
#11069=DIRECTION('center_axis',(0.,0.,-1.));
#11070=DIRECTION('ref_axis',(-2.66713919104318E-6,0.999999999996443,0.));
#11071=DIRECTION('',(0.,0.,1.));
#11072=DIRECTION('',(0.,0.,1.));
#11073=DIRECTION('center_axis',(0.,-1.,0.));
#11074=DIRECTION('ref_axis',(-1.,0.,0.));
#11075=DIRECTION('',(0.,0.,1.));
#11076=DIRECTION('center_axis',(1.,0.,0.));
#11077=DIRECTION('ref_axis',(0.,-1.,0.));
#11078=DIRECTION('',(0.,0.,1.));
#11079=DIRECTION('center_axis',(0.,0.,-1.));
#11080=DIRECTION('ref_axis',(0.999999999996443,2.66712949218718E-6,0.));
#11081=DIRECTION('',(0.,0.,1.));
#11082=DIRECTION('center_axis',(0.,0.,-1.));
#11083=DIRECTION('ref_axis',(-0.99999999996244,-8.66717158887481E-6,0.));
#11084=DIRECTION('',(0.,0.,1.));
#11085=DIRECTION('center_axis',(-1.,0.,0.));
#11086=DIRECTION('ref_axis',(0.,1.,0.));
#11087=DIRECTION('',(0.,0.,1.));
#11088=DIRECTION('center_axis',(0.,1.,0.));
#11089=DIRECTION('ref_axis',(1.,0.,0.));
#11090=DIRECTION('',(0.,0.,1.));
#11091=DIRECTION('center_axis',(0.,0.,-1.));
#11092=DIRECTION('ref_axis',(8.66717154624282E-6,-0.99999999996244,0.));
#11093=DIRECTION('center_axis',(0.,0.,-1.));
#11094=DIRECTION('ref_axis',(-2.66713919104318E-6,0.999999999996443,0.));
#11095=DIRECTION('',(0.,0.,1.));
#11096=DIRECTION('',(0.,0.,1.));
#11097=DIRECTION('center_axis',(0.,-1.,0.));
#11098=DIRECTION('ref_axis',(-1.,0.,0.));
#11099=DIRECTION('',(0.,0.,1.));
#11100=DIRECTION('center_axis',(1.,0.,0.));
#11101=DIRECTION('ref_axis',(0.,-1.,0.));
#11102=DIRECTION('',(0.,0.,1.));
#11103=DIRECTION('center_axis',(0.,0.,-1.));
#11104=DIRECTION('ref_axis',(0.99999999996244,8.66717154624282E-6,0.));
#11105=DIRECTION('',(0.,0.,1.));
#11106=DIRECTION('center_axis',(0.,0.,-1.));
#11107=DIRECTION('ref_axis',(-0.99999999996244,-8.66717153203182E-6,0.));
#11108=DIRECTION('',(0.,0.,1.));
#11109=DIRECTION('center_axis',(-1.,0.,0.));
#11110=DIRECTION('ref_axis',(0.,1.,0.));
#11111=DIRECTION('',(0.,0.,1.));
#11112=DIRECTION('center_axis',(0.,1.,0.));
#11113=DIRECTION('ref_axis',(1.,0.,0.));
#11114=DIRECTION('',(0.,0.,1.));
#11115=DIRECTION('center_axis',(0.,0.,-1.));
#11116=DIRECTION('ref_axis',(8.66717160308581E-6,-0.99999999996244,0.));
#11117=DIRECTION('center_axis',(0.,0.,-1.));
#11118=DIRECTION('ref_axis',(-2.66713919104318E-6,0.999999999996443,0.));
#11119=DIRECTION('',(0.,0.,1.));
#11120=DIRECTION('',(0.,0.,1.));
#11121=DIRECTION('center_axis',(0.,-1.,0.));
#11122=DIRECTION('ref_axis',(-1.,0.,0.));
#11123=DIRECTION('',(0.,0.,1.));
#11124=DIRECTION('center_axis',(1.,0.,0.));
#11125=DIRECTION('ref_axis',(0.,-1.,0.));
#11126=DIRECTION('',(0.,0.,1.));
#11127=DIRECTION('center_axis',(0.,0.,-1.));
#11128=DIRECTION('ref_axis',(0.999999999996443,2.66712949218718E-6,0.));
#11129=DIRECTION('',(0.,0.,1.));
#11130=DIRECTION('center_axis',(0.,0.,-1.));
#11131=DIRECTION('ref_axis',(-0.99999999996244,-8.66717153203182E-6,0.));
#11132=DIRECTION('',(0.,0.,1.));
#11133=DIRECTION('center_axis',(-1.,0.,0.));
#11134=DIRECTION('ref_axis',(0.,1.,0.));
#11135=DIRECTION('',(0.,0.,1.));
#11136=DIRECTION('center_axis',(0.,1.,0.));
#11137=DIRECTION('ref_axis',(1.,0.,0.));
#11138=DIRECTION('',(0.,0.,1.));
#11139=DIRECTION('center_axis',(0.,0.,-1.));
#11140=DIRECTION('ref_axis',(8.66717148939881E-6,-0.99999999996244,0.));
#11141=DIRECTION('center_axis',(0.,0.,-1.));
#11142=DIRECTION('ref_axis',(-2.66713924788618E-6,0.999999999996443,0.));
#11143=DIRECTION('',(0.,0.,1.));
#11144=DIRECTION('',(0.,0.,1.));
#11145=DIRECTION('center_axis',(0.,-1.,0.));
#11146=DIRECTION('ref_axis',(-1.,0.,0.));
#11147=DIRECTION('',(0.,0.,1.));
#11148=DIRECTION('center_axis',(1.,0.,0.));
#11149=DIRECTION('ref_axis',(0.,-1.,0.));
#11150=DIRECTION('',(0.,0.,1.));
#11151=DIRECTION('center_axis',(0.,0.,-1.));
#11152=DIRECTION('ref_axis',(0.99999999996244,8.66717164571781E-6,0.));
#11153=DIRECTION('',(0.,0.,1.));
#11154=DIRECTION('center_axis',(0.,0.,-1.));
#11155=DIRECTION('ref_axis',(-0.99999999996244,-8.66717163150681E-6,0.));
#11156=DIRECTION('',(0.,0.,1.));
#11157=DIRECTION('center_axis',(-1.,0.,0.));
#11158=DIRECTION('ref_axis',(0.,1.,0.));
#11159=DIRECTION('',(0.,0.,1.));
#11160=DIRECTION('center_axis',(0.,1.,0.));
#11161=DIRECTION('ref_axis',(1.,0.,0.));
#11162=DIRECTION('',(0.,0.,1.));
#11163=DIRECTION('center_axis',(0.,0.,-1.));
#11164=DIRECTION('ref_axis',(2.66712947087118E-6,-0.999999999996443,0.));
#11165=DIRECTION('center_axis',(0.,0.,-1.));
#11166=DIRECTION('ref_axis',(-2.66713913420018E-6,0.999999999996443,0.));
#11167=DIRECTION('',(0.,0.,1.));
#11168=DIRECTION('',(0.,0.,1.));
#11169=DIRECTION('center_axis',(0.,-1.,0.));
#11170=DIRECTION('ref_axis',(-1.,0.,0.));
#11171=DIRECTION('',(0.,0.,1.));
#11172=DIRECTION('center_axis',(1.,0.,0.));
#11173=DIRECTION('ref_axis',(0.,-1.,0.));
#11174=DIRECTION('',(0.,0.,1.));
#11175=DIRECTION('center_axis',(0.,0.,-1.));
#11176=DIRECTION('ref_axis',(0.999999999996443,2.66712949218718E-6,0.));
#11177=DIRECTION('',(0.,0.,1.));
#11178=DIRECTION('center_axis',(0.,0.,-1.));
#11179=DIRECTION('ref_axis',(-0.99999999996244,-8.66717153203182E-6,0.));
#11180=DIRECTION('',(0.,0.,1.));
#11181=DIRECTION('center_axis',(-1.,0.,0.));
#11182=DIRECTION('ref_axis',(0.,1.,0.));
#11183=DIRECTION('',(0.,0.,1.));
#11184=DIRECTION('center_axis',(0.,1.,0.));
#11185=DIRECTION('ref_axis',(1.,0.,0.));
#11186=DIRECTION('',(0.,0.,1.));
#11187=DIRECTION('center_axis',(0.,0.,-1.));
#11188=DIRECTION('ref_axis',(8.66717154624282E-6,-0.99999999996244,0.));
#11189=DIRECTION('center_axis',(0.,0.,-1.));
#11190=DIRECTION('ref_axis',(-2.66713913420018E-6,0.999999999996443,0.));
#11191=DIRECTION('',(0.,0.,1.));
#11192=DIRECTION('',(0.,0.,1.));
#11193=DIRECTION('center_axis',(0.,-1.,0.));
#11194=DIRECTION('ref_axis',(-1.,0.,0.));
#11195=DIRECTION('',(0.,0.,1.));
#11196=DIRECTION('center_axis',(1.,0.,0.));
#11197=DIRECTION('ref_axis',(0.,-1.,0.));
#11198=DIRECTION('',(0.,0.,1.));
#11199=DIRECTION('center_axis',(0.,0.,-1.));
#11200=DIRECTION('ref_axis',(0.99999999996244,8.66717154624182E-6,0.));
#11201=DIRECTION('',(0.,0.,1.));
#11202=DIRECTION('center_axis',(0.,0.,-1.));
#11203=DIRECTION('ref_axis',(-0.99999999996244,-8.66717153203182E-6,0.));
#11204=DIRECTION('',(0.,0.,1.));
#11205=DIRECTION('center_axis',(-1.,0.,0.));
#11206=DIRECTION('ref_axis',(0.,1.,0.));
#11207=DIRECTION('',(0.,0.,1.));
#11208=DIRECTION('center_axis',(0.,1.,0.));
#11209=DIRECTION('ref_axis',(1.,0.,0.));
#11210=DIRECTION('',(0.,0.,1.));
#11211=DIRECTION('center_axis',(0.,0.,-1.));
#11212=DIRECTION('ref_axis',(8.66717154624282E-6,-0.99999999996244,0.));
#11213=CARTESIAN_POINT('',(0.,0.,0.));
#11214=CARTESIAN_POINT('Origin',(235.74374992249,-21.4312500775,0.));
#11215=CARTESIAN_POINT('',(235.74375,-19.05,0.));
#11216=CARTESIAN_POINT('',(235.74375,-19.05,1.2));
#11217=CARTESIAN_POINT('',(235.74375,-19.05,0.));
#11218=CARTESIAN_POINT('',(238.125,-21.43125,1.2));
#11219=CARTESIAN_POINT('Origin',(235.74374992249,-21.4312500775,1.2));
#11220=CARTESIAN_POINT('',(238.125,-21.43125,0.));
#11221=CARTESIAN_POINT('',(238.125,-21.43125,0.));
#11222=CARTESIAN_POINT('Origin',(235.74374992249,-21.4312500775,0.));
#11223=CARTESIAN_POINT('Origin',(11.90625,-19.05,0.));
#11224=CARTESIAN_POINT('',(11.90625,-19.05,0.));
#11225=CARTESIAN_POINT('',(11.90625,-19.05,1.2));
#11226=CARTESIAN_POINT('',(11.90625,-19.05,0.));
#11227=CARTESIAN_POINT('',(11.90625,-19.05,1.2));
#11228=CARTESIAN_POINT('',(11.90625,-19.05,0.));
#11229=CARTESIAN_POINT('Origin',(238.125,-21.43125,0.));
#11230=CARTESIAN_POINT('',(238.124999,-92.86875,1.2));
#11231=CARTESIAN_POINT('',(238.125,-21.43125,1.2));
#11232=CARTESIAN_POINT('',(238.124999,-92.86875,0.));
#11233=CARTESIAN_POINT('',(238.124999,-92.86875,0.));
#11234=CARTESIAN_POINT('',(238.125,-21.43125,0.));
#11235=CARTESIAN_POINT('Origin',(0.,0.,0.));
#11236=CARTESIAN_POINT('',(235.74375,-95.25,0.));
#11237=CARTESIAN_POINT('Origin',(235.7437506296,-92.8687516296,0.));
#11238=CARTESIAN_POINT('',(11.90625,-95.25,0.));
#11239=CARTESIAN_POINT('',(235.74375,-95.25,0.));
#11240=CARTESIAN_POINT('',(9.525,-92.86875,0.));
#11241=CARTESIAN_POINT('Origin',(11.906250077504,-92.86874992249,0.));
#11242=CARTESIAN_POINT('',(9.525,-21.43125,0.));
#11243=CARTESIAN_POINT('',(9.525,-92.86875,0.));
#11244=CARTESIAN_POINT('Origin',(11.906250077504,-21.4312500775,0.));
#11245=CARTESIAN_POINT('',(14.881,-78.675,0.));
#11246=CARTESIAN_POINT('',(14.381,-79.175,0.));
#11247=CARTESIAN_POINT('Origin',(14.881001333573,-79.17500133357,0.));
#11248=CARTESIAN_POINT('',(14.381,-92.275003,0.));
#11249=CARTESIAN_POINT('',(14.381,-79.175,0.));
#11250=CARTESIAN_POINT('',(14.881,-92.775,0.));
#11251=CARTESIAN_POINT('Origin',(14.88100133358,-92.2749986664,0.));
#11252=CARTESIAN_POINT('',(27.981003,-92.775,0.));
#11253=CARTESIAN_POINT('',(14.881,-92.775,0.));
#11254=CARTESIAN_POINT('',(28.481,-92.275,0.));
#11255=CARTESIAN_POINT('Origin',(27.980998666403,-92.27499866642,0.));
#11256=CARTESIAN_POINT('',(28.481,-79.174997,0.));
#11257=CARTESIAN_POINT('',(28.481,-92.275,0.));
#11258=CARTESIAN_POINT('',(27.981,-78.675,0.));
#11259=CARTESIAN_POINT('Origin',(27.98099866642,-79.17500133359,0.));
#11260=CARTESIAN_POINT('',(27.981,-78.675,0.));
#11261=CARTESIAN_POINT('',(36.313,-78.675,0.));
#11262=CARTESIAN_POINT('',(35.813,-79.175,0.));
#11263=CARTESIAN_POINT('Origin',(36.313001333573,-79.17500133357,0.));
#11264=CARTESIAN_POINT('',(35.813,-92.275003,0.));
#11265=CARTESIAN_POINT('',(35.813,-79.175,0.));
#11266=CARTESIAN_POINT('',(36.313,-92.775,0.));
#11267=CARTESIAN_POINT('Origin',(36.31300133358,-92.2749986664,0.));
#11268=CARTESIAN_POINT('',(49.413003,-92.775,0.));
#11269=CARTESIAN_POINT('',(36.313,-92.775,0.));
#11270=CARTESIAN_POINT('',(49.913,-92.275,0.));
#11271=CARTESIAN_POINT('Origin',(49.412998666403,-92.27499866642,0.));
#11272=CARTESIAN_POINT('',(49.913,-79.174997,0.));
#11273=CARTESIAN_POINT('',(49.913,-92.275,0.));
#11274=CARTESIAN_POINT('',(49.413,-78.675,0.));
#11275=CARTESIAN_POINT('Origin',(49.41299866642,-79.17500133359,0.));
#11276=CARTESIAN_POINT('',(49.413,-78.675,0.));
#11277=CARTESIAN_POINT('',(57.744,-78.675,0.));
#11278=CARTESIAN_POINT('',(57.244,-79.175,0.));
#11279=CARTESIAN_POINT('Origin',(57.744001333573,-79.17500133357,0.));
#11280=CARTESIAN_POINT('',(57.244,-92.275003,0.));
#11281=CARTESIAN_POINT('',(57.244,-79.175,0.));
#11282=CARTESIAN_POINT('',(57.744,-92.775,0.));
#11283=CARTESIAN_POINT('Origin',(57.74400133358,-92.2749986664,0.));
#11284=CARTESIAN_POINT('',(70.844003,-92.775,0.));
#11285=CARTESIAN_POINT('',(57.744,-92.775,0.));
#11286=CARTESIAN_POINT('',(71.344,-92.275,0.));
#11287=CARTESIAN_POINT('Origin',(70.843998666403,-92.27499866642,0.));
#11288=CARTESIAN_POINT('',(71.344,-79.174997,0.));
#11289=CARTESIAN_POINT('',(71.344,-92.275,0.));
#11290=CARTESIAN_POINT('',(70.844,-78.675,0.));
#11291=CARTESIAN_POINT('Origin',(70.84399866642,-79.17500133359,0.));
#11292=CARTESIAN_POINT('',(70.844,-78.675,0.));
#11293=CARTESIAN_POINT('',(78.58125,-84.625,0.));
#11294=CARTESIAN_POINT('Origin',(78.58125,-85.725,0.));
#11295=CARTESIAN_POINT('',(87.95625,-75.825,0.));
#11296=CARTESIAN_POINT('',(87.45625,-76.325,0.));
#11297=CARTESIAN_POINT('Origin',(87.956350370078,-76.32510037007,0.));
#11298=CARTESIAN_POINT('',(87.45625,-89.375101,0.));
#11299=CARTESIAN_POINT('',(87.45625,-76.325,0.));
#11300=CARTESIAN_POINT('',(87.95625,-89.875,0.));
#11301=CARTESIAN_POINT('Origin',(87.956148924606,-89.37510108561,0.));
#11302=CARTESIAN_POINT('',(93.01875,-89.875,0.));
#11303=CARTESIAN_POINT('',(87.95625,-89.875,0.));
#11304=CARTESIAN_POINT('',(93.51875,-89.3749,0.));
#11305=CARTESIAN_POINT('Origin',(93.018649637046,-89.37489964711,0.));
#11306=CARTESIAN_POINT('',(93.51875,-79.08125,0.));
#11307=CARTESIAN_POINT('',(93.51875,-89.3749,0.));
#11308=CARTESIAN_POINT('',(94.01875,-78.58125,0.));
#11309=CARTESIAN_POINT('Origin',(94.018834998969,-79.08133499896,0.));
#11310=CARTESIAN_POINT('',(94.84375,-78.58125,0.));
#11311=CARTESIAN_POINT('',(94.01875,-78.58125,0.));
#11312=CARTESIAN_POINT('',(95.34375,-79.08125,0.));
#11313=CARTESIAN_POINT('Origin',(94.843700861613,-79.08129913838,0.));
#11314=CARTESIAN_POINT('',(95.34375,-92.275,0.));
#11315=CARTESIAN_POINT('',(95.34375,-79.08125,0.));
#11316=CARTESIAN_POINT('',(95.84375,-92.775,0.));
#11317=CARTESIAN_POINT('Origin',(95.843751333568,-92.27499866643,0.));
#11318=CARTESIAN_POINT('',(108.94375,-92.775,0.));
#11319=CARTESIAN_POINT('',(95.84375,-92.775,0.));
#11320=CARTESIAN_POINT('',(109.44375,-92.275,0.));
#11321=CARTESIAN_POINT('Origin',(108.94374866643,-92.27499866643,0.));
#11322=CARTESIAN_POINT('',(109.44375,-79.08125,0.));
#11323=CARTESIAN_POINT('',(109.44375,-92.275,0.));
#11324=CARTESIAN_POINT('',(109.94375,-78.58125,0.));
#11325=CARTESIAN_POINT('Origin',(109.94366258246,-79.08116258246,0.));
#11326=CARTESIAN_POINT('',(110.765,-78.58125,0.));
#11327=CARTESIAN_POINT('',(109.94375,-78.58125,0.));
#11328=CARTESIAN_POINT('',(111.265,-79.08125,0.));
#11329=CARTESIAN_POINT('Origin',(110.76486546842,-79.08138453158,0.));
#11330=CARTESIAN_POINT('',(111.265,-89.3749,0.));
#11331=CARTESIAN_POINT('',(111.265,-79.08125,0.));
#11332=CARTESIAN_POINT('',(111.765,-89.875,0.));
#11333=CARTESIAN_POINT('Origin',(111.76510036295,-89.37489964711,0.));
#11334=CARTESIAN_POINT('',(116.8275,-89.875,0.));
#11335=CARTESIAN_POINT('',(111.765,-89.875,0.));
#11336=CARTESIAN_POINT('',(117.3275,-89.375,0.));
#11337=CARTESIAN_POINT('Origin',(116.82760106817,-89.37510106817,0.));
#11338=CARTESIAN_POINT('',(117.3275,-76.325,0.));
#11339=CARTESIAN_POINT('',(117.3275,-89.375,0.));
#11340=CARTESIAN_POINT('',(116.8275,-75.825,0.));
#11341=CARTESIAN_POINT('Origin',(116.82745086161,-76.32504913838,0.));
#11342=CARTESIAN_POINT('',(111.765,-75.825,0.));
#11343=CARTESIAN_POINT('',(116.8275,-75.825,0.));
#11344=CARTESIAN_POINT('',(111.265,-76.325,0.));
#11345=CARTESIAN_POINT('Origin',(111.76504913838,-76.32504913838,0.));
#11346=CARTESIAN_POINT('',(110.765,-76.825,0.));
#11347=CARTESIAN_POINT('Origin',(110.76495086161,-76.32495086161,0.));
#11348=CARTESIAN_POINT('',(94.01875,-76.825,0.));
#11349=CARTESIAN_POINT('',(110.765,-76.825,0.));
#11350=CARTESIAN_POINT('',(93.51875,-76.325,0.));
#11351=CARTESIAN_POINT('Origin',(94.018648931828,-76.32510106817,0.));
#11352=CARTESIAN_POINT('',(93.01875,-75.825,0.));
#11353=CARTESIAN_POINT('Origin',(93.018851068172,-76.32489893182,0.));
#11354=CARTESIAN_POINT('',(93.01875,-75.825,0.));
#11355=CARTESIAN_POINT('',(19.644,-59.625,0.));
#11356=CARTESIAN_POINT('',(19.144,-60.125,0.));
#11357=CARTESIAN_POINT('Origin',(19.644001333573,-60.12500133357,0.));
#11358=CARTESIAN_POINT('',(19.144,-73.225003,0.));
#11359=CARTESIAN_POINT('',(19.144,-60.125,0.));
#11360=CARTESIAN_POINT('',(19.644,-73.725,0.));
#11361=CARTESIAN_POINT('Origin',(19.64400133358,-73.2249986664,0.));
#11362=CARTESIAN_POINT('',(32.744003,-73.725,0.));
#11363=CARTESIAN_POINT('',(19.644,-73.725,0.));
#11364=CARTESIAN_POINT('',(33.244,-73.225,0.));
#11365=CARTESIAN_POINT('Origin',(32.743998666403,-73.22499866642,0.));
#11366=CARTESIAN_POINT('',(33.244,-60.124997,0.));
#11367=CARTESIAN_POINT('',(33.244,-73.225,0.));
#11368=CARTESIAN_POINT('',(32.744,-59.625,0.));
#11369=CARTESIAN_POINT('Origin',(32.74399866642,-60.12500133359,0.));
#11370=CARTESIAN_POINT('',(32.744,-59.625,0.));
#11371=CARTESIAN_POINT('',(45.838,-59.625,0.));
#11372=CARTESIAN_POINT('',(45.338,-60.125,0.));
#11373=CARTESIAN_POINT('Origin',(45.838001333573,-60.12500133357,0.));
#11374=CARTESIAN_POINT('',(45.338,-73.225003,0.));
#11375=CARTESIAN_POINT('',(45.338,-60.125,0.));
#11376=CARTESIAN_POINT('',(45.838,-73.725,0.));
#11377=CARTESIAN_POINT('Origin',(45.83800133358,-73.2249986664,0.));
#11378=CARTESIAN_POINT('',(58.938003,-73.725,0.));
#11379=CARTESIAN_POINT('',(45.838,-73.725,0.));
#11380=CARTESIAN_POINT('',(59.438,-73.225,0.));
#11381=CARTESIAN_POINT('Origin',(58.937998666403,-73.22499866642,0.));
#11382=CARTESIAN_POINT('',(59.438,-60.124997,0.));
#11383=CARTESIAN_POINT('',(59.438,-73.225,0.));
#11384=CARTESIAN_POINT('',(58.938,-59.625,0.));
#11385=CARTESIAN_POINT('Origin',(58.93799866642,-60.12500133359,0.));
#11386=CARTESIAN_POINT('',(58.938,-59.625,0.));
#11387=CARTESIAN_POINT('',(64.888,-59.625,0.));
#11388=CARTESIAN_POINT('',(64.388,-60.125,0.));
#11389=CARTESIAN_POINT('Origin',(64.888001333573,-60.12500133357,0.));
#11390=CARTESIAN_POINT('',(64.388,-73.225003,0.));
#11391=CARTESIAN_POINT('',(64.388,-60.125,0.));
#11392=CARTESIAN_POINT('',(64.888,-73.725,0.));
#11393=CARTESIAN_POINT('Origin',(64.88800133358,-73.2249986664,0.));
#11394=CARTESIAN_POINT('',(77.988003,-73.725,0.));
#11395=CARTESIAN_POINT('',(64.888,-73.725,0.));
#11396=CARTESIAN_POINT('',(78.488,-73.225,0.));
#11397=CARTESIAN_POINT('Origin',(77.987998666403,-73.22499866642,0.));
#11398=CARTESIAN_POINT('',(78.488,-60.124997,0.));
#11399=CARTESIAN_POINT('',(78.488,-73.225,0.));
#11400=CARTESIAN_POINT('',(77.988,-59.625,0.));
#11401=CARTESIAN_POINT('Origin',(77.98799866642,-60.12500133359,0.));
#11402=CARTESIAN_POINT('',(77.988,-59.625,0.));
#11403=CARTESIAN_POINT('',(83.937,-59.625,0.));
#11404=CARTESIAN_POINT('',(83.437,-60.125,0.));
#11405=CARTESIAN_POINT('Origin',(83.937001333573,-60.12500133357,0.));
#11406=CARTESIAN_POINT('',(83.437,-73.225003,0.));
#11407=CARTESIAN_POINT('',(83.437,-60.125,0.));
#11408=CARTESIAN_POINT('',(83.937,-73.725,0.));
#11409=CARTESIAN_POINT('Origin',(83.93700133358,-73.2249986664,0.));
#11410=CARTESIAN_POINT('',(97.037003,-73.725,0.));
#11411=CARTESIAN_POINT('',(83.937,-73.725,0.));
#11412=CARTESIAN_POINT('',(97.537,-73.225,0.));
#11413=CARTESIAN_POINT('Origin',(97.036998666403,-73.22499866642,0.));
#11414=CARTESIAN_POINT('',(97.537,-60.124997,0.));
#11415=CARTESIAN_POINT('',(97.537,-73.225,0.));
#11416=CARTESIAN_POINT('',(97.037,-59.625,0.));
#11417=CARTESIAN_POINT('Origin',(97.03699866642,-60.12500133359,0.));
#11418=CARTESIAN_POINT('',(97.037,-59.625,0.));
#11419=CARTESIAN_POINT('',(102.988,-59.625,0.));
#11420=CARTESIAN_POINT('',(102.488,-60.125,0.));
#11421=CARTESIAN_POINT('Origin',(102.98800133357,-60.12500133357,0.));
#11422=CARTESIAN_POINT('',(102.488,-73.225003,0.));
#11423=CARTESIAN_POINT('',(102.488,-60.125,0.));
#11424=CARTESIAN_POINT('',(102.988,-73.725,0.));
#11425=CARTESIAN_POINT('Origin',(102.98800133358,-73.2249986664,0.));
#11426=CARTESIAN_POINT('',(116.088003,-73.725,0.));
#11427=CARTESIAN_POINT('',(102.988,-73.725,0.));
#11428=CARTESIAN_POINT('',(116.588,-73.225,0.));
#11429=CARTESIAN_POINT('Origin',(116.0879986664,-73.22499866642,0.));
#11430=CARTESIAN_POINT('',(116.588,-60.124997,0.));
#11431=CARTESIAN_POINT('',(116.588,-73.225,0.));
#11432=CARTESIAN_POINT('',(116.088,-59.625,0.));
#11433=CARTESIAN_POINT('Origin',(116.08799866642,-60.12500133359,0.));
#11434=CARTESIAN_POINT('',(116.088,-59.625,0.));
#11435=CARTESIAN_POINT('',(135.58125,-75.825,0.));
#11436=CARTESIAN_POINT('',(135.08125,-76.325,0.));
#11437=CARTESIAN_POINT('Origin',(135.58135037007,-76.32510037007,0.));
#11438=CARTESIAN_POINT('',(135.08125,-89.375,0.));
#11439=CARTESIAN_POINT('',(135.08125,-76.325,0.));
#11440=CARTESIAN_POINT('',(135.58125,-89.875,0.));
#11441=CARTESIAN_POINT('Origin',(135.58114893182,-89.37510106817,0.));
#11442=CARTESIAN_POINT('',(140.64375,-89.875,0.));
#11443=CARTESIAN_POINT('',(135.58125,-89.875,0.));
#11444=CARTESIAN_POINT('',(141.14375,-89.3749,0.));
#11445=CARTESIAN_POINT('Origin',(140.64364963704,-89.37489964711,0.));
#11446=CARTESIAN_POINT('',(141.14375,-79.08125,0.));
#11447=CARTESIAN_POINT('',(141.14375,-89.3749,0.));
#11448=CARTESIAN_POINT('',(141.64375,-78.58125,0.));
#11449=CARTESIAN_POINT('Origin',(141.64383499896,-79.08133499896,0.));
#11450=CARTESIAN_POINT('',(142.46875,-78.58125,0.));
#11451=CARTESIAN_POINT('',(141.64375,-78.58125,0.));
#11452=CARTESIAN_POINT('',(142.96875,-79.08125,0.));
#11453=CARTESIAN_POINT('Origin',(142.46870086161,-79.08129913838,0.));
#11454=CARTESIAN_POINT('',(142.96875,-92.275003,0.));
#11455=CARTESIAN_POINT('',(142.96875,-79.08125,0.));
#11456=CARTESIAN_POINT('',(143.46875,-92.775,0.));
#11457=CARTESIAN_POINT('Origin',(143.46875133358,-92.2749986664,0.));
#11458=CARTESIAN_POINT('',(156.568753,-92.775,0.));
#11459=CARTESIAN_POINT('',(143.46875,-92.775,0.));
#11460=CARTESIAN_POINT('',(157.06875,-92.275,0.));
#11461=CARTESIAN_POINT('Origin',(156.5687486664,-92.27499866642,0.));
#11462=CARTESIAN_POINT('',(157.06875,-79.08125,0.));
#11463=CARTESIAN_POINT('',(157.06875,-92.275,0.));
#11464=CARTESIAN_POINT('',(157.56875,-78.58125,0.));
#11465=CARTESIAN_POINT('Origin',(157.56866258246,-79.08116258246,0.));
#11466=CARTESIAN_POINT('',(158.39,-78.58125,0.));
#11467=CARTESIAN_POINT('',(157.56875,-78.58125,0.));
#11468=CARTESIAN_POINT('',(158.89,-79.08125,0.));
#11469=CARTESIAN_POINT('Origin',(158.38986546842,-79.08138453158,0.));
#11470=CARTESIAN_POINT('',(158.89,-89.375,0.));
#11471=CARTESIAN_POINT('',(158.89,-79.08125,0.));
#11472=CARTESIAN_POINT('',(159.39,-89.875,0.));
#11473=CARTESIAN_POINT('Origin',(159.39010037007,-89.37489962992,0.));
#11474=CARTESIAN_POINT('',(164.4525,-89.875,0.));
#11475=CARTESIAN_POINT('',(159.39,-89.875,0.));
#11476=CARTESIAN_POINT('',(164.9525,-89.375101,0.));
#11477=CARTESIAN_POINT('Origin',(164.45260107539,-89.37510108561,0.));
#11478=CARTESIAN_POINT('',(164.9525,-76.325,0.));
#11479=CARTESIAN_POINT('',(164.9525,-89.375101,0.));
#11480=CARTESIAN_POINT('',(164.4525,-75.825,0.));
#11481=CARTESIAN_POINT('Origin',(164.45245086161,-76.32504913838,0.));
#11482=CARTESIAN_POINT('',(159.39,-75.825,0.));
#11483=CARTESIAN_POINT('',(164.4525,-75.825,0.));
#11484=CARTESIAN_POINT('',(158.89,-76.325,0.));
#11485=CARTESIAN_POINT('Origin',(159.39004913838,-76.32504913838,0.));
#11486=CARTESIAN_POINT('',(158.39,-76.825,0.));
#11487=CARTESIAN_POINT('Origin',(158.38995086161,-76.32495086161,0.));
#11488=CARTESIAN_POINT('',(141.64375,-76.825,0.));
#11489=CARTESIAN_POINT('',(158.39,-76.825,0.));
#11490=CARTESIAN_POINT('',(141.14375,-76.325,0.));
#11491=CARTESIAN_POINT('Origin',(141.64364893182,-76.32510106817,0.));
#11492=CARTESIAN_POINT('',(140.64375,-75.825,0.));
#11493=CARTESIAN_POINT('Origin',(140.64385106817,-76.32489893182,0.));
#11494=CARTESIAN_POINT('',(140.64375,-75.825,0.));
#11495=CARTESIAN_POINT('',(169.06875,-84.625,0.));
#11496=CARTESIAN_POINT('Origin',(169.06875,-85.725,0.));
#11497=CARTESIAN_POINT('',(176.806,-78.675,0.));
#11498=CARTESIAN_POINT('',(176.306,-79.175,0.));
#11499=CARTESIAN_POINT('Origin',(176.80600133357,-79.17500133357,0.));
#11500=CARTESIAN_POINT('',(176.306,-92.275003,0.));
#11501=CARTESIAN_POINT('',(176.306,-79.175,0.));
#11502=CARTESIAN_POINT('',(176.806,-92.775,0.));
#11503=CARTESIAN_POINT('Origin',(176.80600133358,-92.2749986664,0.));
#11504=CARTESIAN_POINT('',(189.906003,-92.775,0.));
#11505=CARTESIAN_POINT('',(176.806,-92.775,0.));
#11506=CARTESIAN_POINT('',(190.406,-92.275,0.));
#11507=CARTESIAN_POINT('Origin',(189.9059986664,-92.27499866642,0.));
#11508=CARTESIAN_POINT('',(190.406,-79.174997,0.));
#11509=CARTESIAN_POINT('',(190.406,-92.275,0.));
#11510=CARTESIAN_POINT('',(189.906,-78.675,0.));
#11511=CARTESIAN_POINT('Origin',(189.90599866642,-79.17500133359,0.));
#11512=CARTESIAN_POINT('',(189.906,-78.675,0.));
#11513=CARTESIAN_POINT('',(198.237,-78.675,0.));
#11514=CARTESIAN_POINT('',(197.737,-79.175,0.));
#11515=CARTESIAN_POINT('Origin',(198.23700133357,-79.17500133357,0.));
#11516=CARTESIAN_POINT('',(197.737,-92.275003,0.));
#11517=CARTESIAN_POINT('',(197.737,-79.175,0.));
#11518=CARTESIAN_POINT('',(198.237,-92.775,0.));
#11519=CARTESIAN_POINT('Origin',(198.23700133358,-92.2749986664,0.));
#11520=CARTESIAN_POINT('',(211.337003,-92.775,0.));
#11521=CARTESIAN_POINT('',(198.237,-92.775,0.));
#11522=CARTESIAN_POINT('',(211.837,-92.275,0.));
#11523=CARTESIAN_POINT('Origin',(211.3369986664,-92.27499866642,0.));
#11524=CARTESIAN_POINT('',(211.837,-79.174997,0.));
#11525=CARTESIAN_POINT('',(211.837,-92.275,0.));
#11526=CARTESIAN_POINT('',(211.337,-78.675,0.));
#11527=CARTESIAN_POINT('Origin',(211.33699866642,-79.17500133359,0.));
#11528=CARTESIAN_POINT('',(211.337,-78.675,0.));
#11529=CARTESIAN_POINT('',(219.669,-78.675,0.));
#11530=CARTESIAN_POINT('',(219.169,-79.175,0.));
#11531=CARTESIAN_POINT('Origin',(219.66900133357,-79.17500133357,0.));
#11532=CARTESIAN_POINT('',(219.169,-92.275003,0.));
#11533=CARTESIAN_POINT('',(219.169,-79.175,0.));
#11534=CARTESIAN_POINT('',(219.669,-92.775,0.));
#11535=CARTESIAN_POINT('Origin',(219.66900133358,-92.2749986664,0.));
#11536=CARTESIAN_POINT('',(232.769003,-92.775,0.));
#11537=CARTESIAN_POINT('',(219.669,-92.775,0.));
#11538=CARTESIAN_POINT('',(233.269,-92.275,0.));
#11539=CARTESIAN_POINT('Origin',(232.7689986664,-92.27499866642,0.));
#11540=CARTESIAN_POINT('',(233.269,-79.174997,0.));
#11541=CARTESIAN_POINT('',(233.269,-92.275,0.));
#11542=CARTESIAN_POINT('',(232.769,-78.675,0.));
#11543=CARTESIAN_POINT('Origin',(232.76899866642,-79.17500133359,0.));
#11544=CARTESIAN_POINT('',(232.769,-78.675,0.));
#11545=CARTESIAN_POINT('',(122.038,-59.625,0.));
#11546=CARTESIAN_POINT('',(121.538,-60.125,0.));
#11547=CARTESIAN_POINT('Origin',(122.03800133357,-60.12500133357,0.));
#11548=CARTESIAN_POINT('',(121.538,-73.225003,0.));
#11549=CARTESIAN_POINT('',(121.538,-60.125,0.));
#11550=CARTESIAN_POINT('',(122.038,-73.725,0.));
#11551=CARTESIAN_POINT('Origin',(122.03800133358,-73.2249986664,0.));
#11552=CARTESIAN_POINT('',(135.138003,-73.725,0.));
#11553=CARTESIAN_POINT('',(122.038,-73.725,0.));
#11554=CARTESIAN_POINT('',(135.638,-73.225,0.));
#11555=CARTESIAN_POINT('Origin',(135.1379986664,-73.22499866642,0.));
#11556=CARTESIAN_POINT('',(135.638,-60.125,0.));
#11557=CARTESIAN_POINT('',(135.638,-73.225,0.));
#11558=CARTESIAN_POINT('',(135.138,-59.625,0.));
#11559=CARTESIAN_POINT('Origin',(135.13799866643,-60.12500133356,0.));
#11560=CARTESIAN_POINT('',(135.138,-59.625,0.));
#11561=CARTESIAN_POINT('',(141.088,-59.625,0.));
#11562=CARTESIAN_POINT('',(140.588,-60.125,0.));
#11563=CARTESIAN_POINT('Origin',(141.08800133357,-60.12500133357,0.));
#11564=CARTESIAN_POINT('',(140.588,-73.225003,0.));
#11565=CARTESIAN_POINT('',(140.588,-60.125,0.));
#11566=CARTESIAN_POINT('',(141.088,-73.725,0.));
#11567=CARTESIAN_POINT('Origin',(141.08800133358,-73.2249986664,0.));
#11568=CARTESIAN_POINT('',(154.188003,-73.725,0.));
#11569=CARTESIAN_POINT('',(141.088,-73.725,0.));
#11570=CARTESIAN_POINT('',(154.688,-73.225,0.));
#11571=CARTESIAN_POINT('Origin',(154.1879986664,-73.22499866642,0.));
#11572=CARTESIAN_POINT('',(154.688,-60.124997,0.));
#11573=CARTESIAN_POINT('',(154.688,-73.225,0.));
#11574=CARTESIAN_POINT('',(154.188,-59.625,0.));
#11575=CARTESIAN_POINT('Origin',(154.18799866642,-60.12500133359,0.));
#11576=CARTESIAN_POINT('',(154.188,-59.625,0.));
#11577=CARTESIAN_POINT('',(160.138,-59.625,0.));
#11578=CARTESIAN_POINT('',(159.638,-60.125,0.));
#11579=CARTESIAN_POINT('Origin',(160.13800133357,-60.12500133357,0.));
#11580=CARTESIAN_POINT('',(159.638,-73.225003,0.));
#11581=CARTESIAN_POINT('',(159.638,-60.125,0.));
#11582=CARTESIAN_POINT('',(160.138,-73.725,0.));
#11583=CARTESIAN_POINT('Origin',(160.13800133358,-73.2249986664,0.));
#11584=CARTESIAN_POINT('',(173.238003,-73.725,0.));
#11585=CARTESIAN_POINT('',(160.138,-73.725,0.));
#11586=CARTESIAN_POINT('',(173.738,-73.225,0.));
#11587=CARTESIAN_POINT('Origin',(173.2379986664,-73.22499866642,0.));
#11588=CARTESIAN_POINT('',(173.738,-60.124997,0.));
#11589=CARTESIAN_POINT('',(173.738,-73.225,0.));
#11590=CARTESIAN_POINT('',(173.238,-59.625,0.));
#11591=CARTESIAN_POINT('Origin',(173.23799866642,-60.12500133359,0.));
#11592=CARTESIAN_POINT('',(173.238,-59.625,0.));
#11593=CARTESIAN_POINT('',(179.188,-59.625,0.));
#11594=CARTESIAN_POINT('',(178.688,-60.125,0.));
#11595=CARTESIAN_POINT('Origin',(179.18800133357,-60.12500133357,0.));
#11596=CARTESIAN_POINT('',(178.688,-73.225003,0.));
#11597=CARTESIAN_POINT('',(178.688,-60.125,0.));
#11598=CARTESIAN_POINT('',(179.188,-73.725,0.));
#11599=CARTESIAN_POINT('Origin',(179.18800133358,-73.2249986664,0.));
#11600=CARTESIAN_POINT('',(192.288003,-73.725,0.));
#11601=CARTESIAN_POINT('',(179.188,-73.725,0.));
#11602=CARTESIAN_POINT('',(192.788,-73.225,0.));
#11603=CARTESIAN_POINT('Origin',(192.2879986664,-73.22499866642,0.));
#11604=CARTESIAN_POINT('',(192.788,-60.124997,0.));
#11605=CARTESIAN_POINT('',(192.788,-73.225,0.));
#11606=CARTESIAN_POINT('',(192.288,-59.625,0.));
#11607=CARTESIAN_POINT('Origin',(192.28799866642,-60.12500133359,0.));
#11608=CARTESIAN_POINT('',(192.288,-59.625,0.));
#11609=CARTESIAN_POINT('',(198.237,-59.625,0.));
#11610=CARTESIAN_POINT('',(197.737,-60.125,0.));
#11611=CARTESIAN_POINT('Origin',(198.23700133357,-60.12500133357,0.));
#11612=CARTESIAN_POINT('',(197.737,-73.225003,0.));
#11613=CARTESIAN_POINT('',(197.737,-60.125,0.));
#11614=CARTESIAN_POINT('',(198.237,-73.725,0.));
#11615=CARTESIAN_POINT('Origin',(198.23700133358,-73.2249986664,0.));
#11616=CARTESIAN_POINT('',(211.337003,-73.725,0.));
#11617=CARTESIAN_POINT('',(198.237,-73.725,0.));
#11618=CARTESIAN_POINT('',(211.837,-73.225,0.));
#11619=CARTESIAN_POINT('Origin',(211.3369986664,-73.22499866642,0.));
#11620=CARTESIAN_POINT('',(211.837,-60.124997,0.));
#11621=CARTESIAN_POINT('',(211.837,-73.225,0.));
#11622=CARTESIAN_POINT('',(211.337,-59.625,0.));
#11623=CARTESIAN_POINT('Origin',(211.33699866642,-60.12500133359,0.));
#11624=CARTESIAN_POINT('',(211.337,-59.625,0.));
#11625=CARTESIAN_POINT('',(219.669,-59.625,0.));
#11626=CARTESIAN_POINT('',(219.169,-60.125,0.));
#11627=CARTESIAN_POINT('Origin',(219.66900133357,-60.12500133357,0.));
#11628=CARTESIAN_POINT('',(219.169,-73.225003,0.));
#11629=CARTESIAN_POINT('',(219.169,-60.125,0.));
#11630=CARTESIAN_POINT('',(219.669,-73.725,0.));
#11631=CARTESIAN_POINT('Origin',(219.66900133358,-73.2249986664,0.));
#11632=CARTESIAN_POINT('',(232.769003,-73.725,0.));
#11633=CARTESIAN_POINT('',(219.669,-73.725,0.));
#11634=CARTESIAN_POINT('',(233.269,-73.225,0.));
#11635=CARTESIAN_POINT('Origin',(232.7689986664,-73.22499866642,0.));
#11636=CARTESIAN_POINT('',(233.269,-60.124997,0.));
#11637=CARTESIAN_POINT('',(233.269,-73.225,0.));
#11638=CARTESIAN_POINT('',(232.769,-59.625,0.));
#11639=CARTESIAN_POINT('Origin',(232.76899866642,-60.12500133359,0.));
#11640=CARTESIAN_POINT('',(232.769,-59.625,0.));
#11641=CARTESIAN_POINT('',(14.881,-40.575,0.));
#11642=CARTESIAN_POINT('',(14.381,-41.075,0.));
#11643=CARTESIAN_POINT('Origin',(14.881001333573,-41.07500133357,0.));
#11644=CARTESIAN_POINT('',(14.381,-54.175003,0.));
#11645=CARTESIAN_POINT('',(14.381,-41.075,0.));
#11646=CARTESIAN_POINT('',(14.881,-54.675,0.));
#11647=CARTESIAN_POINT('Origin',(14.88100133358,-54.1749986664,0.));
#11648=CARTESIAN_POINT('',(27.981,-54.675,0.));
#11649=CARTESIAN_POINT('',(14.881,-54.675,0.));
#11650=CARTESIAN_POINT('',(28.481,-54.175,0.));
#11651=CARTESIAN_POINT('Origin',(27.980998666432,-54.17499866643,0.));
#11652=CARTESIAN_POINT('',(28.481,-41.074997,0.));
#11653=CARTESIAN_POINT('',(28.481,-54.175,0.));
#11654=CARTESIAN_POINT('',(27.981,-40.575,0.));
#11655=CARTESIAN_POINT('Origin',(27.98099866642,-41.07500133359,0.));
#11656=CARTESIAN_POINT('',(27.981,-40.575,0.));
#11657=CARTESIAN_POINT('',(32.146875,-41.7625,0.));
#11658=CARTESIAN_POINT('Origin',(32.146875,-42.8625,0.));
#11659=CARTESIAN_POINT('',(36.313,-40.575,0.));
#11660=CARTESIAN_POINT('',(35.813,-41.075,0.));
#11661=CARTESIAN_POINT('Origin',(36.313001333573,-41.07500133357,0.));
#11662=CARTESIAN_POINT('',(35.813,-54.175003,0.));
#11663=CARTESIAN_POINT('',(35.813,-41.075,0.));
#11664=CARTESIAN_POINT('',(36.313,-54.675,0.));
#11665=CARTESIAN_POINT('Origin',(36.31300133358,-54.1749986664,0.));
#11666=CARTESIAN_POINT('',(49.413003,-54.675,0.));
#11667=CARTESIAN_POINT('',(36.313,-54.675,0.));
#11668=CARTESIAN_POINT('',(49.913,-54.175,0.));
#11669=CARTESIAN_POINT('Origin',(49.412998666403,-54.17499866642,0.));
#11670=CARTESIAN_POINT('',(49.913,-41.074997,0.));
#11671=CARTESIAN_POINT('',(49.913,-54.175,0.));
#11672=CARTESIAN_POINT('',(49.413,-40.575,0.));
#11673=CARTESIAN_POINT('Origin',(49.41299866642,-41.07500133359,0.));
#11674=CARTESIAN_POINT('',(49.413,-40.575,0.));
#11675=CARTESIAN_POINT('',(55.363,-40.575,0.));
#11676=CARTESIAN_POINT('',(54.863,-41.075,0.));
#11677=CARTESIAN_POINT('Origin',(55.363001333573,-41.07500133357,0.));
#11678=CARTESIAN_POINT('',(54.863,-54.175003,0.));
#11679=CARTESIAN_POINT('',(54.863,-41.075,0.));
#11680=CARTESIAN_POINT('',(55.363,-54.675,0.));
#11681=CARTESIAN_POINT('Origin',(55.36300133358,-54.1749986664,0.));
#11682=CARTESIAN_POINT('',(68.463,-54.675,0.));
#11683=CARTESIAN_POINT('',(55.363,-54.675,0.));
#11684=CARTESIAN_POINT('',(68.963,-54.175,0.));
#11685=CARTESIAN_POINT('Origin',(68.462998666432,-54.17499866643,0.));
#11686=CARTESIAN_POINT('',(68.963,-41.074997,0.));
#11687=CARTESIAN_POINT('',(68.963,-54.175,0.));
#11688=CARTESIAN_POINT('',(68.463,-40.575,0.));
#11689=CARTESIAN_POINT('Origin',(68.46299866642,-41.07500133359,0.));
#11690=CARTESIAN_POINT('',(68.463,-40.575,0.));
#11691=CARTESIAN_POINT('',(74.413,-40.575,0.));
#11692=CARTESIAN_POINT('',(73.913,-41.075,0.));
#11693=CARTESIAN_POINT('Origin',(74.413001333573,-41.07500133357,0.));
#11694=CARTESIAN_POINT('',(73.913,-54.175003,0.));
#11695=CARTESIAN_POINT('',(73.913,-41.075,0.));
#11696=CARTESIAN_POINT('',(74.413,-54.675,0.));
#11697=CARTESIAN_POINT('Origin',(74.41300133358,-54.1749986664,0.));
#11698=CARTESIAN_POINT('',(87.513,-54.675,0.));
#11699=CARTESIAN_POINT('',(74.413,-54.675,0.));
#11700=CARTESIAN_POINT('',(88.013,-54.175,0.));
#11701=CARTESIAN_POINT('Origin',(87.512998666432,-54.17499866643,0.));
#11702=CARTESIAN_POINT('',(88.013,-41.074997,0.));
#11703=CARTESIAN_POINT('',(88.013,-54.175,0.));
#11704=CARTESIAN_POINT('',(87.513,-40.575,0.));
#11705=CARTESIAN_POINT('Origin',(87.51299866642,-41.07500133359,0.));
#11706=CARTESIAN_POINT('',(87.513,-40.575,0.));
#11707=CARTESIAN_POINT('',(93.463,-40.575,0.));
#11708=CARTESIAN_POINT('',(92.963,-41.075,0.));
#11709=CARTESIAN_POINT('Origin',(93.463001333573,-41.07500133357,0.));
#11710=CARTESIAN_POINT('',(92.963,-54.175003,0.));
#11711=CARTESIAN_POINT('',(92.963,-41.075,0.));
#11712=CARTESIAN_POINT('',(93.463,-54.675,0.));
#11713=CARTESIAN_POINT('Origin',(93.46300133358,-54.1749986664,0.));
#11714=CARTESIAN_POINT('',(106.563003,-54.675,0.));
#11715=CARTESIAN_POINT('',(93.463,-54.675,0.));
#11716=CARTESIAN_POINT('',(107.063,-54.175,0.));
#11717=CARTESIAN_POINT('Origin',(106.5629986664,-54.17499866642,0.));
#11718=CARTESIAN_POINT('',(107.063,-41.075,0.));
#11719=CARTESIAN_POINT('',(107.063,-54.175,0.));
#11720=CARTESIAN_POINT('',(106.563,-40.575,0.));
#11721=CARTESIAN_POINT('Origin',(106.56299866643,-41.07500133356,0.));
#11722=CARTESIAN_POINT('',(106.563,-40.575,0.));
#11723=CARTESIAN_POINT('',(112.513,-40.575,0.));
#11724=CARTESIAN_POINT('',(112.013,-41.075,0.));
#11725=CARTESIAN_POINT('Origin',(112.51300133357,-41.07500133357,0.));
#11726=CARTESIAN_POINT('',(112.013,-54.175003,0.));
#11727=CARTESIAN_POINT('',(112.013,-41.075,0.));
#11728=CARTESIAN_POINT('',(112.513,-54.675,0.));
#11729=CARTESIAN_POINT('Origin',(112.51300133358,-54.1749986664,0.));
#11730=CARTESIAN_POINT('',(125.613,-54.675,0.));
#11731=CARTESIAN_POINT('',(112.513,-54.675,0.));
#11732=CARTESIAN_POINT('',(126.113,-54.175,0.));
#11733=CARTESIAN_POINT('Origin',(125.61299866643,-54.17499866643,0.));
#11734=CARTESIAN_POINT('',(126.113,-41.074997,0.));
#11735=CARTESIAN_POINT('',(126.113,-54.175,0.));
#11736=CARTESIAN_POINT('',(125.613,-40.575,0.));
#11737=CARTESIAN_POINT('Origin',(125.61299866642,-41.07500133359,0.));
#11738=CARTESIAN_POINT('',(125.613,-40.575,0.));
#11739=CARTESIAN_POINT('',(12.5,-21.525,0.));
#11740=CARTESIAN_POINT('',(12.,-22.025,0.));
#11741=CARTESIAN_POINT('Origin',(12.500001333573,-22.02500133357,0.));
#11742=CARTESIAN_POINT('',(12.,-35.125003,0.));
#11743=CARTESIAN_POINT('',(12.,-22.025,0.));
#11744=CARTESIAN_POINT('',(12.5,-35.625,0.));
#11745=CARTESIAN_POINT('Origin',(12.50000133358,-35.1249986664,0.));
#11746=CARTESIAN_POINT('',(25.600003,-35.625,0.));
#11747=CARTESIAN_POINT('',(12.5,-35.625,0.));
#11748=CARTESIAN_POINT('',(26.1,-35.125,0.));
#11749=CARTESIAN_POINT('Origin',(25.599998666403,-35.12499866642,0.));
#11750=CARTESIAN_POINT('',(26.1,-22.025,0.));
#11751=CARTESIAN_POINT('',(26.1,-35.125,0.));
#11752=CARTESIAN_POINT('',(25.6,-21.525,0.));
#11753=CARTESIAN_POINT('Origin',(25.599998666432,-22.02500133356,0.));
#11754=CARTESIAN_POINT('',(25.6,-21.525,0.));
#11755=CARTESIAN_POINT('',(31.55,-21.525,0.));
#11756=CARTESIAN_POINT('',(31.05,-22.025,0.));
#11757=CARTESIAN_POINT('Origin',(31.550001333573,-22.02500133357,0.));
#11758=CARTESIAN_POINT('',(31.05,-35.125003,0.));
#11759=CARTESIAN_POINT('',(31.05,-22.025,0.));
#11760=CARTESIAN_POINT('',(31.55,-35.625,0.));
#11761=CARTESIAN_POINT('Origin',(31.55000133358,-35.1249986664,0.));
#11762=CARTESIAN_POINT('',(44.650003,-35.625,0.));
#11763=CARTESIAN_POINT('',(31.55,-35.625,0.));
#11764=CARTESIAN_POINT('',(45.15,-35.125,0.));
#11765=CARTESIAN_POINT('Origin',(44.649998666403,-35.12499866642,0.));
#11766=CARTESIAN_POINT('',(45.15,-22.025,0.));
#11767=CARTESIAN_POINT('',(45.15,-35.125,0.));
#11768=CARTESIAN_POINT('',(44.65,-21.525,0.));
#11769=CARTESIAN_POINT('Origin',(44.649998666432,-22.02500133356,0.));
#11770=CARTESIAN_POINT('',(44.65,-21.525,0.));
#11771=CARTESIAN_POINT('',(50.6,-21.525,0.));
#11772=CARTESIAN_POINT('',(50.1,-22.025,0.));
#11773=CARTESIAN_POINT('Origin',(50.600001333573,-22.02500133357,0.));
#11774=CARTESIAN_POINT('',(50.1,-35.125003,0.));
#11775=CARTESIAN_POINT('',(50.1,-22.025,0.));
#11776=CARTESIAN_POINT('',(50.6,-35.625,0.));
#11777=CARTESIAN_POINT('Origin',(50.60000133358,-35.1249986664,0.));
#11778=CARTESIAN_POINT('',(63.700003,-35.625,0.));
#11779=CARTESIAN_POINT('',(50.6,-35.625,0.));
#11780=CARTESIAN_POINT('',(64.2,-35.125,0.));
#11781=CARTESIAN_POINT('Origin',(63.699998666403,-35.12499866642,0.));
#11782=CARTESIAN_POINT('',(64.2,-22.024997,0.));
#11783=CARTESIAN_POINT('',(64.2,-35.125,0.));
#11784=CARTESIAN_POINT('',(63.7,-21.525,0.));
#11785=CARTESIAN_POINT('Origin',(63.69999866642,-22.02500133359,0.));
#11786=CARTESIAN_POINT('',(63.7,-21.525,0.));
#11787=CARTESIAN_POINT('',(69.65,-21.525,0.));
#11788=CARTESIAN_POINT('',(69.15,-22.025,0.));
#11789=CARTESIAN_POINT('Origin',(69.650001333573,-22.02500133357,0.));
#11790=CARTESIAN_POINT('',(69.15,-35.125003,0.));
#11791=CARTESIAN_POINT('',(69.15,-22.025,0.));
#11792=CARTESIAN_POINT('',(69.65,-35.625,0.));
#11793=CARTESIAN_POINT('Origin',(69.65000133358,-35.1249986664,0.));
#11794=CARTESIAN_POINT('',(82.750003,-35.625,0.));
#11795=CARTESIAN_POINT('',(69.65,-35.625,0.));
#11796=CARTESIAN_POINT('',(83.25,-35.125,0.));
#11797=CARTESIAN_POINT('Origin',(82.749998666403,-35.12499866642,0.));
#11798=CARTESIAN_POINT('',(83.25,-22.024997,0.));
#11799=CARTESIAN_POINT('',(83.25,-35.125,0.));
#11800=CARTESIAN_POINT('',(82.75,-21.525,0.));
#11801=CARTESIAN_POINT('Origin',(82.74999866642,-22.02500133359,0.));
#11802=CARTESIAN_POINT('',(82.75,-21.525,0.));
#11803=CARTESIAN_POINT('',(88.7,-21.525,0.));
#11804=CARTESIAN_POINT('',(88.2,-22.025,0.));
#11805=CARTESIAN_POINT('Origin',(88.700001333573,-22.02500133357,0.));
#11806=CARTESIAN_POINT('',(88.2,-35.125003,0.));
#11807=CARTESIAN_POINT('',(88.2,-22.025,0.));
#11808=CARTESIAN_POINT('',(88.7,-35.625,0.));
#11809=CARTESIAN_POINT('Origin',(88.70000133358,-35.1249986664,0.));
#11810=CARTESIAN_POINT('',(101.8,-35.625,0.));
#11811=CARTESIAN_POINT('',(88.7,-35.625,0.));
#11812=CARTESIAN_POINT('',(102.3,-35.125,0.));
#11813=CARTESIAN_POINT('Origin',(101.79999866643,-35.12499866643,0.));
#11814=CARTESIAN_POINT('',(102.3,-22.024997,0.));
#11815=CARTESIAN_POINT('',(102.3,-35.125,0.));
#11816=CARTESIAN_POINT('',(101.8,-21.525,0.));
#11817=CARTESIAN_POINT('Origin',(101.79999866642,-22.02500133359,0.));
#11818=CARTESIAN_POINT('',(101.8,-21.525,0.));
#11819=CARTESIAN_POINT('',(107.75,-21.525,0.));
#11820=CARTESIAN_POINT('',(107.25,-22.025,0.));
#11821=CARTESIAN_POINT('Origin',(107.75000133357,-22.02500133357,0.));
#11822=CARTESIAN_POINT('',(107.25,-35.125003,0.));
#11823=CARTESIAN_POINT('',(107.25,-22.025,0.));
#11824=CARTESIAN_POINT('',(107.75,-35.625,0.));
#11825=CARTESIAN_POINT('Origin',(107.75000133358,-35.1249986664,0.));
#11826=CARTESIAN_POINT('',(120.85,-35.625,0.));
#11827=CARTESIAN_POINT('',(107.75,-35.625,0.));
#11828=CARTESIAN_POINT('',(121.35,-35.125,0.));
#11829=CARTESIAN_POINT('Origin',(120.84999866643,-35.12499866643,0.));
#11830=CARTESIAN_POINT('',(121.35,-22.024997,0.));
#11831=CARTESIAN_POINT('',(121.35,-35.125,0.));
#11832=CARTESIAN_POINT('',(120.85,-21.525,0.));
#11833=CARTESIAN_POINT('Origin',(120.84999866642,-22.02500133359,0.));
#11834=CARTESIAN_POINT('',(120.85,-21.525,0.));
#11835=CARTESIAN_POINT('',(131.563,-40.575,0.));
#11836=CARTESIAN_POINT('',(131.063,-41.075,0.));
#11837=CARTESIAN_POINT('Origin',(131.56300133357,-41.07500133357,0.));
#11838=CARTESIAN_POINT('',(131.063,-54.175003,0.));
#11839=CARTESIAN_POINT('',(131.063,-41.075,0.));
#11840=CARTESIAN_POINT('',(131.563,-54.675,0.));
#11841=CARTESIAN_POINT('Origin',(131.56300133358,-54.1749986664,0.));
#11842=CARTESIAN_POINT('',(144.663003,-54.675,0.));
#11843=CARTESIAN_POINT('',(131.563,-54.675,0.));
#11844=CARTESIAN_POINT('',(145.163,-54.175,0.));
#11845=CARTESIAN_POINT('Origin',(144.6629986664,-54.17499866642,0.));
#11846=CARTESIAN_POINT('',(145.163,-41.075,0.));
#11847=CARTESIAN_POINT('',(145.163,-54.175,0.));
#11848=CARTESIAN_POINT('',(144.663,-40.575,0.));
#11849=CARTESIAN_POINT('Origin',(144.66299866643,-41.07500133356,0.));
#11850=CARTESIAN_POINT('',(144.663,-40.575,0.));
#11851=CARTESIAN_POINT('',(150.612,-40.575,0.));
#11852=CARTESIAN_POINT('',(150.112,-41.075,0.));
#11853=CARTESIAN_POINT('Origin',(150.61200133357,-41.07500133357,0.));
#11854=CARTESIAN_POINT('',(150.112,-54.175003,0.));
#11855=CARTESIAN_POINT('',(150.112,-41.075,0.));
#11856=CARTESIAN_POINT('',(150.612,-54.675,0.));
#11857=CARTESIAN_POINT('Origin',(150.61200133358,-54.1749986664,0.));
#11858=CARTESIAN_POINT('',(163.712003,-54.675,0.));
#11859=CARTESIAN_POINT('',(150.612,-54.675,0.));
#11860=CARTESIAN_POINT('',(164.212,-54.175,0.));
#11861=CARTESIAN_POINT('Origin',(163.7119986664,-54.17499866642,0.));
#11862=CARTESIAN_POINT('',(164.212,-41.074997,0.));
#11863=CARTESIAN_POINT('',(164.212,-54.175,0.));
#11864=CARTESIAN_POINT('',(163.712,-40.575,0.));
#11865=CARTESIAN_POINT('Origin',(163.71199866642,-41.07500133359,0.));
#11866=CARTESIAN_POINT('',(163.712,-40.575,0.));
#11867=CARTESIAN_POINT('',(169.663,-40.575,0.));
#11868=CARTESIAN_POINT('',(169.163,-41.075,0.));
#11869=CARTESIAN_POINT('Origin',(169.66300133357,-41.07500133357,0.));
#11870=CARTESIAN_POINT('',(169.163,-54.175003,0.));
#11871=CARTESIAN_POINT('',(169.163,-41.075,0.));
#11872=CARTESIAN_POINT('',(169.663,-54.675,0.));
#11873=CARTESIAN_POINT('Origin',(169.66300133358,-54.1749986664,0.));
#11874=CARTESIAN_POINT('',(182.763003,-54.675,0.));
#11875=CARTESIAN_POINT('',(169.663,-54.675,0.));
#11876=CARTESIAN_POINT('',(183.263,-54.175,0.));
#11877=CARTESIAN_POINT('Origin',(182.7629986664,-54.17499866642,0.));
#11878=CARTESIAN_POINT('',(183.263,-41.074997,0.));
#11879=CARTESIAN_POINT('',(183.263,-54.175,0.));
#11880=CARTESIAN_POINT('',(182.763,-40.575,0.));
#11881=CARTESIAN_POINT('Origin',(182.76299866642,-41.07500133359,0.));
#11882=CARTESIAN_POINT('',(182.763,-40.575,0.));
#11883=CARTESIAN_POINT('',(188.713,-40.575,0.));
#11884=CARTESIAN_POINT('',(188.213,-41.075,0.));
#11885=CARTESIAN_POINT('Origin',(188.71300133357,-41.07500133357,0.));
#11886=CARTESIAN_POINT('',(188.213,-54.175003,0.));
#11887=CARTESIAN_POINT('',(188.213,-41.075,0.));
#11888=CARTESIAN_POINT('',(188.713,-54.675,0.));
#11889=CARTESIAN_POINT('Origin',(188.71300133358,-54.1749986664,0.));
#11890=CARTESIAN_POINT('',(201.813003,-54.675,0.));
#11891=CARTESIAN_POINT('',(188.713,-54.675,0.));
#11892=CARTESIAN_POINT('',(202.313,-54.175,0.));
#11893=CARTESIAN_POINT('Origin',(201.8129986664,-54.17499866642,0.));
#11894=CARTESIAN_POINT('',(202.313,-41.074997,0.));
#11895=CARTESIAN_POINT('',(202.313,-54.175,0.));
#11896=CARTESIAN_POINT('',(201.813,-40.575,0.));
#11897=CARTESIAN_POINT('Origin',(201.81299866642,-41.07500133359,0.));
#11898=CARTESIAN_POINT('',(201.813,-40.575,0.));
#11899=CARTESIAN_POINT('',(214.906,-40.575,0.));
#11900=CARTESIAN_POINT('',(214.406,-41.075,0.));
#11901=CARTESIAN_POINT('Origin',(214.90600133357,-41.07500133357,0.));
#11902=CARTESIAN_POINT('',(214.406,-54.175003,0.));
#11903=CARTESIAN_POINT('',(214.406,-41.075,0.));
#11904=CARTESIAN_POINT('',(214.906,-54.675,0.));
#11905=CARTESIAN_POINT('Origin',(214.90600133358,-54.1749986664,0.));
#11906=CARTESIAN_POINT('',(228.006003,-54.675,0.));
#11907=CARTESIAN_POINT('',(214.906,-54.675,0.));
#11908=CARTESIAN_POINT('',(228.506,-54.175,0.));
#11909=CARTESIAN_POINT('Origin',(228.0059986664,-54.17499866642,0.));
#11910=CARTESIAN_POINT('',(228.506,-41.074997,0.));
#11911=CARTESIAN_POINT('',(228.506,-54.175,0.));
#11912=CARTESIAN_POINT('',(228.006,-40.575,0.));
#11913=CARTESIAN_POINT('Origin',(228.00599866642,-41.07500133359,0.));
#11914=CARTESIAN_POINT('',(228.006,-40.575,0.));
#11915=CARTESIAN_POINT('',(208.359375,-41.7625,0.));
#11916=CARTESIAN_POINT('Origin',(208.359375,-42.8625,0.));
#11917=CARTESIAN_POINT('',(126.8,-21.525,0.));
#11918=CARTESIAN_POINT('',(126.3,-22.025,0.));
#11919=CARTESIAN_POINT('Origin',(126.80000133357,-22.02500133357,0.));
#11920=CARTESIAN_POINT('',(126.3,-35.125003,0.));
#11921=CARTESIAN_POINT('',(126.3,-22.025,0.));
#11922=CARTESIAN_POINT('',(126.8,-35.625,0.));
#11923=CARTESIAN_POINT('Origin',(126.80000133358,-35.1249986664,0.));
#11924=CARTESIAN_POINT('',(139.900003,-35.625,0.));
#11925=CARTESIAN_POINT('',(126.8,-35.625,0.));
#11926=CARTESIAN_POINT('',(140.4,-35.125,0.));
#11927=CARTESIAN_POINT('Origin',(139.8999986664,-35.12499866642,0.));
#11928=CARTESIAN_POINT('',(140.4,-22.025,0.));
#11929=CARTESIAN_POINT('',(140.4,-35.125,0.));
#11930=CARTESIAN_POINT('',(139.9,-21.525,0.));
#11931=CARTESIAN_POINT('Origin',(139.89999866643,-22.02500133356,0.));
#11932=CARTESIAN_POINT('',(139.9,-21.525,0.));
#11933=CARTESIAN_POINT('',(145.85,-21.525,0.));
#11934=CARTESIAN_POINT('',(145.35,-22.025,0.));
#11935=CARTESIAN_POINT('Origin',(145.85000133357,-22.02500133357,0.));
#11936=CARTESIAN_POINT('',(145.35,-35.125003,0.));
#11937=CARTESIAN_POINT('',(145.35,-22.025,0.));
#11938=CARTESIAN_POINT('',(145.85,-35.625,0.));
#11939=CARTESIAN_POINT('Origin',(145.85000133358,-35.1249986664,0.));
#11940=CARTESIAN_POINT('',(158.950003,-35.625,0.));
#11941=CARTESIAN_POINT('',(145.85,-35.625,0.));
#11942=CARTESIAN_POINT('',(159.45,-35.125,0.));
#11943=CARTESIAN_POINT('Origin',(158.9499986664,-35.12499866642,0.));
#11944=CARTESIAN_POINT('',(159.45,-22.024997,0.));
#11945=CARTESIAN_POINT('',(159.45,-35.125,0.));
#11946=CARTESIAN_POINT('',(158.95,-21.525,0.));
#11947=CARTESIAN_POINT('Origin',(158.94999866642,-22.02500133359,0.));
#11948=CARTESIAN_POINT('',(158.95,-21.525,0.));
#11949=CARTESIAN_POINT('',(164.9,-21.525,0.));
#11950=CARTESIAN_POINT('',(164.4,-22.025,0.));
#11951=CARTESIAN_POINT('Origin',(164.90000133357,-22.02500133357,0.));
#11952=CARTESIAN_POINT('',(164.4,-35.125003,0.));
#11953=CARTESIAN_POINT('',(164.4,-22.025,0.));
#11954=CARTESIAN_POINT('',(164.9,-35.625,0.));
#11955=CARTESIAN_POINT('Origin',(164.90000133358,-35.1249986664,0.));
#11956=CARTESIAN_POINT('',(178.000003,-35.625,0.));
#11957=CARTESIAN_POINT('',(164.9,-35.625,0.));
#11958=CARTESIAN_POINT('',(178.5,-35.125,0.));
#11959=CARTESIAN_POINT('Origin',(177.9999986664,-35.12499866642,0.));
#11960=CARTESIAN_POINT('',(178.5,-22.025,0.));
#11961=CARTESIAN_POINT('',(178.5,-35.125,0.));
#11962=CARTESIAN_POINT('',(178.,-21.525,0.));
#11963=CARTESIAN_POINT('Origin',(177.99999866643,-22.02500133356,0.));
#11964=CARTESIAN_POINT('',(178.,-21.525,0.));
#11965=CARTESIAN_POINT('',(183.95,-21.525,0.));
#11966=CARTESIAN_POINT('',(183.45,-22.025,0.));
#11967=CARTESIAN_POINT('Origin',(183.95000133357,-22.02500133357,0.));
#11968=CARTESIAN_POINT('',(183.45,-35.125003,0.));
#11969=CARTESIAN_POINT('',(183.45,-22.025,0.));
#11970=CARTESIAN_POINT('',(183.95,-35.625,0.));
#11971=CARTESIAN_POINT('Origin',(183.95000133358,-35.1249986664,0.));
#11972=CARTESIAN_POINT('',(197.05,-35.625,0.));
#11973=CARTESIAN_POINT('',(183.95,-35.625,0.));
#11974=CARTESIAN_POINT('',(197.55,-35.125,0.));
#11975=CARTESIAN_POINT('Origin',(197.04999866643,-35.12499866643,0.));
#11976=CARTESIAN_POINT('',(197.55,-22.024997,0.));
#11977=CARTESIAN_POINT('',(197.55,-35.125,0.));
#11978=CARTESIAN_POINT('',(197.05,-21.525,0.));
#11979=CARTESIAN_POINT('Origin',(197.04999866642,-22.02500133359,0.));
#11980=CARTESIAN_POINT('',(197.05,-21.525,0.));
#11981=CARTESIAN_POINT('',(203.,-21.525,0.));
#11982=CARTESIAN_POINT('',(202.5,-22.025,0.));
#11983=CARTESIAN_POINT('Origin',(203.00000133357,-22.02500133357,0.));
#11984=CARTESIAN_POINT('',(202.5,-35.125003,0.));
#11985=CARTESIAN_POINT('',(202.5,-22.025,0.));
#11986=CARTESIAN_POINT('',(203.,-35.625,0.));
#11987=CARTESIAN_POINT('Origin',(203.00000133358,-35.1249986664,0.));
#11988=CARTESIAN_POINT('',(216.100003,-35.625,0.));
#11989=CARTESIAN_POINT('',(203.,-35.625,0.));
#11990=CARTESIAN_POINT('',(216.6,-35.125,0.));
#11991=CARTESIAN_POINT('Origin',(216.0999986664,-35.12499866642,0.));
#11992=CARTESIAN_POINT('',(216.6,-22.025,0.));
#11993=CARTESIAN_POINT('',(216.6,-35.125,0.));
#11994=CARTESIAN_POINT('',(216.1,-21.525,0.));
#11995=CARTESIAN_POINT('Origin',(216.09999866643,-22.02500133356,0.));
#11996=CARTESIAN_POINT('',(216.1,-21.525,0.));
#11997=CARTESIAN_POINT('',(222.05,-21.525,0.));
#11998=CARTESIAN_POINT('',(221.55,-22.025,0.));
#11999=CARTESIAN_POINT('Origin',(222.05000133357,-22.02500133357,0.));
#12000=CARTESIAN_POINT('',(221.55,-35.125003,0.));
#12001=CARTESIAN_POINT('',(221.55,-22.025,0.));
#12002=CARTESIAN_POINT('',(222.05,-35.625,0.));
#12003=CARTESIAN_POINT('Origin',(222.05000133358,-35.1249986664,0.));
#12004=CARTESIAN_POINT('',(235.150003,-35.625,0.));
#12005=CARTESIAN_POINT('',(222.05,-35.625,0.));
#12006=CARTESIAN_POINT('',(235.65,-35.125,0.));
#12007=CARTESIAN_POINT('Origin',(235.1499986664,-35.12499866642,0.));
#12008=CARTESIAN_POINT('',(235.65,-22.024997,0.));
#12009=CARTESIAN_POINT('',(235.65,-35.125,0.));
#12010=CARTESIAN_POINT('',(235.15,-21.525,0.));
#12011=CARTESIAN_POINT('Origin',(235.14999866642,-22.02500133359,0.));
#12012=CARTESIAN_POINT('',(235.15,-21.525,0.));
#12013=CARTESIAN_POINT('Origin',(0.,0.,1.2));
#12014=CARTESIAN_POINT('',(9.525,-21.43125,1.2));
#12015=CARTESIAN_POINT('Origin',(11.906250077504,-21.4312500775,1.2));
#12016=CARTESIAN_POINT('',(9.525,-92.86875,1.2));
#12017=CARTESIAN_POINT('',(9.525,-92.86875,1.2));
#12018=CARTESIAN_POINT('',(11.90625,-95.25,1.2));
#12019=CARTESIAN_POINT('Origin',(11.906250077504,-92.86874992249,1.2));
#12020=CARTESIAN_POINT('',(235.74375,-95.25,1.2));
#12021=CARTESIAN_POINT('',(235.74375,-95.25,1.2));
#12022=CARTESIAN_POINT('Origin',(235.7437506296,-92.8687516296,1.2));
#12023=CARTESIAN_POINT('',(14.881,-78.675,1.2));
#12024=CARTESIAN_POINT('',(14.381,-79.175,1.2));
#12025=CARTESIAN_POINT('Origin',(14.881001333573,-79.17500133357,1.2));
#12026=CARTESIAN_POINT('',(27.981,-78.675,1.2));
#12027=CARTESIAN_POINT('',(27.981,-78.675,1.2));
#12028=CARTESIAN_POINT('',(28.481,-79.174997,1.2));
#12029=CARTESIAN_POINT('Origin',(27.98099866642,-79.17500133359,1.2));
#12030=CARTESIAN_POINT('',(28.481,-92.275,1.2));
#12031=CARTESIAN_POINT('',(28.481,-92.275,1.2));
#12032=CARTESIAN_POINT('',(27.981003,-92.775,1.2));
#12033=CARTESIAN_POINT('Origin',(27.980998666403,-92.27499866642,1.2));
#12034=CARTESIAN_POINT('',(14.881,-92.775,1.2));
#12035=CARTESIAN_POINT('',(14.881,-92.775,1.2));
#12036=CARTESIAN_POINT('',(14.381,-92.275003,1.2));
#12037=CARTESIAN_POINT('Origin',(14.88100133358,-92.2749986664,1.2));
#12038=CARTESIAN_POINT('',(14.381,-79.175,1.2));
#12039=CARTESIAN_POINT('',(36.313,-78.675,1.2));
#12040=CARTESIAN_POINT('',(35.813,-79.175,1.2));
#12041=CARTESIAN_POINT('Origin',(36.313001333573,-79.17500133357,1.2));
#12042=CARTESIAN_POINT('',(49.413,-78.675,1.2));
#12043=CARTESIAN_POINT('',(49.413,-78.675,1.2));
#12044=CARTESIAN_POINT('',(49.913,-79.174997,1.2));
#12045=CARTESIAN_POINT('Origin',(49.41299866642,-79.17500133359,1.2));
#12046=CARTESIAN_POINT('',(49.913,-92.275,1.2));
#12047=CARTESIAN_POINT('',(49.913,-92.275,1.2));
#12048=CARTESIAN_POINT('',(49.413003,-92.775,1.2));
#12049=CARTESIAN_POINT('Origin',(49.412998666403,-92.27499866642,1.2));
#12050=CARTESIAN_POINT('',(36.313,-92.775,1.2));
#12051=CARTESIAN_POINT('',(36.313,-92.775,1.2));
#12052=CARTESIAN_POINT('',(35.813,-92.275003,1.2));
#12053=CARTESIAN_POINT('Origin',(36.31300133358,-92.2749986664,1.2));
#12054=CARTESIAN_POINT('',(35.813,-79.175,1.2));
#12055=CARTESIAN_POINT('',(57.744,-78.675,1.2));
#12056=CARTESIAN_POINT('',(57.244,-79.175,1.2));
#12057=CARTESIAN_POINT('Origin',(57.744001333573,-79.17500133357,1.2));
#12058=CARTESIAN_POINT('',(70.844,-78.675,1.2));
#12059=CARTESIAN_POINT('',(70.844,-78.675,1.2));
#12060=CARTESIAN_POINT('',(71.344,-79.174997,1.2));
#12061=CARTESIAN_POINT('Origin',(70.84399866642,-79.17500133359,1.2));
#12062=CARTESIAN_POINT('',(71.344,-92.275,1.2));
#12063=CARTESIAN_POINT('',(71.344,-92.275,1.2));
#12064=CARTESIAN_POINT('',(70.844003,-92.775,1.2));
#12065=CARTESIAN_POINT('Origin',(70.843998666403,-92.27499866642,1.2));
#12066=CARTESIAN_POINT('',(57.744,-92.775,1.2));
#12067=CARTESIAN_POINT('',(57.744,-92.775,1.2));
#12068=CARTESIAN_POINT('',(57.244,-92.275003,1.2));
#12069=CARTESIAN_POINT('Origin',(57.74400133358,-92.2749986664,1.2));
#12070=CARTESIAN_POINT('',(57.244,-79.175,1.2));
#12071=CARTESIAN_POINT('',(78.58125,-84.625,1.2));
#12072=CARTESIAN_POINT('Origin',(78.58125,-85.725,1.2));
#12073=CARTESIAN_POINT('',(87.95625,-75.825,1.2));
#12074=CARTESIAN_POINT('',(87.45625,-76.325,1.2));
#12075=CARTESIAN_POINT('Origin',(87.956350370078,-76.32510037007,1.2));
#12076=CARTESIAN_POINT('',(93.01875,-75.825,1.2));
#12077=CARTESIAN_POINT('',(93.01875,-75.825,1.2));
#12078=CARTESIAN_POINT('',(93.51875,-76.325,1.2));
#12079=CARTESIAN_POINT('Origin',(93.018851068172,-76.32489893182,1.2));
#12080=CARTESIAN_POINT('',(94.01875,-76.825,1.2));
#12081=CARTESIAN_POINT('Origin',(94.018648931828,-76.32510106817,1.2));
#12082=CARTESIAN_POINT('',(110.765,-76.825,1.2));
#12083=CARTESIAN_POINT('',(110.765,-76.825,1.2));
#12084=CARTESIAN_POINT('',(111.265,-76.325,1.2));
#12085=CARTESIAN_POINT('Origin',(110.76495086161,-76.32495086161,1.2));
#12086=CARTESIAN_POINT('',(111.765,-75.825,1.2));
#12087=CARTESIAN_POINT('Origin',(111.76504913838,-76.32504913838,1.2));
#12088=CARTESIAN_POINT('',(116.8275,-75.825,1.2));
#12089=CARTESIAN_POINT('',(116.8275,-75.825,1.2));
#12090=CARTESIAN_POINT('',(117.3275,-76.325,1.2));
#12091=CARTESIAN_POINT('Origin',(116.82745086161,-76.32504913838,1.2));
#12092=CARTESIAN_POINT('',(117.3275,-89.375,1.2));
#12093=CARTESIAN_POINT('',(117.3275,-89.375,1.2));
#12094=CARTESIAN_POINT('',(116.8275,-89.875,1.2));
#12095=CARTESIAN_POINT('Origin',(116.82760106817,-89.37510106817,1.2));
#12096=CARTESIAN_POINT('',(111.765,-89.875,1.2));
#12097=CARTESIAN_POINT('',(111.765,-89.875,1.2));
#12098=CARTESIAN_POINT('',(111.265,-89.3749,1.2));
#12099=CARTESIAN_POINT('Origin',(111.76510036295,-89.37489964711,1.2));
#12100=CARTESIAN_POINT('',(111.265,-79.08125,1.2));
#12101=CARTESIAN_POINT('',(111.265,-79.08125,1.2));
#12102=CARTESIAN_POINT('',(110.765,-78.58125,1.2));
#12103=CARTESIAN_POINT('Origin',(110.76486546842,-79.08138453158,1.2));
#12104=CARTESIAN_POINT('',(109.94375,-78.58125,1.2));
#12105=CARTESIAN_POINT('',(109.94375,-78.58125,1.2));
#12106=CARTESIAN_POINT('',(109.44375,-79.08125,1.2));
#12107=CARTESIAN_POINT('Origin',(109.94366258246,-79.08116258246,1.2));
#12108=CARTESIAN_POINT('',(109.44375,-92.275,1.2));
#12109=CARTESIAN_POINT('',(109.44375,-92.275,1.2));
#12110=CARTESIAN_POINT('',(108.94375,-92.775,1.2));
#12111=CARTESIAN_POINT('Origin',(108.94374866643,-92.27499866643,1.2));
#12112=CARTESIAN_POINT('',(95.84375,-92.775,1.2));
#12113=CARTESIAN_POINT('',(95.84375,-92.775,1.2));
#12114=CARTESIAN_POINT('',(95.34375,-92.275,1.2));
#12115=CARTESIAN_POINT('Origin',(95.843751333568,-92.27499866643,1.2));
#12116=CARTESIAN_POINT('',(95.34375,-79.08125,1.2));
#12117=CARTESIAN_POINT('',(95.34375,-79.08125,1.2));
#12118=CARTESIAN_POINT('',(94.84375,-78.58125,1.2));
#12119=CARTESIAN_POINT('Origin',(94.843700861613,-79.08129913838,1.2));
#12120=CARTESIAN_POINT('',(94.01875,-78.58125,1.2));
#12121=CARTESIAN_POINT('',(94.01875,-78.58125,1.2));
#12122=CARTESIAN_POINT('',(93.51875,-79.08125,1.2));
#12123=CARTESIAN_POINT('Origin',(94.018834998969,-79.08133499896,1.2));
#12124=CARTESIAN_POINT('',(93.51875,-89.3749,1.2));
#12125=CARTESIAN_POINT('',(93.51875,-89.3749,1.2));
#12126=CARTESIAN_POINT('',(93.01875,-89.875,1.2));
#12127=CARTESIAN_POINT('Origin',(93.018649637046,-89.37489964711,1.2));
#12128=CARTESIAN_POINT('',(87.95625,-89.875,1.2));
#12129=CARTESIAN_POINT('',(87.95625,-89.875,1.2));
#12130=CARTESIAN_POINT('',(87.45625,-89.375101,1.2));
#12131=CARTESIAN_POINT('Origin',(87.956148924606,-89.37510108561,1.2));
#12132=CARTESIAN_POINT('',(87.45625,-76.325,1.2));
#12133=CARTESIAN_POINT('',(19.644,-59.625,1.2));
#12134=CARTESIAN_POINT('',(19.144,-60.125,1.2));
#12135=CARTESIAN_POINT('Origin',(19.644001333573,-60.12500133357,1.2));
#12136=CARTESIAN_POINT('',(32.744,-59.625,1.2));
#12137=CARTESIAN_POINT('',(32.744,-59.625,1.2));
#12138=CARTESIAN_POINT('',(33.244,-60.124997,1.2));
#12139=CARTESIAN_POINT('Origin',(32.74399866642,-60.12500133359,1.2));
#12140=CARTESIAN_POINT('',(33.244,-73.225,1.2));
#12141=CARTESIAN_POINT('',(33.244,-73.225,1.2));
#12142=CARTESIAN_POINT('',(32.744003,-73.725,1.2));
#12143=CARTESIAN_POINT('Origin',(32.743998666403,-73.22499866642,1.2));
#12144=CARTESIAN_POINT('',(19.644,-73.725,1.2));
#12145=CARTESIAN_POINT('',(19.644,-73.725,1.2));
#12146=CARTESIAN_POINT('',(19.144,-73.225003,1.2));
#12147=CARTESIAN_POINT('Origin',(19.64400133358,-73.2249986664,1.2));
#12148=CARTESIAN_POINT('',(19.144,-60.125,1.2));
#12149=CARTESIAN_POINT('',(45.838,-59.625,1.2));
#12150=CARTESIAN_POINT('',(45.338,-60.125,1.2));
#12151=CARTESIAN_POINT('Origin',(45.838001333573,-60.12500133357,1.2));
#12152=CARTESIAN_POINT('',(58.938,-59.625,1.2));
#12153=CARTESIAN_POINT('',(58.938,-59.625,1.2));
#12154=CARTESIAN_POINT('',(59.438,-60.124997,1.2));
#12155=CARTESIAN_POINT('Origin',(58.93799866642,-60.12500133359,1.2));
#12156=CARTESIAN_POINT('',(59.438,-73.225,1.2));
#12157=CARTESIAN_POINT('',(59.438,-73.225,1.2));
#12158=CARTESIAN_POINT('',(58.938003,-73.725,1.2));
#12159=CARTESIAN_POINT('Origin',(58.937998666403,-73.22499866642,1.2));
#12160=CARTESIAN_POINT('',(45.838,-73.725,1.2));
#12161=CARTESIAN_POINT('',(45.838,-73.725,1.2));
#12162=CARTESIAN_POINT('',(45.338,-73.225003,1.2));
#12163=CARTESIAN_POINT('Origin',(45.83800133358,-73.2249986664,1.2));
#12164=CARTESIAN_POINT('',(45.338,-60.125,1.2));
#12165=CARTESIAN_POINT('',(64.888,-59.625,1.2));
#12166=CARTESIAN_POINT('',(64.388,-60.125,1.2));
#12167=CARTESIAN_POINT('Origin',(64.888001333573,-60.12500133357,1.2));
#12168=CARTESIAN_POINT('',(77.988,-59.625,1.2));
#12169=CARTESIAN_POINT('',(77.988,-59.625,1.2));
#12170=CARTESIAN_POINT('',(78.488,-60.124997,1.2));
#12171=CARTESIAN_POINT('Origin',(77.98799866642,-60.12500133359,1.2));
#12172=CARTESIAN_POINT('',(78.488,-73.225,1.2));
#12173=CARTESIAN_POINT('',(78.488,-73.225,1.2));
#12174=CARTESIAN_POINT('',(77.988003,-73.725,1.2));
#12175=CARTESIAN_POINT('Origin',(77.987998666403,-73.22499866642,1.2));
#12176=CARTESIAN_POINT('',(64.888,-73.725,1.2));
#12177=CARTESIAN_POINT('',(64.888,-73.725,1.2));
#12178=CARTESIAN_POINT('',(64.388,-73.225003,1.2));
#12179=CARTESIAN_POINT('Origin',(64.88800133358,-73.2249986664,1.2));
#12180=CARTESIAN_POINT('',(64.388,-60.125,1.2));
#12181=CARTESIAN_POINT('',(83.937,-59.625,1.2));
#12182=CARTESIAN_POINT('',(83.437,-60.125,1.2));
#12183=CARTESIAN_POINT('Origin',(83.937001333573,-60.12500133357,1.2));
#12184=CARTESIAN_POINT('',(97.037,-59.625,1.2));
#12185=CARTESIAN_POINT('',(97.037,-59.625,1.2));
#12186=CARTESIAN_POINT('',(97.537,-60.124997,1.2));
#12187=CARTESIAN_POINT('Origin',(97.03699866642,-60.12500133359,1.2));
#12188=CARTESIAN_POINT('',(97.537,-73.225,1.2));
#12189=CARTESIAN_POINT('',(97.537,-73.225,1.2));
#12190=CARTESIAN_POINT('',(97.037003,-73.725,1.2));
#12191=CARTESIAN_POINT('Origin',(97.036998666403,-73.22499866642,1.2));
#12192=CARTESIAN_POINT('',(83.937,-73.725,1.2));
#12193=CARTESIAN_POINT('',(83.937,-73.725,1.2));
#12194=CARTESIAN_POINT('',(83.437,-73.225003,1.2));
#12195=CARTESIAN_POINT('Origin',(83.93700133358,-73.2249986664,1.2));
#12196=CARTESIAN_POINT('',(83.437,-60.125,1.2));
#12197=CARTESIAN_POINT('',(102.988,-59.625,1.2));
#12198=CARTESIAN_POINT('',(102.488,-60.125,1.2));
#12199=CARTESIAN_POINT('Origin',(102.98800133357,-60.12500133357,1.2));
#12200=CARTESIAN_POINT('',(116.088,-59.625,1.2));
#12201=CARTESIAN_POINT('',(116.088,-59.625,1.2));
#12202=CARTESIAN_POINT('',(116.588,-60.124997,1.2));
#12203=CARTESIAN_POINT('Origin',(116.08799866642,-60.12500133359,1.2));
#12204=CARTESIAN_POINT('',(116.588,-73.225,1.2));
#12205=CARTESIAN_POINT('',(116.588,-73.225,1.2));
#12206=CARTESIAN_POINT('',(116.088003,-73.725,1.2));
#12207=CARTESIAN_POINT('Origin',(116.0879986664,-73.22499866642,1.2));
#12208=CARTESIAN_POINT('',(102.988,-73.725,1.2));
#12209=CARTESIAN_POINT('',(102.988,-73.725,1.2));
#12210=CARTESIAN_POINT('',(102.488,-73.225003,1.2));
#12211=CARTESIAN_POINT('Origin',(102.98800133358,-73.2249986664,1.2));
#12212=CARTESIAN_POINT('',(102.488,-60.125,1.2));
#12213=CARTESIAN_POINT('',(135.58125,-75.825,1.2));
#12214=CARTESIAN_POINT('',(135.08125,-76.325,1.2));
#12215=CARTESIAN_POINT('Origin',(135.58135037007,-76.32510037007,1.2));
#12216=CARTESIAN_POINT('',(140.64375,-75.825,1.2));
#12217=CARTESIAN_POINT('',(140.64375,-75.825,1.2));
#12218=CARTESIAN_POINT('',(141.14375,-76.325,1.2));
#12219=CARTESIAN_POINT('Origin',(140.64385106817,-76.32489893182,1.2));
#12220=CARTESIAN_POINT('',(141.64375,-76.825,1.2));
#12221=CARTESIAN_POINT('Origin',(141.64364893182,-76.32510106817,1.2));
#12222=CARTESIAN_POINT('',(158.39,-76.825,1.2));
#12223=CARTESIAN_POINT('',(158.39,-76.825,1.2));
#12224=CARTESIAN_POINT('',(158.89,-76.325,1.2));
#12225=CARTESIAN_POINT('Origin',(158.38995086161,-76.32495086161,1.2));
#12226=CARTESIAN_POINT('',(159.39,-75.825,1.2));
#12227=CARTESIAN_POINT('Origin',(159.39004913838,-76.32504913838,1.2));
#12228=CARTESIAN_POINT('',(164.4525,-75.825,1.2));
#12229=CARTESIAN_POINT('',(164.4525,-75.825,1.2));
#12230=CARTESIAN_POINT('',(164.9525,-76.325,1.2));
#12231=CARTESIAN_POINT('Origin',(164.45245086161,-76.32504913838,1.2));
#12232=CARTESIAN_POINT('',(164.9525,-89.375101,1.2));
#12233=CARTESIAN_POINT('',(164.9525,-89.375101,1.2));
#12234=CARTESIAN_POINT('',(164.4525,-89.875,1.2));
#12235=CARTESIAN_POINT('Origin',(164.45260107539,-89.37510108561,1.2));
#12236=CARTESIAN_POINT('',(159.39,-89.875,1.2));
#12237=CARTESIAN_POINT('',(159.39,-89.875,1.2));
#12238=CARTESIAN_POINT('',(158.89,-89.375,1.2));
#12239=CARTESIAN_POINT('Origin',(159.39010037007,-89.37489962992,1.2));
#12240=CARTESIAN_POINT('',(158.89,-79.08125,1.2));
#12241=CARTESIAN_POINT('',(158.89,-79.08125,1.2));
#12242=CARTESIAN_POINT('',(158.39,-78.58125,1.2));
#12243=CARTESIAN_POINT('Origin',(158.38986546842,-79.08138453158,1.2));
#12244=CARTESIAN_POINT('',(157.56875,-78.58125,1.2));
#12245=CARTESIAN_POINT('',(157.56875,-78.58125,1.2));
#12246=CARTESIAN_POINT('',(157.06875,-79.08125,1.2));
#12247=CARTESIAN_POINT('Origin',(157.56866258246,-79.08116258246,1.2));
#12248=CARTESIAN_POINT('',(157.06875,-92.275,1.2));
#12249=CARTESIAN_POINT('',(157.06875,-92.275,1.2));
#12250=CARTESIAN_POINT('',(156.568753,-92.775,1.2));
#12251=CARTESIAN_POINT('Origin',(156.5687486664,-92.27499866642,1.2));
#12252=CARTESIAN_POINT('',(143.46875,-92.775,1.2));
#12253=CARTESIAN_POINT('',(143.46875,-92.775,1.2));
#12254=CARTESIAN_POINT('',(142.96875,-92.275003,1.2));
#12255=CARTESIAN_POINT('Origin',(143.46875133358,-92.2749986664,1.2));
#12256=CARTESIAN_POINT('',(142.96875,-79.08125,1.2));
#12257=CARTESIAN_POINT('',(142.96875,-79.08125,1.2));
#12258=CARTESIAN_POINT('',(142.46875,-78.58125,1.2));
#12259=CARTESIAN_POINT('Origin',(142.46870086161,-79.08129913838,1.2));
#12260=CARTESIAN_POINT('',(141.64375,-78.58125,1.2));
#12261=CARTESIAN_POINT('',(141.64375,-78.58125,1.2));
#12262=CARTESIAN_POINT('',(141.14375,-79.08125,1.2));
#12263=CARTESIAN_POINT('Origin',(141.64383499896,-79.08133499896,1.2));
#12264=CARTESIAN_POINT('',(141.14375,-89.3749,1.2));
#12265=CARTESIAN_POINT('',(141.14375,-89.3749,1.2));
#12266=CARTESIAN_POINT('',(140.64375,-89.875,1.2));
#12267=CARTESIAN_POINT('Origin',(140.64364963704,-89.37489964711,1.2));
#12268=CARTESIAN_POINT('',(135.58125,-89.875,1.2));
#12269=CARTESIAN_POINT('',(135.58125,-89.875,1.2));
#12270=CARTESIAN_POINT('',(135.08125,-89.375,1.2));
#12271=CARTESIAN_POINT('Origin',(135.58114893182,-89.37510106817,1.2));
#12272=CARTESIAN_POINT('',(135.08125,-76.325,1.2));
#12273=CARTESIAN_POINT('',(169.06875,-84.625,1.2));
#12274=CARTESIAN_POINT('Origin',(169.06875,-85.725,1.2));
#12275=CARTESIAN_POINT('',(176.806,-78.675,1.2));
#12276=CARTESIAN_POINT('',(176.306,-79.175,1.2));
#12277=CARTESIAN_POINT('Origin',(176.80600133357,-79.17500133357,1.2));
#12278=CARTESIAN_POINT('',(189.906,-78.675,1.2));
#12279=CARTESIAN_POINT('',(189.906,-78.675,1.2));
#12280=CARTESIAN_POINT('',(190.406,-79.174997,1.2));
#12281=CARTESIAN_POINT('Origin',(189.90599866642,-79.17500133359,1.2));
#12282=CARTESIAN_POINT('',(190.406,-92.275,1.2));
#12283=CARTESIAN_POINT('',(190.406,-92.275,1.2));
#12284=CARTESIAN_POINT('',(189.906003,-92.775,1.2));
#12285=CARTESIAN_POINT('Origin',(189.9059986664,-92.27499866642,1.2));
#12286=CARTESIAN_POINT('',(176.806,-92.775,1.2));
#12287=CARTESIAN_POINT('',(176.806,-92.775,1.2));
#12288=CARTESIAN_POINT('',(176.306,-92.275003,1.2));
#12289=CARTESIAN_POINT('Origin',(176.80600133358,-92.2749986664,1.2));
#12290=CARTESIAN_POINT('',(176.306,-79.175,1.2));
#12291=CARTESIAN_POINT('',(198.237,-78.675,1.2));
#12292=CARTESIAN_POINT('',(197.737,-79.175,1.2));
#12293=CARTESIAN_POINT('Origin',(198.23700133357,-79.17500133357,1.2));
#12294=CARTESIAN_POINT('',(211.337,-78.675,1.2));
#12295=CARTESIAN_POINT('',(211.337,-78.675,1.2));
#12296=CARTESIAN_POINT('',(211.837,-79.174997,1.2));
#12297=CARTESIAN_POINT('Origin',(211.33699866642,-79.17500133359,1.2));
#12298=CARTESIAN_POINT('',(211.837,-92.275,1.2));
#12299=CARTESIAN_POINT('',(211.837,-92.275,1.2));
#12300=CARTESIAN_POINT('',(211.337003,-92.775,1.2));
#12301=CARTESIAN_POINT('Origin',(211.3369986664,-92.27499866642,1.2));
#12302=CARTESIAN_POINT('',(198.237,-92.775,1.2));
#12303=CARTESIAN_POINT('',(198.237,-92.775,1.2));
#12304=CARTESIAN_POINT('',(197.737,-92.275003,1.2));
#12305=CARTESIAN_POINT('Origin',(198.23700133358,-92.2749986664,1.2));
#12306=CARTESIAN_POINT('',(197.737,-79.175,1.2));
#12307=CARTESIAN_POINT('',(219.669,-78.675,1.2));
#12308=CARTESIAN_POINT('',(219.169,-79.175,1.2));
#12309=CARTESIAN_POINT('Origin',(219.66900133357,-79.17500133357,1.2));
#12310=CARTESIAN_POINT('',(232.769,-78.675,1.2));
#12311=CARTESIAN_POINT('',(232.769,-78.675,1.2));
#12312=CARTESIAN_POINT('',(233.269,-79.174997,1.2));
#12313=CARTESIAN_POINT('Origin',(232.76899866642,-79.17500133359,1.2));
#12314=CARTESIAN_POINT('',(233.269,-92.275,1.2));
#12315=CARTESIAN_POINT('',(233.269,-92.275,1.2));
#12316=CARTESIAN_POINT('',(232.769003,-92.775,1.2));
#12317=CARTESIAN_POINT('Origin',(232.7689986664,-92.27499866642,1.2));
#12318=CARTESIAN_POINT('',(219.669,-92.775,1.2));
#12319=CARTESIAN_POINT('',(219.669,-92.775,1.2));
#12320=CARTESIAN_POINT('',(219.169,-92.275003,1.2));
#12321=CARTESIAN_POINT('Origin',(219.66900133358,-92.2749986664,1.2));
#12322=CARTESIAN_POINT('',(219.169,-79.175,1.2));
#12323=CARTESIAN_POINT('',(122.038,-59.625,1.2));
#12324=CARTESIAN_POINT('',(121.538,-60.125,1.2));
#12325=CARTESIAN_POINT('Origin',(122.03800133357,-60.12500133357,1.2));
#12326=CARTESIAN_POINT('',(135.138,-59.625,1.2));
#12327=CARTESIAN_POINT('',(135.138,-59.625,1.2));
#12328=CARTESIAN_POINT('',(135.638,-60.125,1.2));
#12329=CARTESIAN_POINT('Origin',(135.13799866643,-60.12500133356,1.2));
#12330=CARTESIAN_POINT('',(135.638,-73.225,1.2));
#12331=CARTESIAN_POINT('',(135.638,-73.225,1.2));
#12332=CARTESIAN_POINT('',(135.138003,-73.725,1.2));
#12333=CARTESIAN_POINT('Origin',(135.1379986664,-73.22499866642,1.2));
#12334=CARTESIAN_POINT('',(122.038,-73.725,1.2));
#12335=CARTESIAN_POINT('',(122.038,-73.725,1.2));
#12336=CARTESIAN_POINT('',(121.538,-73.225003,1.2));
#12337=CARTESIAN_POINT('Origin',(122.03800133358,-73.2249986664,1.2));
#12338=CARTESIAN_POINT('',(121.538,-60.125,1.2));
#12339=CARTESIAN_POINT('',(141.088,-59.625,1.2));
#12340=CARTESIAN_POINT('',(140.588,-60.125,1.2));
#12341=CARTESIAN_POINT('Origin',(141.08800133357,-60.12500133357,1.2));
#12342=CARTESIAN_POINT('',(154.188,-59.625,1.2));
#12343=CARTESIAN_POINT('',(154.188,-59.625,1.2));
#12344=CARTESIAN_POINT('',(154.688,-60.124997,1.2));
#12345=CARTESIAN_POINT('Origin',(154.18799866642,-60.12500133359,1.2));
#12346=CARTESIAN_POINT('',(154.688,-73.225,1.2));
#12347=CARTESIAN_POINT('',(154.688,-73.225,1.2));
#12348=CARTESIAN_POINT('',(154.188003,-73.725,1.2));
#12349=CARTESIAN_POINT('Origin',(154.1879986664,-73.22499866642,1.2));
#12350=CARTESIAN_POINT('',(141.088,-73.725,1.2));
#12351=CARTESIAN_POINT('',(141.088,-73.725,1.2));
#12352=CARTESIAN_POINT('',(140.588,-73.225003,1.2));
#12353=CARTESIAN_POINT('Origin',(141.08800133358,-73.2249986664,1.2));
#12354=CARTESIAN_POINT('',(140.588,-60.125,1.2));
#12355=CARTESIAN_POINT('',(160.138,-59.625,1.2));
#12356=CARTESIAN_POINT('',(159.638,-60.125,1.2));
#12357=CARTESIAN_POINT('Origin',(160.13800133357,-60.12500133357,1.2));
#12358=CARTESIAN_POINT('',(173.238,-59.625,1.2));
#12359=CARTESIAN_POINT('',(173.238,-59.625,1.2));
#12360=CARTESIAN_POINT('',(173.738,-60.124997,1.2));
#12361=CARTESIAN_POINT('Origin',(173.23799866642,-60.12500133359,1.2));
#12362=CARTESIAN_POINT('',(173.738,-73.225,1.2));
#12363=CARTESIAN_POINT('',(173.738,-73.225,1.2));
#12364=CARTESIAN_POINT('',(173.238003,-73.725,1.2));
#12365=CARTESIAN_POINT('Origin',(173.2379986664,-73.22499866642,1.2));
#12366=CARTESIAN_POINT('',(160.138,-73.725,1.2));
#12367=CARTESIAN_POINT('',(160.138,-73.725,1.2));
#12368=CARTESIAN_POINT('',(159.638,-73.225003,1.2));
#12369=CARTESIAN_POINT('Origin',(160.13800133358,-73.2249986664,1.2));
#12370=CARTESIAN_POINT('',(159.638,-60.125,1.2));
#12371=CARTESIAN_POINT('',(179.188,-59.625,1.2));
#12372=CARTESIAN_POINT('',(178.688,-60.125,1.2));
#12373=CARTESIAN_POINT('Origin',(179.18800133357,-60.12500133357,1.2));
#12374=CARTESIAN_POINT('',(192.288,-59.625,1.2));
#12375=CARTESIAN_POINT('',(192.288,-59.625,1.2));
#12376=CARTESIAN_POINT('',(192.788,-60.124997,1.2));
#12377=CARTESIAN_POINT('Origin',(192.28799866642,-60.12500133359,1.2));
#12378=CARTESIAN_POINT('',(192.788,-73.225,1.2));
#12379=CARTESIAN_POINT('',(192.788,-73.225,1.2));
#12380=CARTESIAN_POINT('',(192.288003,-73.725,1.2));
#12381=CARTESIAN_POINT('Origin',(192.2879986664,-73.22499866642,1.2));
#12382=CARTESIAN_POINT('',(179.188,-73.725,1.2));
#12383=CARTESIAN_POINT('',(179.188,-73.725,1.2));
#12384=CARTESIAN_POINT('',(178.688,-73.225003,1.2));
#12385=CARTESIAN_POINT('Origin',(179.18800133358,-73.2249986664,1.2));
#12386=CARTESIAN_POINT('',(178.688,-60.125,1.2));
#12387=CARTESIAN_POINT('',(198.237,-59.625,1.2));
#12388=CARTESIAN_POINT('',(197.737,-60.125,1.2));
#12389=CARTESIAN_POINT('Origin',(198.23700133357,-60.12500133357,1.2));
#12390=CARTESIAN_POINT('',(211.337,-59.625,1.2));
#12391=CARTESIAN_POINT('',(211.337,-59.625,1.2));
#12392=CARTESIAN_POINT('',(211.837,-60.124997,1.2));
#12393=CARTESIAN_POINT('Origin',(211.33699866642,-60.12500133359,1.2));
#12394=CARTESIAN_POINT('',(211.837,-73.225,1.2));
#12395=CARTESIAN_POINT('',(211.837,-73.225,1.2));
#12396=CARTESIAN_POINT('',(211.337003,-73.725,1.2));
#12397=CARTESIAN_POINT('Origin',(211.3369986664,-73.22499866642,1.2));
#12398=CARTESIAN_POINT('',(198.237,-73.725,1.2));
#12399=CARTESIAN_POINT('',(198.237,-73.725,1.2));
#12400=CARTESIAN_POINT('',(197.737,-73.225003,1.2));
#12401=CARTESIAN_POINT('Origin',(198.23700133358,-73.2249986664,1.2));
#12402=CARTESIAN_POINT('',(197.737,-60.125,1.2));
#12403=CARTESIAN_POINT('',(219.669,-59.625,1.2));
#12404=CARTESIAN_POINT('',(219.169,-60.125,1.2));
#12405=CARTESIAN_POINT('Origin',(219.66900133357,-60.12500133357,1.2));
#12406=CARTESIAN_POINT('',(232.769,-59.625,1.2));
#12407=CARTESIAN_POINT('',(232.769,-59.625,1.2));
#12408=CARTESIAN_POINT('',(233.269,-60.124997,1.2));
#12409=CARTESIAN_POINT('Origin',(232.76899866642,-60.12500133359,1.2));
#12410=CARTESIAN_POINT('',(233.269,-73.225,1.2));
#12411=CARTESIAN_POINT('',(233.269,-73.225,1.2));
#12412=CARTESIAN_POINT('',(232.769003,-73.725,1.2));
#12413=CARTESIAN_POINT('Origin',(232.7689986664,-73.22499866642,1.2));
#12414=CARTESIAN_POINT('',(219.669,-73.725,1.2));
#12415=CARTESIAN_POINT('',(219.669,-73.725,1.2));
#12416=CARTESIAN_POINT('',(219.169,-73.225003,1.2));
#12417=CARTESIAN_POINT('Origin',(219.66900133358,-73.2249986664,1.2));
#12418=CARTESIAN_POINT('',(219.169,-60.125,1.2));
#12419=CARTESIAN_POINT('',(14.881,-40.575,1.2));
#12420=CARTESIAN_POINT('',(14.381,-41.075,1.2));
#12421=CARTESIAN_POINT('Origin',(14.881001333573,-41.07500133357,1.2));
#12422=CARTESIAN_POINT('',(27.981,-40.575,1.2));
#12423=CARTESIAN_POINT('',(27.981,-40.575,1.2));
#12424=CARTESIAN_POINT('',(28.481,-41.074997,1.2));
#12425=CARTESIAN_POINT('Origin',(27.98099866642,-41.07500133359,1.2));
#12426=CARTESIAN_POINT('',(28.481,-54.175,1.2));
#12427=CARTESIAN_POINT('',(28.481,-54.175,1.2));
#12428=CARTESIAN_POINT('',(27.981,-54.675,1.2));
#12429=CARTESIAN_POINT('Origin',(27.980998666432,-54.17499866643,1.2));
#12430=CARTESIAN_POINT('',(14.881,-54.675,1.2));
#12431=CARTESIAN_POINT('',(14.881,-54.675,1.2));
#12432=CARTESIAN_POINT('',(14.381,-54.175003,1.2));
#12433=CARTESIAN_POINT('Origin',(14.88100133358,-54.1749986664,1.2));
#12434=CARTESIAN_POINT('',(14.381,-41.075,1.2));
#12435=CARTESIAN_POINT('',(32.146875,-41.7625,1.2));
#12436=CARTESIAN_POINT('Origin',(32.146875,-42.8625,1.2));
#12437=CARTESIAN_POINT('',(36.313,-40.575,1.2));
#12438=CARTESIAN_POINT('',(35.813,-41.075,1.2));
#12439=CARTESIAN_POINT('Origin',(36.313001333573,-41.07500133357,1.2));
#12440=CARTESIAN_POINT('',(49.413,-40.575,1.2));
#12441=CARTESIAN_POINT('',(49.413,-40.575,1.2));
#12442=CARTESIAN_POINT('',(49.913,-41.074997,1.2));
#12443=CARTESIAN_POINT('Origin',(49.41299866642,-41.07500133359,1.2));
#12444=CARTESIAN_POINT('',(49.913,-54.175,1.2));
#12445=CARTESIAN_POINT('',(49.913,-54.175,1.2));
#12446=CARTESIAN_POINT('',(49.413003,-54.675,1.2));
#12447=CARTESIAN_POINT('Origin',(49.412998666403,-54.17499866642,1.2));
#12448=CARTESIAN_POINT('',(36.313,-54.675,1.2));
#12449=CARTESIAN_POINT('',(36.313,-54.675,1.2));
#12450=CARTESIAN_POINT('',(35.813,-54.175003,1.2));
#12451=CARTESIAN_POINT('Origin',(36.31300133358,-54.1749986664,1.2));
#12452=CARTESIAN_POINT('',(35.813,-41.075,1.2));
#12453=CARTESIAN_POINT('',(55.363,-40.575,1.2));
#12454=CARTESIAN_POINT('',(54.863,-41.075,1.2));
#12455=CARTESIAN_POINT('Origin',(55.363001333573,-41.07500133357,1.2));
#12456=CARTESIAN_POINT('',(68.463,-40.575,1.2));
#12457=CARTESIAN_POINT('',(68.463,-40.575,1.2));
#12458=CARTESIAN_POINT('',(68.963,-41.074997,1.2));
#12459=CARTESIAN_POINT('Origin',(68.46299866642,-41.07500133359,1.2));
#12460=CARTESIAN_POINT('',(68.963,-54.175,1.2));
#12461=CARTESIAN_POINT('',(68.963,-54.175,1.2));
#12462=CARTESIAN_POINT('',(68.463,-54.675,1.2));
#12463=CARTESIAN_POINT('Origin',(68.462998666432,-54.17499866643,1.2));
#12464=CARTESIAN_POINT('',(55.363,-54.675,1.2));
#12465=CARTESIAN_POINT('',(55.363,-54.675,1.2));
#12466=CARTESIAN_POINT('',(54.863,-54.175003,1.2));
#12467=CARTESIAN_POINT('Origin',(55.36300133358,-54.1749986664,1.2));
#12468=CARTESIAN_POINT('',(54.863,-41.075,1.2));
#12469=CARTESIAN_POINT('',(74.413,-40.575,1.2));
#12470=CARTESIAN_POINT('',(73.913,-41.075,1.2));
#12471=CARTESIAN_POINT('Origin',(74.413001333573,-41.07500133357,1.2));
#12472=CARTESIAN_POINT('',(87.513,-40.575,1.2));
#12473=CARTESIAN_POINT('',(87.513,-40.575,1.2));
#12474=CARTESIAN_POINT('',(88.013,-41.074997,1.2));
#12475=CARTESIAN_POINT('Origin',(87.51299866642,-41.07500133359,1.2));
#12476=CARTESIAN_POINT('',(88.013,-54.175,1.2));
#12477=CARTESIAN_POINT('',(88.013,-54.175,1.2));
#12478=CARTESIAN_POINT('',(87.513,-54.675,1.2));
#12479=CARTESIAN_POINT('Origin',(87.512998666432,-54.17499866643,1.2));
#12480=CARTESIAN_POINT('',(74.413,-54.675,1.2));
#12481=CARTESIAN_POINT('',(74.413,-54.675,1.2));
#12482=CARTESIAN_POINT('',(73.913,-54.175003,1.2));
#12483=CARTESIAN_POINT('Origin',(74.41300133358,-54.1749986664,1.2));
#12484=CARTESIAN_POINT('',(73.913,-41.075,1.2));
#12485=CARTESIAN_POINT('',(93.463,-40.575,1.2));
#12486=CARTESIAN_POINT('',(92.963,-41.075,1.2));
#12487=CARTESIAN_POINT('Origin',(93.463001333573,-41.07500133357,1.2));
#12488=CARTESIAN_POINT('',(106.563,-40.575,1.2));
#12489=CARTESIAN_POINT('',(106.563,-40.575,1.2));
#12490=CARTESIAN_POINT('',(107.063,-41.075,1.2));
#12491=CARTESIAN_POINT('Origin',(106.56299866643,-41.07500133356,1.2));
#12492=CARTESIAN_POINT('',(107.063,-54.175,1.2));
#12493=CARTESIAN_POINT('',(107.063,-54.175,1.2));
#12494=CARTESIAN_POINT('',(106.563003,-54.675,1.2));
#12495=CARTESIAN_POINT('Origin',(106.5629986664,-54.17499866642,1.2));
#12496=CARTESIAN_POINT('',(93.463,-54.675,1.2));
#12497=CARTESIAN_POINT('',(93.463,-54.675,1.2));
#12498=CARTESIAN_POINT('',(92.963,-54.175003,1.2));
#12499=CARTESIAN_POINT('Origin',(93.46300133358,-54.1749986664,1.2));
#12500=CARTESIAN_POINT('',(92.963,-41.075,1.2));
#12501=CARTESIAN_POINT('',(112.513,-40.575,1.2));
#12502=CARTESIAN_POINT('',(112.013,-41.075,1.2));
#12503=CARTESIAN_POINT('Origin',(112.51300133357,-41.07500133357,1.2));
#12504=CARTESIAN_POINT('',(125.613,-40.575,1.2));
#12505=CARTESIAN_POINT('',(125.613,-40.575,1.2));
#12506=CARTESIAN_POINT('',(126.113,-41.074997,1.2));
#12507=CARTESIAN_POINT('Origin',(125.61299866642,-41.07500133359,1.2));
#12508=CARTESIAN_POINT('',(126.113,-54.175,1.2));
#12509=CARTESIAN_POINT('',(126.113,-54.175,1.2));
#12510=CARTESIAN_POINT('',(125.613,-54.675,1.2));
#12511=CARTESIAN_POINT('Origin',(125.61299866643,-54.17499866643,1.2));
#12512=CARTESIAN_POINT('',(112.513,-54.675,1.2));
#12513=CARTESIAN_POINT('',(112.513,-54.675,1.2));
#12514=CARTESIAN_POINT('',(112.013,-54.175003,1.2));
#12515=CARTESIAN_POINT('Origin',(112.51300133358,-54.1749986664,1.2));
#12516=CARTESIAN_POINT('',(112.013,-41.075,1.2));
#12517=CARTESIAN_POINT('',(12.5,-21.525,1.2));
#12518=CARTESIAN_POINT('',(12.,-22.025,1.2));
#12519=CARTESIAN_POINT('Origin',(12.500001333573,-22.02500133357,1.2));
#12520=CARTESIAN_POINT('',(25.6,-21.525,1.2));
#12521=CARTESIAN_POINT('',(25.6,-21.525,1.2));
#12522=CARTESIAN_POINT('',(26.1,-22.025,1.2));
#12523=CARTESIAN_POINT('Origin',(25.599998666432,-22.02500133356,1.2));
#12524=CARTESIAN_POINT('',(26.1,-35.125,1.2));
#12525=CARTESIAN_POINT('',(26.1,-35.125,1.2));
#12526=CARTESIAN_POINT('',(25.600003,-35.625,1.2));
#12527=CARTESIAN_POINT('Origin',(25.599998666403,-35.12499866642,1.2));
#12528=CARTESIAN_POINT('',(12.5,-35.625,1.2));
#12529=CARTESIAN_POINT('',(12.5,-35.625,1.2));
#12530=CARTESIAN_POINT('',(12.,-35.125003,1.2));
#12531=CARTESIAN_POINT('Origin',(12.50000133358,-35.1249986664,1.2));
#12532=CARTESIAN_POINT('',(12.,-22.025,1.2));
#12533=CARTESIAN_POINT('',(31.55,-21.525,1.2));
#12534=CARTESIAN_POINT('',(31.05,-22.025,1.2));
#12535=CARTESIAN_POINT('Origin',(31.550001333573,-22.02500133357,1.2));
#12536=CARTESIAN_POINT('',(44.65,-21.525,1.2));
#12537=CARTESIAN_POINT('',(44.65,-21.525,1.2));
#12538=CARTESIAN_POINT('',(45.15,-22.025,1.2));
#12539=CARTESIAN_POINT('Origin',(44.649998666432,-22.02500133356,1.2));
#12540=CARTESIAN_POINT('',(45.15,-35.125,1.2));
#12541=CARTESIAN_POINT('',(45.15,-35.125,1.2));
#12542=CARTESIAN_POINT('',(44.650003,-35.625,1.2));
#12543=CARTESIAN_POINT('Origin',(44.649998666403,-35.12499866642,1.2));
#12544=CARTESIAN_POINT('',(31.55,-35.625,1.2));
#12545=CARTESIAN_POINT('',(31.55,-35.625,1.2));
#12546=CARTESIAN_POINT('',(31.05,-35.125003,1.2));
#12547=CARTESIAN_POINT('Origin',(31.55000133358,-35.1249986664,1.2));
#12548=CARTESIAN_POINT('',(31.05,-22.025,1.2));
#12549=CARTESIAN_POINT('',(50.6,-21.525,1.2));
#12550=CARTESIAN_POINT('',(50.1,-22.025,1.2));
#12551=CARTESIAN_POINT('Origin',(50.600001333573,-22.02500133357,1.2));
#12552=CARTESIAN_POINT('',(63.7,-21.525,1.2));
#12553=CARTESIAN_POINT('',(63.7,-21.525,1.2));
#12554=CARTESIAN_POINT('',(64.2,-22.024997,1.2));
#12555=CARTESIAN_POINT('Origin',(63.69999866642,-22.02500133359,1.2));
#12556=CARTESIAN_POINT('',(64.2,-35.125,1.2));
#12557=CARTESIAN_POINT('',(64.2,-35.125,1.2));
#12558=CARTESIAN_POINT('',(63.700003,-35.625,1.2));
#12559=CARTESIAN_POINT('Origin',(63.699998666403,-35.12499866642,1.2));
#12560=CARTESIAN_POINT('',(50.6,-35.625,1.2));
#12561=CARTESIAN_POINT('',(50.6,-35.625,1.2));
#12562=CARTESIAN_POINT('',(50.1,-35.125003,1.2));
#12563=CARTESIAN_POINT('Origin',(50.60000133358,-35.1249986664,1.2));
#12564=CARTESIAN_POINT('',(50.1,-22.025,1.2));
#12565=CARTESIAN_POINT('',(69.65,-21.525,1.2));
#12566=CARTESIAN_POINT('',(69.15,-22.025,1.2));
#12567=CARTESIAN_POINT('Origin',(69.650001333573,-22.02500133357,1.2));
#12568=CARTESIAN_POINT('',(82.75,-21.525,1.2));
#12569=CARTESIAN_POINT('',(82.75,-21.525,1.2));
#12570=CARTESIAN_POINT('',(83.25,-22.024997,1.2));
#12571=CARTESIAN_POINT('Origin',(82.74999866642,-22.02500133359,1.2));
#12572=CARTESIAN_POINT('',(83.25,-35.125,1.2));
#12573=CARTESIAN_POINT('',(83.25,-35.125,1.2));
#12574=CARTESIAN_POINT('',(82.750003,-35.625,1.2));
#12575=CARTESIAN_POINT('Origin',(82.749998666403,-35.12499866642,1.2));
#12576=CARTESIAN_POINT('',(69.65,-35.625,1.2));
#12577=CARTESIAN_POINT('',(69.65,-35.625,1.2));
#12578=CARTESIAN_POINT('',(69.15,-35.125003,1.2));
#12579=CARTESIAN_POINT('Origin',(69.65000133358,-35.1249986664,1.2));
#12580=CARTESIAN_POINT('',(69.15,-22.025,1.2));
#12581=CARTESIAN_POINT('',(88.7,-21.525,1.2));
#12582=CARTESIAN_POINT('',(88.2,-22.025,1.2));
#12583=CARTESIAN_POINT('Origin',(88.700001333573,-22.02500133357,1.2));
#12584=CARTESIAN_POINT('',(101.8,-21.525,1.2));
#12585=CARTESIAN_POINT('',(101.8,-21.525,1.2));
#12586=CARTESIAN_POINT('',(102.3,-22.024997,1.2));
#12587=CARTESIAN_POINT('Origin',(101.79999866642,-22.02500133359,1.2));
#12588=CARTESIAN_POINT('',(102.3,-35.125,1.2));
#12589=CARTESIAN_POINT('',(102.3,-35.125,1.2));
#12590=CARTESIAN_POINT('',(101.8,-35.625,1.2));
#12591=CARTESIAN_POINT('Origin',(101.79999866643,-35.12499866643,1.2));
#12592=CARTESIAN_POINT('',(88.7,-35.625,1.2));
#12593=CARTESIAN_POINT('',(88.7,-35.625,1.2));
#12594=CARTESIAN_POINT('',(88.2,-35.125003,1.2));
#12595=CARTESIAN_POINT('Origin',(88.70000133358,-35.1249986664,1.2));
#12596=CARTESIAN_POINT('',(88.2,-22.025,1.2));
#12597=CARTESIAN_POINT('',(107.75,-21.525,1.2));
#12598=CARTESIAN_POINT('',(107.25,-22.025,1.2));
#12599=CARTESIAN_POINT('Origin',(107.75000133357,-22.02500133357,1.2));
#12600=CARTESIAN_POINT('',(120.85,-21.525,1.2));
#12601=CARTESIAN_POINT('',(120.85,-21.525,1.2));
#12602=CARTESIAN_POINT('',(121.35,-22.024997,1.2));
#12603=CARTESIAN_POINT('Origin',(120.84999866642,-22.02500133359,1.2));
#12604=CARTESIAN_POINT('',(121.35,-35.125,1.2));
#12605=CARTESIAN_POINT('',(121.35,-35.125,1.2));
#12606=CARTESIAN_POINT('',(120.85,-35.625,1.2));
#12607=CARTESIAN_POINT('Origin',(120.84999866643,-35.12499866643,1.2));
#12608=CARTESIAN_POINT('',(107.75,-35.625,1.2));
#12609=CARTESIAN_POINT('',(107.75,-35.625,1.2));
#12610=CARTESIAN_POINT('',(107.25,-35.125003,1.2));
#12611=CARTESIAN_POINT('Origin',(107.75000133358,-35.1249986664,1.2));
#12612=CARTESIAN_POINT('',(107.25,-22.025,1.2));
#12613=CARTESIAN_POINT('',(131.563,-40.575,1.2));
#12614=CARTESIAN_POINT('',(131.063,-41.075,1.2));
#12615=CARTESIAN_POINT('Origin',(131.56300133357,-41.07500133357,1.2));
#12616=CARTESIAN_POINT('',(144.663,-40.575,1.2));
#12617=CARTESIAN_POINT('',(144.663,-40.575,1.2));
#12618=CARTESIAN_POINT('',(145.163,-41.075,1.2));
#12619=CARTESIAN_POINT('Origin',(144.66299866643,-41.07500133356,1.2));
#12620=CARTESIAN_POINT('',(145.163,-54.175,1.2));
#12621=CARTESIAN_POINT('',(145.163,-54.175,1.2));
#12622=CARTESIAN_POINT('',(144.663003,-54.675,1.2));
#12623=CARTESIAN_POINT('Origin',(144.6629986664,-54.17499866642,1.2));
#12624=CARTESIAN_POINT('',(131.563,-54.675,1.2));
#12625=CARTESIAN_POINT('',(131.563,-54.675,1.2));
#12626=CARTESIAN_POINT('',(131.063,-54.175003,1.2));
#12627=CARTESIAN_POINT('Origin',(131.56300133358,-54.1749986664,1.2));
#12628=CARTESIAN_POINT('',(131.063,-41.075,1.2));
#12629=CARTESIAN_POINT('',(150.612,-40.575,1.2));
#12630=CARTESIAN_POINT('',(150.112,-41.075,1.2));
#12631=CARTESIAN_POINT('Origin',(150.61200133357,-41.07500133357,1.2));
#12632=CARTESIAN_POINT('',(163.712,-40.575,1.2));
#12633=CARTESIAN_POINT('',(163.712,-40.575,1.2));
#12634=CARTESIAN_POINT('',(164.212,-41.074997,1.2));
#12635=CARTESIAN_POINT('Origin',(163.71199866642,-41.07500133359,1.2));
#12636=CARTESIAN_POINT('',(164.212,-54.175,1.2));
#12637=CARTESIAN_POINT('',(164.212,-54.175,1.2));
#12638=CARTESIAN_POINT('',(163.712003,-54.675,1.2));
#12639=CARTESIAN_POINT('Origin',(163.7119986664,-54.17499866642,1.2));
#12640=CARTESIAN_POINT('',(150.612,-54.675,1.2));
#12641=CARTESIAN_POINT('',(150.612,-54.675,1.2));
#12642=CARTESIAN_POINT('',(150.112,-54.175003,1.2));
#12643=CARTESIAN_POINT('Origin',(150.61200133358,-54.1749986664,1.2));
#12644=CARTESIAN_POINT('',(150.112,-41.075,1.2));
#12645=CARTESIAN_POINT('',(169.663,-40.575,1.2));
#12646=CARTESIAN_POINT('',(169.163,-41.075,1.2));
#12647=CARTESIAN_POINT('Origin',(169.66300133357,-41.07500133357,1.2));
#12648=CARTESIAN_POINT('',(182.763,-40.575,1.2));
#12649=CARTESIAN_POINT('',(182.763,-40.575,1.2));
#12650=CARTESIAN_POINT('',(183.263,-41.074997,1.2));
#12651=CARTESIAN_POINT('Origin',(182.76299866642,-41.07500133359,1.2));
#12652=CARTESIAN_POINT('',(183.263,-54.175,1.2));
#12653=CARTESIAN_POINT('',(183.263,-54.175,1.2));
#12654=CARTESIAN_POINT('',(182.763003,-54.675,1.2));
#12655=CARTESIAN_POINT('Origin',(182.7629986664,-54.17499866642,1.2));
#12656=CARTESIAN_POINT('',(169.663,-54.675,1.2));
#12657=CARTESIAN_POINT('',(169.663,-54.675,1.2));
#12658=CARTESIAN_POINT('',(169.163,-54.175003,1.2));
#12659=CARTESIAN_POINT('Origin',(169.66300133358,-54.1749986664,1.2));
#12660=CARTESIAN_POINT('',(169.163,-41.075,1.2));
#12661=CARTESIAN_POINT('',(188.713,-40.575,1.2));
#12662=CARTESIAN_POINT('',(188.213,-41.075,1.2));
#12663=CARTESIAN_POINT('Origin',(188.71300133357,-41.07500133357,1.2));
#12664=CARTESIAN_POINT('',(201.813,-40.575,1.2));
#12665=CARTESIAN_POINT('',(201.813,-40.575,1.2));
#12666=CARTESIAN_POINT('',(202.313,-41.074997,1.2));
#12667=CARTESIAN_POINT('Origin',(201.81299866642,-41.07500133359,1.2));
#12668=CARTESIAN_POINT('',(202.313,-54.175,1.2));
#12669=CARTESIAN_POINT('',(202.313,-54.175,1.2));
#12670=CARTESIAN_POINT('',(201.813003,-54.675,1.2));
#12671=CARTESIAN_POINT('Origin',(201.8129986664,-54.17499866642,1.2));
#12672=CARTESIAN_POINT('',(188.713,-54.675,1.2));
#12673=CARTESIAN_POINT('',(188.713,-54.675,1.2));
#12674=CARTESIAN_POINT('',(188.213,-54.175003,1.2));
#12675=CARTESIAN_POINT('Origin',(188.71300133358,-54.1749986664,1.2));
#12676=CARTESIAN_POINT('',(188.213,-41.075,1.2));
#12677=CARTESIAN_POINT('',(214.906,-40.575,1.2));
#12678=CARTESIAN_POINT('',(214.406,-41.075,1.2));
#12679=CARTESIAN_POINT('Origin',(214.90600133357,-41.07500133357,1.2));
#12680=CARTESIAN_POINT('',(228.006,-40.575,1.2));
#12681=CARTESIAN_POINT('',(228.006,-40.575,1.2));
#12682=CARTESIAN_POINT('',(228.506,-41.074997,1.2));
#12683=CARTESIAN_POINT('Origin',(228.00599866642,-41.07500133359,1.2));
#12684=CARTESIAN_POINT('',(228.506,-54.175,1.2));
#12685=CARTESIAN_POINT('',(228.506,-54.175,1.2));
#12686=CARTESIAN_POINT('',(228.006003,-54.675,1.2));
#12687=CARTESIAN_POINT('Origin',(228.0059986664,-54.17499866642,1.2));
#12688=CARTESIAN_POINT('',(214.906,-54.675,1.2));
#12689=CARTESIAN_POINT('',(214.906,-54.675,1.2));
#12690=CARTESIAN_POINT('',(214.406,-54.175003,1.2));
#12691=CARTESIAN_POINT('Origin',(214.90600133358,-54.1749986664,1.2));
#12692=CARTESIAN_POINT('',(214.406,-41.075,1.2));
#12693=CARTESIAN_POINT('',(208.359375,-41.7625,1.2));
#12694=CARTESIAN_POINT('Origin',(208.359375,-42.8625,1.2));
#12695=CARTESIAN_POINT('',(126.8,-21.525,1.2));
#12696=CARTESIAN_POINT('',(126.3,-22.025,1.2));
#12697=CARTESIAN_POINT('Origin',(126.80000133357,-22.02500133357,1.2));
#12698=CARTESIAN_POINT('',(139.9,-21.525,1.2));
#12699=CARTESIAN_POINT('',(139.9,-21.525,1.2));
#12700=CARTESIAN_POINT('',(140.4,-22.025,1.2));
#12701=CARTESIAN_POINT('Origin',(139.89999866643,-22.02500133356,1.2));
#12702=CARTESIAN_POINT('',(140.4,-35.125,1.2));
#12703=CARTESIAN_POINT('',(140.4,-35.125,1.2));
#12704=CARTESIAN_POINT('',(139.900003,-35.625,1.2));
#12705=CARTESIAN_POINT('Origin',(139.8999986664,-35.12499866642,1.2));
#12706=CARTESIAN_POINT('',(126.8,-35.625,1.2));
#12707=CARTESIAN_POINT('',(126.8,-35.625,1.2));
#12708=CARTESIAN_POINT('',(126.3,-35.125003,1.2));
#12709=CARTESIAN_POINT('Origin',(126.80000133358,-35.1249986664,1.2));
#12710=CARTESIAN_POINT('',(126.3,-22.025,1.2));
#12711=CARTESIAN_POINT('',(145.85,-21.525,1.2));
#12712=CARTESIAN_POINT('',(145.35,-22.025,1.2));
#12713=CARTESIAN_POINT('Origin',(145.85000133357,-22.02500133357,1.2));
#12714=CARTESIAN_POINT('',(158.95,-21.525,1.2));
#12715=CARTESIAN_POINT('',(158.95,-21.525,1.2));
#12716=CARTESIAN_POINT('',(159.45,-22.024997,1.2));
#12717=CARTESIAN_POINT('Origin',(158.94999866642,-22.02500133359,1.2));
#12718=CARTESIAN_POINT('',(159.45,-35.125,1.2));
#12719=CARTESIAN_POINT('',(159.45,-35.125,1.2));
#12720=CARTESIAN_POINT('',(158.950003,-35.625,1.2));
#12721=CARTESIAN_POINT('Origin',(158.9499986664,-35.12499866642,1.2));
#12722=CARTESIAN_POINT('',(145.85,-35.625,1.2));
#12723=CARTESIAN_POINT('',(145.85,-35.625,1.2));
#12724=CARTESIAN_POINT('',(145.35,-35.125003,1.2));
#12725=CARTESIAN_POINT('Origin',(145.85000133358,-35.1249986664,1.2));
#12726=CARTESIAN_POINT('',(145.35,-22.025,1.2));
#12727=CARTESIAN_POINT('',(164.9,-21.525,1.2));
#12728=CARTESIAN_POINT('',(164.4,-22.025,1.2));
#12729=CARTESIAN_POINT('Origin',(164.90000133357,-22.02500133357,1.2));
#12730=CARTESIAN_POINT('',(178.,-21.525,1.2));
#12731=CARTESIAN_POINT('',(178.,-21.525,1.2));
#12732=CARTESIAN_POINT('',(178.5,-22.025,1.2));
#12733=CARTESIAN_POINT('Origin',(177.99999866643,-22.02500133356,1.2));
#12734=CARTESIAN_POINT('',(178.5,-35.125,1.2));
#12735=CARTESIAN_POINT('',(178.5,-35.125,1.2));
#12736=CARTESIAN_POINT('',(178.000003,-35.625,1.2));
#12737=CARTESIAN_POINT('Origin',(177.9999986664,-35.12499866642,1.2));
#12738=CARTESIAN_POINT('',(164.9,-35.625,1.2));
#12739=CARTESIAN_POINT('',(164.9,-35.625,1.2));
#12740=CARTESIAN_POINT('',(164.4,-35.125003,1.2));
#12741=CARTESIAN_POINT('Origin',(164.90000133358,-35.1249986664,1.2));
#12742=CARTESIAN_POINT('',(164.4,-22.025,1.2));
#12743=CARTESIAN_POINT('',(183.95,-21.525,1.2));
#12744=CARTESIAN_POINT('',(183.45,-22.025,1.2));
#12745=CARTESIAN_POINT('Origin',(183.95000133357,-22.02500133357,1.2));
#12746=CARTESIAN_POINT('',(197.05,-21.525,1.2));
#12747=CARTESIAN_POINT('',(197.05,-21.525,1.2));
#12748=CARTESIAN_POINT('',(197.55,-22.024997,1.2));
#12749=CARTESIAN_POINT('Origin',(197.04999866642,-22.02500133359,1.2));
#12750=CARTESIAN_POINT('',(197.55,-35.125,1.2));
#12751=CARTESIAN_POINT('',(197.55,-35.125,1.2));
#12752=CARTESIAN_POINT('',(197.05,-35.625,1.2));
#12753=CARTESIAN_POINT('Origin',(197.04999866643,-35.12499866643,1.2));
#12754=CARTESIAN_POINT('',(183.95,-35.625,1.2));
#12755=CARTESIAN_POINT('',(183.95,-35.625,1.2));
#12756=CARTESIAN_POINT('',(183.45,-35.125003,1.2));
#12757=CARTESIAN_POINT('Origin',(183.95000133358,-35.1249986664,1.2));
#12758=CARTESIAN_POINT('',(183.45,-22.025,1.2));
#12759=CARTESIAN_POINT('',(203.,-21.525,1.2));
#12760=CARTESIAN_POINT('',(202.5,-22.025,1.2));
#12761=CARTESIAN_POINT('Origin',(203.00000133357,-22.02500133357,1.2));
#12762=CARTESIAN_POINT('',(216.1,-21.525,1.2));
#12763=CARTESIAN_POINT('',(216.1,-21.525,1.2));
#12764=CARTESIAN_POINT('',(216.6,-22.025,1.2));
#12765=CARTESIAN_POINT('Origin',(216.09999866643,-22.02500133356,1.2));
#12766=CARTESIAN_POINT('',(216.6,-35.125,1.2));
#12767=CARTESIAN_POINT('',(216.6,-35.125,1.2));
#12768=CARTESIAN_POINT('',(216.100003,-35.625,1.2));
#12769=CARTESIAN_POINT('Origin',(216.0999986664,-35.12499866642,1.2));
#12770=CARTESIAN_POINT('',(203.,-35.625,1.2));
#12771=CARTESIAN_POINT('',(203.,-35.625,1.2));
#12772=CARTESIAN_POINT('',(202.5,-35.125003,1.2));
#12773=CARTESIAN_POINT('Origin',(203.00000133358,-35.1249986664,1.2));
#12774=CARTESIAN_POINT('',(202.5,-22.025,1.2));
#12775=CARTESIAN_POINT('',(222.05,-21.525,1.2));
#12776=CARTESIAN_POINT('',(221.55,-22.025,1.2));
#12777=CARTESIAN_POINT('Origin',(222.05000133357,-22.02500133357,1.2));
#12778=CARTESIAN_POINT('',(235.15,-21.525,1.2));
#12779=CARTESIAN_POINT('',(235.15,-21.525,1.2));
#12780=CARTESIAN_POINT('',(235.65,-22.024997,1.2));
#12781=CARTESIAN_POINT('Origin',(235.14999866642,-22.02500133359,1.2));
#12782=CARTESIAN_POINT('',(235.65,-35.125,1.2));
#12783=CARTESIAN_POINT('',(235.65,-35.125,1.2));
#12784=CARTESIAN_POINT('',(235.150003,-35.625,1.2));
#12785=CARTESIAN_POINT('Origin',(235.1499986664,-35.12499866642,1.2));
#12786=CARTESIAN_POINT('',(222.05,-35.625,1.2));
#12787=CARTESIAN_POINT('',(222.05,-35.625,1.2));
#12788=CARTESIAN_POINT('',(221.55,-35.125003,1.2));
#12789=CARTESIAN_POINT('Origin',(222.05000133358,-35.1249986664,1.2));
#12790=CARTESIAN_POINT('',(221.55,-22.025,1.2));
#12791=CARTESIAN_POINT('Origin',(11.906250077504,-21.4312500775,0.));
#12792=CARTESIAN_POINT('',(9.525,-21.43125,0.));
#12793=CARTESIAN_POINT('Origin',(235.7437506296,-92.8687516296,0.));
#12794=CARTESIAN_POINT('',(235.74375,-95.25,0.));
#12795=CARTESIAN_POINT('Origin',(9.525,-92.86875,0.));
#12796=CARTESIAN_POINT('',(9.525,-92.86875,0.));
#12797=CARTESIAN_POINT('Origin',(235.74375,-95.25,0.));
#12798=CARTESIAN_POINT('',(11.90625,-95.25,0.));
#12799=CARTESIAN_POINT('Origin',(11.906250077504,-92.86874992249,0.));
#12800=CARTESIAN_POINT('Origin',(14.881001333573,-79.17500133357,0.));
#12801=CARTESIAN_POINT('',(14.881,-78.675,0.));
#12802=CARTESIAN_POINT('',(14.381,-79.175,0.));
#12803=CARTESIAN_POINT('Origin',(27.981,-78.675,0.));
#12804=CARTESIAN_POINT('',(27.981,-78.675,0.));
#12805=CARTESIAN_POINT('Origin',(14.381,-79.175,0.));
#12806=CARTESIAN_POINT('',(14.381,-92.275003,0.));
#12807=CARTESIAN_POINT('Origin',(27.98099866642,-79.17500133359,0.));
#12808=CARTESIAN_POINT('',(28.481,-79.174997,0.));
#12809=CARTESIAN_POINT('Origin',(14.88100133358,-92.2749986664,0.));
#12810=CARTESIAN_POINT('',(14.881,-92.775,0.));
#12811=CARTESIAN_POINT('Origin',(28.481,-92.275,0.));
#12812=CARTESIAN_POINT('',(28.481,-92.275,0.));
#12813=CARTESIAN_POINT('Origin',(14.881,-92.775,0.));
#12814=CARTESIAN_POINT('',(27.981003,-92.775,0.));
#12815=CARTESIAN_POINT('Origin',(27.980998666403,-92.27499866642,0.));
#12816=CARTESIAN_POINT('Origin',(36.313001333573,-79.17500133357,0.));
#12817=CARTESIAN_POINT('',(36.313,-78.675,0.));
#12818=CARTESIAN_POINT('',(35.813,-79.175,0.));
#12819=CARTESIAN_POINT('Origin',(49.413,-78.675,0.));
#12820=CARTESIAN_POINT('',(49.413,-78.675,0.));
#12821=CARTESIAN_POINT('Origin',(35.813,-79.175,0.));
#12822=CARTESIAN_POINT('',(35.813,-92.275003,0.));
#12823=CARTESIAN_POINT('Origin',(49.41299866642,-79.17500133359,0.));
#12824=CARTESIAN_POINT('',(49.913,-79.174997,0.));
#12825=CARTESIAN_POINT('Origin',(36.31300133358,-92.2749986664,0.));
#12826=CARTESIAN_POINT('',(36.313,-92.775,0.));
#12827=CARTESIAN_POINT('Origin',(49.913,-92.275,0.));
#12828=CARTESIAN_POINT('',(49.913,-92.275,0.));
#12829=CARTESIAN_POINT('Origin',(36.313,-92.775,0.));
#12830=CARTESIAN_POINT('',(49.413003,-92.775,0.));
#12831=CARTESIAN_POINT('Origin',(49.412998666403,-92.27499866642,0.));
#12832=CARTESIAN_POINT('Origin',(57.744001333573,-79.17500133357,0.));
#12833=CARTESIAN_POINT('',(57.744,-78.675,0.));
#12834=CARTESIAN_POINT('',(57.244,-79.175,0.));
#12835=CARTESIAN_POINT('Origin',(70.844,-78.675,0.));
#12836=CARTESIAN_POINT('',(70.844,-78.675,0.));
#12837=CARTESIAN_POINT('Origin',(57.244,-79.175,0.));
#12838=CARTESIAN_POINT('',(57.244,-92.275003,0.));
#12839=CARTESIAN_POINT('Origin',(70.84399866642,-79.17500133359,0.));
#12840=CARTESIAN_POINT('',(71.344,-79.174997,0.));
#12841=CARTESIAN_POINT('Origin',(57.74400133358,-92.2749986664,0.));
#12842=CARTESIAN_POINT('',(57.744,-92.775,0.));
#12843=CARTESIAN_POINT('Origin',(71.344,-92.275,0.));
#12844=CARTESIAN_POINT('',(71.344,-92.275,0.));
#12845=CARTESIAN_POINT('Origin',(57.744,-92.775,0.));
#12846=CARTESIAN_POINT('',(70.844003,-92.775,0.));
#12847=CARTESIAN_POINT('Origin',(70.843998666403,-92.27499866642,0.));
#12848=CARTESIAN_POINT('Origin',(78.58125,-85.725,-0.046));
#12849=CARTESIAN_POINT('',(78.58125,-84.625,-0.046));
#12850=CARTESIAN_POINT('Origin',(87.956350370078,-76.32510037007,0.));
#12851=CARTESIAN_POINT('',(87.95625,-75.825,0.));
#12852=CARTESIAN_POINT('',(87.45625,-76.325,0.));
#12853=CARTESIAN_POINT('Origin',(93.01875,-75.825,0.));
#12854=CARTESIAN_POINT('',(93.01875,-75.825,0.));
#12855=CARTESIAN_POINT('Origin',(87.45625,-76.325,0.));
#12856=CARTESIAN_POINT('',(87.45625,-89.375101,0.));
#12857=CARTESIAN_POINT('Origin',(93.018851068172,-76.32489893182,0.));
#12858=CARTESIAN_POINT('',(93.51875,-76.325,0.));
#12859=CARTESIAN_POINT('Origin',(87.956148924606,-89.37510108561,0.));
#12860=CARTESIAN_POINT('',(87.95625,-89.875,0.));
#12861=CARTESIAN_POINT('Origin',(94.018648931828,-76.32510106817,0.));
#12862=CARTESIAN_POINT('',(94.01875,-76.825,0.));
#12863=CARTESIAN_POINT('Origin',(87.95625,-89.875,0.));
#12864=CARTESIAN_POINT('',(93.01875,-89.875,0.));
#12865=CARTESIAN_POINT('Origin',(110.765,-76.825,0.));
#12866=CARTESIAN_POINT('',(110.765,-76.825,0.));
#12867=CARTESIAN_POINT('Origin',(93.018649637046,-89.37489964711,0.));
#12868=CARTESIAN_POINT('',(93.51875,-89.3749,0.));
#12869=CARTESIAN_POINT('Origin',(110.76495086161,-76.32495086161,0.));
#12870=CARTESIAN_POINT('',(111.265,-76.325,0.));
#12871=CARTESIAN_POINT('Origin',(93.51875,-89.3749,0.));
#12872=CARTESIAN_POINT('',(93.51875,-79.08125,0.));
#12873=CARTESIAN_POINT('Origin',(111.76504913838,-76.32504913838,0.));
#12874=CARTESIAN_POINT('',(111.765,-75.825,0.));
#12875=CARTESIAN_POINT('Origin',(94.018834998969,-79.08133499896,0.));
#12876=CARTESIAN_POINT('',(94.01875,-78.58125,0.));
#12877=CARTESIAN_POINT('Origin',(116.8275,-75.825,0.));
#12878=CARTESIAN_POINT('',(116.8275,-75.825,0.));
#12879=CARTESIAN_POINT('Origin',(94.01875,-78.58125,0.));
#12880=CARTESIAN_POINT('',(94.84375,-78.58125,0.));
#12881=CARTESIAN_POINT('Origin',(116.82745086161,-76.32504913838,0.));
#12882=CARTESIAN_POINT('',(117.3275,-76.325,0.));
#12883=CARTESIAN_POINT('Origin',(94.843700861613,-79.08129913838,0.));
#12884=CARTESIAN_POINT('',(95.34375,-79.08125,0.));
#12885=CARTESIAN_POINT('Origin',(117.3275,-89.375,0.));
#12886=CARTESIAN_POINT('',(117.3275,-89.375,0.));
#12887=CARTESIAN_POINT('Origin',(95.34375,-79.08125,0.));
#12888=CARTESIAN_POINT('',(95.34375,-92.275,0.));
#12889=CARTESIAN_POINT('Origin',(116.82760106817,-89.37510106817,0.));
#12890=CARTESIAN_POINT('',(116.8275,-89.875,0.));
#12891=CARTESIAN_POINT('Origin',(95.843751333568,-92.27499866643,0.));
#12892=CARTESIAN_POINT('',(95.84375,-92.775,0.));
#12893=CARTESIAN_POINT('Origin',(111.765,-89.875,0.));
#12894=CARTESIAN_POINT('',(111.765,-89.875,0.));
#12895=CARTESIAN_POINT('Origin',(95.84375,-92.775,0.));
#12896=CARTESIAN_POINT('',(108.94375,-92.775,0.));
#12897=CARTESIAN_POINT('Origin',(111.76510036295,-89.37489964711,0.));
#12898=CARTESIAN_POINT('',(111.265,-89.3749,0.));
#12899=CARTESIAN_POINT('Origin',(108.94374866643,-92.27499866643,0.));
#12900=CARTESIAN_POINT('',(109.44375,-92.275,0.));
#12901=CARTESIAN_POINT('Origin',(111.265,-79.08125,0.));
#12902=CARTESIAN_POINT('',(111.265,-79.08125,0.));
#12903=CARTESIAN_POINT('Origin',(109.44375,-92.275,0.));
#12904=CARTESIAN_POINT('',(109.44375,-79.08125,0.));
#12905=CARTESIAN_POINT('Origin',(110.76486546842,-79.08138453158,0.));
#12906=CARTESIAN_POINT('',(110.765,-78.58125,0.));
#12907=CARTESIAN_POINT('Origin',(109.94366258246,-79.08116258246,0.));
#12908=CARTESIAN_POINT('',(109.94375,-78.58125,0.));
#12909=CARTESIAN_POINT('Origin',(109.94375,-78.58125,0.));
#12910=CARTESIAN_POINT('Origin',(19.644001333573,-60.12500133357,0.));
#12911=CARTESIAN_POINT('',(19.644,-59.625,0.));
#12912=CARTESIAN_POINT('',(19.144,-60.125,0.));
#12913=CARTESIAN_POINT('Origin',(32.744,-59.625,0.));
#12914=CARTESIAN_POINT('',(32.744,-59.625,0.));
#12915=CARTESIAN_POINT('Origin',(19.144,-60.125,0.));
#12916=CARTESIAN_POINT('',(19.144,-73.225003,0.));
#12917=CARTESIAN_POINT('Origin',(32.74399866642,-60.12500133359,0.));
#12918=CARTESIAN_POINT('',(33.244,-60.124997,0.));
#12919=CARTESIAN_POINT('Origin',(19.64400133358,-73.2249986664,0.));
#12920=CARTESIAN_POINT('',(19.644,-73.725,0.));
#12921=CARTESIAN_POINT('Origin',(33.244,-73.225,0.));
#12922=CARTESIAN_POINT('',(33.244,-73.225,0.));
#12923=CARTESIAN_POINT('Origin',(19.644,-73.725,0.));
#12924=CARTESIAN_POINT('',(32.744003,-73.725,0.));
#12925=CARTESIAN_POINT('Origin',(32.743998666403,-73.22499866642,0.));
#12926=CARTESIAN_POINT('Origin',(45.838001333573,-60.12500133357,0.));
#12927=CARTESIAN_POINT('',(45.838,-59.625,0.));
#12928=CARTESIAN_POINT('',(45.338,-60.125,0.));
#12929=CARTESIAN_POINT('Origin',(58.938,-59.625,0.));
#12930=CARTESIAN_POINT('',(58.938,-59.625,0.));
#12931=CARTESIAN_POINT('Origin',(45.338,-60.125,0.));
#12932=CARTESIAN_POINT('',(45.338,-73.225003,0.));
#12933=CARTESIAN_POINT('Origin',(58.93799866642,-60.12500133359,0.));
#12934=CARTESIAN_POINT('',(59.438,-60.124997,0.));
#12935=CARTESIAN_POINT('Origin',(45.83800133358,-73.2249986664,0.));
#12936=CARTESIAN_POINT('',(45.838,-73.725,0.));
#12937=CARTESIAN_POINT('Origin',(59.438,-73.225,0.));
#12938=CARTESIAN_POINT('',(59.438,-73.225,0.));
#12939=CARTESIAN_POINT('Origin',(45.838,-73.725,0.));
#12940=CARTESIAN_POINT('',(58.938003,-73.725,0.));
#12941=CARTESIAN_POINT('Origin',(58.937998666403,-73.22499866642,0.));
#12942=CARTESIAN_POINT('Origin',(64.888001333573,-60.12500133357,0.));
#12943=CARTESIAN_POINT('',(64.888,-59.625,0.));
#12944=CARTESIAN_POINT('',(64.388,-60.125,0.));
#12945=CARTESIAN_POINT('Origin',(77.988,-59.625,0.));
#12946=CARTESIAN_POINT('',(77.988,-59.625,0.));
#12947=CARTESIAN_POINT('Origin',(64.388,-60.125,0.));
#12948=CARTESIAN_POINT('',(64.388,-73.225003,0.));
#12949=CARTESIAN_POINT('Origin',(77.98799866642,-60.12500133359,0.));
#12950=CARTESIAN_POINT('',(78.488,-60.124997,0.));
#12951=CARTESIAN_POINT('Origin',(64.88800133358,-73.2249986664,0.));
#12952=CARTESIAN_POINT('',(64.888,-73.725,0.));
#12953=CARTESIAN_POINT('Origin',(78.488,-73.225,0.));
#12954=CARTESIAN_POINT('',(78.488,-73.225,0.));
#12955=CARTESIAN_POINT('Origin',(64.888,-73.725,0.));
#12956=CARTESIAN_POINT('',(77.988003,-73.725,0.));
#12957=CARTESIAN_POINT('Origin',(77.987998666403,-73.22499866642,0.));
#12958=CARTESIAN_POINT('Origin',(83.937001333573,-60.12500133357,0.));
#12959=CARTESIAN_POINT('',(83.937,-59.625,0.));
#12960=CARTESIAN_POINT('',(83.437,-60.125,0.));
#12961=CARTESIAN_POINT('Origin',(97.037,-59.625,0.));
#12962=CARTESIAN_POINT('',(97.037,-59.625,0.));
#12963=CARTESIAN_POINT('Origin',(83.437,-60.125,0.));
#12964=CARTESIAN_POINT('',(83.437,-73.225003,0.));
#12965=CARTESIAN_POINT('Origin',(97.03699866642,-60.12500133359,0.));
#12966=CARTESIAN_POINT('',(97.537,-60.124997,0.));
#12967=CARTESIAN_POINT('Origin',(83.93700133358,-73.2249986664,0.));
#12968=CARTESIAN_POINT('',(83.937,-73.725,0.));
#12969=CARTESIAN_POINT('Origin',(97.537,-73.225,0.));
#12970=CARTESIAN_POINT('',(97.537,-73.225,0.));
#12971=CARTESIAN_POINT('Origin',(83.937,-73.725,0.));
#12972=CARTESIAN_POINT('',(97.037003,-73.725,0.));
#12973=CARTESIAN_POINT('Origin',(97.036998666403,-73.22499866642,0.));
#12974=CARTESIAN_POINT('Origin',(102.98800133357,-60.12500133357,0.));
#12975=CARTESIAN_POINT('',(102.988,-59.625,0.));
#12976=CARTESIAN_POINT('',(102.488,-60.125,0.));
#12977=CARTESIAN_POINT('Origin',(116.088,-59.625,0.));
#12978=CARTESIAN_POINT('',(116.088,-59.625,0.));
#12979=CARTESIAN_POINT('Origin',(102.488,-60.125,0.));
#12980=CARTESIAN_POINT('',(102.488,-73.225003,0.));
#12981=CARTESIAN_POINT('Origin',(116.08799866642,-60.12500133359,0.));
#12982=CARTESIAN_POINT('',(116.588,-60.124997,0.));
#12983=CARTESIAN_POINT('Origin',(102.98800133358,-73.2249986664,0.));
#12984=CARTESIAN_POINT('',(102.988,-73.725,0.));
#12985=CARTESIAN_POINT('Origin',(116.588,-73.225,0.));
#12986=CARTESIAN_POINT('',(116.588,-73.225,0.));
#12987=CARTESIAN_POINT('Origin',(102.988,-73.725,0.));
#12988=CARTESIAN_POINT('',(116.088003,-73.725,0.));
#12989=CARTESIAN_POINT('Origin',(116.0879986664,-73.22499866642,0.));
#12990=CARTESIAN_POINT('Origin',(135.58135037007,-76.32510037007,0.));
#12991=CARTESIAN_POINT('',(135.58125,-75.825,0.));
#12992=CARTESIAN_POINT('',(135.08125,-76.325,0.));
#12993=CARTESIAN_POINT('Origin',(140.64375,-75.825,0.));
#12994=CARTESIAN_POINT('',(140.64375,-75.825,0.));
#12995=CARTESIAN_POINT('Origin',(135.08125,-76.325,0.));
#12996=CARTESIAN_POINT('',(135.08125,-89.375,0.));
#12997=CARTESIAN_POINT('Origin',(140.64385106817,-76.32489893182,0.));
#12998=CARTESIAN_POINT('',(141.14375,-76.325,0.));
#12999=CARTESIAN_POINT('Origin',(135.58114893182,-89.37510106817,0.));
#13000=CARTESIAN_POINT('',(135.58125,-89.875,0.));
#13001=CARTESIAN_POINT('Origin',(141.64364893182,-76.32510106817,0.));
#13002=CARTESIAN_POINT('',(141.64375,-76.825,0.));
#13003=CARTESIAN_POINT('Origin',(135.58125,-89.875,0.));
#13004=CARTESIAN_POINT('',(140.64375,-89.875,0.));
#13005=CARTESIAN_POINT('Origin',(158.39,-76.825,0.));
#13006=CARTESIAN_POINT('',(158.39,-76.825,0.));
#13007=CARTESIAN_POINT('Origin',(140.64364963704,-89.37489964711,0.));
#13008=CARTESIAN_POINT('',(141.14375,-89.3749,0.));
#13009=CARTESIAN_POINT('Origin',(158.38995086161,-76.32495086161,0.));
#13010=CARTESIAN_POINT('',(158.89,-76.325,0.));
#13011=CARTESIAN_POINT('Origin',(141.14375,-89.3749,0.));
#13012=CARTESIAN_POINT('',(141.14375,-79.08125,0.));
#13013=CARTESIAN_POINT('Origin',(159.39004913838,-76.32504913838,0.));
#13014=CARTESIAN_POINT('',(159.39,-75.825,0.));
#13015=CARTESIAN_POINT('Origin',(141.64383499896,-79.08133499896,0.));
#13016=CARTESIAN_POINT('',(141.64375,-78.58125,0.));
#13017=CARTESIAN_POINT('Origin',(164.4525,-75.825,0.));
#13018=CARTESIAN_POINT('',(164.4525,-75.825,0.));
#13019=CARTESIAN_POINT('Origin',(141.64375,-78.58125,0.));
#13020=CARTESIAN_POINT('',(142.46875,-78.58125,0.));
#13021=CARTESIAN_POINT('Origin',(164.45245086161,-76.32504913838,0.));
#13022=CARTESIAN_POINT('',(164.9525,-76.325,0.));
#13023=CARTESIAN_POINT('Origin',(142.46870086161,-79.08129913838,0.));
#13024=CARTESIAN_POINT('',(142.96875,-79.08125,0.));
#13025=CARTESIAN_POINT('Origin',(164.9525,-89.375101,0.));
#13026=CARTESIAN_POINT('',(164.9525,-89.375101,0.));
#13027=CARTESIAN_POINT('Origin',(142.96875,-79.08125,0.));
#13028=CARTESIAN_POINT('',(142.96875,-92.275003,0.));
#13029=CARTESIAN_POINT('Origin',(164.45260107539,-89.37510108561,0.));
#13030=CARTESIAN_POINT('',(164.4525,-89.875,0.));
#13031=CARTESIAN_POINT('Origin',(143.46875133358,-92.2749986664,0.));
#13032=CARTESIAN_POINT('',(143.46875,-92.775,0.));
#13033=CARTESIAN_POINT('Origin',(159.39,-89.875,0.));
#13034=CARTESIAN_POINT('',(159.39,-89.875,0.));
#13035=CARTESIAN_POINT('Origin',(143.46875,-92.775,0.));
#13036=CARTESIAN_POINT('',(156.568753,-92.775,0.));
#13037=CARTESIAN_POINT('Origin',(159.39010037007,-89.37489962992,0.));
#13038=CARTESIAN_POINT('',(158.89,-89.375,0.));
#13039=CARTESIAN_POINT('Origin',(156.5687486664,-92.27499866642,0.));
#13040=CARTESIAN_POINT('',(157.06875,-92.275,0.));
#13041=CARTESIAN_POINT('Origin',(158.89,-79.08125,0.));
#13042=CARTESIAN_POINT('',(158.89,-79.08125,0.));
#13043=CARTESIAN_POINT('Origin',(157.06875,-92.275,0.));
#13044=CARTESIAN_POINT('',(157.06875,-79.08125,0.));
#13045=CARTESIAN_POINT('Origin',(158.38986546842,-79.08138453158,0.));
#13046=CARTESIAN_POINT('',(158.39,-78.58125,0.));
#13047=CARTESIAN_POINT('Origin',(157.56866258246,-79.08116258246,0.));
#13048=CARTESIAN_POINT('',(157.56875,-78.58125,0.));
#13049=CARTESIAN_POINT('Origin',(157.56875,-78.58125,0.));
#13050=CARTESIAN_POINT('Origin',(169.06875,-85.725,-0.046));
#13051=CARTESIAN_POINT('',(169.06875,-84.625,-0.046));
#13052=CARTESIAN_POINT('Origin',(176.80600133357,-79.17500133357,0.));
#13053=CARTESIAN_POINT('',(176.806,-78.675,0.));
#13054=CARTESIAN_POINT('',(176.306,-79.175,0.));
#13055=CARTESIAN_POINT('Origin',(189.906,-78.675,0.));
#13056=CARTESIAN_POINT('',(189.906,-78.675,0.));
#13057=CARTESIAN_POINT('Origin',(176.306,-79.175,0.));
#13058=CARTESIAN_POINT('',(176.306,-92.275003,0.));
#13059=CARTESIAN_POINT('Origin',(189.90599866642,-79.17500133359,0.));
#13060=CARTESIAN_POINT('',(190.406,-79.174997,0.));
#13061=CARTESIAN_POINT('Origin',(176.80600133358,-92.2749986664,0.));
#13062=CARTESIAN_POINT('',(176.806,-92.775,0.));
#13063=CARTESIAN_POINT('Origin',(190.406,-92.275,0.));
#13064=CARTESIAN_POINT('',(190.406,-92.275,0.));
#13065=CARTESIAN_POINT('Origin',(176.806,-92.775,0.));
#13066=CARTESIAN_POINT('',(189.906003,-92.775,0.));
#13067=CARTESIAN_POINT('Origin',(189.9059986664,-92.27499866642,0.));
#13068=CARTESIAN_POINT('Origin',(198.23700133357,-79.17500133357,0.));
#13069=CARTESIAN_POINT('',(198.237,-78.675,0.));
#13070=CARTESIAN_POINT('',(197.737,-79.175,0.));
#13071=CARTESIAN_POINT('Origin',(211.337,-78.675,0.));
#13072=CARTESIAN_POINT('',(211.337,-78.675,0.));
#13073=CARTESIAN_POINT('Origin',(197.737,-79.175,0.));
#13074=CARTESIAN_POINT('',(197.737,-92.275003,0.));
#13075=CARTESIAN_POINT('Origin',(211.33699866642,-79.17500133359,0.));
#13076=CARTESIAN_POINT('',(211.837,-79.174997,0.));
#13077=CARTESIAN_POINT('Origin',(198.23700133358,-92.2749986664,0.));
#13078=CARTESIAN_POINT('',(198.237,-92.775,0.));
#13079=CARTESIAN_POINT('Origin',(211.837,-92.275,0.));
#13080=CARTESIAN_POINT('',(211.837,-92.275,0.));
#13081=CARTESIAN_POINT('Origin',(198.237,-92.775,0.));
#13082=CARTESIAN_POINT('',(211.337003,-92.775,0.));
#13083=CARTESIAN_POINT('Origin',(211.3369986664,-92.27499866642,0.));
#13084=CARTESIAN_POINT('Origin',(219.66900133357,-79.17500133357,0.));
#13085=CARTESIAN_POINT('',(219.669,-78.675,0.));
#13086=CARTESIAN_POINT('',(219.169,-79.175,0.));
#13087=CARTESIAN_POINT('Origin',(232.769,-78.675,0.));
#13088=CARTESIAN_POINT('',(232.769,-78.675,0.));
#13089=CARTESIAN_POINT('Origin',(219.169,-79.175,0.));
#13090=CARTESIAN_POINT('',(219.169,-92.275003,0.));
#13091=CARTESIAN_POINT('Origin',(232.76899866642,-79.17500133359,0.));
#13092=CARTESIAN_POINT('',(233.269,-79.174997,0.));
#13093=CARTESIAN_POINT('Origin',(219.66900133358,-92.2749986664,0.));
#13094=CARTESIAN_POINT('',(219.669,-92.775,0.));
#13095=CARTESIAN_POINT('Origin',(233.269,-92.275,0.));
#13096=CARTESIAN_POINT('',(233.269,-92.275,0.));
#13097=CARTESIAN_POINT('Origin',(219.669,-92.775,0.));
#13098=CARTESIAN_POINT('',(232.769003,-92.775,0.));
#13099=CARTESIAN_POINT('Origin',(232.7689986664,-92.27499866642,0.));
#13100=CARTESIAN_POINT('Origin',(122.03800133357,-60.12500133357,0.));
#13101=CARTESIAN_POINT('',(122.038,-59.625,0.));
#13102=CARTESIAN_POINT('',(121.538,-60.125,0.));
#13103=CARTESIAN_POINT('Origin',(135.138,-59.625,0.));
#13104=CARTESIAN_POINT('',(135.138,-59.625,0.));
#13105=CARTESIAN_POINT('Origin',(121.538,-60.125,0.));
#13106=CARTESIAN_POINT('',(121.538,-73.225003,0.));
#13107=CARTESIAN_POINT('Origin',(135.13799866643,-60.12500133356,0.));
#13108=CARTESIAN_POINT('',(135.638,-60.125,0.));
#13109=CARTESIAN_POINT('Origin',(122.03800133358,-73.2249986664,0.));
#13110=CARTESIAN_POINT('',(122.038,-73.725,0.));
#13111=CARTESIAN_POINT('Origin',(135.638,-73.225,0.));
#13112=CARTESIAN_POINT('',(135.638,-73.225,0.));
#13113=CARTESIAN_POINT('Origin',(122.038,-73.725,0.));
#13114=CARTESIAN_POINT('',(135.138003,-73.725,0.));
#13115=CARTESIAN_POINT('Origin',(135.1379986664,-73.22499866642,0.));
#13116=CARTESIAN_POINT('Origin',(141.08800133357,-60.12500133357,0.));
#13117=CARTESIAN_POINT('',(141.088,-59.625,0.));
#13118=CARTESIAN_POINT('',(140.588,-60.125,0.));
#13119=CARTESIAN_POINT('Origin',(154.188,-59.625,0.));
#13120=CARTESIAN_POINT('',(154.188,-59.625,0.));
#13121=CARTESIAN_POINT('Origin',(140.588,-60.125,0.));
#13122=CARTESIAN_POINT('',(140.588,-73.225003,0.));
#13123=CARTESIAN_POINT('Origin',(154.18799866642,-60.12500133359,0.));
#13124=CARTESIAN_POINT('',(154.688,-60.124997,0.));
#13125=CARTESIAN_POINT('Origin',(141.08800133358,-73.2249986664,0.));
#13126=CARTESIAN_POINT('',(141.088,-73.725,0.));
#13127=CARTESIAN_POINT('Origin',(154.688,-73.225,0.));
#13128=CARTESIAN_POINT('',(154.688,-73.225,0.));
#13129=CARTESIAN_POINT('Origin',(141.088,-73.725,0.));
#13130=CARTESIAN_POINT('',(154.188003,-73.725,0.));
#13131=CARTESIAN_POINT('Origin',(154.1879986664,-73.22499866642,0.));
#13132=CARTESIAN_POINT('Origin',(160.13800133357,-60.12500133357,0.));
#13133=CARTESIAN_POINT('',(160.138,-59.625,0.));
#13134=CARTESIAN_POINT('',(159.638,-60.125,0.));
#13135=CARTESIAN_POINT('Origin',(173.238,-59.625,0.));
#13136=CARTESIAN_POINT('',(173.238,-59.625,0.));
#13137=CARTESIAN_POINT('Origin',(159.638,-60.125,0.));
#13138=CARTESIAN_POINT('',(159.638,-73.225003,0.));
#13139=CARTESIAN_POINT('Origin',(173.23799866642,-60.12500133359,0.));
#13140=CARTESIAN_POINT('',(173.738,-60.124997,0.));
#13141=CARTESIAN_POINT('Origin',(160.13800133358,-73.2249986664,0.));
#13142=CARTESIAN_POINT('',(160.138,-73.725,0.));
#13143=CARTESIAN_POINT('Origin',(173.738,-73.225,0.));
#13144=CARTESIAN_POINT('',(173.738,-73.225,0.));
#13145=CARTESIAN_POINT('Origin',(160.138,-73.725,0.));
#13146=CARTESIAN_POINT('',(173.238003,-73.725,0.));
#13147=CARTESIAN_POINT('Origin',(173.2379986664,-73.22499866642,0.));
#13148=CARTESIAN_POINT('Origin',(179.18800133357,-60.12500133357,0.));
#13149=CARTESIAN_POINT('',(179.188,-59.625,0.));
#13150=CARTESIAN_POINT('',(178.688,-60.125,0.));
#13151=CARTESIAN_POINT('Origin',(192.288,-59.625,0.));
#13152=CARTESIAN_POINT('',(192.288,-59.625,0.));
#13153=CARTESIAN_POINT('Origin',(178.688,-60.125,0.));
#13154=CARTESIAN_POINT('',(178.688,-73.225003,0.));
#13155=CARTESIAN_POINT('Origin',(192.28799866642,-60.12500133359,0.));
#13156=CARTESIAN_POINT('',(192.788,-60.124997,0.));
#13157=CARTESIAN_POINT('Origin',(179.18800133358,-73.2249986664,0.));
#13158=CARTESIAN_POINT('',(179.188,-73.725,0.));
#13159=CARTESIAN_POINT('Origin',(192.788,-73.225,0.));
#13160=CARTESIAN_POINT('',(192.788,-73.225,0.));
#13161=CARTESIAN_POINT('Origin',(179.188,-73.725,0.));
#13162=CARTESIAN_POINT('',(192.288003,-73.725,0.));
#13163=CARTESIAN_POINT('Origin',(192.2879986664,-73.22499866642,0.));
#13164=CARTESIAN_POINT('Origin',(198.23700133357,-60.12500133357,0.));
#13165=CARTESIAN_POINT('',(198.237,-59.625,0.));
#13166=CARTESIAN_POINT('',(197.737,-60.125,0.));
#13167=CARTESIAN_POINT('Origin',(211.337,-59.625,0.));
#13168=CARTESIAN_POINT('',(211.337,-59.625,0.));
#13169=CARTESIAN_POINT('Origin',(197.737,-60.125,0.));
#13170=CARTESIAN_POINT('',(197.737,-73.225003,0.));
#13171=CARTESIAN_POINT('Origin',(211.33699866642,-60.12500133359,0.));
#13172=CARTESIAN_POINT('',(211.837,-60.124997,0.));
#13173=CARTESIAN_POINT('Origin',(198.23700133358,-73.2249986664,0.));
#13174=CARTESIAN_POINT('',(198.237,-73.725,0.));
#13175=CARTESIAN_POINT('Origin',(211.837,-73.225,0.));
#13176=CARTESIAN_POINT('',(211.837,-73.225,0.));
#13177=CARTESIAN_POINT('Origin',(198.237,-73.725,0.));
#13178=CARTESIAN_POINT('',(211.337003,-73.725,0.));
#13179=CARTESIAN_POINT('Origin',(211.3369986664,-73.22499866642,0.));
#13180=CARTESIAN_POINT('Origin',(219.66900133357,-60.12500133357,0.));
#13181=CARTESIAN_POINT('',(219.669,-59.625,0.));
#13182=CARTESIAN_POINT('',(219.169,-60.125,0.));
#13183=CARTESIAN_POINT('Origin',(232.769,-59.625,0.));
#13184=CARTESIAN_POINT('',(232.769,-59.625,0.));
#13185=CARTESIAN_POINT('Origin',(219.169,-60.125,0.));
#13186=CARTESIAN_POINT('',(219.169,-73.225003,0.));
#13187=CARTESIAN_POINT('Origin',(232.76899866642,-60.12500133359,0.));
#13188=CARTESIAN_POINT('',(233.269,-60.124997,0.));
#13189=CARTESIAN_POINT('Origin',(219.66900133358,-73.2249986664,0.));
#13190=CARTESIAN_POINT('',(219.669,-73.725,0.));
#13191=CARTESIAN_POINT('Origin',(233.269,-73.225,0.));
#13192=CARTESIAN_POINT('',(233.269,-73.225,0.));
#13193=CARTESIAN_POINT('Origin',(219.669,-73.725,0.));
#13194=CARTESIAN_POINT('',(232.769003,-73.725,0.));
#13195=CARTESIAN_POINT('Origin',(232.7689986664,-73.22499866642,0.));
#13196=CARTESIAN_POINT('Origin',(14.881001333573,-41.07500133357,0.));
#13197=CARTESIAN_POINT('',(14.881,-40.575,0.));
#13198=CARTESIAN_POINT('',(14.381,-41.075,0.));
#13199=CARTESIAN_POINT('Origin',(27.981,-40.575,0.));
#13200=CARTESIAN_POINT('',(27.981,-40.575,0.));
#13201=CARTESIAN_POINT('Origin',(14.381,-41.075,0.));
#13202=CARTESIAN_POINT('',(14.381,-54.175003,0.));
#13203=CARTESIAN_POINT('Origin',(27.98099866642,-41.07500133359,0.));
#13204=CARTESIAN_POINT('',(28.481,-41.074997,0.));
#13205=CARTESIAN_POINT('Origin',(14.88100133358,-54.1749986664,0.));
#13206=CARTESIAN_POINT('',(14.881,-54.675,0.));
#13207=CARTESIAN_POINT('Origin',(28.481,-54.175,0.));
#13208=CARTESIAN_POINT('',(28.481,-54.175,0.));
#13209=CARTESIAN_POINT('Origin',(14.881,-54.675,0.));
#13210=CARTESIAN_POINT('',(27.981,-54.675,0.));
#13211=CARTESIAN_POINT('Origin',(27.980998666432,-54.17499866643,0.));
#13212=CARTESIAN_POINT('Origin',(32.146875,-42.8625,-0.046));
#13213=CARTESIAN_POINT('',(32.146875,-41.7625,-0.046));
#13214=CARTESIAN_POINT('Origin',(36.313001333573,-41.07500133357,0.));
#13215=CARTESIAN_POINT('',(36.313,-40.575,0.));
#13216=CARTESIAN_POINT('',(35.813,-41.075,0.));
#13217=CARTESIAN_POINT('Origin',(49.413,-40.575,0.));
#13218=CARTESIAN_POINT('',(49.413,-40.575,0.));
#13219=CARTESIAN_POINT('Origin',(35.813,-41.075,0.));
#13220=CARTESIAN_POINT('',(35.813,-54.175003,0.));
#13221=CARTESIAN_POINT('Origin',(49.41299866642,-41.07500133359,0.));
#13222=CARTESIAN_POINT('',(49.913,-41.074997,0.));
#13223=CARTESIAN_POINT('Origin',(36.31300133358,-54.1749986664,0.));
#13224=CARTESIAN_POINT('',(36.313,-54.675,0.));
#13225=CARTESIAN_POINT('Origin',(49.913,-54.175,0.));
#13226=CARTESIAN_POINT('',(49.913,-54.175,0.));
#13227=CARTESIAN_POINT('Origin',(36.313,-54.675,0.));
#13228=CARTESIAN_POINT('',(49.413003,-54.675,0.));
#13229=CARTESIAN_POINT('Origin',(49.412998666403,-54.17499866642,0.));
#13230=CARTESIAN_POINT('Origin',(55.363001333573,-41.07500133357,0.));
#13231=CARTESIAN_POINT('',(55.363,-40.575,0.));
#13232=CARTESIAN_POINT('',(54.863,-41.075,0.));
#13233=CARTESIAN_POINT('Origin',(68.463,-40.575,0.));
#13234=CARTESIAN_POINT('',(68.463,-40.575,0.));
#13235=CARTESIAN_POINT('Origin',(54.863,-41.075,0.));
#13236=CARTESIAN_POINT('',(54.863,-54.175003,0.));
#13237=CARTESIAN_POINT('Origin',(68.46299866642,-41.07500133359,0.));
#13238=CARTESIAN_POINT('',(68.963,-41.074997,0.));
#13239=CARTESIAN_POINT('Origin',(55.36300133358,-54.1749986664,0.));
#13240=CARTESIAN_POINT('',(55.363,-54.675,0.));
#13241=CARTESIAN_POINT('Origin',(68.963,-54.175,0.));
#13242=CARTESIAN_POINT('',(68.963,-54.175,0.));
#13243=CARTESIAN_POINT('Origin',(55.363,-54.675,0.));
#13244=CARTESIAN_POINT('',(68.463,-54.675,0.));
#13245=CARTESIAN_POINT('Origin',(68.462998666432,-54.17499866643,0.));
#13246=CARTESIAN_POINT('Origin',(74.413001333573,-41.07500133357,0.));
#13247=CARTESIAN_POINT('',(74.413,-40.575,0.));
#13248=CARTESIAN_POINT('',(73.913,-41.075,0.));
#13249=CARTESIAN_POINT('Origin',(87.513,-40.575,0.));
#13250=CARTESIAN_POINT('',(87.513,-40.575,0.));
#13251=CARTESIAN_POINT('Origin',(73.913,-41.075,0.));
#13252=CARTESIAN_POINT('',(73.913,-54.175003,0.));
#13253=CARTESIAN_POINT('Origin',(87.51299866642,-41.07500133359,0.));
#13254=CARTESIAN_POINT('',(88.013,-41.074997,0.));
#13255=CARTESIAN_POINT('Origin',(74.41300133358,-54.1749986664,0.));
#13256=CARTESIAN_POINT('',(74.413,-54.675,0.));
#13257=CARTESIAN_POINT('Origin',(88.013,-54.175,0.));
#13258=CARTESIAN_POINT('',(88.013,-54.175,0.));
#13259=CARTESIAN_POINT('Origin',(74.413,-54.675,0.));
#13260=CARTESIAN_POINT('',(87.513,-54.675,0.));
#13261=CARTESIAN_POINT('Origin',(87.512998666432,-54.17499866643,0.));
#13262=CARTESIAN_POINT('Origin',(93.463001333573,-41.07500133357,0.));
#13263=CARTESIAN_POINT('',(93.463,-40.575,0.));
#13264=CARTESIAN_POINT('',(92.963,-41.075,0.));
#13265=CARTESIAN_POINT('Origin',(106.563,-40.575,0.));
#13266=CARTESIAN_POINT('',(106.563,-40.575,0.));
#13267=CARTESIAN_POINT('Origin',(92.963,-41.075,0.));
#13268=CARTESIAN_POINT('',(92.963,-54.175003,0.));
#13269=CARTESIAN_POINT('Origin',(106.56299866643,-41.07500133356,0.));
#13270=CARTESIAN_POINT('',(107.063,-41.075,0.));
#13271=CARTESIAN_POINT('Origin',(93.46300133358,-54.1749986664,0.));
#13272=CARTESIAN_POINT('',(93.463,-54.675,0.));
#13273=CARTESIAN_POINT('Origin',(107.063,-54.175,0.));
#13274=CARTESIAN_POINT('',(107.063,-54.175,0.));
#13275=CARTESIAN_POINT('Origin',(93.463,-54.675,0.));
#13276=CARTESIAN_POINT('',(106.563003,-54.675,0.));
#13277=CARTESIAN_POINT('Origin',(106.5629986664,-54.17499866642,0.));
#13278=CARTESIAN_POINT('Origin',(112.51300133357,-41.07500133357,0.));
#13279=CARTESIAN_POINT('',(112.513,-40.575,0.));
#13280=CARTESIAN_POINT('',(112.013,-41.075,0.));
#13281=CARTESIAN_POINT('Origin',(125.613,-40.575,0.));
#13282=CARTESIAN_POINT('',(125.613,-40.575,0.));
#13283=CARTESIAN_POINT('Origin',(112.013,-41.075,0.));
#13284=CARTESIAN_POINT('',(112.013,-54.175003,0.));
#13285=CARTESIAN_POINT('Origin',(125.61299866642,-41.07500133359,0.));
#13286=CARTESIAN_POINT('',(126.113,-41.074997,0.));
#13287=CARTESIAN_POINT('Origin',(112.51300133358,-54.1749986664,0.));
#13288=CARTESIAN_POINT('',(112.513,-54.675,0.));
#13289=CARTESIAN_POINT('Origin',(126.113,-54.175,0.));
#13290=CARTESIAN_POINT('',(126.113,-54.175,0.));
#13291=CARTESIAN_POINT('Origin',(112.513,-54.675,0.));
#13292=CARTESIAN_POINT('',(125.613,-54.675,0.));
#13293=CARTESIAN_POINT('Origin',(125.61299866643,-54.17499866643,0.));
#13294=CARTESIAN_POINT('Origin',(12.500001333573,-22.02500133357,0.));
#13295=CARTESIAN_POINT('',(12.5,-21.525,0.));
#13296=CARTESIAN_POINT('',(12.,-22.025,0.));
#13297=CARTESIAN_POINT('Origin',(25.6,-21.525,0.));
#13298=CARTESIAN_POINT('',(25.6,-21.525,0.));
#13299=CARTESIAN_POINT('Origin',(12.,-22.025,0.));
#13300=CARTESIAN_POINT('',(12.,-35.125003,0.));
#13301=CARTESIAN_POINT('Origin',(25.599998666432,-22.02500133356,0.));
#13302=CARTESIAN_POINT('',(26.1,-22.025,0.));
#13303=CARTESIAN_POINT('Origin',(12.50000133358,-35.1249986664,0.));
#13304=CARTESIAN_POINT('',(12.5,-35.625,0.));
#13305=CARTESIAN_POINT('Origin',(26.1,-35.125,0.));
#13306=CARTESIAN_POINT('',(26.1,-35.125,0.));
#13307=CARTESIAN_POINT('Origin',(12.5,-35.625,0.));
#13308=CARTESIAN_POINT('',(25.600003,-35.625,0.));
#13309=CARTESIAN_POINT('Origin',(25.599998666403,-35.12499866642,0.));
#13310=CARTESIAN_POINT('Origin',(31.550001333573,-22.02500133357,0.));
#13311=CARTESIAN_POINT('',(31.55,-21.525,0.));
#13312=CARTESIAN_POINT('',(31.05,-22.025,0.));
#13313=CARTESIAN_POINT('Origin',(44.65,-21.525,0.));
#13314=CARTESIAN_POINT('',(44.65,-21.525,0.));
#13315=CARTESIAN_POINT('Origin',(31.05,-22.025,0.));
#13316=CARTESIAN_POINT('',(31.05,-35.125003,0.));
#13317=CARTESIAN_POINT('Origin',(44.649998666432,-22.02500133356,0.));
#13318=CARTESIAN_POINT('',(45.15,-22.025,0.));
#13319=CARTESIAN_POINT('Origin',(31.55000133358,-35.1249986664,0.));
#13320=CARTESIAN_POINT('',(31.55,-35.625,0.));
#13321=CARTESIAN_POINT('Origin',(45.15,-35.125,0.));
#13322=CARTESIAN_POINT('',(45.15,-35.125,0.));
#13323=CARTESIAN_POINT('Origin',(31.55,-35.625,0.));
#13324=CARTESIAN_POINT('',(44.650003,-35.625,0.));
#13325=CARTESIAN_POINT('Origin',(44.649998666403,-35.12499866642,0.));
#13326=CARTESIAN_POINT('Origin',(50.600001333573,-22.02500133357,0.));
#13327=CARTESIAN_POINT('',(50.6,-21.525,0.));
#13328=CARTESIAN_POINT('',(50.1,-22.025,0.));
#13329=CARTESIAN_POINT('Origin',(63.7,-21.525,0.));
#13330=CARTESIAN_POINT('',(63.7,-21.525,0.));
#13331=CARTESIAN_POINT('Origin',(50.1,-22.025,0.));
#13332=CARTESIAN_POINT('',(50.1,-35.125003,0.));
#13333=CARTESIAN_POINT('Origin',(63.69999866642,-22.02500133359,0.));
#13334=CARTESIAN_POINT('',(64.2,-22.024997,0.));
#13335=CARTESIAN_POINT('Origin',(50.60000133358,-35.1249986664,0.));
#13336=CARTESIAN_POINT('',(50.6,-35.625,0.));
#13337=CARTESIAN_POINT('Origin',(64.2,-35.125,0.));
#13338=CARTESIAN_POINT('',(64.2,-35.125,0.));
#13339=CARTESIAN_POINT('Origin',(50.6,-35.625,0.));
#13340=CARTESIAN_POINT('',(63.700003,-35.625,0.));
#13341=CARTESIAN_POINT('Origin',(63.699998666403,-35.12499866642,0.));
#13342=CARTESIAN_POINT('Origin',(69.650001333573,-22.02500133357,0.));
#13343=CARTESIAN_POINT('',(69.65,-21.525,0.));
#13344=CARTESIAN_POINT('',(69.15,-22.025,0.));
#13345=CARTESIAN_POINT('Origin',(82.75,-21.525,0.));
#13346=CARTESIAN_POINT('',(82.75,-21.525,0.));
#13347=CARTESIAN_POINT('Origin',(69.15,-22.025,0.));
#13348=CARTESIAN_POINT('',(69.15,-35.125003,0.));
#13349=CARTESIAN_POINT('Origin',(82.74999866642,-22.02500133359,0.));
#13350=CARTESIAN_POINT('',(83.25,-22.024997,0.));
#13351=CARTESIAN_POINT('Origin',(69.65000133358,-35.1249986664,0.));
#13352=CARTESIAN_POINT('',(69.65,-35.625,0.));
#13353=CARTESIAN_POINT('Origin',(83.25,-35.125,0.));
#13354=CARTESIAN_POINT('',(83.25,-35.125,0.));
#13355=CARTESIAN_POINT('Origin',(69.65,-35.625,0.));
#13356=CARTESIAN_POINT('',(82.750003,-35.625,0.));
#13357=CARTESIAN_POINT('Origin',(82.749998666403,-35.12499866642,0.));
#13358=CARTESIAN_POINT('Origin',(88.700001333573,-22.02500133357,0.));
#13359=CARTESIAN_POINT('',(88.7,-21.525,0.));
#13360=CARTESIAN_POINT('',(88.2,-22.025,0.));
#13361=CARTESIAN_POINT('Origin',(101.8,-21.525,0.));
#13362=CARTESIAN_POINT('',(101.8,-21.525,0.));
#13363=CARTESIAN_POINT('Origin',(88.2,-22.025,0.));
#13364=CARTESIAN_POINT('',(88.2,-35.125003,0.));
#13365=CARTESIAN_POINT('Origin',(101.79999866642,-22.02500133359,0.));
#13366=CARTESIAN_POINT('',(102.3,-22.024997,0.));
#13367=CARTESIAN_POINT('Origin',(88.70000133358,-35.1249986664,0.));
#13368=CARTESIAN_POINT('',(88.7,-35.625,0.));
#13369=CARTESIAN_POINT('Origin',(102.3,-35.125,0.));
#13370=CARTESIAN_POINT('',(102.3,-35.125,0.));
#13371=CARTESIAN_POINT('Origin',(88.7,-35.625,0.));
#13372=CARTESIAN_POINT('',(101.8,-35.625,0.));
#13373=CARTESIAN_POINT('Origin',(101.79999866643,-35.12499866643,0.));
#13374=CARTESIAN_POINT('Origin',(107.75000133357,-22.02500133357,0.));
#13375=CARTESIAN_POINT('',(107.75,-21.525,0.));
#13376=CARTESIAN_POINT('',(107.25,-22.025,0.));
#13377=CARTESIAN_POINT('Origin',(120.85,-21.525,0.));
#13378=CARTESIAN_POINT('',(120.85,-21.525,0.));
#13379=CARTESIAN_POINT('Origin',(107.25,-22.025,0.));
#13380=CARTESIAN_POINT('',(107.25,-35.125003,0.));
#13381=CARTESIAN_POINT('Origin',(120.84999866642,-22.02500133359,0.));
#13382=CARTESIAN_POINT('',(121.35,-22.024997,0.));
#13383=CARTESIAN_POINT('Origin',(107.75000133358,-35.1249986664,0.));
#13384=CARTESIAN_POINT('',(107.75,-35.625,0.));
#13385=CARTESIAN_POINT('Origin',(121.35,-35.125,0.));
#13386=CARTESIAN_POINT('',(121.35,-35.125,0.));
#13387=CARTESIAN_POINT('Origin',(107.75,-35.625,0.));
#13388=CARTESIAN_POINT('',(120.85,-35.625,0.));
#13389=CARTESIAN_POINT('Origin',(120.84999866643,-35.12499866643,0.));
#13390=CARTESIAN_POINT('Origin',(131.56300133357,-41.07500133357,0.));
#13391=CARTESIAN_POINT('',(131.563,-40.575,0.));
#13392=CARTESIAN_POINT('',(131.063,-41.075,0.));
#13393=CARTESIAN_POINT('Origin',(144.663,-40.575,0.));
#13394=CARTESIAN_POINT('',(144.663,-40.575,0.));
#13395=CARTESIAN_POINT('Origin',(131.063,-41.075,0.));
#13396=CARTESIAN_POINT('',(131.063,-54.175003,0.));
#13397=CARTESIAN_POINT('Origin',(144.66299866643,-41.07500133356,0.));
#13398=CARTESIAN_POINT('',(145.163,-41.075,0.));
#13399=CARTESIAN_POINT('Origin',(131.56300133358,-54.1749986664,0.));
#13400=CARTESIAN_POINT('',(131.563,-54.675,0.));
#13401=CARTESIAN_POINT('Origin',(145.163,-54.175,0.));
#13402=CARTESIAN_POINT('',(145.163,-54.175,0.));
#13403=CARTESIAN_POINT('Origin',(131.563,-54.675,0.));
#13404=CARTESIAN_POINT('',(144.663003,-54.675,0.));
#13405=CARTESIAN_POINT('Origin',(144.6629986664,-54.17499866642,0.));
#13406=CARTESIAN_POINT('Origin',(150.61200133357,-41.07500133357,0.));
#13407=CARTESIAN_POINT('',(150.612,-40.575,0.));
#13408=CARTESIAN_POINT('',(150.112,-41.075,0.));
#13409=CARTESIAN_POINT('Origin',(163.712,-40.575,0.));
#13410=CARTESIAN_POINT('',(163.712,-40.575,0.));
#13411=CARTESIAN_POINT('Origin',(150.112,-41.075,0.));
#13412=CARTESIAN_POINT('',(150.112,-54.175003,0.));
#13413=CARTESIAN_POINT('Origin',(163.71199866642,-41.07500133359,0.));
#13414=CARTESIAN_POINT('',(164.212,-41.074997,0.));
#13415=CARTESIAN_POINT('Origin',(150.61200133358,-54.1749986664,0.));
#13416=CARTESIAN_POINT('',(150.612,-54.675,0.));
#13417=CARTESIAN_POINT('Origin',(164.212,-54.175,0.));
#13418=CARTESIAN_POINT('',(164.212,-54.175,0.));
#13419=CARTESIAN_POINT('Origin',(150.612,-54.675,0.));
#13420=CARTESIAN_POINT('',(163.712003,-54.675,0.));
#13421=CARTESIAN_POINT('Origin',(163.7119986664,-54.17499866642,0.));
#13422=CARTESIAN_POINT('Origin',(169.66300133357,-41.07500133357,0.));
#13423=CARTESIAN_POINT('',(169.663,-40.575,0.));
#13424=CARTESIAN_POINT('',(169.163,-41.075,0.));
#13425=CARTESIAN_POINT('Origin',(182.763,-40.575,0.));
#13426=CARTESIAN_POINT('',(182.763,-40.575,0.));
#13427=CARTESIAN_POINT('Origin',(169.163,-41.075,0.));
#13428=CARTESIAN_POINT('',(169.163,-54.175003,0.));
#13429=CARTESIAN_POINT('Origin',(182.76299866642,-41.07500133359,0.));
#13430=CARTESIAN_POINT('',(183.263,-41.074997,0.));
#13431=CARTESIAN_POINT('Origin',(169.66300133358,-54.1749986664,0.));
#13432=CARTESIAN_POINT('',(169.663,-54.675,0.));
#13433=CARTESIAN_POINT('Origin',(183.263,-54.175,0.));
#13434=CARTESIAN_POINT('',(183.263,-54.175,0.));
#13435=CARTESIAN_POINT('Origin',(169.663,-54.675,0.));
#13436=CARTESIAN_POINT('',(182.763003,-54.675,0.));
#13437=CARTESIAN_POINT('Origin',(182.7629986664,-54.17499866642,0.));
#13438=CARTESIAN_POINT('Origin',(188.71300133357,-41.07500133357,0.));
#13439=CARTESIAN_POINT('',(188.713,-40.575,0.));
#13440=CARTESIAN_POINT('',(188.213,-41.075,0.));
#13441=CARTESIAN_POINT('Origin',(201.813,-40.575,0.));
#13442=CARTESIAN_POINT('',(201.813,-40.575,0.));
#13443=CARTESIAN_POINT('Origin',(188.213,-41.075,0.));
#13444=CARTESIAN_POINT('',(188.213,-54.175003,0.));
#13445=CARTESIAN_POINT('Origin',(201.81299866642,-41.07500133359,0.));
#13446=CARTESIAN_POINT('',(202.313,-41.074997,0.));
#13447=CARTESIAN_POINT('Origin',(188.71300133358,-54.1749986664,0.));
#13448=CARTESIAN_POINT('',(188.713,-54.675,0.));
#13449=CARTESIAN_POINT('Origin',(202.313,-54.175,0.));
#13450=CARTESIAN_POINT('',(202.313,-54.175,0.));
#13451=CARTESIAN_POINT('Origin',(188.713,-54.675,0.));
#13452=CARTESIAN_POINT('',(201.813003,-54.675,0.));
#13453=CARTESIAN_POINT('Origin',(201.8129986664,-54.17499866642,0.));
#13454=CARTESIAN_POINT('Origin',(214.90600133357,-41.07500133357,0.));
#13455=CARTESIAN_POINT('',(214.906,-40.575,0.));
#13456=CARTESIAN_POINT('',(214.406,-41.075,0.));
#13457=CARTESIAN_POINT('Origin',(228.006,-40.575,0.));
#13458=CARTESIAN_POINT('',(228.006,-40.575,0.));
#13459=CARTESIAN_POINT('Origin',(214.406,-41.075,0.));
#13460=CARTESIAN_POINT('',(214.406,-54.175003,0.));
#13461=CARTESIAN_POINT('Origin',(228.00599866642,-41.07500133359,0.));
#13462=CARTESIAN_POINT('',(228.506,-41.074997,0.));
#13463=CARTESIAN_POINT('Origin',(214.90600133358,-54.1749986664,0.));
#13464=CARTESIAN_POINT('',(214.906,-54.675,0.));
#13465=CARTESIAN_POINT('Origin',(228.506,-54.175,0.));
#13466=CARTESIAN_POINT('',(228.506,-54.175,0.));
#13467=CARTESIAN_POINT('Origin',(214.906,-54.675,0.));
#13468=CARTESIAN_POINT('',(228.006003,-54.675,0.));
#13469=CARTESIAN_POINT('Origin',(228.0059986664,-54.17499866642,0.));
#13470=CARTESIAN_POINT('Origin',(208.359375,-42.8625,-0.046));
#13471=CARTESIAN_POINT('',(208.359375,-41.7625,-0.046));
#13472=CARTESIAN_POINT('Origin',(126.80000133357,-22.02500133357,0.));
#13473=CARTESIAN_POINT('',(126.8,-21.525,0.));
#13474=CARTESIAN_POINT('',(126.3,-22.025,0.));
#13475=CARTESIAN_POINT('Origin',(139.9,-21.525,0.));
#13476=CARTESIAN_POINT('',(139.9,-21.525,0.));
#13477=CARTESIAN_POINT('Origin',(126.3,-22.025,0.));
#13478=CARTESIAN_POINT('',(126.3,-35.125003,0.));
#13479=CARTESIAN_POINT('Origin',(139.89999866643,-22.02500133356,0.));
#13480=CARTESIAN_POINT('',(140.4,-22.025,0.));
#13481=CARTESIAN_POINT('Origin',(126.80000133358,-35.1249986664,0.));
#13482=CARTESIAN_POINT('',(126.8,-35.625,0.));
#13483=CARTESIAN_POINT('Origin',(140.4,-35.125,0.));
#13484=CARTESIAN_POINT('',(140.4,-35.125,0.));
#13485=CARTESIAN_POINT('Origin',(126.8,-35.625,0.));
#13486=CARTESIAN_POINT('',(139.900003,-35.625,0.));
#13487=CARTESIAN_POINT('Origin',(139.8999986664,-35.12499866642,0.));
#13488=CARTESIAN_POINT('Origin',(145.85000133357,-22.02500133357,0.));
#13489=CARTESIAN_POINT('',(145.85,-21.525,0.));
#13490=CARTESIAN_POINT('',(145.35,-22.025,0.));
#13491=CARTESIAN_POINT('Origin',(158.95,-21.525,0.));
#13492=CARTESIAN_POINT('',(158.95,-21.525,0.));
#13493=CARTESIAN_POINT('Origin',(145.35,-22.025,0.));
#13494=CARTESIAN_POINT('',(145.35,-35.125003,0.));
#13495=CARTESIAN_POINT('Origin',(158.94999866642,-22.02500133359,0.));
#13496=CARTESIAN_POINT('',(159.45,-22.024997,0.));
#13497=CARTESIAN_POINT('Origin',(145.85000133358,-35.1249986664,0.));
#13498=CARTESIAN_POINT('',(145.85,-35.625,0.));
#13499=CARTESIAN_POINT('Origin',(159.45,-35.125,0.));
#13500=CARTESIAN_POINT('',(159.45,-35.125,0.));
#13501=CARTESIAN_POINT('Origin',(145.85,-35.625,0.));
#13502=CARTESIAN_POINT('',(158.950003,-35.625,0.));
#13503=CARTESIAN_POINT('Origin',(158.9499986664,-35.12499866642,0.));
#13504=CARTESIAN_POINT('Origin',(164.90000133357,-22.02500133357,0.));
#13505=CARTESIAN_POINT('',(164.9,-21.525,0.));
#13506=CARTESIAN_POINT('',(164.4,-22.025,0.));
#13507=CARTESIAN_POINT('Origin',(178.,-21.525,0.));
#13508=CARTESIAN_POINT('',(178.,-21.525,0.));
#13509=CARTESIAN_POINT('Origin',(164.4,-22.025,0.));
#13510=CARTESIAN_POINT('',(164.4,-35.125003,0.));
#13511=CARTESIAN_POINT('Origin',(177.99999866643,-22.02500133356,0.));
#13512=CARTESIAN_POINT('',(178.5,-22.025,0.));
#13513=CARTESIAN_POINT('Origin',(164.90000133358,-35.1249986664,0.));
#13514=CARTESIAN_POINT('',(164.9,-35.625,0.));
#13515=CARTESIAN_POINT('Origin',(178.5,-35.125,0.));
#13516=CARTESIAN_POINT('',(178.5,-35.125,0.));
#13517=CARTESIAN_POINT('Origin',(164.9,-35.625,0.));
#13518=CARTESIAN_POINT('',(178.000003,-35.625,0.));
#13519=CARTESIAN_POINT('Origin',(177.9999986664,-35.12499866642,0.));
#13520=CARTESIAN_POINT('Origin',(183.95000133357,-22.02500133357,0.));
#13521=CARTESIAN_POINT('',(183.95,-21.525,0.));
#13522=CARTESIAN_POINT('',(183.45,-22.025,0.));
#13523=CARTESIAN_POINT('Origin',(197.05,-21.525,0.));
#13524=CARTESIAN_POINT('',(197.05,-21.525,0.));
#13525=CARTESIAN_POINT('Origin',(183.45,-22.025,0.));
#13526=CARTESIAN_POINT('',(183.45,-35.125003,0.));
#13527=CARTESIAN_POINT('Origin',(197.04999866642,-22.02500133359,0.));
#13528=CARTESIAN_POINT('',(197.55,-22.024997,0.));
#13529=CARTESIAN_POINT('Origin',(183.95000133358,-35.1249986664,0.));
#13530=CARTESIAN_POINT('',(183.95,-35.625,0.));
#13531=CARTESIAN_POINT('Origin',(197.55,-35.125,0.));
#13532=CARTESIAN_POINT('',(197.55,-35.125,0.));
#13533=CARTESIAN_POINT('Origin',(183.95,-35.625,0.));
#13534=CARTESIAN_POINT('',(197.05,-35.625,0.));
#13535=CARTESIAN_POINT('Origin',(197.04999866643,-35.12499866643,0.));
#13536=CARTESIAN_POINT('Origin',(203.00000133357,-22.02500133357,0.));
#13537=CARTESIAN_POINT('',(203.,-21.525,0.));
#13538=CARTESIAN_POINT('',(202.5,-22.025,0.));
#13539=CARTESIAN_POINT('Origin',(216.1,-21.525,0.));
#13540=CARTESIAN_POINT('',(216.1,-21.525,0.));
#13541=CARTESIAN_POINT('Origin',(202.5,-22.025,0.));
#13542=CARTESIAN_POINT('',(202.5,-35.125003,0.));
#13543=CARTESIAN_POINT('Origin',(216.09999866643,-22.02500133356,0.));
#13544=CARTESIAN_POINT('',(216.6,-22.025,0.));
#13545=CARTESIAN_POINT('Origin',(203.00000133358,-35.1249986664,0.));
#13546=CARTESIAN_POINT('',(203.,-35.625,0.));
#13547=CARTESIAN_POINT('Origin',(216.6,-35.125,0.));
#13548=CARTESIAN_POINT('',(216.6,-35.125,0.));
#13549=CARTESIAN_POINT('Origin',(203.,-35.625,0.));
#13550=CARTESIAN_POINT('',(216.100003,-35.625,0.));
#13551=CARTESIAN_POINT('Origin',(216.0999986664,-35.12499866642,0.));
#13552=CARTESIAN_POINT('Origin',(222.05000133357,-22.02500133357,0.));
#13553=CARTESIAN_POINT('',(222.05,-21.525,0.));
#13554=CARTESIAN_POINT('',(221.55,-22.025,0.));
#13555=CARTESIAN_POINT('Origin',(235.15,-21.525,0.));
#13556=CARTESIAN_POINT('',(235.15,-21.525,0.));
#13557=CARTESIAN_POINT('Origin',(221.55,-22.025,0.));
#13558=CARTESIAN_POINT('',(221.55,-35.125003,0.));
#13559=CARTESIAN_POINT('Origin',(235.14999866642,-22.02500133359,0.));
#13560=CARTESIAN_POINT('',(235.65,-22.024997,0.));
#13561=CARTESIAN_POINT('Origin',(222.05000133358,-35.1249986664,0.));
#13562=CARTESIAN_POINT('',(222.05,-35.625,0.));
#13563=CARTESIAN_POINT('Origin',(235.65,-35.125,0.));
#13564=CARTESIAN_POINT('',(235.65,-35.125,0.));
#13565=CARTESIAN_POINT('Origin',(222.05,-35.625,0.));
#13566=CARTESIAN_POINT('',(235.150003,-35.625,0.));
#13567=CARTESIAN_POINT('Origin',(235.1499986664,-35.12499866642,0.));
#13568=UNCERTAINTY_MEASURE_WITH_UNIT(LENGTH_MEASURE(0.01),#13572,
'DISTANCE_ACCURACY_VALUE',
'Maximum model space distance between geometric entities at asserted c
onnectivities');
#13569=UNCERTAINTY_MEASURE_WITH_UNIT(LENGTH_MEASURE(0.01),#13572,
'DISTANCE_ACCURACY_VALUE',
'Maximum model space distance between geometric entities at asserted c
onnectivities');
#13570=(
GEOMETRIC_REPRESENTATION_CONTEXT(3)
GLOBAL_UNCERTAINTY_ASSIGNED_CONTEXT((#13568))
GLOBAL_UNIT_ASSIGNED_CONTEXT((#13572,#13574,#13575))
REPRESENTATION_CONTEXT('','3D')
);
#13571=(
GEOMETRIC_REPRESENTATION_CONTEXT(3)
GLOBAL_UNCERTAINTY_ASSIGNED_CONTEXT((#13569))
GLOBAL_UNIT_ASSIGNED_CONTEXT((#13572,#13574,#13575))
REPRESENTATION_CONTEXT('','3D')
);
#13572=(
LENGTH_UNIT()
NAMED_UNIT(*)
SI_UNIT(.MILLI.,.METRE.)
);
#13573=(
LENGTH_UNIT()
NAMED_UNIT(*)
SI_UNIT($,.METRE.)
);
#13574=(
NAMED_UNIT(*)
PLANE_ANGLE_UNIT()
SI_UNIT($,.RADIAN.)
);
#13575=(
NAMED_UNIT(*)
SI_UNIT($,.STERADIAN.)
SOLID_ANGLE_UNIT()
);
#13576=SHAPE_DEFINITION_REPRESENTATION(#13577,#13578);
#13577=PRODUCT_DEFINITION_SHAPE('',$,#13580);
#13578=SHAPE_REPRESENTATION('',(#8052),#13570);
#13579=PRODUCT_DEFINITION_CONTEXT('part definition',#13584,'design');
#13580=PRODUCT_DEFINITION('barda_plate_PCB','barda_switch_plate_PCB',#13581,
#13579);
#13581=PRODUCT_DEFINITION_FORMATION('',$,#13586);
#13582=PRODUCT_RELATED_PRODUCT_CATEGORY('barda_switch_plate_PCB',
'barda_switch_plate_PCB',(#13586));
#13583=APPLICATION_PROTOCOL_DEFINITION('international standard',
'automotive_design',2009,#13584);
#13584=APPLICATION_CONTEXT(
'Core Data for Automotive Mechanical Design Process');
#13585=PRODUCT_CONTEXT('part definition',#13584,'mechanical');
#13586=PRODUCT('barda_plate_PCB','barda_switch_plate_PCB',$,(#13585));
#13587=PRESENTATION_STYLE_ASSIGNMENT((#13589));
#13588=PRESENTATION_STYLE_ASSIGNMENT((#13590));
#13589=SURFACE_STYLE_USAGE(.BOTH.,#13591);
#13590=SURFACE_STYLE_USAGE(.BOTH.,#13592);
#13591=SURFACE_SIDE_STYLE('',(#13593));
#13592=SURFACE_SIDE_STYLE('',(#13594));
#13593=SURFACE_STYLE_FILL_AREA(#13595);
#13594=SURFACE_STYLE_FILL_AREA(#13596);
#13595=FILL_AREA_STYLE('\X2\92FC\X0\ - \X2\30B530C630F3\X0\',(#13597));
#13596=FILL_AREA_STYLE('\X2\30A230EB30DF30CB30A630E0\X0\ - \X2\30B530C630F3\X0\',
(#13598));
#13597=FILL_AREA_STYLE_COLOUR('\X2\92FC\X0\ - \X2\30B530C630F3\X0\',#13599);
#13598=FILL_AREA_STYLE_COLOUR('\X2\30A230EB30DF30CB30A630E0\X0\ - \X2\30B530C630F3\X0\',
#13600);
#13599=COLOUR_RGB('\X2\92FC\X0\ - \X2\30B530C630F3\X0\',0.627450980392157,
0.627450980392157,0.627450980392157);
#13600=COLOUR_RGB('\X2\30A230EB30DF30CB30A630E0\X0\ - \X2\30B530C630F3\X0\',
0.96078431372549,0.96078431372549,0.964705882352941);
ENDSEC;
END-ISO-10303-21;
