ISO-10303-21;
HEADER;
/* Generated by software containing ST-Developer
 * from STEP Tools, Inc. (www.steptools.com) 
 */

FILE_DESCRIPTION(
/* description */ (''),
/* implementation_level */ '2;1');

FILE_NAME(
/* name */ 'barda_switch_plate_PCB.step',
/* time_stamp */ '2026-08-25T20:30:24+09:00',
/* author */ (''),
/* organization */ (''),
/* preprocessor_version */ 'ST-DEVELOPER v20.1',
/* originating_system */ 'Autodesk Translation Framework v15.8.0.0',
/* authorisation */ '');

FILE_SCHEMA (('AUTOMOTIVE_DESIGN { 1 0 10303 214 3 1 1 }'));
ENDSEC;

DATA;
#10=MECHANICAL_DESIGN_GEOMETRIC_PRESENTATION_REPRESENTATION('',(#13),#13847);
#11=SHAPE_REPRESENTATION_RELATIONSHIP('SRR','None',#13854,#12);
#12=ADVANCED_BREP_SHAPE_REPRESENTATION('',(#14),#13846);
#13=STYLED_ITEM('',(#13864),#14);
#14=MANIFOLD_SOLID_BREP('\X2\30DC30C730A3\X0\1',#8195);
#15=FACE_BOUND('',#708,.T.);
#16=FACE_BOUND('',#709,.T.);
#17=FACE_BOUND('',#710,.T.);
#18=FACE_BOUND('',#711,.T.);
#19=FACE_BOUND('',#712,.T.);
#20=FACE_BOUND('',#713,.T.);
#21=FACE_BOUND('',#714,.T.);
#22=FACE_BOUND('',#715,.T.);
#23=FACE_BOUND('',#716,.T.);
#24=FACE_BOUND('',#717,.T.);
#25=FACE_BOUND('',#718,.T.);
#26=FACE_BOUND('',#719,.T.);
#27=FACE_BOUND('',#720,.T.);
#28=FACE_BOUND('',#721,.T.);
#29=FACE_BOUND('',#722,.T.);
#30=FACE_BOUND('',#723,.T.);
#31=FACE_BOUND('',#724,.T.);
#32=FACE_BOUND('',#725,.T.);
#33=FACE_BOUND('',#726,.T.);
#34=FACE_BOUND('',#727,.T.);
#35=FACE_BOUND('',#728,.T.);
#36=FACE_BOUND('',#729,.T.);
#37=FACE_BOUND('',#730,.T.);
#38=FACE_BOUND('',#731,.T.);
#39=FACE_BOUND('',#732,.T.);
#40=FACE_BOUND('',#733,.T.);
#41=FACE_BOUND('',#734,.T.);
#42=FACE_BOUND('',#735,.T.);
#43=FACE_BOUND('',#736,.T.);
#44=FACE_BOUND('',#737,.T.);
#45=FACE_BOUND('',#738,.T.);
#46=FACE_BOUND('',#739,.T.);
#47=FACE_BOUND('',#740,.T.);
#48=FACE_BOUND('',#741,.T.);
#49=FACE_BOUND('',#742,.T.);
#50=FACE_BOUND('',#743,.T.);
#51=FACE_BOUND('',#744,.T.);
#52=FACE_BOUND('',#745,.T.);
#53=FACE_BOUND('',#746,.T.);
#54=FACE_BOUND('',#747,.T.);
#55=FACE_BOUND('',#748,.T.);
#56=FACE_BOUND('',#749,.T.);
#57=FACE_BOUND('',#750,.T.);
#58=FACE_BOUND('',#751,.T.);
#59=FACE_BOUND('',#752,.T.);
#60=FACE_BOUND('',#753,.T.);
#61=FACE_BOUND('',#766,.T.);
#62=FACE_BOUND('',#767,.T.);
#63=FACE_BOUND('',#768,.T.);
#64=FACE_BOUND('',#769,.T.);
#65=FACE_BOUND('',#770,.T.);
#66=FACE_BOUND('',#771,.T.);
#67=FACE_BOUND('',#772,.T.);
#68=FACE_BOUND('',#773,.T.);
#69=FACE_BOUND('',#774,.T.);
#70=FACE_BOUND('',#775,.T.);
#71=FACE_BOUND('',#776,.T.);
#72=FACE_BOUND('',#777,.T.);
#73=FACE_BOUND('',#778,.T.);
#74=FACE_BOUND('',#779,.T.);
#75=FACE_BOUND('',#780,.T.);
#76=FACE_BOUND('',#781,.T.);
#77=FACE_BOUND('',#782,.T.);
#78=FACE_BOUND('',#783,.T.);
#79=FACE_BOUND('',#784,.T.);
#80=FACE_BOUND('',#785,.T.);
#81=FACE_BOUND('',#786,.T.);
#82=FACE_BOUND('',#787,.T.);
#83=FACE_BOUND('',#788,.T.);
#84=FACE_BOUND('',#789,.T.);
#85=FACE_BOUND('',#790,.T.);
#86=FACE_BOUND('',#791,.T.);
#87=FACE_BOUND('',#792,.T.);
#88=FACE_BOUND('',#793,.T.);
#89=FACE_BOUND('',#794,.T.);
#90=FACE_BOUND('',#795,.T.);
#91=FACE_BOUND('',#796,.T.);
#92=FACE_BOUND('',#797,.T.);
#93=FACE_BOUND('',#798,.T.);
#94=FACE_BOUND('',#799,.T.);
#95=FACE_BOUND('',#800,.T.);
#96=FACE_BOUND('',#801,.T.);
#97=FACE_BOUND('',#802,.T.);
#98=FACE_BOUND('',#803,.T.);
#99=FACE_BOUND('',#804,.T.);
#100=FACE_BOUND('',#805,.T.);
#101=FACE_BOUND('',#806,.T.);
#102=FACE_BOUND('',#807,.T.);
#103=FACE_BOUND('',#808,.T.);
#104=FACE_BOUND('',#809,.T.);
#105=FACE_BOUND('',#810,.T.);
#106=FACE_BOUND('',#811,.T.);
#107=PLANE('',#8215);
#108=PLANE('',#8422);
#109=PLANE('',#8425);
#110=PLANE('',#8428);
#111=PLANE('',#8431);
#112=PLANE('',#8434);
#113=PLANE('',#8435);
#114=PLANE('',#8436);
#115=PLANE('',#8638);
#116=PLANE('',#8639);
#117=PLANE('',#8642);
#118=PLANE('',#8643);
#119=PLANE('',#8646);
#120=PLANE('',#8647);
#121=PLANE('',#8650);
#122=PLANE('',#8651);
#123=PLANE('',#8654);
#124=PLANE('',#8655);
#125=PLANE('',#8658);
#126=PLANE('',#8659);
#127=PLANE('',#8662);
#128=PLANE('',#8663);
#129=PLANE('',#8667);
#130=PLANE('',#8668);
#131=PLANE('',#8672);
#132=PLANE('',#8673);
#133=PLANE('',#8676);
#134=PLANE('',#8679);
#135=PLANE('',#8680);
#136=PLANE('',#8683);
#137=PLANE('',#8686);
#138=PLANE('',#8687);
#139=PLANE('',#8690);
#140=PLANE('',#8691);
#141=PLANE('',#8694);
#142=PLANE('',#8696);
#143=PLANE('',#8697);
#144=PLANE('',#8700);
#145=PLANE('',#8701);
#146=PLANE('',#8704);
#147=PLANE('',#8705);
#148=PLANE('',#8708);
#149=PLANE('',#8709);
#150=PLANE('',#8712);
#151=PLANE('',#8713);
#152=PLANE('',#8716);
#153=PLANE('',#8717);
#154=PLANE('',#8720);
#155=PLANE('',#8721);
#156=PLANE('',#8724);
#157=PLANE('',#8725);
#158=PLANE('',#8728);
#159=PLANE('',#8729);
#160=PLANE('',#8732);
#161=PLANE('',#8733);
#162=PLANE('',#8736);
#163=PLANE('',#8740);
#164=PLANE('',#8741);
#165=PLANE('',#8744);
#166=PLANE('',#8747);
#167=PLANE('',#8748);
#168=PLANE('',#8751);
#169=PLANE('',#8752);
#170=PLANE('',#8755);
#171=PLANE('',#8756);
#172=PLANE('',#8759);
#173=PLANE('',#8760);
#174=PLANE('',#8763);
#175=PLANE('',#8766);
#176=PLANE('',#8767);
#177=PLANE('',#8770);
#178=PLANE('',#8771);
#179=PLANE('',#8774);
#180=PLANE('',#8775);
#181=PLANE('',#8778);
#182=PLANE('',#8779);
#183=PLANE('',#8782);
#184=PLANE('',#8783);
#185=PLANE('',#8786);
#186=PLANE('',#8787);
#187=PLANE('',#8790);
#188=PLANE('',#8791);
#189=PLANE('',#8794);
#190=PLANE('',#8795);
#191=PLANE('',#8798);
#192=PLANE('',#8799);
#193=PLANE('',#8802);
#194=PLANE('',#8803);
#195=PLANE('',#8806);
#196=PLANE('',#8807);
#197=PLANE('',#8810);
#198=PLANE('',#8811);
#199=PLANE('',#8814);
#200=PLANE('',#8815);
#201=PLANE('',#8818);
#202=PLANE('',#8819);
#203=PLANE('',#8822);
#204=PLANE('',#8823);
#205=PLANE('',#8826);
#206=PLANE('',#8827);
#207=PLANE('',#8830);
#208=PLANE('',#8831);
#209=PLANE('',#8834);
#210=PLANE('',#8835);
#211=PLANE('',#8838);
#212=PLANE('',#8839);
#213=PLANE('',#8842);
#214=PLANE('',#8843);
#215=PLANE('',#8847);
#216=PLANE('',#8848);
#217=PLANE('',#8851);
#218=PLANE('',#8852);
#219=PLANE('',#8855);
#220=PLANE('',#8856);
#221=PLANE('',#8859);
#222=PLANE('',#8860);
#223=PLANE('',#8863);
#224=PLANE('',#8864);
#225=PLANE('',#8867);
#226=PLANE('',#8868);
#227=PLANE('',#8871);
#228=PLANE('',#8872);
#229=PLANE('',#8875);
#230=PLANE('',#8876);
#231=PLANE('',#8879);
#232=PLANE('',#8880);
#233=PLANE('',#8883);
#234=PLANE('',#8884);
#235=PLANE('',#8887);
#236=PLANE('',#8888);
#237=PLANE('',#8891);
#238=PLANE('',#8892);
#239=PLANE('',#8895);
#240=PLANE('',#8896);
#241=PLANE('',#8899);
#242=PLANE('',#8900);
#243=PLANE('',#8903);
#244=PLANE('',#8904);
#245=PLANE('',#8907);
#246=PLANE('',#8908);
#247=PLANE('',#8911);
#248=PLANE('',#8912);
#249=PLANE('',#8915);
#250=PLANE('',#8916);
#251=PLANE('',#8919);
#252=PLANE('',#8920);
#253=PLANE('',#8923);
#254=PLANE('',#8924);
#255=PLANE('',#8927);
#256=PLANE('',#8928);
#257=PLANE('',#8931);
#258=PLANE('',#8932);
#259=PLANE('',#8935);
#260=PLANE('',#8936);
#261=PLANE('',#8939);
#262=PLANE('',#8940);
#263=PLANE('',#8943);
#264=PLANE('',#8944);
#265=PLANE('',#8947);
#266=PLANE('',#8948);
#267=PLANE('',#8951);
#268=PLANE('',#8952);
#269=PLANE('',#8955);
#270=PLANE('',#8956);
#271=PLANE('',#8959);
#272=PLANE('',#8960);
#273=PLANE('',#8963);
#274=PLANE('',#8964);
#275=PLANE('',#8967);
#276=PLANE('',#8968);
#277=PLANE('',#8971);
#278=PLANE('',#8972);
#279=PLANE('',#8976);
#280=PLANE('',#8977);
#281=PLANE('',#8980);
#282=PLANE('',#8981);
#283=PLANE('',#8984);
#284=PLANE('',#8985);
#285=PLANE('',#8988);
#286=PLANE('',#8989);
#287=PLANE('',#8992);
#288=PLANE('',#8993);
#289=PLANE('',#8996);
#290=PLANE('',#8997);
#291=PLANE('',#9000);
#292=PLANE('',#9001);
#293=PLANE('',#9004);
#294=PLANE('',#9005);
#295=PLANE('',#9008);
#296=PLANE('',#9009);
#297=PLANE('',#9012);
#298=PLANE('',#9013);
#299=PLANE('',#9016);
#300=PLANE('',#9017);
#301=PLANE('',#9020);
#302=PLANE('',#9021);
#303=FACE_OUTER_BOUND('',#705,.T.);
#304=FACE_OUTER_BOUND('',#706,.T.);
#305=FACE_OUTER_BOUND('',#707,.T.);
#306=FACE_OUTER_BOUND('',#754,.T.);
#307=FACE_OUTER_BOUND('',#755,.T.);
#308=FACE_OUTER_BOUND('',#756,.T.);
#309=FACE_OUTER_BOUND('',#757,.T.);
#310=FACE_OUTER_BOUND('',#758,.T.);
#311=FACE_OUTER_BOUND('',#759,.T.);
#312=FACE_OUTER_BOUND('',#760,.T.);
#313=FACE_OUTER_BOUND('',#761,.T.);
#314=FACE_OUTER_BOUND('',#762,.T.);
#315=FACE_OUTER_BOUND('',#763,.T.);
#316=FACE_OUTER_BOUND('',#764,.T.);
#317=FACE_OUTER_BOUND('',#765,.T.);
#318=FACE_OUTER_BOUND('',#812,.T.);
#319=FACE_OUTER_BOUND('',#813,.T.);
#320=FACE_OUTER_BOUND('',#814,.T.);
#321=FACE_OUTER_BOUND('',#815,.T.);
#322=FACE_OUTER_BOUND('',#816,.T.);
#323=FACE_OUTER_BOUND('',#817,.T.);
#324=FACE_OUTER_BOUND('',#818,.T.);
#325=FACE_OUTER_BOUND('',#819,.T.);
#326=FACE_OUTER_BOUND('',#820,.T.);
#327=FACE_OUTER_BOUND('',#821,.T.);
#328=FACE_OUTER_BOUND('',#822,.T.);
#329=FACE_OUTER_BOUND('',#823,.T.);
#330=FACE_OUTER_BOUND('',#824,.T.);
#331=FACE_OUTER_BOUND('',#825,.T.);
#332=FACE_OUTER_BOUND('',#826,.T.);
#333=FACE_OUTER_BOUND('',#827,.T.);
#334=FACE_OUTER_BOUND('',#828,.T.);
#335=FACE_OUTER_BOUND('',#829,.T.);
#336=FACE_OUTER_BOUND('',#830,.T.);
#337=FACE_OUTER_BOUND('',#831,.T.);
#338=FACE_OUTER_BOUND('',#832,.T.);
#339=FACE_OUTER_BOUND('',#833,.T.);
#340=FACE_OUTER_BOUND('',#834,.T.);
#341=FACE_OUTER_BOUND('',#835,.T.);
#342=FACE_OUTER_BOUND('',#836,.T.);
#343=FACE_OUTER_BOUND('',#837,.T.);
#344=FACE_OUTER_BOUND('',#838,.T.);
#345=FACE_OUTER_BOUND('',#839,.T.);
#346=FACE_OUTER_BOUND('',#840,.T.);
#347=FACE_OUTER_BOUND('',#841,.T.);
#348=FACE_OUTER_BOUND('',#842,.T.);
#349=FACE_OUTER_BOUND('',#843,.T.);
#350=FACE_OUTER_BOUND('',#844,.T.);
#351=FACE_OUTER_BOUND('',#845,.T.);
#352=FACE_OUTER_BOUND('',#846,.T.);
#353=FACE_OUTER_BOUND('',#847,.T.);
#354=FACE_OUTER_BOUND('',#848,.T.);
#355=FACE_OUTER_BOUND('',#849,.T.);
#356=FACE_OUTER_BOUND('',#850,.T.);
#357=FACE_OUTER_BOUND('',#851,.T.);
#358=FACE_OUTER_BOUND('',#852,.T.);
#359=FACE_OUTER_BOUND('',#853,.T.);
#360=FACE_OUTER_BOUND('',#854,.T.);
#361=FACE_OUTER_BOUND('',#855,.T.);
#362=FACE_OUTER_BOUND('',#856,.T.);
#363=FACE_OUTER_BOUND('',#857,.T.);
#364=FACE_OUTER_BOUND('',#858,.T.);
#365=FACE_OUTER_BOUND('',#859,.T.);
#366=FACE_OUTER_BOUND('',#860,.T.);
#367=FACE_OUTER_BOUND('',#861,.T.);
#368=FACE_OUTER_BOUND('',#862,.T.);
#369=FACE_OUTER_BOUND('',#863,.T.);
#370=FACE_OUTER_BOUND('',#864,.T.);
#371=FACE_OUTER_BOUND('',#865,.T.);
#372=FACE_OUTER_BOUND('',#866,.T.);
#373=FACE_OUTER_BOUND('',#867,.T.);
#374=FACE_OUTER_BOUND('',#868,.T.);
#375=FACE_OUTER_BOUND('',#869,.T.);
#376=FACE_OUTER_BOUND('',#870,.T.);
#377=FACE_OUTER_BOUND('',#871,.T.);
#378=FACE_OUTER_BOUND('',#872,.T.);
#379=FACE_OUTER_BOUND('',#873,.T.);
#380=FACE_OUTER_BOUND('',#874,.T.);
#381=FACE_OUTER_BOUND('',#875,.T.);
#382=FACE_OUTER_BOUND('',#876,.T.);
#383=FACE_OUTER_BOUND('',#877,.T.);
#384=FACE_OUTER_BOUND('',#878,.T.);
#385=FACE_OUTER_BOUND('',#879,.T.);
#386=FACE_OUTER_BOUND('',#880,.T.);
#387=FACE_OUTER_BOUND('',#881,.T.);
#388=FACE_OUTER_BOUND('',#882,.T.);
#389=FACE_OUTER_BOUND('',#883,.T.);
#390=FACE_OUTER_BOUND('',#884,.T.);
#391=FACE_OUTER_BOUND('',#885,.T.);
#392=FACE_OUTER_BOUND('',#886,.T.);
#393=FACE_OUTER_BOUND('',#887,.T.);
#394=FACE_OUTER_BOUND('',#888,.T.);
#395=FACE_OUTER_BOUND('',#889,.T.);
#396=FACE_OUTER_BOUND('',#890,.T.);
#397=FACE_OUTER_BOUND('',#891,.T.);
#398=FACE_OUTER_BOUND('',#892,.T.);
#399=FACE_OUTER_BOUND('',#893,.T.);
#400=FACE_OUTER_BOUND('',#894,.T.);
#401=FACE_OUTER_BOUND('',#895,.T.);
#402=FACE_OUTER_BOUND('',#896,.T.);
#403=FACE_OUTER_BOUND('',#897,.T.);
#404=FACE_OUTER_BOUND('',#898,.T.);
#405=FACE_OUTER_BOUND('',#899,.T.);
#406=FACE_OUTER_BOUND('',#900,.T.);
#407=FACE_OUTER_BOUND('',#901,.T.);
#408=FACE_OUTER_BOUND('',#902,.T.);
#409=FACE_OUTER_BOUND('',#903,.T.);
#410=FACE_OUTER_BOUND('',#904,.T.);
#411=FACE_OUTER_BOUND('',#905,.T.);
#412=FACE_OUTER_BOUND('',#906,.T.);
#413=FACE_OUTER_BOUND('',#907,.T.);
#414=FACE_OUTER_BOUND('',#908,.T.);
#415=FACE_OUTER_BOUND('',#909,.T.);
#416=FACE_OUTER_BOUND('',#910,.T.);
#417=FACE_OUTER_BOUND('',#911,.T.);
#418=FACE_OUTER_BOUND('',#912,.T.);
#419=FACE_OUTER_BOUND('',#913,.T.);
#420=FACE_OUTER_BOUND('',#914,.T.);
#421=FACE_OUTER_BOUND('',#915,.T.);
#422=FACE_OUTER_BOUND('',#916,.T.);
#423=FACE_OUTER_BOUND('',#917,.T.);
#424=FACE_OUTER_BOUND('',#918,.T.);
#425=FACE_OUTER_BOUND('',#919,.T.);
#426=FACE_OUTER_BOUND('',#920,.T.);
#427=FACE_OUTER_BOUND('',#921,.T.);
#428=FACE_OUTER_BOUND('',#922,.T.);
#429=FACE_OUTER_BOUND('',#923,.T.);
#430=FACE_OUTER_BOUND('',#924,.T.);
#431=FACE_OUTER_BOUND('',#925,.T.);
#432=FACE_OUTER_BOUND('',#926,.T.);
#433=FACE_OUTER_BOUND('',#927,.T.);
#434=FACE_OUTER_BOUND('',#928,.T.);
#435=FACE_OUTER_BOUND('',#929,.T.);
#436=FACE_OUTER_BOUND('',#930,.T.);
#437=FACE_OUTER_BOUND('',#931,.T.);
#438=FACE_OUTER_BOUND('',#932,.T.);
#439=FACE_OUTER_BOUND('',#933,.T.);
#440=FACE_OUTER_BOUND('',#934,.T.);
#441=FACE_OUTER_BOUND('',#935,.T.);
#442=FACE_OUTER_BOUND('',#936,.T.);
#443=FACE_OUTER_BOUND('',#937,.T.);
#444=FACE_OUTER_BOUND('',#938,.T.);
#445=FACE_OUTER_BOUND('',#939,.T.);
#446=FACE_OUTER_BOUND('',#940,.T.);
#447=FACE_OUTER_BOUND('',#941,.T.);
#448=FACE_OUTER_BOUND('',#942,.T.);
#449=FACE_OUTER_BOUND('',#943,.T.);
#450=FACE_OUTER_BOUND('',#944,.T.);
#451=FACE_OUTER_BOUND('',#945,.T.);
#452=FACE_OUTER_BOUND('',#946,.T.);
#453=FACE_OUTER_BOUND('',#947,.T.);
#454=FACE_OUTER_BOUND('',#948,.T.);
#455=FACE_OUTER_BOUND('',#949,.T.);
#456=FACE_OUTER_BOUND('',#950,.T.);
#457=FACE_OUTER_BOUND('',#951,.T.);
#458=FACE_OUTER_BOUND('',#952,.T.);
#459=FACE_OUTER_BOUND('',#953,.T.);
#460=FACE_OUTER_BOUND('',#954,.T.);
#461=FACE_OUTER_BOUND('',#955,.T.);
#462=FACE_OUTER_BOUND('',#956,.T.);
#463=FACE_OUTER_BOUND('',#957,.T.);
#464=FACE_OUTER_BOUND('',#958,.T.);
#465=FACE_OUTER_BOUND('',#959,.T.);
#466=FACE_OUTER_BOUND('',#960,.T.);
#467=FACE_OUTER_BOUND('',#961,.T.);
#468=FACE_OUTER_BOUND('',#962,.T.);
#469=FACE_OUTER_BOUND('',#963,.T.);
#470=FACE_OUTER_BOUND('',#964,.T.);
#471=FACE_OUTER_BOUND('',#965,.T.);
#472=FACE_OUTER_BOUND('',#966,.T.);
#473=FACE_OUTER_BOUND('',#967,.T.);
#474=FACE_OUTER_BOUND('',#968,.T.);
#475=FACE_OUTER_BOUND('',#969,.T.);
#476=FACE_OUTER_BOUND('',#970,.T.);
#477=FACE_OUTER_BOUND('',#971,.T.);
#478=FACE_OUTER_BOUND('',#972,.T.);
#479=FACE_OUTER_BOUND('',#973,.T.);
#480=FACE_OUTER_BOUND('',#974,.T.);
#481=FACE_OUTER_BOUND('',#975,.T.);
#482=FACE_OUTER_BOUND('',#976,.T.);
#483=FACE_OUTER_BOUND('',#977,.T.);
#484=FACE_OUTER_BOUND('',#978,.T.);
#485=FACE_OUTER_BOUND('',#979,.T.);
#486=FACE_OUTER_BOUND('',#980,.T.);
#487=FACE_OUTER_BOUND('',#981,.T.);
#488=FACE_OUTER_BOUND('',#982,.T.);
#489=FACE_OUTER_BOUND('',#983,.T.);
#490=FACE_OUTER_BOUND('',#984,.T.);
#491=FACE_OUTER_BOUND('',#985,.T.);
#492=FACE_OUTER_BOUND('',#986,.T.);
#493=FACE_OUTER_BOUND('',#987,.T.);
#494=FACE_OUTER_BOUND('',#988,.T.);
#495=FACE_OUTER_BOUND('',#989,.T.);
#496=FACE_OUTER_BOUND('',#990,.T.);
#497=FACE_OUTER_BOUND('',#991,.T.);
#498=FACE_OUTER_BOUND('',#992,.T.);
#499=FACE_OUTER_BOUND('',#993,.T.);
#500=FACE_OUTER_BOUND('',#994,.T.);
#501=FACE_OUTER_BOUND('',#995,.T.);
#502=FACE_OUTER_BOUND('',#996,.T.);
#503=FACE_OUTER_BOUND('',#997,.T.);
#504=FACE_OUTER_BOUND('',#998,.T.);
#505=FACE_OUTER_BOUND('',#999,.T.);
#506=FACE_OUTER_BOUND('',#1000,.T.);
#507=FACE_OUTER_BOUND('',#1001,.T.);
#508=FACE_OUTER_BOUND('',#1002,.T.);
#509=FACE_OUTER_BOUND('',#1003,.T.);
#510=FACE_OUTER_BOUND('',#1004,.T.);
#511=FACE_OUTER_BOUND('',#1005,.T.);
#512=FACE_OUTER_BOUND('',#1006,.T.);
#513=FACE_OUTER_BOUND('',#1007,.T.);
#514=FACE_OUTER_BOUND('',#1008,.T.);
#515=FACE_OUTER_BOUND('',#1009,.T.);
#516=FACE_OUTER_BOUND('',#1010,.T.);
#517=FACE_OUTER_BOUND('',#1011,.T.);
#518=FACE_OUTER_BOUND('',#1012,.T.);
#519=FACE_OUTER_BOUND('',#1013,.T.);
#520=FACE_OUTER_BOUND('',#1014,.T.);
#521=FACE_OUTER_BOUND('',#1015,.T.);
#522=FACE_OUTER_BOUND('',#1016,.T.);
#523=FACE_OUTER_BOUND('',#1017,.T.);
#524=FACE_OUTER_BOUND('',#1018,.T.);
#525=FACE_OUTER_BOUND('',#1019,.T.);
#526=FACE_OUTER_BOUND('',#1020,.T.);
#527=FACE_OUTER_BOUND('',#1021,.T.);
#528=FACE_OUTER_BOUND('',#1022,.T.);
#529=FACE_OUTER_BOUND('',#1023,.T.);
#530=FACE_OUTER_BOUND('',#1024,.T.);
#531=FACE_OUTER_BOUND('',#1025,.T.);
#532=FACE_OUTER_BOUND('',#1026,.T.);
#533=FACE_OUTER_BOUND('',#1027,.T.);
#534=FACE_OUTER_BOUND('',#1028,.T.);
#535=FACE_OUTER_BOUND('',#1029,.T.);
#536=FACE_OUTER_BOUND('',#1030,.T.);
#537=FACE_OUTER_BOUND('',#1031,.T.);
#538=FACE_OUTER_BOUND('',#1032,.T.);
#539=FACE_OUTER_BOUND('',#1033,.T.);
#540=FACE_OUTER_BOUND('',#1034,.T.);
#541=FACE_OUTER_BOUND('',#1035,.T.);
#542=FACE_OUTER_BOUND('',#1036,.T.);
#543=FACE_OUTER_BOUND('',#1037,.T.);
#544=FACE_OUTER_BOUND('',#1038,.T.);
#545=FACE_OUTER_BOUND('',#1039,.T.);
#546=FACE_OUTER_BOUND('',#1040,.T.);
#547=FACE_OUTER_BOUND('',#1041,.T.);
#548=FACE_OUTER_BOUND('',#1042,.T.);
#549=FACE_OUTER_BOUND('',#1043,.T.);
#550=FACE_OUTER_BOUND('',#1044,.T.);
#551=FACE_OUTER_BOUND('',#1045,.T.);
#552=FACE_OUTER_BOUND('',#1046,.T.);
#553=FACE_OUTER_BOUND('',#1047,.T.);
#554=FACE_OUTER_BOUND('',#1048,.T.);
#555=FACE_OUTER_BOUND('',#1049,.T.);
#556=FACE_OUTER_BOUND('',#1050,.T.);
#557=FACE_OUTER_BOUND('',#1051,.T.);
#558=FACE_OUTER_BOUND('',#1052,.T.);
#559=FACE_OUTER_BOUND('',#1053,.T.);
#560=FACE_OUTER_BOUND('',#1054,.T.);
#561=FACE_OUTER_BOUND('',#1055,.T.);
#562=FACE_OUTER_BOUND('',#1056,.T.);
#563=FACE_OUTER_BOUND('',#1057,.T.);
#564=FACE_OUTER_BOUND('',#1058,.T.);
#565=FACE_OUTER_BOUND('',#1059,.T.);
#566=FACE_OUTER_BOUND('',#1060,.T.);
#567=FACE_OUTER_BOUND('',#1061,.T.);
#568=FACE_OUTER_BOUND('',#1062,.T.);
#569=FACE_OUTER_BOUND('',#1063,.T.);
#570=FACE_OUTER_BOUND('',#1064,.T.);
#571=FACE_OUTER_BOUND('',#1065,.T.);
#572=FACE_OUTER_BOUND('',#1066,.T.);
#573=FACE_OUTER_BOUND('',#1067,.T.);
#574=FACE_OUTER_BOUND('',#1068,.T.);
#575=FACE_OUTER_BOUND('',#1069,.T.);
#576=FACE_OUTER_BOUND('',#1070,.T.);
#577=FACE_OUTER_BOUND('',#1071,.T.);
#578=FACE_OUTER_BOUND('',#1072,.T.);
#579=FACE_OUTER_BOUND('',#1073,.T.);
#580=FACE_OUTER_BOUND('',#1074,.T.);
#581=FACE_OUTER_BOUND('',#1075,.T.);
#582=FACE_OUTER_BOUND('',#1076,.T.);
#583=FACE_OUTER_BOUND('',#1077,.T.);
#584=FACE_OUTER_BOUND('',#1078,.T.);
#585=FACE_OUTER_BOUND('',#1079,.T.);
#586=FACE_OUTER_BOUND('',#1080,.T.);
#587=FACE_OUTER_BOUND('',#1081,.T.);
#588=FACE_OUTER_BOUND('',#1082,.T.);
#589=FACE_OUTER_BOUND('',#1083,.T.);
#590=FACE_OUTER_BOUND('',#1084,.T.);
#591=FACE_OUTER_BOUND('',#1085,.T.);
#592=FACE_OUTER_BOUND('',#1086,.T.);
#593=FACE_OUTER_BOUND('',#1087,.T.);
#594=FACE_OUTER_BOUND('',#1088,.T.);
#595=FACE_OUTER_BOUND('',#1089,.T.);
#596=FACE_OUTER_BOUND('',#1090,.T.);
#597=FACE_OUTER_BOUND('',#1091,.T.);
#598=FACE_OUTER_BOUND('',#1092,.T.);
#599=FACE_OUTER_BOUND('',#1093,.T.);
#600=FACE_OUTER_BOUND('',#1094,.T.);
#601=FACE_OUTER_BOUND('',#1095,.T.);
#602=FACE_OUTER_BOUND('',#1096,.T.);
#603=FACE_OUTER_BOUND('',#1097,.T.);
#604=FACE_OUTER_BOUND('',#1098,.T.);
#605=FACE_OUTER_BOUND('',#1099,.T.);
#606=FACE_OUTER_BOUND('',#1100,.T.);
#607=FACE_OUTER_BOUND('',#1101,.T.);
#608=FACE_OUTER_BOUND('',#1102,.T.);
#609=FACE_OUTER_BOUND('',#1103,.T.);
#610=FACE_OUTER_BOUND('',#1104,.T.);
#611=FACE_OUTER_BOUND('',#1105,.T.);
#612=FACE_OUTER_BOUND('',#1106,.T.);
#613=FACE_OUTER_BOUND('',#1107,.T.);
#614=FACE_OUTER_BOUND('',#1108,.T.);
#615=FACE_OUTER_BOUND('',#1109,.T.);
#616=FACE_OUTER_BOUND('',#1110,.T.);
#617=FACE_OUTER_BOUND('',#1111,.T.);
#618=FACE_OUTER_BOUND('',#1112,.T.);
#619=FACE_OUTER_BOUND('',#1113,.T.);
#620=FACE_OUTER_BOUND('',#1114,.T.);
#621=FACE_OUTER_BOUND('',#1115,.T.);
#622=FACE_OUTER_BOUND('',#1116,.T.);
#623=FACE_OUTER_BOUND('',#1117,.T.);
#624=FACE_OUTER_BOUND('',#1118,.T.);
#625=FACE_OUTER_BOUND('',#1119,.T.);
#626=FACE_OUTER_BOUND('',#1120,.T.);
#627=FACE_OUTER_BOUND('',#1121,.T.);
#628=FACE_OUTER_BOUND('',#1122,.T.);
#629=FACE_OUTER_BOUND('',#1123,.T.);
#630=FACE_OUTER_BOUND('',#1124,.T.);
#631=FACE_OUTER_BOUND('',#1125,.T.);
#632=FACE_OUTER_BOUND('',#1126,.T.);
#633=FACE_OUTER_BOUND('',#1127,.T.);
#634=FACE_OUTER_BOUND('',#1128,.T.);
#635=FACE_OUTER_BOUND('',#1129,.T.);
#636=FACE_OUTER_BOUND('',#1130,.T.);
#637=FACE_OUTER_BOUND('',#1131,.T.);
#638=FACE_OUTER_BOUND('',#1132,.T.);
#639=FACE_OUTER_BOUND('',#1133,.T.);
#640=FACE_OUTER_BOUND('',#1134,.T.);
#641=FACE_OUTER_BOUND('',#1135,.T.);
#642=FACE_OUTER_BOUND('',#1136,.T.);
#643=FACE_OUTER_BOUND('',#1137,.T.);
#644=FACE_OUTER_BOUND('',#1138,.T.);
#645=FACE_OUTER_BOUND('',#1139,.T.);
#646=FACE_OUTER_BOUND('',#1140,.T.);
#647=FACE_OUTER_BOUND('',#1141,.T.);
#648=FACE_OUTER_BOUND('',#1142,.T.);
#649=FACE_OUTER_BOUND('',#1143,.T.);
#650=FACE_OUTER_BOUND('',#1144,.T.);
#651=FACE_OUTER_BOUND('',#1145,.T.);
#652=FACE_OUTER_BOUND('',#1146,.T.);
#653=FACE_OUTER_BOUND('',#1147,.T.);
#654=FACE_OUTER_BOUND('',#1148,.T.);
#655=FACE_OUTER_BOUND('',#1149,.T.);
#656=FACE_OUTER_BOUND('',#1150,.T.);
#657=FACE_OUTER_BOUND('',#1151,.T.);
#658=FACE_OUTER_BOUND('',#1152,.T.);
#659=FACE_OUTER_BOUND('',#1153,.T.);
#660=FACE_OUTER_BOUND('',#1154,.T.);
#661=FACE_OUTER_BOUND('',#1155,.T.);
#662=FACE_OUTER_BOUND('',#1156,.T.);
#663=FACE_OUTER_BOUND('',#1157,.T.);
#664=FACE_OUTER_BOUND('',#1158,.T.);
#665=FACE_OUTER_BOUND('',#1159,.T.);
#666=FACE_OUTER_BOUND('',#1160,.T.);
#667=FACE_OUTER_BOUND('',#1161,.T.);
#668=FACE_OUTER_BOUND('',#1162,.T.);
#669=FACE_OUTER_BOUND('',#1163,.T.);
#670=FACE_OUTER_BOUND('',#1164,.T.);
#671=FACE_OUTER_BOUND('',#1165,.T.);
#672=FACE_OUTER_BOUND('',#1166,.T.);
#673=FACE_OUTER_BOUND('',#1167,.T.);
#674=FACE_OUTER_BOUND('',#1168,.T.);
#675=FACE_OUTER_BOUND('',#1169,.T.);
#676=FACE_OUTER_BOUND('',#1170,.T.);
#677=FACE_OUTER_BOUND('',#1171,.T.);
#678=FACE_OUTER_BOUND('',#1172,.T.);
#679=FACE_OUTER_BOUND('',#1173,.T.);
#680=FACE_OUTER_BOUND('',#1174,.T.);
#681=FACE_OUTER_BOUND('',#1175,.T.);
#682=FACE_OUTER_BOUND('',#1176,.T.);
#683=FACE_OUTER_BOUND('',#1177,.T.);
#684=FACE_OUTER_BOUND('',#1178,.T.);
#685=FACE_OUTER_BOUND('',#1179,.T.);
#686=FACE_OUTER_BOUND('',#1180,.T.);
#687=FACE_OUTER_BOUND('',#1181,.T.);
#688=FACE_OUTER_BOUND('',#1182,.T.);
#689=FACE_OUTER_BOUND('',#1183,.T.);
#690=FACE_OUTER_BOUND('',#1184,.T.);
#691=FACE_OUTER_BOUND('',#1185,.T.);
#692=FACE_OUTER_BOUND('',#1186,.T.);
#693=FACE_OUTER_BOUND('',#1187,.T.);
#694=FACE_OUTER_BOUND('',#1188,.T.);
#695=FACE_OUTER_BOUND('',#1189,.T.);
#696=FACE_OUTER_BOUND('',#1190,.T.);
#697=FACE_OUTER_BOUND('',#1191,.T.);
#698=FACE_OUTER_BOUND('',#1192,.T.);
#699=FACE_OUTER_BOUND('',#1193,.T.);
#700=FACE_OUTER_BOUND('',#1194,.T.);
#701=FACE_OUTER_BOUND('',#1195,.T.);
#702=FACE_OUTER_BOUND('',#1196,.T.);
#703=FACE_OUTER_BOUND('',#1197,.T.);
#704=FACE_OUTER_BOUND('',#1198,.T.);
#705=EDGE_LOOP('',(#5187,#5188,#5189,#5190));
#706=EDGE_LOOP('',(#5191,#5192,#5193,#5194));
#707=EDGE_LOOP('',(#5195,#5196,#5197,#5198,#5199,#5200,#5201,#5202));
#708=EDGE_LOOP('',(#5203,#5204,#5205,#5206,#5207,#5208,#5209,#5210));
#709=EDGE_LOOP('',(#5211,#5212,#5213,#5214,#5215,#5216,#5217,#5218));
#710=EDGE_LOOP('',(#5219,#5220,#5221,#5222,#5223,#5224,#5225,#5226));
#711=EDGE_LOOP('',(#5227,#5228,#5229,#5230,#5231,#5232,#5233,#5234));
#712=EDGE_LOOP('',(#5235,#5236,#5237,#5238,#5239,#5240,#5241,#5242));
#713=EDGE_LOOP('',(#5243,#5244,#5245,#5246,#5247,#5248,#5249,#5250));
#714=EDGE_LOOP('',(#5251));
#715=EDGE_LOOP('',(#5252,#5253,#5254,#5255,#5256,#5257,#5258,#5259));
#716=EDGE_LOOP('',(#5260,#5261,#5262,#5263,#5264,#5265,#5266,#5267));
#717=EDGE_LOOP('',(#5268,#5269,#5270,#5271,#5272,#5273,#5274,#5275));
#718=EDGE_LOOP('',(#5276,#5277,#5278,#5279,#5280,#5281,#5282,#5283));
#719=EDGE_LOOP('',(#5284,#5285,#5286,#5287,#5288,#5289,#5290,#5291));
#720=EDGE_LOOP('',(#5292,#5293,#5294,#5295,#5296,#5297,#5298,#5299));
#721=EDGE_LOOP('',(#5300,#5301,#5302,#5303,#5304,#5305,#5306,#5307));
#722=EDGE_LOOP('',(#5308,#5309,#5310,#5311,#5312,#5313,#5314,#5315));
#723=EDGE_LOOP('',(#5316,#5317,#5318,#5319,#5320,#5321,#5322,#5323));
#724=EDGE_LOOP('',(#5324,#5325,#5326,#5327,#5328,#5329,#5330,#5331));
#725=EDGE_LOOP('',(#5332,#5333,#5334,#5335,#5336,#5337,#5338,#5339));
#726=EDGE_LOOP('',(#5340,#5341,#5342,#5343,#5344,#5345,#5346,#5347));
#727=EDGE_LOOP('',(#5348,#5349,#5350,#5351,#5352,#5353,#5354,#5355));
#728=EDGE_LOOP('',(#5356,#5357,#5358,#5359,#5360,#5361,#5362,#5363));
#729=EDGE_LOOP('',(#5364,#5365,#5366,#5367,#5368,#5369,#5370,#5371));
#730=EDGE_LOOP('',(#5372,#5373,#5374,#5375,#5376,#5377,#5378,#5379));
#731=EDGE_LOOP('',(#5380));
#732=EDGE_LOOP('',(#5381,#5382,#5383,#5384,#5385,#5386,#5387,#5388));
#733=EDGE_LOOP('',(#5389,#5390,#5391,#5392,#5393,#5394,#5395,#5396));
#734=EDGE_LOOP('',(#5397,#5398,#5399,#5400,#5401,#5402,#5403,#5404));
#735=EDGE_LOOP('',(#5405,#5406,#5407,#5408,#5409,#5410,#5411,#5412));
#736=EDGE_LOOP('',(#5413,#5414,#5415,#5416,#5417,#5418,#5419,#5420));
#737=EDGE_LOOP('',(#5421,#5422,#5423,#5424,#5425,#5426,#5427,#5428));
#738=EDGE_LOOP('',(#5429,#5430,#5431,#5432,#5433,#5434,#5435,#5436));
#739=EDGE_LOOP('',(#5437,#5438,#5439,#5440,#5441,#5442,#5443,#5444));
#740=EDGE_LOOP('',(#5445,#5446,#5447,#5448,#5449,#5450,#5451,#5452));
#741=EDGE_LOOP('',(#5453,#5454,#5455,#5456,#5457,#5458,#5459,#5460));
#742=EDGE_LOOP('',(#5461));
#743=EDGE_LOOP('',(#5462,#5463,#5464,#5465,#5466,#5467,#5468,#5469,#5470,
#5471,#5472,#5473,#5474,#5475,#5476,#5477,#5478,#5479,#5480,#5481,#5482,
#5483,#5484,#5485,#5486,#5487,#5488,#5489,#5490,#5491,#5492,#5493,#5494,
#5495));
#744=EDGE_LOOP('',(#5496,#5497,#5498,#5499,#5500,#5501,#5502,#5503));
#745=EDGE_LOOP('',(#5504,#5505,#5506,#5507,#5508,#5509,#5510,#5511));
#746=EDGE_LOOP('',(#5512,#5513,#5514,#5515,#5516,#5517,#5518,#5519));
#747=EDGE_LOOP('',(#5520,#5521,#5522,#5523,#5524,#5525,#5526,#5527));
#748=EDGE_LOOP('',(#5528,#5529,#5530,#5531,#5532,#5533,#5534,#5535));
#749=EDGE_LOOP('',(#5536,#5537,#5538,#5539,#5540,#5541,#5542,#5543,#5544,
#5545,#5546,#5547,#5548,#5549,#5550,#5551,#5552,#5553,#5554,#5555,#5556,
#5557,#5558,#5559,#5560,#5561,#5562,#5563,#5564,#5565,#5566,#5567,#5568,
#5569));
#750=EDGE_LOOP('',(#5570));
#751=EDGE_LOOP('',(#5571,#5572,#5573,#5574,#5575,#5576,#5577,#5578));
#752=EDGE_LOOP('',(#5579,#5580,#5581,#5582,#5583,#5584,#5585,#5586));
#753=EDGE_LOOP('',(#5587,#5588,#5589,#5590,#5591,#5592,#5593,#5594));
#754=EDGE_LOOP('',(#5595,#5596,#5597,#5598));
#755=EDGE_LOOP('',(#5599,#5600,#5601,#5602));
#756=EDGE_LOOP('',(#5603,#5604,#5605,#5606));
#757=EDGE_LOOP('',(#5607,#5608,#5609,#5610));
#758=EDGE_LOOP('',(#5611,#5612,#5613,#5614));
#759=EDGE_LOOP('',(#5615,#5616,#5617,#5618));
#760=EDGE_LOOP('',(#5619,#5620,#5621,#5622));
#761=EDGE_LOOP('',(#5623,#5624,#5625,#5626));
#762=EDGE_LOOP('',(#5627,#5628,#5629,#5630));
#763=EDGE_LOOP('',(#5631,#5632,#5633,#5634));
#764=EDGE_LOOP('',(#5635,#5636,#5637,#5638));
#765=EDGE_LOOP('',(#5639,#5640,#5641,#5642,#5643,#5644,#5645,#5646));
#766=EDGE_LOOP('',(#5647,#5648,#5649,#5650,#5651,#5652,#5653,#5654,#5655,
#5656,#5657,#5658,#5659,#5660,#5661,#5662,#5663,#5664,#5665,#5666,#5667,
#5668,#5669,#5670,#5671,#5672,#5673,#5674,#5675,#5676,#5677,#5678,#5679,
#5680));
#767=EDGE_LOOP('',(#5681,#5682,#5683,#5684,#5685,#5686,#5687,#5688,#5689,
#5690,#5691,#5692,#5693,#5694,#5695,#5696,#5697,#5698,#5699,#5700,#5701,
#5702,#5703,#5704,#5705,#5706,#5707,#5708,#5709,#5710,#5711,#5712,#5713,
#5714));
#768=EDGE_LOOP('',(#5715,#5716,#5717,#5718,#5719,#5720,#5721,#5722));
#769=EDGE_LOOP('',(#5723,#5724,#5725,#5726,#5727,#5728,#5729,#5730));
#770=EDGE_LOOP('',(#5731,#5732,#5733,#5734,#5735,#5736,#5737,#5738));
#771=EDGE_LOOP('',(#5739,#5740,#5741,#5742,#5743,#5744,#5745,#5746));
#772=EDGE_LOOP('',(#5747,#5748,#5749,#5750,#5751,#5752,#5753,#5754));
#773=EDGE_LOOP('',(#5755,#5756,#5757,#5758,#5759,#5760,#5761,#5762));
#774=EDGE_LOOP('',(#5763));
#775=EDGE_LOOP('',(#5764,#5765,#5766,#5767,#5768,#5769,#5770,#5771));
#776=EDGE_LOOP('',(#5772,#5773,#5774,#5775,#5776,#5777,#5778,#5779));
#777=EDGE_LOOP('',(#5780,#5781,#5782,#5783,#5784,#5785,#5786,#5787));
#778=EDGE_LOOP('',(#5788,#5789,#5790,#5791,#5792,#5793,#5794,#5795));
#779=EDGE_LOOP('',(#5796,#5797,#5798,#5799,#5800,#5801,#5802,#5803));
#780=EDGE_LOOP('',(#5804,#5805,#5806,#5807,#5808,#5809,#5810,#5811));
#781=EDGE_LOOP('',(#5812,#5813,#5814,#5815,#5816,#5817,#5818,#5819));
#782=EDGE_LOOP('',(#5820,#5821,#5822,#5823,#5824,#5825,#5826,#5827));
#783=EDGE_LOOP('',(#5828,#5829,#5830,#5831,#5832,#5833,#5834,#5835));
#784=EDGE_LOOP('',(#5836,#5837,#5838,#5839,#5840,#5841,#5842,#5843));
#785=EDGE_LOOP('',(#5844,#5845,#5846,#5847,#5848,#5849,#5850,#5851));
#786=EDGE_LOOP('',(#5852,#5853,#5854,#5855,#5856,#5857,#5858,#5859));
#787=EDGE_LOOP('',(#5860,#5861,#5862,#5863,#5864,#5865,#5866,#5867));
#788=EDGE_LOOP('',(#5868,#5869,#5870,#5871,#5872,#5873,#5874,#5875));
#789=EDGE_LOOP('',(#5876,#5877,#5878,#5879,#5880,#5881,#5882,#5883));
#790=EDGE_LOOP('',(#5884,#5885,#5886,#5887,#5888,#5889,#5890,#5891));
#791=EDGE_LOOP('',(#5892));
#792=EDGE_LOOP('',(#5893,#5894,#5895,#5896,#5897,#5898,#5899,#5900));
#793=EDGE_LOOP('',(#5901,#5902,#5903,#5904,#5905,#5906,#5907,#5908));
#794=EDGE_LOOP('',(#5909,#5910,#5911,#5912,#5913,#5914,#5915,#5916));
#795=EDGE_LOOP('',(#5917,#5918,#5919,#5920,#5921,#5922,#5923,#5924));
#796=EDGE_LOOP('',(#5925,#5926,#5927,#5928,#5929,#5930,#5931,#5932));
#797=EDGE_LOOP('',(#5933,#5934,#5935,#5936,#5937,#5938,#5939,#5940));
#798=EDGE_LOOP('',(#5941,#5942,#5943,#5944,#5945,#5946,#5947,#5948));
#799=EDGE_LOOP('',(#5949,#5950,#5951,#5952,#5953,#5954,#5955,#5956));
#800=EDGE_LOOP('',(#5957,#5958,#5959,#5960,#5961,#5962,#5963,#5964));
#801=EDGE_LOOP('',(#5965,#5966,#5967,#5968,#5969,#5970,#5971,#5972));
#802=EDGE_LOOP('',(#5973));
#803=EDGE_LOOP('',(#5974,#5975,#5976,#5977,#5978,#5979,#5980,#5981));
#804=EDGE_LOOP('',(#5982,#5983,#5984,#5985,#5986,#5987,#5988,#5989));
#805=EDGE_LOOP('',(#5990,#5991,#5992,#5993,#5994,#5995,#5996,#5997));
#806=EDGE_LOOP('',(#5998,#5999,#6000,#6001,#6002,#6003,#6004,#6005));
#807=EDGE_LOOP('',(#6006,#6007,#6008,#6009,#6010,#6011,#6012,#6013));
#808=EDGE_LOOP('',(#6014));
#809=EDGE_LOOP('',(#6015,#6016,#6017,#6018,#6019,#6020,#6021,#6022));
#810=EDGE_LOOP('',(#6023,#6024,#6025,#6026,#6027,#6028,#6029,#6030));
#811=EDGE_LOOP('',(#6031,#6032,#6033,#6034,#6035,#6036,#6037,#6038));
#812=EDGE_LOOP('',(#6039,#6040,#6041,#6042));
#813=EDGE_LOOP('',(#6043,#6044,#6045,#6046));
#814=EDGE_LOOP('',(#6047,#6048,#6049,#6050));
#815=EDGE_LOOP('',(#6051,#6052,#6053,#6054));
#816=EDGE_LOOP('',(#6055,#6056,#6057,#6058));
#817=EDGE_LOOP('',(#6059,#6060,#6061,#6062));
#818=EDGE_LOOP('',(#6063,#6064,#6065,#6066));
#819=EDGE_LOOP('',(#6067,#6068,#6069,#6070));
#820=EDGE_LOOP('',(#6071,#6072,#6073,#6074));
#821=EDGE_LOOP('',(#6075,#6076,#6077,#6078));
#822=EDGE_LOOP('',(#6079,#6080,#6081,#6082));
#823=EDGE_LOOP('',(#6083,#6084,#6085,#6086));
#824=EDGE_LOOP('',(#6087,#6088,#6089,#6090));
#825=EDGE_LOOP('',(#6091,#6092,#6093,#6094));
#826=EDGE_LOOP('',(#6095,#6096,#6097,#6098));
#827=EDGE_LOOP('',(#6099,#6100,#6101,#6102));
#828=EDGE_LOOP('',(#6103,#6104,#6105,#6106));
#829=EDGE_LOOP('',(#6107,#6108,#6109,#6110));
#830=EDGE_LOOP('',(#6111,#6112,#6113,#6114));
#831=EDGE_LOOP('',(#6115,#6116,#6117,#6118));
#832=EDGE_LOOP('',(#6119,#6120,#6121,#6122));
#833=EDGE_LOOP('',(#6123,#6124,#6125,#6126));
#834=EDGE_LOOP('',(#6127,#6128,#6129,#6130));
#835=EDGE_LOOP('',(#6131,#6132,#6133,#6134));
#836=EDGE_LOOP('',(#6135,#6136,#6137,#6138));
#837=EDGE_LOOP('',(#6139,#6140,#6141,#6142));
#838=EDGE_LOOP('',(#6143,#6144,#6145,#6146));
#839=EDGE_LOOP('',(#6147,#6148,#6149,#6150));
#840=EDGE_LOOP('',(#6151,#6152,#6153,#6154));
#841=EDGE_LOOP('',(#6155,#6156,#6157,#6158));
#842=EDGE_LOOP('',(#6159,#6160,#6161,#6162));
#843=EDGE_LOOP('',(#6163,#6164,#6165,#6166));
#844=EDGE_LOOP('',(#6167,#6168,#6169,#6170));
#845=EDGE_LOOP('',(#6171,#6172,#6173,#6174));
#846=EDGE_LOOP('',(#6175,#6176,#6177,#6178));
#847=EDGE_LOOP('',(#6179,#6180,#6181,#6182));
#848=EDGE_LOOP('',(#6183,#6184,#6185,#6186));
#849=EDGE_LOOP('',(#6187,#6188,#6189,#6190));
#850=EDGE_LOOP('',(#6191,#6192,#6193,#6194));
#851=EDGE_LOOP('',(#6195,#6196,#6197,#6198));
#852=EDGE_LOOP('',(#6199,#6200,#6201,#6202));
#853=EDGE_LOOP('',(#6203,#6204,#6205,#6206));
#854=EDGE_LOOP('',(#6207,#6208,#6209,#6210));
#855=EDGE_LOOP('',(#6211,#6212,#6213,#6214));
#856=EDGE_LOOP('',(#6215,#6216,#6217,#6218));
#857=EDGE_LOOP('',(#6219,#6220,#6221,#6222));
#858=EDGE_LOOP('',(#6223,#6224,#6225,#6226));
#859=EDGE_LOOP('',(#6227,#6228,#6229,#6230));
#860=EDGE_LOOP('',(#6231,#6232,#6233,#6234));
#861=EDGE_LOOP('',(#6235,#6236,#6237,#6238));
#862=EDGE_LOOP('',(#6239,#6240,#6241,#6242));
#863=EDGE_LOOP('',(#6243,#6244,#6245,#6246));
#864=EDGE_LOOP('',(#6247,#6248,#6249,#6250));
#865=EDGE_LOOP('',(#6251,#6252,#6253,#6254));
#866=EDGE_LOOP('',(#6255,#6256,#6257,#6258));
#867=EDGE_LOOP('',(#6259,#6260,#6261,#6262));
#868=EDGE_LOOP('',(#6263,#6264,#6265,#6266));
#869=EDGE_LOOP('',(#6267,#6268,#6269,#6270));
#870=EDGE_LOOP('',(#6271,#6272,#6273,#6274));
#871=EDGE_LOOP('',(#6275,#6276,#6277,#6278));
#872=EDGE_LOOP('',(#6279,#6280,#6281,#6282));
#873=EDGE_LOOP('',(#6283,#6284,#6285,#6286));
#874=EDGE_LOOP('',(#6287,#6288,#6289,#6290));
#875=EDGE_LOOP('',(#6291,#6292,#6293,#6294));
#876=EDGE_LOOP('',(#6295,#6296,#6297,#6298));
#877=EDGE_LOOP('',(#6299,#6300,#6301,#6302));
#878=EDGE_LOOP('',(#6303,#6304,#6305,#6306));
#879=EDGE_LOOP('',(#6307,#6308,#6309,#6310));
#880=EDGE_LOOP('',(#6311,#6312,#6313,#6314));
#881=EDGE_LOOP('',(#6315,#6316,#6317,#6318));
#882=EDGE_LOOP('',(#6319,#6320,#6321,#6322));
#883=EDGE_LOOP('',(#6323,#6324,#6325,#6326));
#884=EDGE_LOOP('',(#6327,#6328,#6329,#6330));
#885=EDGE_LOOP('',(#6331,#6332,#6333,#6334));
#886=EDGE_LOOP('',(#6335,#6336,#6337,#6338));
#887=EDGE_LOOP('',(#6339,#6340,#6341,#6342));
#888=EDGE_LOOP('',(#6343,#6344,#6345,#6346));
#889=EDGE_LOOP('',(#6347,#6348,#6349,#6350));
#890=EDGE_LOOP('',(#6351,#6352,#6353,#6354));
#891=EDGE_LOOP('',(#6355,#6356,#6357,#6358));
#892=EDGE_LOOP('',(#6359,#6360,#6361,#6362));
#893=EDGE_LOOP('',(#6363,#6364,#6365,#6366));
#894=EDGE_LOOP('',(#6367,#6368,#6369,#6370));
#895=EDGE_LOOP('',(#6371,#6372,#6373,#6374));
#896=EDGE_LOOP('',(#6375,#6376,#6377,#6378));
#897=EDGE_LOOP('',(#6379,#6380,#6381,#6382));
#898=EDGE_LOOP('',(#6383,#6384,#6385,#6386));
#899=EDGE_LOOP('',(#6387,#6388,#6389,#6390));
#900=EDGE_LOOP('',(#6391,#6392,#6393,#6394));
#901=EDGE_LOOP('',(#6395,#6396,#6397,#6398));
#902=EDGE_LOOP('',(#6399,#6400,#6401,#6402));
#903=EDGE_LOOP('',(#6403,#6404,#6405,#6406));
#904=EDGE_LOOP('',(#6407,#6408,#6409,#6410));
#905=EDGE_LOOP('',(#6411,#6412,#6413,#6414));
#906=EDGE_LOOP('',(#6415,#6416,#6417,#6418));
#907=EDGE_LOOP('',(#6419,#6420,#6421,#6422));
#908=EDGE_LOOP('',(#6423,#6424,#6425,#6426));
#909=EDGE_LOOP('',(#6427,#6428,#6429,#6430));
#910=EDGE_LOOP('',(#6431,#6432,#6433,#6434));
#911=EDGE_LOOP('',(#6435,#6436,#6437,#6438));
#912=EDGE_LOOP('',(#6439,#6440,#6441,#6442));
#913=EDGE_LOOP('',(#6443,#6444,#6445,#6446));
#914=EDGE_LOOP('',(#6447,#6448,#6449,#6450));
#915=EDGE_LOOP('',(#6451,#6452,#6453,#6454));
#916=EDGE_LOOP('',(#6455,#6456,#6457,#6458));
#917=EDGE_LOOP('',(#6459,#6460,#6461,#6462));
#918=EDGE_LOOP('',(#6463,#6464,#6465,#6466));
#919=EDGE_LOOP('',(#6467,#6468,#6469,#6470));
#920=EDGE_LOOP('',(#6471,#6472,#6473,#6474));
#921=EDGE_LOOP('',(#6475,#6476,#6477,#6478));
#922=EDGE_LOOP('',(#6479,#6480,#6481,#6482));
#923=EDGE_LOOP('',(#6483,#6484,#6485,#6486));
#924=EDGE_LOOP('',(#6487,#6488,#6489,#6490));
#925=EDGE_LOOP('',(#6491,#6492,#6493,#6494));
#926=EDGE_LOOP('',(#6495,#6496,#6497,#6498));
#927=EDGE_LOOP('',(#6499,#6500,#6501,#6502));
#928=EDGE_LOOP('',(#6503,#6504,#6505,#6506));
#929=EDGE_LOOP('',(#6507,#6508,#6509,#6510));
#930=EDGE_LOOP('',(#6511,#6512,#6513,#6514));
#931=EDGE_LOOP('',(#6515,#6516,#6517,#6518));
#932=EDGE_LOOP('',(#6519,#6520,#6521,#6522));
#933=EDGE_LOOP('',(#6523,#6524,#6525,#6526));
#934=EDGE_LOOP('',(#6527,#6528,#6529,#6530));
#935=EDGE_LOOP('',(#6531,#6532,#6533,#6534));
#936=EDGE_LOOP('',(#6535,#6536,#6537,#6538));
#937=EDGE_LOOP('',(#6539,#6540,#6541,#6542));
#938=EDGE_LOOP('',(#6543,#6544,#6545,#6546));
#939=EDGE_LOOP('',(#6547,#6548,#6549,#6550));
#940=EDGE_LOOP('',(#6551,#6552,#6553,#6554));
#941=EDGE_LOOP('',(#6555,#6556,#6557,#6558));
#942=EDGE_LOOP('',(#6559,#6560,#6561,#6562));
#943=EDGE_LOOP('',(#6563,#6564,#6565,#6566));
#944=EDGE_LOOP('',(#6567,#6568,#6569,#6570));
#945=EDGE_LOOP('',(#6571,#6572,#6573,#6574));
#946=EDGE_LOOP('',(#6575,#6576,#6577,#6578));
#947=EDGE_LOOP('',(#6579,#6580,#6581,#6582));
#948=EDGE_LOOP('',(#6583,#6584,#6585,#6586));
#949=EDGE_LOOP('',(#6587,#6588,#6589,#6590));
#950=EDGE_LOOP('',(#6591,#6592,#6593,#6594));
#951=EDGE_LOOP('',(#6595,#6596,#6597,#6598));
#952=EDGE_LOOP('',(#6599,#6600,#6601,#6602));
#953=EDGE_LOOP('',(#6603,#6604,#6605,#6606));
#954=EDGE_LOOP('',(#6607,#6608,#6609,#6610));
#955=EDGE_LOOP('',(#6611,#6612,#6613,#6614));
#956=EDGE_LOOP('',(#6615,#6616,#6617,#6618));
#957=EDGE_LOOP('',(#6619,#6620,#6621,#6622));
#958=EDGE_LOOP('',(#6623,#6624,#6625,#6626));
#959=EDGE_LOOP('',(#6627,#6628,#6629,#6630));
#960=EDGE_LOOP('',(#6631,#6632,#6633,#6634));
#961=EDGE_LOOP('',(#6635,#6636,#6637,#6638));
#962=EDGE_LOOP('',(#6639,#6640,#6641,#6642));
#963=EDGE_LOOP('',(#6643,#6644,#6645,#6646));
#964=EDGE_LOOP('',(#6647,#6648,#6649,#6650));
#965=EDGE_LOOP('',(#6651,#6652,#6653,#6654));
#966=EDGE_LOOP('',(#6655,#6656,#6657,#6658));
#967=EDGE_LOOP('',(#6659,#6660,#6661,#6662));
#968=EDGE_LOOP('',(#6663,#6664,#6665,#6666));
#969=EDGE_LOOP('',(#6667,#6668,#6669,#6670));
#970=EDGE_LOOP('',(#6671,#6672,#6673,#6674));
#971=EDGE_LOOP('',(#6675,#6676,#6677,#6678));
#972=EDGE_LOOP('',(#6679,#6680,#6681,#6682));
#973=EDGE_LOOP('',(#6683,#6684,#6685,#6686));
#974=EDGE_LOOP('',(#6687,#6688,#6689,#6690));
#975=EDGE_LOOP('',(#6691,#6692,#6693,#6694));
#976=EDGE_LOOP('',(#6695,#6696,#6697,#6698));
#977=EDGE_LOOP('',(#6699,#6700,#6701,#6702));
#978=EDGE_LOOP('',(#6703,#6704,#6705,#6706));
#979=EDGE_LOOP('',(#6707,#6708,#6709,#6710));
#980=EDGE_LOOP('',(#6711,#6712,#6713,#6714));
#981=EDGE_LOOP('',(#6715,#6716,#6717,#6718));
#982=EDGE_LOOP('',(#6719,#6720,#6721,#6722));
#983=EDGE_LOOP('',(#6723,#6724,#6725,#6726));
#984=EDGE_LOOP('',(#6727,#6728,#6729,#6730));
#985=EDGE_LOOP('',(#6731,#6732,#6733,#6734));
#986=EDGE_LOOP('',(#6735,#6736,#6737,#6738));
#987=EDGE_LOOP('',(#6739,#6740,#6741,#6742));
#988=EDGE_LOOP('',(#6743,#6744,#6745,#6746));
#989=EDGE_LOOP('',(#6747,#6748,#6749,#6750));
#990=EDGE_LOOP('',(#6751,#6752,#6753,#6754));
#991=EDGE_LOOP('',(#6755,#6756,#6757,#6758));
#992=EDGE_LOOP('',(#6759,#6760,#6761,#6762));
#993=EDGE_LOOP('',(#6763,#6764,#6765,#6766));
#994=EDGE_LOOP('',(#6767,#6768,#6769,#6770));
#995=EDGE_LOOP('',(#6771,#6772,#6773,#6774));
#996=EDGE_LOOP('',(#6775,#6776,#6777,#6778));
#997=EDGE_LOOP('',(#6779,#6780,#6781,#6782));
#998=EDGE_LOOP('',(#6783,#6784,#6785,#6786));
#999=EDGE_LOOP('',(#6787,#6788,#6789,#6790));
#1000=EDGE_LOOP('',(#6791,#6792,#6793,#6794));
#1001=EDGE_LOOP('',(#6795,#6796,#6797,#6798));
#1002=EDGE_LOOP('',(#6799,#6800,#6801,#6802));
#1003=EDGE_LOOP('',(#6803,#6804,#6805,#6806));
#1004=EDGE_LOOP('',(#6807,#6808,#6809,#6810));
#1005=EDGE_LOOP('',(#6811,#6812,#6813,#6814));
#1006=EDGE_LOOP('',(#6815,#6816,#6817,#6818));
#1007=EDGE_LOOP('',(#6819,#6820,#6821,#6822));
#1008=EDGE_LOOP('',(#6823,#6824,#6825,#6826));
#1009=EDGE_LOOP('',(#6827,#6828,#6829,#6830));
#1010=EDGE_LOOP('',(#6831,#6832,#6833,#6834));
#1011=EDGE_LOOP('',(#6835,#6836,#6837,#6838));
#1012=EDGE_LOOP('',(#6839,#6840,#6841,#6842));
#1013=EDGE_LOOP('',(#6843,#6844,#6845,#6846));
#1014=EDGE_LOOP('',(#6847,#6848,#6849,#6850));
#1015=EDGE_LOOP('',(#6851,#6852,#6853,#6854));
#1016=EDGE_LOOP('',(#6855,#6856,#6857,#6858));
#1017=EDGE_LOOP('',(#6859,#6860,#6861,#6862));
#1018=EDGE_LOOP('',(#6863,#6864,#6865,#6866));
#1019=EDGE_LOOP('',(#6867,#6868,#6869,#6870));
#1020=EDGE_LOOP('',(#6871,#6872,#6873,#6874));
#1021=EDGE_LOOP('',(#6875,#6876,#6877,#6878));
#1022=EDGE_LOOP('',(#6879,#6880,#6881,#6882));
#1023=EDGE_LOOP('',(#6883,#6884,#6885,#6886));
#1024=EDGE_LOOP('',(#6887,#6888,#6889,#6890));
#1025=EDGE_LOOP('',(#6891,#6892,#6893,#6894));
#1026=EDGE_LOOP('',(#6895,#6896,#6897,#6898));
#1027=EDGE_LOOP('',(#6899,#6900,#6901,#6902));
#1028=EDGE_LOOP('',(#6903,#6904,#6905,#6906));
#1029=EDGE_LOOP('',(#6907,#6908,#6909,#6910));
#1030=EDGE_LOOP('',(#6911,#6912,#6913,#6914));
#1031=EDGE_LOOP('',(#6915,#6916,#6917,#6918));
#1032=EDGE_LOOP('',(#6919,#6920,#6921,#6922));
#1033=EDGE_LOOP('',(#6923,#6924,#6925,#6926));
#1034=EDGE_LOOP('',(#6927,#6928,#6929,#6930));
#1035=EDGE_LOOP('',(#6931,#6932,#6933,#6934));
#1036=EDGE_LOOP('',(#6935,#6936,#6937,#6938));
#1037=EDGE_LOOP('',(#6939,#6940,#6941,#6942));
#1038=EDGE_LOOP('',(#6943,#6944,#6945,#6946));
#1039=EDGE_LOOP('',(#6947,#6948,#6949,#6950));
#1040=EDGE_LOOP('',(#6951,#6952,#6953,#6954));
#1041=EDGE_LOOP('',(#6955,#6956,#6957,#6958));
#1042=EDGE_LOOP('',(#6959,#6960,#6961,#6962));
#1043=EDGE_LOOP('',(#6963,#6964,#6965,#6966));
#1044=EDGE_LOOP('',(#6967,#6968,#6969,#6970));
#1045=EDGE_LOOP('',(#6971,#6972,#6973,#6974));
#1046=EDGE_LOOP('',(#6975,#6976,#6977,#6978));
#1047=EDGE_LOOP('',(#6979,#6980,#6981,#6982));
#1048=EDGE_LOOP('',(#6983,#6984,#6985,#6986));
#1049=EDGE_LOOP('',(#6987,#6988,#6989,#6990));
#1050=EDGE_LOOP('',(#6991,#6992,#6993,#6994));
#1051=EDGE_LOOP('',(#6995,#6996,#6997,#6998));
#1052=EDGE_LOOP('',(#6999,#7000,#7001,#7002));
#1053=EDGE_LOOP('',(#7003,#7004,#7005,#7006));
#1054=EDGE_LOOP('',(#7007,#7008,#7009,#7010));
#1055=EDGE_LOOP('',(#7011,#7012,#7013,#7014));
#1056=EDGE_LOOP('',(#7015,#7016,#7017,#7018));
#1057=EDGE_LOOP('',(#7019,#7020,#7021,#7022));
#1058=EDGE_LOOP('',(#7023,#7024,#7025,#7026));
#1059=EDGE_LOOP('',(#7027,#7028,#7029,#7030));
#1060=EDGE_LOOP('',(#7031,#7032,#7033,#7034));
#1061=EDGE_LOOP('',(#7035,#7036,#7037,#7038));
#1062=EDGE_LOOP('',(#7039,#7040,#7041,#7042));
#1063=EDGE_LOOP('',(#7043,#7044,#7045,#7046));
#1064=EDGE_LOOP('',(#7047,#7048,#7049,#7050));
#1065=EDGE_LOOP('',(#7051,#7052,#7053,#7054));
#1066=EDGE_LOOP('',(#7055,#7056,#7057,#7058));
#1067=EDGE_LOOP('',(#7059,#7060,#7061,#7062));
#1068=EDGE_LOOP('',(#7063,#7064,#7065,#7066));
#1069=EDGE_LOOP('',(#7067,#7068,#7069,#7070));
#1070=EDGE_LOOP('',(#7071,#7072,#7073,#7074));
#1071=EDGE_LOOP('',(#7075,#7076,#7077,#7078));
#1072=EDGE_LOOP('',(#7079,#7080,#7081,#7082));
#1073=EDGE_LOOP('',(#7083,#7084,#7085,#7086));
#1074=EDGE_LOOP('',(#7087,#7088,#7089,#7090));
#1075=EDGE_LOOP('',(#7091,#7092,#7093,#7094));
#1076=EDGE_LOOP('',(#7095,#7096,#7097,#7098));
#1077=EDGE_LOOP('',(#7099,#7100,#7101,#7102));
#1078=EDGE_LOOP('',(#7103,#7104,#7105,#7106));
#1079=EDGE_LOOP('',(#7107,#7108,#7109,#7110));
#1080=EDGE_LOOP('',(#7111,#7112,#7113,#7114));
#1081=EDGE_LOOP('',(#7115,#7116,#7117,#7118));
#1082=EDGE_LOOP('',(#7119,#7120,#7121,#7122));
#1083=EDGE_LOOP('',(#7123,#7124,#7125,#7126));
#1084=EDGE_LOOP('',(#7127,#7128,#7129,#7130));
#1085=EDGE_LOOP('',(#7131,#7132,#7133,#7134));
#1086=EDGE_LOOP('',(#7135,#7136,#7137,#7138));
#1087=EDGE_LOOP('',(#7139,#7140,#7141,#7142));
#1088=EDGE_LOOP('',(#7143,#7144,#7145,#7146));
#1089=EDGE_LOOP('',(#7147,#7148,#7149,#7150));
#1090=EDGE_LOOP('',(#7151,#7152,#7153,#7154));
#1091=EDGE_LOOP('',(#7155,#7156,#7157,#7158));
#1092=EDGE_LOOP('',(#7159,#7160,#7161,#7162));
#1093=EDGE_LOOP('',(#7163,#7164,#7165,#7166));
#1094=EDGE_LOOP('',(#7167,#7168,#7169,#7170));
#1095=EDGE_LOOP('',(#7171,#7172,#7173,#7174));
#1096=EDGE_LOOP('',(#7175,#7176,#7177,#7178));
#1097=EDGE_LOOP('',(#7179,#7180,#7181,#7182));
#1098=EDGE_LOOP('',(#7183,#7184,#7185,#7186));
#1099=EDGE_LOOP('',(#7187,#7188,#7189,#7190));
#1100=EDGE_LOOP('',(#7191,#7192,#7193,#7194));
#1101=EDGE_LOOP('',(#7195,#7196,#7197,#7198));
#1102=EDGE_LOOP('',(#7199,#7200,#7201,#7202));
#1103=EDGE_LOOP('',(#7203,#7204,#7205,#7206));
#1104=EDGE_LOOP('',(#7207,#7208,#7209,#7210));
#1105=EDGE_LOOP('',(#7211,#7212,#7213,#7214));
#1106=EDGE_LOOP('',(#7215,#7216,#7217,#7218));
#1107=EDGE_LOOP('',(#7219,#7220,#7221,#7222));
#1108=EDGE_LOOP('',(#7223,#7224,#7225,#7226));
#1109=EDGE_LOOP('',(#7227,#7228,#7229,#7230));
#1110=EDGE_LOOP('',(#7231,#7232,#7233,#7234));
#1111=EDGE_LOOP('',(#7235,#7236,#7237,#7238));
#1112=EDGE_LOOP('',(#7239,#7240,#7241,#7242));
#1113=EDGE_LOOP('',(#7243,#7244,#7245,#7246));
#1114=EDGE_LOOP('',(#7247,#7248,#7249,#7250));
#1115=EDGE_LOOP('',(#7251,#7252,#7253,#7254));
#1116=EDGE_LOOP('',(#7255,#7256,#7257,#7258));
#1117=EDGE_LOOP('',(#7259,#7260,#7261,#7262));
#1118=EDGE_LOOP('',(#7263,#7264,#7265,#7266));
#1119=EDGE_LOOP('',(#7267,#7268,#7269,#7270));
#1120=EDGE_LOOP('',(#7271,#7272,#7273,#7274));
#1121=EDGE_LOOP('',(#7275,#7276,#7277,#7278));
#1122=EDGE_LOOP('',(#7279,#7280,#7281,#7282));
#1123=EDGE_LOOP('',(#7283,#7284,#7285,#7286));
#1124=EDGE_LOOP('',(#7287,#7288,#7289,#7290));
#1125=EDGE_LOOP('',(#7291,#7292,#7293,#7294));
#1126=EDGE_LOOP('',(#7295,#7296,#7297,#7298));
#1127=EDGE_LOOP('',(#7299,#7300,#7301,#7302));
#1128=EDGE_LOOP('',(#7303,#7304,#7305,#7306));
#1129=EDGE_LOOP('',(#7307,#7308,#7309,#7310));
#1130=EDGE_LOOP('',(#7311,#7312,#7313,#7314));
#1131=EDGE_LOOP('',(#7315,#7316,#7317,#7318));
#1132=EDGE_LOOP('',(#7319,#7320,#7321,#7322));
#1133=EDGE_LOOP('',(#7323,#7324,#7325,#7326));
#1134=EDGE_LOOP('',(#7327,#7328,#7329,#7330));
#1135=EDGE_LOOP('',(#7331,#7332,#7333,#7334));
#1136=EDGE_LOOP('',(#7335,#7336,#7337,#7338));
#1137=EDGE_LOOP('',(#7339,#7340,#7341,#7342));
#1138=EDGE_LOOP('',(#7343,#7344,#7345,#7346));
#1139=EDGE_LOOP('',(#7347,#7348,#7349,#7350));
#1140=EDGE_LOOP('',(#7351,#7352,#7353,#7354));
#1141=EDGE_LOOP('',(#7355,#7356,#7357,#7358));
#1142=EDGE_LOOP('',(#7359,#7360,#7361,#7362));
#1143=EDGE_LOOP('',(#7363,#7364,#7365,#7366));
#1144=EDGE_LOOP('',(#7367,#7368,#7369,#7370));
#1145=EDGE_LOOP('',(#7371,#7372,#7373,#7374));
#1146=EDGE_LOOP('',(#7375,#7376,#7377,#7378));
#1147=EDGE_LOOP('',(#7379,#7380,#7381,#7382));
#1148=EDGE_LOOP('',(#7383,#7384,#7385,#7386));
#1149=EDGE_LOOP('',(#7387,#7388,#7389,#7390));
#1150=EDGE_LOOP('',(#7391,#7392,#7393,#7394));
#1151=EDGE_LOOP('',(#7395,#7396,#7397,#7398));
#1152=EDGE_LOOP('',(#7399,#7400,#7401,#7402));
#1153=EDGE_LOOP('',(#7403,#7404,#7405,#7406));
#1154=EDGE_LOOP('',(#7407,#7408,#7409,#7410));
#1155=EDGE_LOOP('',(#7411,#7412,#7413,#7414));
#1156=EDGE_LOOP('',(#7415,#7416,#7417,#7418));
#1157=EDGE_LOOP('',(#7419,#7420,#7421,#7422));
#1158=EDGE_LOOP('',(#7423,#7424,#7425,#7426));
#1159=EDGE_LOOP('',(#7427,#7428,#7429,#7430));
#1160=EDGE_LOOP('',(#7431,#7432,#7433,#7434));
#1161=EDGE_LOOP('',(#7435,#7436,#7437,#7438));
#1162=EDGE_LOOP('',(#7439,#7440,#7441,#7442));
#1163=EDGE_LOOP('',(#7443,#7444,#7445,#7446));
#1164=EDGE_LOOP('',(#7447,#7448,#7449,#7450));
#1165=EDGE_LOOP('',(#7451,#7452,#7453,#7454));
#1166=EDGE_LOOP('',(#7455,#7456,#7457,#7458));
#1167=EDGE_LOOP('',(#7459,#7460,#7461,#7462));
#1168=EDGE_LOOP('',(#7463,#7464,#7465,#7466));
#1169=EDGE_LOOP('',(#7467,#7468,#7469,#7470));
#1170=EDGE_LOOP('',(#7471,#7472,#7473,#7474));
#1171=EDGE_LOOP('',(#7475,#7476,#7477,#7478));
#1172=EDGE_LOOP('',(#7479,#7480,#7481,#7482));
#1173=EDGE_LOOP('',(#7483,#7484,#7485,#7486));
#1174=EDGE_LOOP('',(#7487,#7488,#7489,#7490));
#1175=EDGE_LOOP('',(#7491,#7492,#7493,#7494));
#1176=EDGE_LOOP('',(#7495,#7496,#7497,#7498));
#1177=EDGE_LOOP('',(#7499,#7500,#7501,#7502));
#1178=EDGE_LOOP('',(#7503,#7504,#7505,#7506));
#1179=EDGE_LOOP('',(#7507,#7508,#7509,#7510));
#1180=EDGE_LOOP('',(#7511,#7512,#7513,#7514));
#1181=EDGE_LOOP('',(#7515,#7516,#7517,#7518));
#1182=EDGE_LOOP('',(#7519,#7520,#7521,#7522));
#1183=EDGE_LOOP('',(#7523,#7524,#7525,#7526));
#1184=EDGE_LOOP('',(#7527,#7528,#7529,#7530));
#1185=EDGE_LOOP('',(#7531,#7532,#7533,#7534));
#1186=EDGE_LOOP('',(#7535,#7536,#7537,#7538));
#1187=EDGE_LOOP('',(#7539,#7540,#7541,#7542));
#1188=EDGE_LOOP('',(#7543,#7544,#7545,#7546));
#1189=EDGE_LOOP('',(#7547,#7548,#7549,#7550));
#1190=EDGE_LOOP('',(#7551,#7552,#7553,#7554));
#1191=EDGE_LOOP('',(#7555,#7556,#7557,#7558));
#1192=EDGE_LOOP('',(#7559,#7560,#7561,#7562));
#1193=EDGE_LOOP('',(#7563,#7564,#7565,#7566));
#1194=EDGE_LOOP('',(#7567,#7568,#7569,#7570));
#1195=EDGE_LOOP('',(#7571,#7572,#7573,#7574));
#1196=EDGE_LOOP('',(#7575,#7576,#7577,#7578));
#1197=EDGE_LOOP('',(#7579,#7580,#7581,#7582));
#1198=EDGE_LOOP('',(#7583,#7584,#7585,#7586));
#1199=LINE('',#11447,#1987);
#1200=LINE('',#11450,#1988);
#1201=LINE('',#11455,#1989);
#1202=LINE('',#11462,#1990);
#1203=LINE('',#11466,#1991);
#1204=LINE('',#11470,#1992);
#1205=LINE('',#11473,#1993);
#1206=LINE('',#11478,#1994);
#1207=LINE('',#11482,#1995);
#1208=LINE('',#11486,#1996);
#1209=LINE('',#11489,#1997);
#1210=LINE('',#11494,#1998);
#1211=LINE('',#11498,#1999);
#1212=LINE('',#11502,#2000);
#1213=LINE('',#11505,#2001);
#1214=LINE('',#11510,#2002);
#1215=LINE('',#11514,#2003);
#1216=LINE('',#11518,#2004);
#1217=LINE('',#11521,#2005);
#1218=LINE('',#11526,#2006);
#1219=LINE('',#11530,#2007);
#1220=LINE('',#11534,#2008);
#1221=LINE('',#11537,#2009);
#1222=LINE('',#11542,#2010);
#1223=LINE('',#11546,#2011);
#1224=LINE('',#11550,#2012);
#1225=LINE('',#11553,#2013);
#1226=LINE('',#11558,#2014);
#1227=LINE('',#11562,#2015);
#1228=LINE('',#11566,#2016);
#1229=LINE('',#11569,#2017);
#1230=LINE('',#11576,#2018);
#1231=LINE('',#11580,#2019);
#1232=LINE('',#11584,#2020);
#1233=LINE('',#11587,#2021);
#1234=LINE('',#11592,#2022);
#1235=LINE('',#11596,#2023);
#1236=LINE('',#11600,#2024);
#1237=LINE('',#11603,#2025);
#1238=LINE('',#11608,#2026);
#1239=LINE('',#11612,#2027);
#1240=LINE('',#11616,#2028);
#1241=LINE('',#11619,#2029);
#1242=LINE('',#11624,#2030);
#1243=LINE('',#11628,#2031);
#1244=LINE('',#11632,#2032);
#1245=LINE('',#11635,#2033);
#1246=LINE('',#11640,#2034);
#1247=LINE('',#11644,#2035);
#1248=LINE('',#11648,#2036);
#1249=LINE('',#11651,#2037);
#1250=LINE('',#11656,#2038);
#1251=LINE('',#11660,#2039);
#1252=LINE('',#11664,#2040);
#1253=LINE('',#11667,#2041);
#1254=LINE('',#11672,#2042);
#1255=LINE('',#11676,#2043);
#1256=LINE('',#11680,#2044);
#1257=LINE('',#11683,#2045);
#1258=LINE('',#11688,#2046);
#1259=LINE('',#11692,#2047);
#1260=LINE('',#11696,#2048);
#1261=LINE('',#11699,#2049);
#1262=LINE('',#11704,#2050);
#1263=LINE('',#11708,#2051);
#1264=LINE('',#11712,#2052);
#1265=LINE('',#11715,#2053);
#1266=LINE('',#11720,#2054);
#1267=LINE('',#11724,#2055);
#1268=LINE('',#11728,#2056);
#1269=LINE('',#11731,#2057);
#1270=LINE('',#11736,#2058);
#1271=LINE('',#11740,#2059);
#1272=LINE('',#11744,#2060);
#1273=LINE('',#11747,#2061);
#1274=LINE('',#11752,#2062);
#1275=LINE('',#11756,#2063);
#1276=LINE('',#11760,#2064);
#1277=LINE('',#11763,#2065);
#1278=LINE('',#11768,#2066);
#1279=LINE('',#11772,#2067);
#1280=LINE('',#11776,#2068);
#1281=LINE('',#11779,#2069);
#1282=LINE('',#11784,#2070);
#1283=LINE('',#11788,#2071);
#1284=LINE('',#11792,#2072);
#1285=LINE('',#11795,#2073);
#1286=LINE('',#11800,#2074);
#1287=LINE('',#11804,#2075);
#1288=LINE('',#11808,#2076);
#1289=LINE('',#11811,#2077);
#1290=LINE('',#11816,#2078);
#1291=LINE('',#11820,#2079);
#1292=LINE('',#11824,#2080);
#1293=LINE('',#11827,#2081);
#1294=LINE('',#11834,#2082);
#1295=LINE('',#11838,#2083);
#1296=LINE('',#11842,#2084);
#1297=LINE('',#11845,#2085);
#1298=LINE('',#11850,#2086);
#1299=LINE('',#11854,#2087);
#1300=LINE('',#11858,#2088);
#1301=LINE('',#11861,#2089);
#1302=LINE('',#11866,#2090);
#1303=LINE('',#11870,#2091);
#1304=LINE('',#11874,#2092);
#1305=LINE('',#11877,#2093);
#1306=LINE('',#11882,#2094);
#1307=LINE('',#11886,#2095);
#1308=LINE('',#11890,#2096);
#1309=LINE('',#11893,#2097);
#1310=LINE('',#11898,#2098);
#1311=LINE('',#11902,#2099);
#1312=LINE('',#11906,#2100);
#1313=LINE('',#11909,#2101);
#1314=LINE('',#11914,#2102);
#1315=LINE('',#11918,#2103);
#1316=LINE('',#11922,#2104);
#1317=LINE('',#11925,#2105);
#1318=LINE('',#11930,#2106);
#1319=LINE('',#11934,#2107);
#1320=LINE('',#11938,#2108);
#1321=LINE('',#11941,#2109);
#1322=LINE('',#11946,#2110);
#1323=LINE('',#11950,#2111);
#1324=LINE('',#11954,#2112);
#1325=LINE('',#11957,#2113);
#1326=LINE('',#11962,#2114);
#1327=LINE('',#11966,#2115);
#1328=LINE('',#11970,#2116);
#1329=LINE('',#11973,#2117);
#1330=LINE('',#11978,#2118);
#1331=LINE('',#11982,#2119);
#1332=LINE('',#11986,#2120);
#1333=LINE('',#11989,#2121);
#1334=LINE('',#12000,#2122);
#1335=LINE('',#12004,#2123);
#1336=LINE('',#12010,#2124);
#1337=LINE('',#12016,#2125);
#1338=LINE('',#12020,#2126);
#1339=LINE('',#12024,#2127);
#1340=LINE('',#12028,#2128);
#1341=LINE('',#12032,#2129);
#1342=LINE('',#12036,#2130);
#1343=LINE('',#12040,#2131);
#1344=LINE('',#12044,#2132);
#1345=LINE('',#12048,#2133);
#1346=LINE('',#12052,#2134);
#1347=LINE('',#12056,#2135);
#1348=LINE('',#12059,#2136);
#1349=LINE('',#12064,#2137);
#1350=LINE('',#12068,#2138);
#1351=LINE('',#12072,#2139);
#1352=LINE('',#12075,#2140);
#1353=LINE('',#12080,#2141);
#1354=LINE('',#12084,#2142);
#1355=LINE('',#12088,#2143);
#1356=LINE('',#12091,#2144);
#1357=LINE('',#12096,#2145);
#1358=LINE('',#12100,#2146);
#1359=LINE('',#12104,#2147);
#1360=LINE('',#12107,#2148);
#1361=LINE('',#12112,#2149);
#1362=LINE('',#12116,#2150);
#1363=LINE('',#12120,#2151);
#1364=LINE('',#12123,#2152);
#1365=LINE('',#12128,#2153);
#1366=LINE('',#12132,#2154);
#1367=LINE('',#12136,#2155);
#1368=LINE('',#12139,#2156);
#1369=LINE('',#12141,#2157);
#1370=LINE('',#12145,#2158);
#1371=LINE('',#12149,#2159);
#1372=LINE('',#12153,#2160);
#1373=LINE('',#12157,#2161);
#1374=LINE('',#12161,#2162);
#1375=LINE('',#12165,#2163);
#1376=LINE('',#12169,#2164);
#1377=LINE('',#12173,#2165);
#1378=LINE('',#12177,#2166);
#1379=LINE('',#12181,#2167);
#1380=LINE('',#12185,#2168);
#1381=LINE('',#12191,#2169);
#1382=LINE('',#12197,#2170);
#1383=LINE('',#12201,#2171);
#1384=LINE('',#12209,#2172);
#1385=LINE('',#12213,#2173);
#1386=LINE('',#12217,#2174);
#1387=LINE('',#12220,#2175);
#1388=LINE('',#12225,#2176);
#1389=LINE('',#12229,#2177);
#1390=LINE('',#12233,#2178);
#1391=LINE('',#12236,#2179);
#1392=LINE('',#12241,#2180);
#1393=LINE('',#12245,#2181);
#1394=LINE('',#12249,#2182);
#1395=LINE('',#12252,#2183);
#1396=LINE('',#12256,#2184);
#1397=LINE('',#12259,#2185);
#1398=LINE('',#12260,#2186);
#1399=LINE('',#12265,#2187);
#1400=LINE('',#12266,#2188);
#1401=LINE('',#12269,#2189);
#1402=LINE('',#12270,#2190);
#1403=LINE('',#12273,#2191);
#1404=LINE('',#12276,#2192);
#1405=LINE('',#12279,#2193);
#1406=LINE('',#12280,#2194);
#1407=LINE('',#12285,#2195);
#1408=LINE('',#12286,#2196);
#1409=LINE('',#12289,#2197);
#1410=LINE('',#12291,#2198);
#1411=LINE('',#12295,#2199);
#1412=LINE('',#12296,#2200);
#1413=LINE('',#12299,#2201);
#1414=LINE('',#12300,#2202);
#1415=LINE('',#12305,#2203);
#1416=LINE('',#12309,#2204);
#1417=LINE('',#12314,#2205);
#1418=LINE('',#12320,#2206);
#1419=LINE('',#12326,#2207);
#1420=LINE('',#12330,#2208);
#1421=LINE('',#12334,#2209);
#1422=LINE('',#12338,#2210);
#1423=LINE('',#12342,#2211);
#1424=LINE('',#12346,#2212);
#1425=LINE('',#12350,#2213);
#1426=LINE('',#12354,#2214);
#1427=LINE('',#12358,#2215);
#1428=LINE('',#12362,#2216);
#1429=LINE('',#12366,#2217);
#1430=LINE('',#12371,#2218);
#1431=LINE('',#12375,#2219);
#1432=LINE('',#12379,#2220);
#1433=LINE('',#12383,#2221);
#1434=LINE('',#12387,#2222);
#1435=LINE('',#12391,#2223);
#1436=LINE('',#12395,#2224);
#1437=LINE('',#12399,#2225);
#1438=LINE('',#12403,#2226);
#1439=LINE('',#12407,#2227);
#1440=LINE('',#12411,#2228);
#1441=LINE('',#12417,#2229);
#1442=LINE('',#12423,#2230);
#1443=LINE('',#12429,#2231);
#1444=LINE('',#12433,#2232);
#1445=LINE('',#12437,#2233);
#1446=LINE('',#12440,#2234);
#1447=LINE('',#12445,#2235);
#1448=LINE('',#12449,#2236);
#1449=LINE('',#12453,#2237);
#1450=LINE('',#12456,#2238);
#1451=LINE('',#12461,#2239);
#1452=LINE('',#12465,#2240);
#1453=LINE('',#12469,#2241);
#1454=LINE('',#12472,#2242);
#1455=LINE('',#12477,#2243);
#1456=LINE('',#12481,#2244);
#1457=LINE('',#12485,#2245);
#1458=LINE('',#12488,#2246);
#1459=LINE('',#12493,#2247);
#1460=LINE('',#12497,#2248);
#1461=LINE('',#12501,#2249);
#1462=LINE('',#12504,#2250);
#1463=LINE('',#12509,#2251);
#1464=LINE('',#12513,#2252);
#1465=LINE('',#12517,#2253);
#1466=LINE('',#12520,#2254);
#1467=LINE('',#12527,#2255);
#1468=LINE('',#12531,#2256);
#1469=LINE('',#12535,#2257);
#1470=LINE('',#12538,#2258);
#1471=LINE('',#12543,#2259);
#1472=LINE('',#12547,#2260);
#1473=LINE('',#12551,#2261);
#1474=LINE('',#12554,#2262);
#1475=LINE('',#12559,#2263);
#1476=LINE('',#12563,#2264);
#1477=LINE('',#12567,#2265);
#1478=LINE('',#12570,#2266);
#1479=LINE('',#12575,#2267);
#1480=LINE('',#12579,#2268);
#1481=LINE('',#12583,#2269);
#1482=LINE('',#12586,#2270);
#1483=LINE('',#12591,#2271);
#1484=LINE('',#12595,#2272);
#1485=LINE('',#12599,#2273);
#1486=LINE('',#12602,#2274);
#1487=LINE('',#12607,#2275);
#1488=LINE('',#12611,#2276);
#1489=LINE('',#12615,#2277);
#1490=LINE('',#12618,#2278);
#1491=LINE('',#12623,#2279);
#1492=LINE('',#12627,#2280);
#1493=LINE('',#12631,#2281);
#1494=LINE('',#12634,#2282);
#1495=LINE('',#12639,#2283);
#1496=LINE('',#12643,#2284);
#1497=LINE('',#12647,#2285);
#1498=LINE('',#12650,#2286);
#1499=LINE('',#12655,#2287);
#1500=LINE('',#12659,#2288);
#1501=LINE('',#12663,#2289);
#1502=LINE('',#12666,#2290);
#1503=LINE('',#12671,#2291);
#1504=LINE('',#12675,#2292);
#1505=LINE('',#12679,#2293);
#1506=LINE('',#12682,#2294);
#1507=LINE('',#12687,#2295);
#1508=LINE('',#12691,#2296);
#1509=LINE('',#12695,#2297);
#1510=LINE('',#12698,#2298);
#1511=LINE('',#12703,#2299);
#1512=LINE('',#12707,#2300);
#1513=LINE('',#12711,#2301);
#1514=LINE('',#12714,#2302);
#1515=LINE('',#12719,#2303);
#1516=LINE('',#12723,#2304);
#1517=LINE('',#12727,#2305);
#1518=LINE('',#12730,#2306);
#1519=LINE('',#12735,#2307);
#1520=LINE('',#12739,#2308);
#1521=LINE('',#12743,#2309);
#1522=LINE('',#12746,#2310);
#1523=LINE('',#12751,#2311);
#1524=LINE('',#12755,#2312);
#1525=LINE('',#12759,#2313);
#1526=LINE('',#12762,#2314);
#1527=LINE('',#12767,#2315);
#1528=LINE('',#12771,#2316);
#1529=LINE('',#12775,#2317);
#1530=LINE('',#12778,#2318);
#1531=LINE('',#12785,#2319);
#1532=LINE('',#12789,#2320);
#1533=LINE('',#12793,#2321);
#1534=LINE('',#12796,#2322);
#1535=LINE('',#12801,#2323);
#1536=LINE('',#12805,#2324);
#1537=LINE('',#12809,#2325);
#1538=LINE('',#12812,#2326);
#1539=LINE('',#12817,#2327);
#1540=LINE('',#12821,#2328);
#1541=LINE('',#12825,#2329);
#1542=LINE('',#12828,#2330);
#1543=LINE('',#12833,#2331);
#1544=LINE('',#12837,#2332);
#1545=LINE('',#12841,#2333);
#1546=LINE('',#12844,#2334);
#1547=LINE('',#12849,#2335);
#1548=LINE('',#12853,#2336);
#1549=LINE('',#12857,#2337);
#1550=LINE('',#12860,#2338);
#1551=LINE('',#12865,#2339);
#1552=LINE('',#12869,#2340);
#1553=LINE('',#12873,#2341);
#1554=LINE('',#12876,#2342);
#1555=LINE('',#12881,#2343);
#1556=LINE('',#12885,#2344);
#1557=LINE('',#12889,#2345);
#1558=LINE('',#12892,#2346);
#1559=LINE('',#12897,#2347);
#1560=LINE('',#12901,#2348);
#1561=LINE('',#12905,#2349);
#1562=LINE('',#12908,#2350);
#1563=LINE('',#12913,#2351);
#1564=LINE('',#12917,#2352);
#1565=LINE('',#12921,#2353);
#1566=LINE('',#12924,#2354);
#1567=LINE('',#12929,#2355);
#1568=LINE('',#12933,#2356);
#1569=LINE('',#12937,#2357);
#1570=LINE('',#12940,#2358);
#1571=LINE('',#12947,#2359);
#1572=LINE('',#12951,#2360);
#1573=LINE('',#12955,#2361);
#1574=LINE('',#12958,#2362);
#1575=LINE('',#12963,#2363);
#1576=LINE('',#12967,#2364);
#1577=LINE('',#12971,#2365);
#1578=LINE('',#12974,#2366);
#1579=LINE('',#12979,#2367);
#1580=LINE('',#12983,#2368);
#1581=LINE('',#12987,#2369);
#1582=LINE('',#12990,#2370);
#1583=LINE('',#12995,#2371);
#1584=LINE('',#12999,#2372);
#1585=LINE('',#13003,#2373);
#1586=LINE('',#13006,#2374);
#1587=LINE('',#13011,#2375);
#1588=LINE('',#13015,#2376);
#1589=LINE('',#13019,#2377);
#1590=LINE('',#13022,#2378);
#1591=LINE('',#13029,#2379);
#1592=LINE('',#13033,#2380);
#1593=LINE('',#13037,#2381);
#1594=LINE('',#13040,#2382);
#1595=LINE('',#13045,#2383);
#1596=LINE('',#13049,#2384);
#1597=LINE('',#13053,#2385);
#1598=LINE('',#13056,#2386);
#1599=LINE('',#13061,#2387);
#1600=LINE('',#13065,#2388);
#1601=LINE('',#13069,#2389);
#1602=LINE('',#13072,#2390);
#1603=LINE('',#13074,#2391);
#1604=LINE('',#13076,#2392);
#1605=LINE('',#13078,#2393);
#1606=LINE('',#13080,#2394);
#1607=LINE('',#13083,#2395);
#1608=LINE('',#13084,#2396);
#1609=LINE('',#13086,#2397);
#1610=LINE('',#13088,#2398);
#1611=LINE('',#13090,#2399);
#1612=LINE('',#13092,#2400);
#1613=LINE('',#13094,#2401);
#1614=LINE('',#13096,#2402);
#1615=LINE('',#13099,#2403);
#1616=LINE('',#13100,#2404);
#1617=LINE('',#13102,#2405);
#1618=LINE('',#13104,#2406);
#1619=LINE('',#13106,#2407);
#1620=LINE('',#13108,#2408);
#1621=LINE('',#13110,#2409);
#1622=LINE('',#13112,#2410);
#1623=LINE('',#13115,#2411);
#1624=LINE('',#13116,#2412);
#1625=LINE('',#13118,#2413);
#1626=LINE('',#13120,#2414);
#1627=LINE('',#13122,#2415);
#1628=LINE('',#13124,#2416);
#1629=LINE('',#13126,#2417);
#1630=LINE('',#13128,#2418);
#1631=LINE('',#13131,#2419);
#1632=LINE('',#13133,#2420);
#1633=LINE('',#13134,#2421);
#1634=LINE('',#13136,#2422);
#1635=LINE('',#13138,#2423);
#1636=LINE('',#13140,#2424);
#1637=LINE('',#13142,#2425);
#1638=LINE('',#13144,#2426);
#1639=LINE('',#13146,#2427);
#1640=LINE('',#13148,#2428);
#1641=LINE('',#13150,#2429);
#1642=LINE('',#13152,#2430);
#1643=LINE('',#13154,#2431);
#1644=LINE('',#13156,#2432);
#1645=LINE('',#13158,#2433);
#1646=LINE('',#13160,#2434);
#1647=LINE('',#13162,#2435);
#1648=LINE('',#13165,#2436);
#1649=LINE('',#13167,#2437);
#1650=LINE('',#13169,#2438);
#1651=LINE('',#13171,#2439);
#1652=LINE('',#13173,#2440);
#1653=LINE('',#13175,#2441);
#1654=LINE('',#13177,#2442);
#1655=LINE('',#13179,#2443);
#1656=LINE('',#13181,#2444);
#1657=LINE('',#13183,#2445);
#1658=LINE('',#13185,#2446);
#1659=LINE('',#13187,#2447);
#1660=LINE('',#13190,#2448);
#1661=LINE('',#13191,#2449);
#1662=LINE('',#13193,#2450);
#1663=LINE('',#13195,#2451);
#1664=LINE('',#13197,#2452);
#1665=LINE('',#13199,#2453);
#1666=LINE('',#13201,#2454);
#1667=LINE('',#13203,#2455);
#1668=LINE('',#13206,#2456);
#1669=LINE('',#13207,#2457);
#1670=LINE('',#13209,#2458);
#1671=LINE('',#13211,#2459);
#1672=LINE('',#13213,#2460);
#1673=LINE('',#13215,#2461);
#1674=LINE('',#13217,#2462);
#1675=LINE('',#13219,#2463);
#1676=LINE('',#13222,#2464);
#1677=LINE('',#13223,#2465);
#1678=LINE('',#13225,#2466);
#1679=LINE('',#13227,#2467);
#1680=LINE('',#13229,#2468);
#1681=LINE('',#13231,#2469);
#1682=LINE('',#13233,#2470);
#1683=LINE('',#13235,#2471);
#1684=LINE('',#13238,#2472);
#1685=LINE('',#13239,#2473);
#1686=LINE('',#13241,#2474);
#1687=LINE('',#13243,#2475);
#1688=LINE('',#13245,#2476);
#1689=LINE('',#13247,#2477);
#1690=LINE('',#13249,#2478);
#1691=LINE('',#13251,#2479);
#1692=LINE('',#13254,#2480);
#1693=LINE('',#13255,#2481);
#1694=LINE('',#13257,#2482);
#1695=LINE('',#13259,#2483);
#1696=LINE('',#13261,#2484);
#1697=LINE('',#13263,#2485);
#1698=LINE('',#13265,#2486);
#1699=LINE('',#13267,#2487);
#1700=LINE('',#13270,#2488);
#1701=LINE('',#13272,#2489);
#1702=LINE('',#13274,#2490);
#1703=LINE('',#13276,#2491);
#1704=LINE('',#13278,#2492);
#1705=LINE('',#13280,#2493);
#1706=LINE('',#13282,#2494);
#1707=LINE('',#13284,#2495);
#1708=LINE('',#13286,#2496);
#1709=LINE('',#13288,#2497);
#1710=LINE('',#13290,#2498);
#1711=LINE('',#13292,#2499);
#1712=LINE('',#13294,#2500);
#1713=LINE('',#13296,#2501);
#1714=LINE('',#13298,#2502);
#1715=LINE('',#13300,#2503);
#1716=LINE('',#13302,#2504);
#1717=LINE('',#13304,#2505);
#1718=LINE('',#13306,#2506);
#1719=LINE('',#13308,#2507);
#1720=LINE('',#13310,#2508);
#1721=LINE('',#13312,#2509);
#1722=LINE('',#13314,#2510);
#1723=LINE('',#13316,#2511);
#1724=LINE('',#13318,#2512);
#1725=LINE('',#13320,#2513);
#1726=LINE('',#13322,#2514);
#1727=LINE('',#13324,#2515);
#1728=LINE('',#13327,#2516);
#1729=LINE('',#13329,#2517);
#1730=LINE('',#13330,#2518);
#1731=LINE('',#13332,#2519);
#1732=LINE('',#13334,#2520);
#1733=LINE('',#13336,#2521);
#1734=LINE('',#13338,#2522);
#1735=LINE('',#13340,#2523);
#1736=LINE('',#13342,#2524);
#1737=LINE('',#13345,#2525);
#1738=LINE('',#13346,#2526);
#1739=LINE('',#13348,#2527);
#1740=LINE('',#13350,#2528);
#1741=LINE('',#13352,#2529);
#1742=LINE('',#13354,#2530);
#1743=LINE('',#13356,#2531);
#1744=LINE('',#13358,#2532);
#1745=LINE('',#13361,#2533);
#1746=LINE('',#13362,#2534);
#1747=LINE('',#13364,#2535);
#1748=LINE('',#13366,#2536);
#1749=LINE('',#13368,#2537);
#1750=LINE('',#13370,#2538);
#1751=LINE('',#13372,#2539);
#1752=LINE('',#13374,#2540);
#1753=LINE('',#13377,#2541);
#1754=LINE('',#13378,#2542);
#1755=LINE('',#13380,#2543);
#1756=LINE('',#13382,#2544);
#1757=LINE('',#13384,#2545);
#1758=LINE('',#13386,#2546);
#1759=LINE('',#13388,#2547);
#1760=LINE('',#13390,#2548);
#1761=LINE('',#13393,#2549);
#1762=LINE('',#13394,#2550);
#1763=LINE('',#13396,#2551);
#1764=LINE('',#13398,#2552);
#1765=LINE('',#13400,#2553);
#1766=LINE('',#13402,#2554);
#1767=LINE('',#13404,#2555);
#1768=LINE('',#13406,#2556);
#1769=LINE('',#13409,#2557);
#1770=LINE('',#13410,#2558);
#1771=LINE('',#13412,#2559);
#1772=LINE('',#13414,#2560);
#1773=LINE('',#13416,#2561);
#1774=LINE('',#13418,#2562);
#1775=LINE('',#13420,#2563);
#1776=LINE('',#13422,#2564);
#1777=LINE('',#13425,#2565);
#1778=LINE('',#13426,#2566);
#1779=LINE('',#13428,#2567);
#1780=LINE('',#13430,#2568);
#1781=LINE('',#13432,#2569);
#1782=LINE('',#13434,#2570);
#1783=LINE('',#13436,#2571);
#1784=LINE('',#13438,#2572);
#1785=LINE('',#13441,#2573);
#1786=LINE('',#13442,#2574);
#1787=LINE('',#13444,#2575);
#1788=LINE('',#13446,#2576);
#1789=LINE('',#13448,#2577);
#1790=LINE('',#13450,#2578);
#1791=LINE('',#13452,#2579);
#1792=LINE('',#13454,#2580);
#1793=LINE('',#13457,#2581);
#1794=LINE('',#13458,#2582);
#1795=LINE('',#13460,#2583);
#1796=LINE('',#13462,#2584);
#1797=LINE('',#13464,#2585);
#1798=LINE('',#13466,#2586);
#1799=LINE('',#13468,#2587);
#1800=LINE('',#13470,#2588);
#1801=LINE('',#13473,#2589);
#1802=LINE('',#13474,#2590);
#1803=LINE('',#13476,#2591);
#1804=LINE('',#13478,#2592);
#1805=LINE('',#13480,#2593);
#1806=LINE('',#13482,#2594);
#1807=LINE('',#13484,#2595);
#1808=LINE('',#13486,#2596);
#1809=LINE('',#13489,#2597);
#1810=LINE('',#13491,#2598);
#1811=LINE('',#13492,#2599);
#1812=LINE('',#13494,#2600);
#1813=LINE('',#13496,#2601);
#1814=LINE('',#13498,#2602);
#1815=LINE('',#13500,#2603);
#1816=LINE('',#13502,#2604);
#1817=LINE('',#13504,#2605);
#1818=LINE('',#13507,#2606);
#1819=LINE('',#13508,#2607);
#1820=LINE('',#13510,#2608);
#1821=LINE('',#13512,#2609);
#1822=LINE('',#13514,#2610);
#1823=LINE('',#13516,#2611);
#1824=LINE('',#13518,#2612);
#1825=LINE('',#13520,#2613);
#1826=LINE('',#13523,#2614);
#1827=LINE('',#13524,#2615);
#1828=LINE('',#13526,#2616);
#1829=LINE('',#13528,#2617);
#1830=LINE('',#13530,#2618);
#1831=LINE('',#13532,#2619);
#1832=LINE('',#13534,#2620);
#1833=LINE('',#13536,#2621);
#1834=LINE('',#13539,#2622);
#1835=LINE('',#13540,#2623);
#1836=LINE('',#13542,#2624);
#1837=LINE('',#13544,#2625);
#1838=LINE('',#13546,#2626);
#1839=LINE('',#13548,#2627);
#1840=LINE('',#13550,#2628);
#1841=LINE('',#13552,#2629);
#1842=LINE('',#13555,#2630);
#1843=LINE('',#13556,#2631);
#1844=LINE('',#13558,#2632);
#1845=LINE('',#13560,#2633);
#1846=LINE('',#13562,#2634);
#1847=LINE('',#13564,#2635);
#1848=LINE('',#13566,#2636);
#1849=LINE('',#13568,#2637);
#1850=LINE('',#13571,#2638);
#1851=LINE('',#13572,#2639);
#1852=LINE('',#13574,#2640);
#1853=LINE('',#13576,#2641);
#1854=LINE('',#13578,#2642);
#1855=LINE('',#13580,#2643);
#1856=LINE('',#13582,#2644);
#1857=LINE('',#13584,#2645);
#1858=LINE('',#13587,#2646);
#1859=LINE('',#13588,#2647);
#1860=LINE('',#13590,#2648);
#1861=LINE('',#13592,#2649);
#1862=LINE('',#13594,#2650);
#1863=LINE('',#13596,#2651);
#1864=LINE('',#13598,#2652);
#1865=LINE('',#13600,#2653);
#1866=LINE('',#13603,#2654);
#1867=LINE('',#13604,#2655);
#1868=LINE('',#13606,#2656);
#1869=LINE('',#13608,#2657);
#1870=LINE('',#13610,#2658);
#1871=LINE('',#13612,#2659);
#1872=LINE('',#13614,#2660);
#1873=LINE('',#13616,#2661);
#1874=LINE('',#13619,#2662);
#1875=LINE('',#13620,#2663);
#1876=LINE('',#13622,#2664);
#1877=LINE('',#13624,#2665);
#1878=LINE('',#13626,#2666);
#1879=LINE('',#13628,#2667);
#1880=LINE('',#13630,#2668);
#1881=LINE('',#13632,#2669);
#1882=LINE('',#13635,#2670);
#1883=LINE('',#13636,#2671);
#1884=LINE('',#13638,#2672);
#1885=LINE('',#13640,#2673);
#1886=LINE('',#13642,#2674);
#1887=LINE('',#13644,#2675);
#1888=LINE('',#13646,#2676);
#1889=LINE('',#13648,#2677);
#1890=LINE('',#13651,#2678);
#1891=LINE('',#13652,#2679);
#1892=LINE('',#13654,#2680);
#1893=LINE('',#13656,#2681);
#1894=LINE('',#13658,#2682);
#1895=LINE('',#13660,#2683);
#1896=LINE('',#13662,#2684);
#1897=LINE('',#13664,#2685);
#1898=LINE('',#13667,#2686);
#1899=LINE('',#13668,#2687);
#1900=LINE('',#13670,#2688);
#1901=LINE('',#13672,#2689);
#1902=LINE('',#13674,#2690);
#1903=LINE('',#13676,#2691);
#1904=LINE('',#13678,#2692);
#1905=LINE('',#13680,#2693);
#1906=LINE('',#13683,#2694);
#1907=LINE('',#13684,#2695);
#1908=LINE('',#13686,#2696);
#1909=LINE('',#13688,#2697);
#1910=LINE('',#13690,#2698);
#1911=LINE('',#13692,#2699);
#1912=LINE('',#13694,#2700);
#1913=LINE('',#13696,#2701);
#1914=LINE('',#13699,#2702);
#1915=LINE('',#13700,#2703);
#1916=LINE('',#13702,#2704);
#1917=LINE('',#13704,#2705);
#1918=LINE('',#13706,#2706);
#1919=LINE('',#13708,#2707);
#1920=LINE('',#13710,#2708);
#1921=LINE('',#13712,#2709);
#1922=LINE('',#13715,#2710);
#1923=LINE('',#13716,#2711);
#1924=LINE('',#13718,#2712);
#1925=LINE('',#13720,#2713);
#1926=LINE('',#13722,#2714);
#1927=LINE('',#13724,#2715);
#1928=LINE('',#13726,#2716);
#1929=LINE('',#13728,#2717);
#1930=LINE('',#13731,#2718);
#1931=LINE('',#13732,#2719);
#1932=LINE('',#13734,#2720);
#1933=LINE('',#13736,#2721);
#1934=LINE('',#13738,#2722);
#1935=LINE('',#13740,#2723);
#1936=LINE('',#13742,#2724);
#1937=LINE('',#13744,#2725);
#1938=LINE('',#13747,#2726);
#1939=LINE('',#13749,#2727);
#1940=LINE('',#13750,#2728);
#1941=LINE('',#13752,#2729);
#1942=LINE('',#13754,#2730);
#1943=LINE('',#13756,#2731);
#1944=LINE('',#13758,#2732);
#1945=LINE('',#13760,#2733);
#1946=LINE('',#13762,#2734);
#1947=LINE('',#13765,#2735);
#1948=LINE('',#13766,#2736);
#1949=LINE('',#13768,#2737);
#1950=LINE('',#13770,#2738);
#1951=LINE('',#13772,#2739);
#1952=LINE('',#13774,#2740);
#1953=LINE('',#13776,#2741);
#1954=LINE('',#13778,#2742);
#1955=LINE('',#13781,#2743);
#1956=LINE('',#13782,#2744);
#1957=LINE('',#13784,#2745);
#1958=LINE('',#13786,#2746);
#1959=LINE('',#13788,#2747);
#1960=LINE('',#13790,#2748);
#1961=LINE('',#13792,#2749);
#1962=LINE('',#13794,#2750);
#1963=LINE('',#13797,#2751);
#1964=LINE('',#13798,#2752);
#1965=LINE('',#13800,#2753);
#1966=LINE('',#13802,#2754);
#1967=LINE('',#13804,#2755);
#1968=LINE('',#13806,#2756);
#1969=LINE('',#13808,#2757);
#1970=LINE('',#13810,#2758);
#1971=LINE('',#13813,#2759);
#1972=LINE('',#13814,#2760);
#1973=LINE('',#13816,#2761);
#1974=LINE('',#13818,#2762);
#1975=LINE('',#13820,#2763);
#1976=LINE('',#13822,#2764);
#1977=LINE('',#13824,#2765);
#1978=LINE('',#13826,#2766);
#1979=LINE('',#13829,#2767);
#1980=LINE('',#13830,#2768);
#1981=LINE('',#13832,#2769);
#1982=LINE('',#13834,#2770);
#1983=LINE('',#13836,#2771);
#1984=LINE('',#13838,#2772);
#1985=LINE('',#13840,#2773);
#1986=LINE('',#13842,#2774);
#1987=VECTOR('',#9029,0.500000000000007);
#1988=VECTOR('',#9032,0.500000000000007);
#1989=VECTOR('',#9037,0.500000000000007);
#1990=VECTOR('',#9044,1.);
#1991=VECTOR('',#9047,1.);
#1992=VECTOR('',#9050,1.);
#1993=VECTOR('',#9053,1.);
#1994=VECTOR('',#9056,1.);
#1995=VECTOR('',#9059,1.);
#1996=VECTOR('',#9062,1.);
#1997=VECTOR('',#9065,1.);
#1998=VECTOR('',#9068,1.);
#1999=VECTOR('',#9071,1.);
#2000=VECTOR('',#9074,1.);
#2001=VECTOR('',#9077,1.);
#2002=VECTOR('',#9080,1.);
#2003=VECTOR('',#9083,1.);
#2004=VECTOR('',#9086,1.);
#2005=VECTOR('',#9089,1.);
#2006=VECTOR('',#9092,1.);
#2007=VECTOR('',#9095,1.);
#2008=VECTOR('',#9098,1.);
#2009=VECTOR('',#9101,1.);
#2010=VECTOR('',#9104,1.);
#2011=VECTOR('',#9107,1.);
#2012=VECTOR('',#9110,1.);
#2013=VECTOR('',#9113,1.);
#2014=VECTOR('',#9116,1.);
#2015=VECTOR('',#9119,1.);
#2016=VECTOR('',#9122,1.);
#2017=VECTOR('',#9125,1.);
#2018=VECTOR('',#9130,1.);
#2019=VECTOR('',#9133,1.);
#2020=VECTOR('',#9136,1.);
#2021=VECTOR('',#9139,1.);
#2022=VECTOR('',#9142,1.);
#2023=VECTOR('',#9145,1.);
#2024=VECTOR('',#9148,1.);
#2025=VECTOR('',#9151,1.);
#2026=VECTOR('',#9154,1.);
#2027=VECTOR('',#9157,1.);
#2028=VECTOR('',#9160,1.);
#2029=VECTOR('',#9163,1.);
#2030=VECTOR('',#9166,1.);
#2031=VECTOR('',#9169,1.);
#2032=VECTOR('',#9172,1.);
#2033=VECTOR('',#9175,1.);
#2034=VECTOR('',#9178,1.);
#2035=VECTOR('',#9181,1.);
#2036=VECTOR('',#9184,1.);
#2037=VECTOR('',#9187,1.);
#2038=VECTOR('',#9190,1.);
#2039=VECTOR('',#9193,1.);
#2040=VECTOR('',#9196,1.);
#2041=VECTOR('',#9199,1.);
#2042=VECTOR('',#9202,1.);
#2043=VECTOR('',#9205,1.);
#2044=VECTOR('',#9208,1.);
#2045=VECTOR('',#9211,1.);
#2046=VECTOR('',#9214,1.);
#2047=VECTOR('',#9217,1.);
#2048=VECTOR('',#9220,1.);
#2049=VECTOR('',#9223,1.);
#2050=VECTOR('',#9226,1.);
#2051=VECTOR('',#9229,1.);
#2052=VECTOR('',#9232,1.);
#2053=VECTOR('',#9235,1.);
#2054=VECTOR('',#9238,1.);
#2055=VECTOR('',#9241,1.);
#2056=VECTOR('',#9244,1.);
#2057=VECTOR('',#9247,1.);
#2058=VECTOR('',#9250,1.);
#2059=VECTOR('',#9253,1.);
#2060=VECTOR('',#9256,1.);
#2061=VECTOR('',#9259,1.);
#2062=VECTOR('',#9262,1.);
#2063=VECTOR('',#9265,1.);
#2064=VECTOR('',#9268,1.);
#2065=VECTOR('',#9271,1.);
#2066=VECTOR('',#9274,1.);
#2067=VECTOR('',#9277,1.);
#2068=VECTOR('',#9280,1.);
#2069=VECTOR('',#9283,1.);
#2070=VECTOR('',#9286,1.);
#2071=VECTOR('',#9289,1.);
#2072=VECTOR('',#9292,1.);
#2073=VECTOR('',#9295,1.);
#2074=VECTOR('',#9298,1.);
#2075=VECTOR('',#9301,1.);
#2076=VECTOR('',#9304,1.);
#2077=VECTOR('',#9307,1.);
#2078=VECTOR('',#9310,1.);
#2079=VECTOR('',#9313,1.);
#2080=VECTOR('',#9316,1.);
#2081=VECTOR('',#9319,1.);
#2082=VECTOR('',#9324,1.);
#2083=VECTOR('',#9327,1.);
#2084=VECTOR('',#9330,1.);
#2085=VECTOR('',#9333,1.);
#2086=VECTOR('',#9336,1.);
#2087=VECTOR('',#9339,1.);
#2088=VECTOR('',#9342,1.);
#2089=VECTOR('',#9345,1.);
#2090=VECTOR('',#9348,1.);
#2091=VECTOR('',#9351,1.);
#2092=VECTOR('',#9354,1.);
#2093=VECTOR('',#9357,1.);
#2094=VECTOR('',#9360,1.);
#2095=VECTOR('',#9363,1.);
#2096=VECTOR('',#9366,1.);
#2097=VECTOR('',#9369,1.);
#2098=VECTOR('',#9372,1.);
#2099=VECTOR('',#9375,1.);
#2100=VECTOR('',#9378,1.);
#2101=VECTOR('',#9381,1.);
#2102=VECTOR('',#9384,1.);
#2103=VECTOR('',#9387,1.);
#2104=VECTOR('',#9390,1.);
#2105=VECTOR('',#9393,1.);
#2106=VECTOR('',#9396,1.);
#2107=VECTOR('',#9399,1.);
#2108=VECTOR('',#9402,1.);
#2109=VECTOR('',#9405,1.);
#2110=VECTOR('',#9408,1.);
#2111=VECTOR('',#9411,1.);
#2112=VECTOR('',#9414,1.);
#2113=VECTOR('',#9417,1.);
#2114=VECTOR('',#9420,1.);
#2115=VECTOR('',#9423,1.);
#2116=VECTOR('',#9426,1.);
#2117=VECTOR('',#9429,1.);
#2118=VECTOR('',#9432,1.);
#2119=VECTOR('',#9435,1.);
#2120=VECTOR('',#9438,1.);
#2121=VECTOR('',#9441,1.);
#2122=VECTOR('',#9450,1.);
#2123=VECTOR('',#9453,1.);
#2124=VECTOR('',#9458,1.);
#2125=VECTOR('',#9463,1.);
#2126=VECTOR('',#9466,1.);
#2127=VECTOR('',#9469,1.);
#2128=VECTOR('',#9472,1.);
#2129=VECTOR('',#9475,1.);
#2130=VECTOR('',#9478,1.);
#2131=VECTOR('',#9481,1.);
#2132=VECTOR('',#9484,1.);
#2133=VECTOR('',#9487,1.);
#2134=VECTOR('',#9490,1.);
#2135=VECTOR('',#9493,1.);
#2136=VECTOR('',#9496,1.);
#2137=VECTOR('',#9499,1.);
#2138=VECTOR('',#9502,1.);
#2139=VECTOR('',#9505,1.);
#2140=VECTOR('',#9508,1.);
#2141=VECTOR('',#9511,1.);
#2142=VECTOR('',#9514,1.);
#2143=VECTOR('',#9517,1.);
#2144=VECTOR('',#9520,1.);
#2145=VECTOR('',#9523,1.);
#2146=VECTOR('',#9526,1.);
#2147=VECTOR('',#9529,1.);
#2148=VECTOR('',#9532,1.);
#2149=VECTOR('',#9535,1.);
#2150=VECTOR('',#9538,1.);
#2151=VECTOR('',#9541,1.);
#2152=VECTOR('',#9544,1.);
#2153=VECTOR('',#9547,1.);
#2154=VECTOR('',#9550,1.);
#2155=VECTOR('',#9553,1.);
#2156=VECTOR('',#9556,1.);
#2157=VECTOR('',#9557,1.);
#2158=VECTOR('',#9560,1.);
#2159=VECTOR('',#9563,1.);
#2160=VECTOR('',#9566,1.);
#2161=VECTOR('',#9569,1.);
#2162=VECTOR('',#9572,1.);
#2163=VECTOR('',#9575,1.);
#2164=VECTOR('',#9578,1.);
#2165=VECTOR('',#9581,1.);
#2166=VECTOR('',#9584,1.);
#2167=VECTOR('',#9587,1.);
#2168=VECTOR('',#9590,1.);
#2169=VECTOR('',#9595,1.);
#2170=VECTOR('',#9600,1.);
#2171=VECTOR('',#9603,1.);
#2172=VECTOR('',#9610,1.);
#2173=VECTOR('',#9613,1.);
#2174=VECTOR('',#9616,1.);
#2175=VECTOR('',#9619,1.);
#2176=VECTOR('',#9622,1.);
#2177=VECTOR('',#9625,1.);
#2178=VECTOR('',#9628,1.);
#2179=VECTOR('',#9631,1.);
#2180=VECTOR('',#9634,1.);
#2181=VECTOR('',#9637,1.);
#2182=VECTOR('',#9640,1.);
#2183=VECTOR('',#9643,1.);
#2184=VECTOR('',#9648,0.500000000000007);
#2185=VECTOR('',#9651,1.);
#2186=VECTOR('',#9652,1.);
#2187=VECTOR('',#9657,0.500000000000007);
#2188=VECTOR('',#9658,0.500000000000007);
#2189=VECTOR('',#9661,1.);
#2190=VECTOR('',#9662,1.);
#2191=VECTOR('',#9665,0.500000000000007);
#2192=VECTOR('',#9668,0.500000000000007);
#2193=VECTOR('',#9671,1.);
#2194=VECTOR('',#9672,1.);
#2195=VECTOR('',#9679,1.);
#2196=VECTOR('',#9680,1.);
#2197=VECTOR('',#9683,1.);
#2198=VECTOR('',#9684,1.);
#2199=VECTOR('',#9689,1.);
#2200=VECTOR('',#9690,1.);
#2201=VECTOR('',#9693,1.);
#2202=VECTOR('',#9694,1.);
#2203=VECTOR('',#9699,1.);
#2204=VECTOR('',#9702,1.);
#2205=VECTOR('',#9707,1.);
#2206=VECTOR('',#9712,1.);
#2207=VECTOR('',#9717,1.);
#2208=VECTOR('',#9720,1.);
#2209=VECTOR('',#9723,1.);
#2210=VECTOR('',#9726,1.);
#2211=VECTOR('',#9729,1.);
#2212=VECTOR('',#9732,1.);
#2213=VECTOR('',#9735,1.);
#2214=VECTOR('',#9738,1.);
#2215=VECTOR('',#9741,1.);
#2216=VECTOR('',#9744,1.);
#2217=VECTOR('',#9747,1.);
#2218=VECTOR('',#9752,1.);
#2219=VECTOR('',#9755,1.);
#2220=VECTOR('',#9758,1.);
#2221=VECTOR('',#9761,1.);
#2222=VECTOR('',#9764,1.);
#2223=VECTOR('',#9767,1.);
#2224=VECTOR('',#9770,1.);
#2225=VECTOR('',#9773,1.);
#2226=VECTOR('',#9776,1.);
#2227=VECTOR('',#9779,1.);
#2228=VECTOR('',#9782,1.);
#2229=VECTOR('',#9787,1.);
#2230=VECTOR('',#9792,1.);
#2231=VECTOR('',#9797,1.);
#2232=VECTOR('',#9800,1.);
#2233=VECTOR('',#9803,1.);
#2234=VECTOR('',#9806,1.);
#2235=VECTOR('',#9809,1.);
#2236=VECTOR('',#9812,1.);
#2237=VECTOR('',#9815,1.);
#2238=VECTOR('',#9818,1.);
#2239=VECTOR('',#9821,1.);
#2240=VECTOR('',#9824,1.);
#2241=VECTOR('',#9827,1.);
#2242=VECTOR('',#9830,1.);
#2243=VECTOR('',#9833,1.);
#2244=VECTOR('',#9836,1.);
#2245=VECTOR('',#9839,1.);
#2246=VECTOR('',#9842,1.);
#2247=VECTOR('',#9845,1.);
#2248=VECTOR('',#9848,1.);
#2249=VECTOR('',#9851,1.);
#2250=VECTOR('',#9854,1.);
#2251=VECTOR('',#9857,1.);
#2252=VECTOR('',#9860,1.);
#2253=VECTOR('',#9863,1.);
#2254=VECTOR('',#9866,1.);
#2255=VECTOR('',#9871,1.);
#2256=VECTOR('',#9874,1.);
#2257=VECTOR('',#9877,1.);
#2258=VECTOR('',#9880,1.);
#2259=VECTOR('',#9883,1.);
#2260=VECTOR('',#9886,1.);
#2261=VECTOR('',#9889,1.);
#2262=VECTOR('',#9892,1.);
#2263=VECTOR('',#9895,1.);
#2264=VECTOR('',#9898,1.);
#2265=VECTOR('',#9901,1.);
#2266=VECTOR('',#9904,1.);
#2267=VECTOR('',#9907,1.);
#2268=VECTOR('',#9910,1.);
#2269=VECTOR('',#9913,1.);
#2270=VECTOR('',#9916,1.);
#2271=VECTOR('',#9919,1.);
#2272=VECTOR('',#9922,1.);
#2273=VECTOR('',#9925,1.);
#2274=VECTOR('',#9928,1.);
#2275=VECTOR('',#9931,1.);
#2276=VECTOR('',#9934,1.);
#2277=VECTOR('',#9937,1.);
#2278=VECTOR('',#9940,1.);
#2279=VECTOR('',#9943,1.);
#2280=VECTOR('',#9946,1.);
#2281=VECTOR('',#9949,1.);
#2282=VECTOR('',#9952,1.);
#2283=VECTOR('',#9955,1.);
#2284=VECTOR('',#9958,1.);
#2285=VECTOR('',#9961,1.);
#2286=VECTOR('',#9964,1.);
#2287=VECTOR('',#9967,1.);
#2288=VECTOR('',#9970,1.);
#2289=VECTOR('',#9973,1.);
#2290=VECTOR('',#9976,1.);
#2291=VECTOR('',#9979,1.);
#2292=VECTOR('',#9982,1.);
#2293=VECTOR('',#9985,1.);
#2294=VECTOR('',#9988,1.);
#2295=VECTOR('',#9991,1.);
#2296=VECTOR('',#9994,1.);
#2297=VECTOR('',#9997,1.);
#2298=VECTOR('',#10000,1.);
#2299=VECTOR('',#10003,1.);
#2300=VECTOR('',#10006,1.);
#2301=VECTOR('',#10009,1.);
#2302=VECTOR('',#10012,1.);
#2303=VECTOR('',#10015,1.);
#2304=VECTOR('',#10018,1.);
#2305=VECTOR('',#10021,1.);
#2306=VECTOR('',#10024,1.);
#2307=VECTOR('',#10027,1.);
#2308=VECTOR('',#10030,1.);
#2309=VECTOR('',#10033,1.);
#2310=VECTOR('',#10036,1.);
#2311=VECTOR('',#10039,1.);
#2312=VECTOR('',#10042,1.);
#2313=VECTOR('',#10045,1.);
#2314=VECTOR('',#10048,1.);
#2315=VECTOR('',#10051,1.);
#2316=VECTOR('',#10054,1.);
#2317=VECTOR('',#10057,1.);
#2318=VECTOR('',#10060,1.);
#2319=VECTOR('',#10065,1.);
#2320=VECTOR('',#10068,1.);
#2321=VECTOR('',#10071,1.);
#2322=VECTOR('',#10074,1.);
#2323=VECTOR('',#10077,1.);
#2324=VECTOR('',#10080,1.);
#2325=VECTOR('',#10083,1.);
#2326=VECTOR('',#10086,1.);
#2327=VECTOR('',#10089,1.);
#2328=VECTOR('',#10092,1.);
#2329=VECTOR('',#10095,1.);
#2330=VECTOR('',#10098,1.);
#2331=VECTOR('',#10101,1.);
#2332=VECTOR('',#10104,1.);
#2333=VECTOR('',#10107,1.);
#2334=VECTOR('',#10110,1.);
#2335=VECTOR('',#10113,1.);
#2336=VECTOR('',#10116,1.);
#2337=VECTOR('',#10119,1.);
#2338=VECTOR('',#10122,1.);
#2339=VECTOR('',#10125,1.);
#2340=VECTOR('',#10128,1.);
#2341=VECTOR('',#10131,1.);
#2342=VECTOR('',#10134,1.);
#2343=VECTOR('',#10137,1.);
#2344=VECTOR('',#10140,1.);
#2345=VECTOR('',#10143,1.);
#2346=VECTOR('',#10146,1.);
#2347=VECTOR('',#10149,1.);
#2348=VECTOR('',#10152,1.);
#2349=VECTOR('',#10155,1.);
#2350=VECTOR('',#10158,1.);
#2351=VECTOR('',#10161,1.);
#2352=VECTOR('',#10164,1.);
#2353=VECTOR('',#10167,1.);
#2354=VECTOR('',#10170,1.);
#2355=VECTOR('',#10173,1.);
#2356=VECTOR('',#10176,1.);
#2357=VECTOR('',#10179,1.);
#2358=VECTOR('',#10182,1.);
#2359=VECTOR('',#10187,1.);
#2360=VECTOR('',#10190,1.);
#2361=VECTOR('',#10193,1.);
#2362=VECTOR('',#10196,1.);
#2363=VECTOR('',#10199,1.);
#2364=VECTOR('',#10202,1.);
#2365=VECTOR('',#10205,1.);
#2366=VECTOR('',#10208,1.);
#2367=VECTOR('',#10211,1.);
#2368=VECTOR('',#10214,1.);
#2369=VECTOR('',#10217,1.);
#2370=VECTOR('',#10220,1.);
#2371=VECTOR('',#10223,1.);
#2372=VECTOR('',#10226,1.);
#2373=VECTOR('',#10229,1.);
#2374=VECTOR('',#10232,1.);
#2375=VECTOR('',#10235,1.);
#2376=VECTOR('',#10238,1.);
#2377=VECTOR('',#10241,1.);
#2378=VECTOR('',#10244,1.);
#2379=VECTOR('',#10249,1.);
#2380=VECTOR('',#10252,1.);
#2381=VECTOR('',#10255,1.);
#2382=VECTOR('',#10258,1.);
#2383=VECTOR('',#10261,1.);
#2384=VECTOR('',#10264,1.);
#2385=VECTOR('',#10267,1.);
#2386=VECTOR('',#10270,1.);
#2387=VECTOR('',#10273,1.);
#2388=VECTOR('',#10276,1.);
#2389=VECTOR('',#10279,1.);
#2390=VECTOR('',#10282,1.);
#2391=VECTOR('',#10285,1.);
#2392=VECTOR('',#10288,1.);
#2393=VECTOR('',#10291,1.);
#2394=VECTOR('',#10294,1.);
#2395=VECTOR('',#10299,1.);
#2396=VECTOR('',#10300,1.);
#2397=VECTOR('',#10303,1.);
#2398=VECTOR('',#10306,1.);
#2399=VECTOR('',#10309,1.);
#2400=VECTOR('',#10312,1.);
#2401=VECTOR('',#10315,1.);
#2402=VECTOR('',#10318,1.);
#2403=VECTOR('',#10323,1.);
#2404=VECTOR('',#10324,1.);
#2405=VECTOR('',#10327,1.);
#2406=VECTOR('',#10330,1.);
#2407=VECTOR('',#10333,1.);
#2408=VECTOR('',#10336,1.);
#2409=VECTOR('',#10339,1.);
#2410=VECTOR('',#10342,1.);
#2411=VECTOR('',#10347,1.);
#2412=VECTOR('',#10348,1.);
#2413=VECTOR('',#10351,1.);
#2414=VECTOR('',#10354,1.);
#2415=VECTOR('',#10357,1.);
#2416=VECTOR('',#10360,1.);
#2417=VECTOR('',#10363,1.);
#2418=VECTOR('',#10366,1.);
#2419=VECTOR('',#10371,1.1);
#2420=VECTOR('',#10374,1.);
#2421=VECTOR('',#10375,1.);
#2422=VECTOR('',#10378,1.);
#2423=VECTOR('',#10381,1.);
#2424=VECTOR('',#10384,1.);
#2425=VECTOR('',#10387,1.);
#2426=VECTOR('',#10390,1.);
#2427=VECTOR('',#10393,1.);
#2428=VECTOR('',#10396,1.);
#2429=VECTOR('',#10399,1.);
#2430=VECTOR('',#10402,1.);
#2431=VECTOR('',#10405,1.);
#2432=VECTOR('',#10408,1.);
#2433=VECTOR('',#10411,1.);
#2434=VECTOR('',#10414,1.);
#2435=VECTOR('',#10417,1.);
#2436=VECTOR('',#10422,1.);
#2437=VECTOR('',#10425,1.);
#2438=VECTOR('',#10428,1.);
#2439=VECTOR('',#10431,1.);
#2440=VECTOR('',#10434,1.);
#2441=VECTOR('',#10437,1.);
#2442=VECTOR('',#10440,1.);
#2443=VECTOR('',#10443,1.);
#2444=VECTOR('',#10446,1.);
#2445=VECTOR('',#10449,1.);
#2446=VECTOR('',#10452,1.);
#2447=VECTOR('',#10455,1.);
#2448=VECTOR('',#10460,1.);
#2449=VECTOR('',#10461,1.);
#2450=VECTOR('',#10464,1.);
#2451=VECTOR('',#10467,1.);
#2452=VECTOR('',#10470,1.);
#2453=VECTOR('',#10473,1.);
#2454=VECTOR('',#10476,1.);
#2455=VECTOR('',#10479,1.);
#2456=VECTOR('',#10484,1.);
#2457=VECTOR('',#10485,1.);
#2458=VECTOR('',#10488,1.);
#2459=VECTOR('',#10491,1.);
#2460=VECTOR('',#10494,1.);
#2461=VECTOR('',#10497,1.);
#2462=VECTOR('',#10500,1.);
#2463=VECTOR('',#10503,1.);
#2464=VECTOR('',#10508,1.);
#2465=VECTOR('',#10509,1.);
#2466=VECTOR('',#10512,1.);
#2467=VECTOR('',#10515,1.);
#2468=VECTOR('',#10518,1.);
#2469=VECTOR('',#10521,1.);
#2470=VECTOR('',#10524,1.);
#2471=VECTOR('',#10527,1.);
#2472=VECTOR('',#10532,1.);
#2473=VECTOR('',#10533,1.);
#2474=VECTOR('',#10536,1.);
#2475=VECTOR('',#10539,1.);
#2476=VECTOR('',#10542,1.);
#2477=VECTOR('',#10545,1.);
#2478=VECTOR('',#10548,1.);
#2479=VECTOR('',#10551,1.);
#2480=VECTOR('',#10556,1.);
#2481=VECTOR('',#10557,1.);
#2482=VECTOR('',#10560,1.);
#2483=VECTOR('',#10563,1.);
#2484=VECTOR('',#10566,1.);
#2485=VECTOR('',#10569,1.);
#2486=VECTOR('',#10572,1.);
#2487=VECTOR('',#10575,1.);
#2488=VECTOR('',#10580,1.);
#2489=VECTOR('',#10583,1.);
#2490=VECTOR('',#10586,1.);
#2491=VECTOR('',#10589,1.);
#2492=VECTOR('',#10592,1.);
#2493=VECTOR('',#10595,1.);
#2494=VECTOR('',#10598,1.);
#2495=VECTOR('',#10601,1.);
#2496=VECTOR('',#10604,1.);
#2497=VECTOR('',#10607,1.);
#2498=VECTOR('',#10610,1.);
#2499=VECTOR('',#10613,1.);
#2500=VECTOR('',#10616,1.);
#2501=VECTOR('',#10619,1.);
#2502=VECTOR('',#10622,1.);
#2503=VECTOR('',#10625,1.);
#2504=VECTOR('',#10628,1.);
#2505=VECTOR('',#10631,1.);
#2506=VECTOR('',#10634,1.);
#2507=VECTOR('',#10637,1.);
#2508=VECTOR('',#10640,1.);
#2509=VECTOR('',#10643,1.);
#2510=VECTOR('',#10646,1.);
#2511=VECTOR('',#10649,1.);
#2512=VECTOR('',#10652,1.);
#2513=VECTOR('',#10655,1.);
#2514=VECTOR('',#10658,1.);
#2515=VECTOR('',#10661,1.);
#2516=VECTOR('',#10666,1.1);
#2517=VECTOR('',#10669,1.);
#2518=VECTOR('',#10670,1.);
#2519=VECTOR('',#10673,1.);
#2520=VECTOR('',#10676,1.);
#2521=VECTOR('',#10679,1.);
#2522=VECTOR('',#10682,1.);
#2523=VECTOR('',#10685,1.);
#2524=VECTOR('',#10688,1.);
#2525=VECTOR('',#10693,1.);
#2526=VECTOR('',#10694,1.);
#2527=VECTOR('',#10697,1.);
#2528=VECTOR('',#10700,1.);
#2529=VECTOR('',#10703,1.);
#2530=VECTOR('',#10706,1.);
#2531=VECTOR('',#10709,1.);
#2532=VECTOR('',#10712,1.);
#2533=VECTOR('',#10717,1.);
#2534=VECTOR('',#10718,1.);
#2535=VECTOR('',#10721,1.);
#2536=VECTOR('',#10724,1.);
#2537=VECTOR('',#10727,1.);
#2538=VECTOR('',#10730,1.);
#2539=VECTOR('',#10733,1.);
#2540=VECTOR('',#10736,1.);
#2541=VECTOR('',#10741,1.);
#2542=VECTOR('',#10742,1.);
#2543=VECTOR('',#10745,1.);
#2544=VECTOR('',#10748,1.);
#2545=VECTOR('',#10751,1.);
#2546=VECTOR('',#10754,1.);
#2547=VECTOR('',#10757,1.);
#2548=VECTOR('',#10760,1.);
#2549=VECTOR('',#10765,1.);
#2550=VECTOR('',#10766,1.);
#2551=VECTOR('',#10769,1.);
#2552=VECTOR('',#10772,1.);
#2553=VECTOR('',#10775,1.);
#2554=VECTOR('',#10778,1.);
#2555=VECTOR('',#10781,1.);
#2556=VECTOR('',#10784,1.);
#2557=VECTOR('',#10789,1.);
#2558=VECTOR('',#10790,1.);
#2559=VECTOR('',#10793,1.);
#2560=VECTOR('',#10796,1.);
#2561=VECTOR('',#10799,1.);
#2562=VECTOR('',#10802,1.);
#2563=VECTOR('',#10805,1.);
#2564=VECTOR('',#10808,1.);
#2565=VECTOR('',#10813,1.);
#2566=VECTOR('',#10814,1.);
#2567=VECTOR('',#10817,1.);
#2568=VECTOR('',#10820,1.);
#2569=VECTOR('',#10823,1.);
#2570=VECTOR('',#10826,1.);
#2571=VECTOR('',#10829,1.);
#2572=VECTOR('',#10832,1.);
#2573=VECTOR('',#10837,1.);
#2574=VECTOR('',#10838,1.);
#2575=VECTOR('',#10841,1.);
#2576=VECTOR('',#10844,1.);
#2577=VECTOR('',#10847,1.);
#2578=VECTOR('',#10850,1.);
#2579=VECTOR('',#10853,1.);
#2580=VECTOR('',#10856,1.);
#2581=VECTOR('',#10861,1.);
#2582=VECTOR('',#10862,1.);
#2583=VECTOR('',#10865,1.);
#2584=VECTOR('',#10868,1.);
#2585=VECTOR('',#10871,1.);
#2586=VECTOR('',#10874,1.);
#2587=VECTOR('',#10877,1.);
#2588=VECTOR('',#10880,1.);
#2589=VECTOR('',#10885,1.);
#2590=VECTOR('',#10886,1.);
#2591=VECTOR('',#10889,1.);
#2592=VECTOR('',#10892,1.);
#2593=VECTOR('',#10895,1.);
#2594=VECTOR('',#10898,1.);
#2595=VECTOR('',#10901,1.);
#2596=VECTOR('',#10904,1.);
#2597=VECTOR('',#10909,1.1);
#2598=VECTOR('',#10912,1.);
#2599=VECTOR('',#10913,1.);
#2600=VECTOR('',#10916,1.);
#2601=VECTOR('',#10919,1.);
#2602=VECTOR('',#10922,1.);
#2603=VECTOR('',#10925,1.);
#2604=VECTOR('',#10928,1.);
#2605=VECTOR('',#10931,1.);
#2606=VECTOR('',#10936,1.);
#2607=VECTOR('',#10937,1.);
#2608=VECTOR('',#10940,1.);
#2609=VECTOR('',#10943,1.);
#2610=VECTOR('',#10946,1.);
#2611=VECTOR('',#10949,1.);
#2612=VECTOR('',#10952,1.);
#2613=VECTOR('',#10955,1.);
#2614=VECTOR('',#10960,1.);
#2615=VECTOR('',#10961,1.);
#2616=VECTOR('',#10964,1.);
#2617=VECTOR('',#10967,1.);
#2618=VECTOR('',#10970,1.);
#2619=VECTOR('',#10973,1.);
#2620=VECTOR('',#10976,1.);
#2621=VECTOR('',#10979,1.);
#2622=VECTOR('',#10984,1.);
#2623=VECTOR('',#10985,1.);
#2624=VECTOR('',#10988,1.);
#2625=VECTOR('',#10991,1.);
#2626=VECTOR('',#10994,1.);
#2627=VECTOR('',#10997,1.);
#2628=VECTOR('',#11000,1.);
#2629=VECTOR('',#11003,1.);
#2630=VECTOR('',#11008,1.);
#2631=VECTOR('',#11009,1.);
#2632=VECTOR('',#11012,1.);
#2633=VECTOR('',#11015,1.);
#2634=VECTOR('',#11018,1.);
#2635=VECTOR('',#11021,1.);
#2636=VECTOR('',#11024,1.);
#2637=VECTOR('',#11027,1.);
#2638=VECTOR('',#11032,1.);
#2639=VECTOR('',#11033,1.);
#2640=VECTOR('',#11036,1.);
#2641=VECTOR('',#11039,1.);
#2642=VECTOR('',#11042,1.);
#2643=VECTOR('',#11045,1.);
#2644=VECTOR('',#11048,1.);
#2645=VECTOR('',#11051,1.);
#2646=VECTOR('',#11056,1.);
#2647=VECTOR('',#11057,1.);
#2648=VECTOR('',#11060,1.);
#2649=VECTOR('',#11063,1.);
#2650=VECTOR('',#11066,1.);
#2651=VECTOR('',#11069,1.);
#2652=VECTOR('',#11072,1.);
#2653=VECTOR('',#11075,1.);
#2654=VECTOR('',#11080,1.);
#2655=VECTOR('',#11081,1.);
#2656=VECTOR('',#11084,1.);
#2657=VECTOR('',#11087,1.);
#2658=VECTOR('',#11090,1.);
#2659=VECTOR('',#11093,1.);
#2660=VECTOR('',#11096,1.);
#2661=VECTOR('',#11099,1.);
#2662=VECTOR('',#11104,1.);
#2663=VECTOR('',#11105,1.);
#2664=VECTOR('',#11108,1.);
#2665=VECTOR('',#11111,1.);
#2666=VECTOR('',#11114,1.);
#2667=VECTOR('',#11117,1.);
#2668=VECTOR('',#11120,1.);
#2669=VECTOR('',#11123,1.);
#2670=VECTOR('',#11128,1.);
#2671=VECTOR('',#11129,1.);
#2672=VECTOR('',#11132,1.);
#2673=VECTOR('',#11135,1.);
#2674=VECTOR('',#11138,1.);
#2675=VECTOR('',#11141,1.);
#2676=VECTOR('',#11144,1.);
#2677=VECTOR('',#11147,1.);
#2678=VECTOR('',#11152,1.);
#2679=VECTOR('',#11153,1.);
#2680=VECTOR('',#11156,1.);
#2681=VECTOR('',#11159,1.);
#2682=VECTOR('',#11162,1.);
#2683=VECTOR('',#11165,1.);
#2684=VECTOR('',#11168,1.);
#2685=VECTOR('',#11171,1.);
#2686=VECTOR('',#11176,1.);
#2687=VECTOR('',#11177,1.);
#2688=VECTOR('',#11180,1.);
#2689=VECTOR('',#11183,1.);
#2690=VECTOR('',#11186,1.);
#2691=VECTOR('',#11189,1.);
#2692=VECTOR('',#11192,1.);
#2693=VECTOR('',#11195,1.);
#2694=VECTOR('',#11200,1.);
#2695=VECTOR('',#11201,1.);
#2696=VECTOR('',#11204,1.);
#2697=VECTOR('',#11207,1.);
#2698=VECTOR('',#11210,1.);
#2699=VECTOR('',#11213,1.);
#2700=VECTOR('',#11216,1.);
#2701=VECTOR('',#11219,1.);
#2702=VECTOR('',#11224,1.);
#2703=VECTOR('',#11225,1.);
#2704=VECTOR('',#11228,1.);
#2705=VECTOR('',#11231,1.);
#2706=VECTOR('',#11234,1.);
#2707=VECTOR('',#11237,1.);
#2708=VECTOR('',#11240,1.);
#2709=VECTOR('',#11243,1.);
#2710=VECTOR('',#11248,1.);
#2711=VECTOR('',#11249,1.);
#2712=VECTOR('',#11252,1.);
#2713=VECTOR('',#11255,1.);
#2714=VECTOR('',#11258,1.);
#2715=VECTOR('',#11261,1.);
#2716=VECTOR('',#11264,1.);
#2717=VECTOR('',#11267,1.);
#2718=VECTOR('',#11272,1.);
#2719=VECTOR('',#11273,1.);
#2720=VECTOR('',#11276,1.);
#2721=VECTOR('',#11279,1.);
#2722=VECTOR('',#11282,1.);
#2723=VECTOR('',#11285,1.);
#2724=VECTOR('',#11288,1.);
#2725=VECTOR('',#11291,1.);
#2726=VECTOR('',#11296,1.1);
#2727=VECTOR('',#11299,1.);
#2728=VECTOR('',#11300,1.);
#2729=VECTOR('',#11303,1.);
#2730=VECTOR('',#11306,1.);
#2731=VECTOR('',#11309,1.);
#2732=VECTOR('',#11312,1.);
#2733=VECTOR('',#11315,1.);
#2734=VECTOR('',#11318,1.);
#2735=VECTOR('',#11323,1.);
#2736=VECTOR('',#11324,1.);
#2737=VECTOR('',#11327,1.);
#2738=VECTOR('',#11330,1.);
#2739=VECTOR('',#11333,1.);
#2740=VECTOR('',#11336,1.);
#2741=VECTOR('',#11339,1.);
#2742=VECTOR('',#11342,1.);
#2743=VECTOR('',#11347,1.);
#2744=VECTOR('',#11348,1.);
#2745=VECTOR('',#11351,1.);
#2746=VECTOR('',#11354,1.);
#2747=VECTOR('',#11357,1.);
#2748=VECTOR('',#11360,1.);
#2749=VECTOR('',#11363,1.);
#2750=VECTOR('',#11366,1.);
#2751=VECTOR('',#11371,1.);
#2752=VECTOR('',#11372,1.);
#2753=VECTOR('',#11375,1.);
#2754=VECTOR('',#11378,1.);
#2755=VECTOR('',#11381,1.);
#2756=VECTOR('',#11384,1.);
#2757=VECTOR('',#11387,1.);
#2758=VECTOR('',#11390,1.);
#2759=VECTOR('',#11395,1.);
#2760=VECTOR('',#11396,1.);
#2761=VECTOR('',#11399,1.);
#2762=VECTOR('',#11402,1.);
#2763=VECTOR('',#11405,1.);
#2764=VECTOR('',#11408,1.);
#2765=VECTOR('',#11411,1.);
#2766=VECTOR('',#11414,1.);
#2767=VECTOR('',#11419,1.);
#2768=VECTOR('',#11420,1.);
#2769=VECTOR('',#11423,1.);
#2770=VECTOR('',#11426,1.);
#2771=VECTOR('',#11429,1.);
#2772=VECTOR('',#11432,1.);
#2773=VECTOR('',#11435,1.);
#2774=VECTOR('',#11438,1.);
#2775=CIRCLE('',#8210,0.500000000000007);
#2776=CIRCLE('',#8211,0.500000000000007);
#2777=CIRCLE('',#8213,1.09999999999999);
#2778=CIRCLE('',#8214,1.09999999999999);
#2779=CIRCLE('',#8216,2.381250077504);
#2780=CIRCLE('',#8217,2.381250077504);
#2781=CIRCLE('',#8218,2.381250077504);
#2782=CIRCLE('',#8219,2.381248370398);
#2783=CIRCLE('',#8220,0.500001333575);
#2784=CIRCLE('',#8221,0.500001333599);
#2785=CIRCLE('',#8222,0.500001333599);
#2786=CIRCLE('',#8223,0.500001333599);
#2787=CIRCLE('',#8224,0.500001333575);
#2788=CIRCLE('',#8225,0.50000133357);
#2789=CIRCLE('',#8226,0.500001333599);
#2790=CIRCLE('',#8227,0.500001333599);
#2791=CIRCLE('',#8228,0.500001333575);
#2792=CIRCLE('',#8229,0.500001333599);
#2793=CIRCLE('',#8230,0.50000133357);
#2794=CIRCLE('',#8231,0.500001333599);
#2795=CIRCLE('',#8232,0.500001333575);
#2796=CIRCLE('',#8233,0.50000133357);
#2797=CIRCLE('',#8234,0.500001333599);
#2798=CIRCLE('',#8235,0.500001333599);
#2799=CIRCLE('',#8236,0.500001333575);
#2800=CIRCLE('',#8237,0.500001333599);
#2801=CIRCLE('',#8238,0.500001333599);
#2802=CIRCLE('',#8239,0.500001333599);
#2803=CIRCLE('',#8240,0.500001333575);
#2804=CIRCLE('',#8241,0.50000133357);
#2805=CIRCLE('',#8242,0.500001333599);
#2806=CIRCLE('',#8243,0.500001333599);
#2807=CIRCLE('',#8244,1.1);
#2808=CIRCLE('',#8245,0.500001333575);
#2809=CIRCLE('',#8246,0.500001333599);
#2810=CIRCLE('',#8247,0.500001333599);
#2811=CIRCLE('',#8248,0.500001333599);
#2812=CIRCLE('',#8249,0.500001333575);
#2813=CIRCLE('',#8250,0.500001333599);
#2814=CIRCLE('',#8251,0.500001333599);
#2815=CIRCLE('',#8252,0.500001333599);
#2816=CIRCLE('',#8253,0.500001333575);
#2817=CIRCLE('',#8254,0.500001333599);
#2818=CIRCLE('',#8255,0.500001333599);
#2819=CIRCLE('',#8256,0.500001333599);
#2820=CIRCLE('',#8257,0.500001333575);
#2821=CIRCLE('',#8258,0.500001333599);
#2822=CIRCLE('',#8259,0.500001333599);
#2823=CIRCLE('',#8260,0.500001333599);
#2824=CIRCLE('',#8261,0.500001333575);
#2825=CIRCLE('',#8262,0.50000133357);
#2826=CIRCLE('',#8263,0.500001333599);
#2827=CIRCLE('',#8264,0.500001333599);
#2828=CIRCLE('',#8265,0.500001333575);
#2829=CIRCLE('',#8266,0.500001333599);
#2830=CIRCLE('',#8267,0.50000133357);
#2831=CIRCLE('',#8268,0.500001333599);
#2832=CIRCLE('',#8269,0.500001333575);
#2833=CIRCLE('',#8270,0.500001333599);
#2834=CIRCLE('',#8271,0.50000133357);
#2835=CIRCLE('',#8272,0.500001333599);
#2836=CIRCLE('',#8273,0.500001333575);
#2837=CIRCLE('',#8274,0.500001333599);
#2838=CIRCLE('',#8275,0.500001333599);
#2839=CIRCLE('',#8276,0.500001333599);
#2840=CIRCLE('',#8277,0.500001333575);
#2841=CIRCLE('',#8278,0.500001333599);
#2842=CIRCLE('',#8279,0.500001333599);
#2843=CIRCLE('',#8280,0.500001333599);
#2844=CIRCLE('',#8281,0.500001333575);
#2845=CIRCLE('',#8282,0.50000133357);
#2846=CIRCLE('',#8283,0.500001333599);
#2847=CIRCLE('',#8284,0.500001333599);
#2848=CIRCLE('',#8285,0.500001333575);
#2849=CIRCLE('',#8286,0.50000133357);
#2850=CIRCLE('',#8287,0.500001333599);
#2851=CIRCLE('',#8288,0.500001333599);
#2852=CIRCLE('',#8289,0.500001333575);
#2853=CIRCLE('',#8290,0.500001333599);
#2854=CIRCLE('',#8291,0.50000133357);
#2855=CIRCLE('',#8292,0.500001333599);
#2856=CIRCLE('',#8293,0.500001333575);
#2857=CIRCLE('',#8294,0.50000133357);
#2858=CIRCLE('',#8295,0.500001333599);
#2859=CIRCLE('',#8296,0.500001333599);
#2860=CIRCLE('',#8297,0.500001333575);
#2861=CIRCLE('',#8298,0.500001333599);
#2862=CIRCLE('',#8299,0.50000133357);
#2863=CIRCLE('',#8300,0.500001333599);
#2864=CIRCLE('',#8301,0.500001333575);
#2865=CIRCLE('',#8302,0.500001333599);
#2866=CIRCLE('',#8303,0.50000133357);
#2867=CIRCLE('',#8304,0.500001333599);
#2868=CIRCLE('',#8305,0.500001333575);
#2869=CIRCLE('',#8306,0.500001333599);
#2870=CIRCLE('',#8307,0.500001333599);
#2871=CIRCLE('',#8308,0.500001333599);
#2872=CIRCLE('',#8309,1.1);
#2873=CIRCLE('',#8310,0.500001333575);
#2874=CIRCLE('',#8311,0.500001333599);
#2875=CIRCLE('',#8312,0.50000133357);
#2876=CIRCLE('',#8313,0.500001333599);
#2877=CIRCLE('',#8314,0.500001333575);
#2878=CIRCLE('',#8315,0.500001333599);
#2879=CIRCLE('',#8316,0.500001333599);
#2880=CIRCLE('',#8317,0.500001333599);
#2881=CIRCLE('',#8318,0.500001333575);
#2882=CIRCLE('',#8319,0.500001333599);
#2883=CIRCLE('',#8320,0.500001333599);
#2884=CIRCLE('',#8321,0.500001333599);
#2885=CIRCLE('',#8322,0.500001333575);
#2886=CIRCLE('',#8323,0.500001333599);
#2887=CIRCLE('',#8324,0.500001333599);
#2888=CIRCLE('',#8325,0.500001333599);
#2889=CIRCLE('',#8326,0.500001333575);
#2890=CIRCLE('',#8327,0.500001333599);
#2891=CIRCLE('',#8328,0.500001333599);
#2892=CIRCLE('',#8329,0.500001333599);
#2893=CIRCLE('',#8330,0.500001333575);
#2894=CIRCLE('',#8331,0.500001333599);
#2895=CIRCLE('',#8332,0.500001333599);
#2896=CIRCLE('',#8333,0.500001333599);
#2897=CIRCLE('',#8334,0.500001333575);
#2898=CIRCLE('',#8335,0.50000133357);
#2899=CIRCLE('',#8336,0.500001333599);
#2900=CIRCLE('',#8337,0.500001333599);
#2901=CIRCLE('',#8338,0.500001333575);
#2902=CIRCLE('',#8339,0.500001333599);
#2903=CIRCLE('',#8340,0.500001333599);
#2904=CIRCLE('',#8341,0.500001333599);
#2905=CIRCLE('',#8342,0.500001333575);
#2906=CIRCLE('',#8343,0.500001333599);
#2907=CIRCLE('',#8344,0.500001333599);
#2908=CIRCLE('',#8345,0.500001333599);
#2909=CIRCLE('',#8346,0.500001333575);
#2910=CIRCLE('',#8347,0.500001333599);
#2911=CIRCLE('',#8348,0.500001333599);
#2912=CIRCLE('',#8349,0.500001333599);
#2913=CIRCLE('',#8350,1.1);
#2914=CIRCLE('',#8351,0.500000000000007);
#2915=CIRCLE('',#8352,1.09999999999999);
#2916=CIRCLE('',#8353,0.500000000000007);
#2917=CIRCLE('',#8354,0.500100380151);
#2918=CIRCLE('',#8355,0.499898942044);
#2919=CIRCLE('',#8356,0.499898942044);
#2920=CIRCLE('',#8357,0.500049140802);
#2921=CIRCLE('',#8358,0.500049140802);
#2922=CIRCLE('',#8359,0.500049140802);
#2923=CIRCLE('',#8360,0.499898924606);
#2924=CIRCLE('',#8361,0.500100380151);
#2925=CIRCLE('',#8362,0.500134549674);
#2926=CIRCLE('',#8363,0.499912590112);
#2927=CIRCLE('',#8364,0.500001333599);
#2928=CIRCLE('',#8365,0.500001333599);
#2929=CIRCLE('',#8366,0.500049140802);
#2930=CIRCLE('',#8367,0.500085006192);
#2931=CIRCLE('',#8368,0.500100362954);
#2932=CIRCLE('',#8369,0.499898942044);
#2933=CIRCLE('',#8370,0.500001333575);
#2934=CIRCLE('',#8371,0.500001333599);
#2935=CIRCLE('',#8372,0.500001333599);
#2936=CIRCLE('',#8373,0.500001333599);
#2937=CIRCLE('',#8374,0.500001333575);
#2938=CIRCLE('',#8375,0.500001333599);
#2939=CIRCLE('',#8376,0.500001333599);
#2940=CIRCLE('',#8377,0.500001333599);
#2941=CIRCLE('',#8378,0.500001333575);
#2942=CIRCLE('',#8379,0.500001333599);
#2943=CIRCLE('',#8380,0.500001333599);
#2944=CIRCLE('',#8381,0.500001333599);
#2945=CIRCLE('',#8382,0.500001333575);
#2946=CIRCLE('',#8383,0.500001333599);
#2947=CIRCLE('',#8384,0.500001333599);
#2948=CIRCLE('',#8385,0.500001333599);
#2949=CIRCLE('',#8386,0.500001333575);
#2950=CIRCLE('',#8387,0.500001333599);
#2951=CIRCLE('',#8388,0.500001333599);
#2952=CIRCLE('',#8389,0.500001333599);
#2953=CIRCLE('',#8390,0.499898942044);
#2954=CIRCLE('',#8391,0.500100362954);
#2955=CIRCLE('',#8392,0.500134549674);
#2956=CIRCLE('',#8393,0.499912590112);
#2957=CIRCLE('',#8394,0.50000133357);
#2958=CIRCLE('',#8395,0.50000133357);
#2959=CIRCLE('',#8396,0.500049140802);
#2960=CIRCLE('',#8397,0.500085006192);
#2961=CIRCLE('',#8398,0.500100362954);
#2962=CIRCLE('',#8399,0.499898924606);
#2963=CIRCLE('',#8400,0.500100380151);
#2964=CIRCLE('',#8401,0.499898942044);
#2965=CIRCLE('',#8402,0.499898942044);
#2966=CIRCLE('',#8403,0.500049140802);
#2967=CIRCLE('',#8404,0.500049140802);
#2968=CIRCLE('',#8405,0.500049140802);
#2969=CIRCLE('',#8406,0.500000000000007);
#2970=CIRCLE('',#8407,1.1);
#2971=CIRCLE('',#8408,0.500001333575);
#2972=CIRCLE('',#8409,0.500001333599);
#2973=CIRCLE('',#8410,0.500001333599);
#2974=CIRCLE('',#8411,0.500001333599);
#2975=CIRCLE('',#8412,0.500001333575);
#2976=CIRCLE('',#8413,0.500001333599);
#2977=CIRCLE('',#8414,0.500001333599);
#2978=CIRCLE('',#8415,0.500001333599);
#2979=CIRCLE('',#8416,0.500001333575);
#2980=CIRCLE('',#8417,0.500001333599);
#2981=CIRCLE('',#8418,0.500001333599);
#2982=CIRCLE('',#8419,0.500001333599);
#2983=CIRCLE('',#8421,0.500000000000007);
#2984=CIRCLE('',#8424,0.500000000000007);
#2985=CIRCLE('',#8427,0.500000000000007);
#2986=CIRCLE('',#8430,1.09999999999999);
#2987=CIRCLE('',#8433,2.381250077504);
#2988=CIRCLE('',#8437,2.381248370398);
#2989=CIRCLE('',#8438,2.381250077504);
#2990=CIRCLE('',#8439,2.381250077504);
#2991=CIRCLE('',#8440,0.500049140802);
#2992=CIRCLE('',#8441,0.500049140802);
#2993=CIRCLE('',#8442,0.500049140802);
#2994=CIRCLE('',#8443,0.499898942044);
#2995=CIRCLE('',#8444,0.499898942044);
#2996=CIRCLE('',#8445,0.500100380151);
#2997=CIRCLE('',#8446,0.499898924606);
#2998=CIRCLE('',#8447,0.500100362954);
#2999=CIRCLE('',#8448,0.500085006192);
#3000=CIRCLE('',#8449,0.500049140802);
#3001=CIRCLE('',#8450,0.50000133357);
#3002=CIRCLE('',#8451,0.50000133357);
#3003=CIRCLE('',#8452,0.499912590112);
#3004=CIRCLE('',#8453,0.500134549674);
#3005=CIRCLE('',#8454,0.500100362954);
#3006=CIRCLE('',#8455,0.499898942044);
#3007=CIRCLE('',#8456,0.499898942044);
#3008=CIRCLE('',#8457,0.500100362954);
#3009=CIRCLE('',#8458,0.500085006192);
#3010=CIRCLE('',#8459,0.500049140802);
#3011=CIRCLE('',#8460,0.500001333599);
#3012=CIRCLE('',#8461,0.500001333599);
#3013=CIRCLE('',#8462,0.499912590112);
#3014=CIRCLE('',#8463,0.500134549674);
#3015=CIRCLE('',#8464,0.500100380151);
#3016=CIRCLE('',#8465,0.499898924606);
#3017=CIRCLE('',#8466,0.500049140802);
#3018=CIRCLE('',#8467,0.500049140802);
#3019=CIRCLE('',#8468,0.500049140802);
#3020=CIRCLE('',#8469,0.499898942044);
#3021=CIRCLE('',#8470,0.499898942044);
#3022=CIRCLE('',#8471,0.500100380151);
#3023=CIRCLE('',#8472,0.500001333575);
#3024=CIRCLE('',#8473,0.500001333599);
#3025=CIRCLE('',#8474,0.500001333599);
#3026=CIRCLE('',#8475,0.500001333599);
#3027=CIRCLE('',#8476,0.500001333575);
#3028=CIRCLE('',#8477,0.500001333599);
#3029=CIRCLE('',#8478,0.500001333599);
#3030=CIRCLE('',#8479,0.50000133357);
#3031=CIRCLE('',#8480,0.500001333575);
#3032=CIRCLE('',#8481,0.500001333599);
#3033=CIRCLE('',#8482,0.50000133357);
#3034=CIRCLE('',#8483,0.500001333599);
#3035=CIRCLE('',#8484,0.500001333575);
#3036=CIRCLE('',#8485,0.500001333599);
#3037=CIRCLE('',#8486,0.500001333599);
#3038=CIRCLE('',#8487,0.50000133357);
#3039=CIRCLE('',#8488,0.500001333575);
#3040=CIRCLE('',#8489,0.500001333599);
#3041=CIRCLE('',#8490,0.500001333599);
#3042=CIRCLE('',#8491,0.500001333599);
#3043=CIRCLE('',#8492,0.500001333575);
#3044=CIRCLE('',#8493,0.500001333599);
#3045=CIRCLE('',#8494,0.500001333599);
#3046=CIRCLE('',#8495,0.50000133357);
#3047=CIRCLE('',#8496,1.1);
#3048=CIRCLE('',#8497,0.500001333575);
#3049=CIRCLE('',#8498,0.500001333599);
#3050=CIRCLE('',#8499,0.500001333599);
#3051=CIRCLE('',#8500,0.500001333599);
#3052=CIRCLE('',#8501,0.500001333575);
#3053=CIRCLE('',#8502,0.500001333599);
#3054=CIRCLE('',#8503,0.500001333599);
#3055=CIRCLE('',#8504,0.500001333599);
#3056=CIRCLE('',#8505,0.500001333575);
#3057=CIRCLE('',#8506,0.500001333599);
#3058=CIRCLE('',#8507,0.500001333599);
#3059=CIRCLE('',#8508,0.500001333599);
#3060=CIRCLE('',#8509,0.500001333575);
#3061=CIRCLE('',#8510,0.500001333599);
#3062=CIRCLE('',#8511,0.500001333599);
#3063=CIRCLE('',#8512,0.500001333599);
#3064=CIRCLE('',#8513,0.500001333575);
#3065=CIRCLE('',#8514,0.500001333599);
#3066=CIRCLE('',#8515,0.500001333599);
#3067=CIRCLE('',#8516,0.50000133357);
#3068=CIRCLE('',#8517,0.500001333575);
#3069=CIRCLE('',#8518,0.500001333599);
#3070=CIRCLE('',#8519,0.50000133357);
#3071=CIRCLE('',#8520,0.500001333599);
#3072=CIRCLE('',#8521,0.500001333575);
#3073=CIRCLE('',#8522,0.500001333599);
#3074=CIRCLE('',#8523,0.50000133357);
#3075=CIRCLE('',#8524,0.500001333599);
#3076=CIRCLE('',#8525,0.500001333575);
#3077=CIRCLE('',#8526,0.500001333599);
#3078=CIRCLE('',#8527,0.500001333599);
#3079=CIRCLE('',#8528,0.500001333599);
#3080=CIRCLE('',#8529,0.500001333575);
#3081=CIRCLE('',#8530,0.500001333599);
#3082=CIRCLE('',#8531,0.500001333599);
#3083=CIRCLE('',#8532,0.500001333599);
#3084=CIRCLE('',#8533,0.500001333575);
#3085=CIRCLE('',#8534,0.500001333599);
#3086=CIRCLE('',#8535,0.500001333599);
#3087=CIRCLE('',#8536,0.50000133357);
#3088=CIRCLE('',#8537,0.500001333575);
#3089=CIRCLE('',#8538,0.500001333599);
#3090=CIRCLE('',#8539,0.500001333599);
#3091=CIRCLE('',#8540,0.50000133357);
#3092=CIRCLE('',#8541,0.500001333575);
#3093=CIRCLE('',#8542,0.500001333599);
#3094=CIRCLE('',#8543,0.50000133357);
#3095=CIRCLE('',#8544,0.500001333599);
#3096=CIRCLE('',#8545,0.500001333575);
#3097=CIRCLE('',#8546,0.500001333599);
#3098=CIRCLE('',#8547,0.500001333599);
#3099=CIRCLE('',#8548,0.50000133357);
#3100=CIRCLE('',#8549,0.500001333575);
#3101=CIRCLE('',#8550,0.500001333599);
#3102=CIRCLE('',#8551,0.50000133357);
#3103=CIRCLE('',#8552,0.500001333599);
#3104=CIRCLE('',#8553,0.500001333575);
#3105=CIRCLE('',#8554,0.500001333599);
#3106=CIRCLE('',#8555,0.50000133357);
#3107=CIRCLE('',#8556,0.500001333599);
#3108=CIRCLE('',#8557,0.500001333575);
#3109=CIRCLE('',#8558,0.500001333599);
#3110=CIRCLE('',#8559,0.500001333599);
#3111=CIRCLE('',#8560,0.500001333599);
#3112=CIRCLE('',#8561,1.1);
#3113=CIRCLE('',#8562,0.500001333575);
#3114=CIRCLE('',#8563,0.500001333599);
#3115=CIRCLE('',#8564,0.50000133357);
#3116=CIRCLE('',#8565,0.500001333599);
#3117=CIRCLE('',#8566,0.500001333575);
#3118=CIRCLE('',#8567,0.500001333599);
#3119=CIRCLE('',#8568,0.500001333599);
#3120=CIRCLE('',#8569,0.500001333599);
#3121=CIRCLE('',#8570,0.500001333575);
#3122=CIRCLE('',#8571,0.500001333599);
#3123=CIRCLE('',#8572,0.500001333599);
#3124=CIRCLE('',#8573,0.500001333599);
#3125=CIRCLE('',#8574,0.500001333575);
#3126=CIRCLE('',#8575,0.500001333599);
#3127=CIRCLE('',#8576,0.500001333599);
#3128=CIRCLE('',#8577,0.500001333599);
#3129=CIRCLE('',#8578,0.500001333575);
#3130=CIRCLE('',#8579,0.500001333599);
#3131=CIRCLE('',#8580,0.500001333599);
#3132=CIRCLE('',#8581,0.500001333599);
#3133=CIRCLE('',#8582,0.500001333575);
#3134=CIRCLE('',#8583,0.500001333599);
#3135=CIRCLE('',#8584,0.500001333599);
#3136=CIRCLE('',#8585,0.500001333599);
#3137=CIRCLE('',#8586,0.500001333575);
#3138=CIRCLE('',#8587,0.500001333599);
#3139=CIRCLE('',#8588,0.500001333599);
#3140=CIRCLE('',#8589,0.50000133357);
#3141=CIRCLE('',#8590,0.500001333575);
#3142=CIRCLE('',#8591,0.500001333599);
#3143=CIRCLE('',#8592,0.500001333599);
#3144=CIRCLE('',#8593,0.500001333599);
#3145=CIRCLE('',#8594,0.500001333575);
#3146=CIRCLE('',#8595,0.500001333599);
#3147=CIRCLE('',#8596,0.500001333599);
#3148=CIRCLE('',#8597,0.500001333599);
#3149=CIRCLE('',#8598,0.500001333575);
#3150=CIRCLE('',#8599,0.500001333599);
#3151=CIRCLE('',#8600,0.500001333599);
#3152=CIRCLE('',#8601,0.500001333599);
#3153=CIRCLE('',#8602,1.1);
#3154=CIRCLE('',#8603,0.500001333575);
#3155=CIRCLE('',#8604,0.500001333599);
#3156=CIRCLE('',#8605,0.500001333599);
#3157=CIRCLE('',#8606,0.500001333599);
#3158=CIRCLE('',#8607,0.500001333575);
#3159=CIRCLE('',#8608,0.500001333599);
#3160=CIRCLE('',#8609,0.500001333599);
#3161=CIRCLE('',#8610,0.500001333599);
#3162=CIRCLE('',#8611,0.500001333575);
#3163=CIRCLE('',#8612,0.500001333599);
#3164=CIRCLE('',#8613,0.500001333599);
#3165=CIRCLE('',#8614,0.500001333599);
#3166=CIRCLE('',#8615,0.500001333575);
#3167=CIRCLE('',#8616,0.500001333599);
#3168=CIRCLE('',#8617,0.500001333599);
#3169=CIRCLE('',#8618,0.500001333599);
#3170=CIRCLE('',#8619,0.500001333575);
#3171=CIRCLE('',#8620,0.500001333599);
#3172=CIRCLE('',#8621,0.500001333599);
#3173=CIRCLE('',#8622,0.500001333599);
#3174=CIRCLE('',#8623,1.1);
#3175=CIRCLE('',#8624,0.500001333575);
#3176=CIRCLE('',#8625,0.500001333599);
#3177=CIRCLE('',#8626,0.500001333599);
#3178=CIRCLE('',#8627,0.500001333599);
#3179=CIRCLE('',#8628,0.500001333575);
#3180=CIRCLE('',#8629,0.500001333599);
#3181=CIRCLE('',#8630,0.500001333599);
#3182=CIRCLE('',#8631,0.500001333599);
#3183=CIRCLE('',#8632,0.500001333575);
#3184=CIRCLE('',#8633,0.500001333599);
#3185=CIRCLE('',#8634,0.500001333599);
#3186=CIRCLE('',#8635,0.500001333599);
#3187=VERTEX_POINT('',#11443);
#3188=VERTEX_POINT('',#11444);
#3189=VERTEX_POINT('',#11446);
#3190=VERTEX_POINT('',#11448);
#3191=VERTEX_POINT('',#11452);
#3192=VERTEX_POINT('',#11454);
#3193=VERTEX_POINT('',#11458);
#3194=VERTEX_POINT('',#11459);
#3195=VERTEX_POINT('',#11461);
#3196=VERTEX_POINT('',#11463);
#3197=VERTEX_POINT('',#11465);
#3198=VERTEX_POINT('',#11467);
#3199=VERTEX_POINT('',#11469);
#3200=VERTEX_POINT('',#11471);
#3201=VERTEX_POINT('',#11474);
#3202=VERTEX_POINT('',#11475);
#3203=VERTEX_POINT('',#11477);
#3204=VERTEX_POINT('',#11479);
#3205=VERTEX_POINT('',#11481);
#3206=VERTEX_POINT('',#11483);
#3207=VERTEX_POINT('',#11485);
#3208=VERTEX_POINT('',#11487);
#3209=VERTEX_POINT('',#11490);
#3210=VERTEX_POINT('',#11491);
#3211=VERTEX_POINT('',#11493);
#3212=VERTEX_POINT('',#11495);
#3213=VERTEX_POINT('',#11497);
#3214=VERTEX_POINT('',#11499);
#3215=VERTEX_POINT('',#11501);
#3216=VERTEX_POINT('',#11503);
#3217=VERTEX_POINT('',#11506);
#3218=VERTEX_POINT('',#11507);
#3219=VERTEX_POINT('',#11509);
#3220=VERTEX_POINT('',#11511);
#3221=VERTEX_POINT('',#11513);
#3222=VERTEX_POINT('',#11515);
#3223=VERTEX_POINT('',#11517);
#3224=VERTEX_POINT('',#11519);
#3225=VERTEX_POINT('',#11522);
#3226=VERTEX_POINT('',#11523);
#3227=VERTEX_POINT('',#11525);
#3228=VERTEX_POINT('',#11527);
#3229=VERTEX_POINT('',#11529);
#3230=VERTEX_POINT('',#11531);
#3231=VERTEX_POINT('',#11533);
#3232=VERTEX_POINT('',#11535);
#3233=VERTEX_POINT('',#11538);
#3234=VERTEX_POINT('',#11539);
#3235=VERTEX_POINT('',#11541);
#3236=VERTEX_POINT('',#11543);
#3237=VERTEX_POINT('',#11545);
#3238=VERTEX_POINT('',#11547);
#3239=VERTEX_POINT('',#11549);
#3240=VERTEX_POINT('',#11551);
#3241=VERTEX_POINT('',#11554);
#3242=VERTEX_POINT('',#11555);
#3243=VERTEX_POINT('',#11557);
#3244=VERTEX_POINT('',#11559);
#3245=VERTEX_POINT('',#11561);
#3246=VERTEX_POINT('',#11563);
#3247=VERTEX_POINT('',#11565);
#3248=VERTEX_POINT('',#11567);
#3249=VERTEX_POINT('',#11570);
#3250=VERTEX_POINT('',#11572);
#3251=VERTEX_POINT('',#11573);
#3252=VERTEX_POINT('',#11575);
#3253=VERTEX_POINT('',#11577);
#3254=VERTEX_POINT('',#11579);
#3255=VERTEX_POINT('',#11581);
#3256=VERTEX_POINT('',#11583);
#3257=VERTEX_POINT('',#11585);
#3258=VERTEX_POINT('',#11588);
#3259=VERTEX_POINT('',#11589);
#3260=VERTEX_POINT('',#11591);
#3261=VERTEX_POINT('',#11593);
#3262=VERTEX_POINT('',#11595);
#3263=VERTEX_POINT('',#11597);
#3264=VERTEX_POINT('',#11599);
#3265=VERTEX_POINT('',#11601);
#3266=VERTEX_POINT('',#11604);
#3267=VERTEX_POINT('',#11605);
#3268=VERTEX_POINT('',#11607);
#3269=VERTEX_POINT('',#11609);
#3270=VERTEX_POINT('',#11611);
#3271=VERTEX_POINT('',#11613);
#3272=VERTEX_POINT('',#11615);
#3273=VERTEX_POINT('',#11617);
#3274=VERTEX_POINT('',#11620);
#3275=VERTEX_POINT('',#11621);
#3276=VERTEX_POINT('',#11623);
#3277=VERTEX_POINT('',#11625);
#3278=VERTEX_POINT('',#11627);
#3279=VERTEX_POINT('',#11629);
#3280=VERTEX_POINT('',#11631);
#3281=VERTEX_POINT('',#11633);
#3282=VERTEX_POINT('',#11636);
#3283=VERTEX_POINT('',#11637);
#3284=VERTEX_POINT('',#11639);
#3285=VERTEX_POINT('',#11641);
#3286=VERTEX_POINT('',#11643);
#3287=VERTEX_POINT('',#11645);
#3288=VERTEX_POINT('',#11647);
#3289=VERTEX_POINT('',#11649);
#3290=VERTEX_POINT('',#11652);
#3291=VERTEX_POINT('',#11653);
#3292=VERTEX_POINT('',#11655);
#3293=VERTEX_POINT('',#11657);
#3294=VERTEX_POINT('',#11659);
#3295=VERTEX_POINT('',#11661);
#3296=VERTEX_POINT('',#11663);
#3297=VERTEX_POINT('',#11665);
#3298=VERTEX_POINT('',#11668);
#3299=VERTEX_POINT('',#11669);
#3300=VERTEX_POINT('',#11671);
#3301=VERTEX_POINT('',#11673);
#3302=VERTEX_POINT('',#11675);
#3303=VERTEX_POINT('',#11677);
#3304=VERTEX_POINT('',#11679);
#3305=VERTEX_POINT('',#11681);
#3306=VERTEX_POINT('',#11684);
#3307=VERTEX_POINT('',#11685);
#3308=VERTEX_POINT('',#11687);
#3309=VERTEX_POINT('',#11689);
#3310=VERTEX_POINT('',#11691);
#3311=VERTEX_POINT('',#11693);
#3312=VERTEX_POINT('',#11695);
#3313=VERTEX_POINT('',#11697);
#3314=VERTEX_POINT('',#11700);
#3315=VERTEX_POINT('',#11701);
#3316=VERTEX_POINT('',#11703);
#3317=VERTEX_POINT('',#11705);
#3318=VERTEX_POINT('',#11707);
#3319=VERTEX_POINT('',#11709);
#3320=VERTEX_POINT('',#11711);
#3321=VERTEX_POINT('',#11713);
#3322=VERTEX_POINT('',#11716);
#3323=VERTEX_POINT('',#11717);
#3324=VERTEX_POINT('',#11719);
#3325=VERTEX_POINT('',#11721);
#3326=VERTEX_POINT('',#11723);
#3327=VERTEX_POINT('',#11725);
#3328=VERTEX_POINT('',#11727);
#3329=VERTEX_POINT('',#11729);
#3330=VERTEX_POINT('',#11732);
#3331=VERTEX_POINT('',#11733);
#3332=VERTEX_POINT('',#11735);
#3333=VERTEX_POINT('',#11737);
#3334=VERTEX_POINT('',#11739);
#3335=VERTEX_POINT('',#11741);
#3336=VERTEX_POINT('',#11743);
#3337=VERTEX_POINT('',#11745);
#3338=VERTEX_POINT('',#11748);
#3339=VERTEX_POINT('',#11749);
#3340=VERTEX_POINT('',#11751);
#3341=VERTEX_POINT('',#11753);
#3342=VERTEX_POINT('',#11755);
#3343=VERTEX_POINT('',#11757);
#3344=VERTEX_POINT('',#11759);
#3345=VERTEX_POINT('',#11761);
#3346=VERTEX_POINT('',#11764);
#3347=VERTEX_POINT('',#11765);
#3348=VERTEX_POINT('',#11767);
#3349=VERTEX_POINT('',#11769);
#3350=VERTEX_POINT('',#11771);
#3351=VERTEX_POINT('',#11773);
#3352=VERTEX_POINT('',#11775);
#3353=VERTEX_POINT('',#11777);
#3354=VERTEX_POINT('',#11780);
#3355=VERTEX_POINT('',#11781);
#3356=VERTEX_POINT('',#11783);
#3357=VERTEX_POINT('',#11785);
#3358=VERTEX_POINT('',#11787);
#3359=VERTEX_POINT('',#11789);
#3360=VERTEX_POINT('',#11791);
#3361=VERTEX_POINT('',#11793);
#3362=VERTEX_POINT('',#11796);
#3363=VERTEX_POINT('',#11797);
#3364=VERTEX_POINT('',#11799);
#3365=VERTEX_POINT('',#11801);
#3366=VERTEX_POINT('',#11803);
#3367=VERTEX_POINT('',#11805);
#3368=VERTEX_POINT('',#11807);
#3369=VERTEX_POINT('',#11809);
#3370=VERTEX_POINT('',#11812);
#3371=VERTEX_POINT('',#11813);
#3372=VERTEX_POINT('',#11815);
#3373=VERTEX_POINT('',#11817);
#3374=VERTEX_POINT('',#11819);
#3375=VERTEX_POINT('',#11821);
#3376=VERTEX_POINT('',#11823);
#3377=VERTEX_POINT('',#11825);
#3378=VERTEX_POINT('',#11828);
#3379=VERTEX_POINT('',#11830);
#3380=VERTEX_POINT('',#11831);
#3381=VERTEX_POINT('',#11833);
#3382=VERTEX_POINT('',#11835);
#3383=VERTEX_POINT('',#11837);
#3384=VERTEX_POINT('',#11839);
#3385=VERTEX_POINT('',#11841);
#3386=VERTEX_POINT('',#11843);
#3387=VERTEX_POINT('',#11846);
#3388=VERTEX_POINT('',#11847);
#3389=VERTEX_POINT('',#11849);
#3390=VERTEX_POINT('',#11851);
#3391=VERTEX_POINT('',#11853);
#3392=VERTEX_POINT('',#11855);
#3393=VERTEX_POINT('',#11857);
#3394=VERTEX_POINT('',#11859);
#3395=VERTEX_POINT('',#11862);
#3396=VERTEX_POINT('',#11863);
#3397=VERTEX_POINT('',#11865);
#3398=VERTEX_POINT('',#11867);
#3399=VERTEX_POINT('',#11869);
#3400=VERTEX_POINT('',#11871);
#3401=VERTEX_POINT('',#11873);
#3402=VERTEX_POINT('',#11875);
#3403=VERTEX_POINT('',#11878);
#3404=VERTEX_POINT('',#11879);
#3405=VERTEX_POINT('',#11881);
#3406=VERTEX_POINT('',#11883);
#3407=VERTEX_POINT('',#11885);
#3408=VERTEX_POINT('',#11887);
#3409=VERTEX_POINT('',#11889);
#3410=VERTEX_POINT('',#11891);
#3411=VERTEX_POINT('',#11894);
#3412=VERTEX_POINT('',#11895);
#3413=VERTEX_POINT('',#11897);
#3414=VERTEX_POINT('',#11899);
#3415=VERTEX_POINT('',#11901);
#3416=VERTEX_POINT('',#11903);
#3417=VERTEX_POINT('',#11905);
#3418=VERTEX_POINT('',#11907);
#3419=VERTEX_POINT('',#11910);
#3420=VERTEX_POINT('',#11911);
#3421=VERTEX_POINT('',#11913);
#3422=VERTEX_POINT('',#11915);
#3423=VERTEX_POINT('',#11917);
#3424=VERTEX_POINT('',#11919);
#3425=VERTEX_POINT('',#11921);
#3426=VERTEX_POINT('',#11923);
#3427=VERTEX_POINT('',#11926);
#3428=VERTEX_POINT('',#11927);
#3429=VERTEX_POINT('',#11929);
#3430=VERTEX_POINT('',#11931);
#3431=VERTEX_POINT('',#11933);
#3432=VERTEX_POINT('',#11935);
#3433=VERTEX_POINT('',#11937);
#3434=VERTEX_POINT('',#11939);
#3435=VERTEX_POINT('',#11942);
#3436=VERTEX_POINT('',#11943);
#3437=VERTEX_POINT('',#11945);
#3438=VERTEX_POINT('',#11947);
#3439=VERTEX_POINT('',#11949);
#3440=VERTEX_POINT('',#11951);
#3441=VERTEX_POINT('',#11953);
#3442=VERTEX_POINT('',#11955);
#3443=VERTEX_POINT('',#11958);
#3444=VERTEX_POINT('',#11959);
#3445=VERTEX_POINT('',#11961);
#3446=VERTEX_POINT('',#11963);
#3447=VERTEX_POINT('',#11965);
#3448=VERTEX_POINT('',#11967);
#3449=VERTEX_POINT('',#11969);
#3450=VERTEX_POINT('',#11971);
#3451=VERTEX_POINT('',#11974);
#3452=VERTEX_POINT('',#11975);
#3453=VERTEX_POINT('',#11977);
#3454=VERTEX_POINT('',#11979);
#3455=VERTEX_POINT('',#11981);
#3456=VERTEX_POINT('',#11983);
#3457=VERTEX_POINT('',#11985);
#3458=VERTEX_POINT('',#11987);
#3459=VERTEX_POINT('',#11990);
#3460=VERTEX_POINT('',#11992);
#3461=VERTEX_POINT('',#11993);
#3462=VERTEX_POINT('',#11995);
#3463=VERTEX_POINT('',#11997);
#3464=VERTEX_POINT('',#11999);
#3465=VERTEX_POINT('',#12001);
#3466=VERTEX_POINT('',#12003);
#3467=VERTEX_POINT('',#12005);
#3468=VERTEX_POINT('',#12007);
#3469=VERTEX_POINT('',#12009);
#3470=VERTEX_POINT('',#12011);
#3471=VERTEX_POINT('',#12013);
#3472=VERTEX_POINT('',#12015);
#3473=VERTEX_POINT('',#12017);
#3474=VERTEX_POINT('',#12019);
#3475=VERTEX_POINT('',#12021);
#3476=VERTEX_POINT('',#12023);
#3477=VERTEX_POINT('',#12025);
#3478=VERTEX_POINT('',#12027);
#3479=VERTEX_POINT('',#12029);
#3480=VERTEX_POINT('',#12031);
#3481=VERTEX_POINT('',#12033);
#3482=VERTEX_POINT('',#12035);
#3483=VERTEX_POINT('',#12037);
#3484=VERTEX_POINT('',#12039);
#3485=VERTEX_POINT('',#12041);
#3486=VERTEX_POINT('',#12043);
#3487=VERTEX_POINT('',#12045);
#3488=VERTEX_POINT('',#12047);
#3489=VERTEX_POINT('',#12049);
#3490=VERTEX_POINT('',#12051);
#3491=VERTEX_POINT('',#12053);
#3492=VERTEX_POINT('',#12055);
#3493=VERTEX_POINT('',#12057);
#3494=VERTEX_POINT('',#12060);
#3495=VERTEX_POINT('',#12061);
#3496=VERTEX_POINT('',#12063);
#3497=VERTEX_POINT('',#12065);
#3498=VERTEX_POINT('',#12067);
#3499=VERTEX_POINT('',#12069);
#3500=VERTEX_POINT('',#12071);
#3501=VERTEX_POINT('',#12073);
#3502=VERTEX_POINT('',#12076);
#3503=VERTEX_POINT('',#12077);
#3504=VERTEX_POINT('',#12079);
#3505=VERTEX_POINT('',#12081);
#3506=VERTEX_POINT('',#12083);
#3507=VERTEX_POINT('',#12085);
#3508=VERTEX_POINT('',#12087);
#3509=VERTEX_POINT('',#12089);
#3510=VERTEX_POINT('',#12092);
#3511=VERTEX_POINT('',#12093);
#3512=VERTEX_POINT('',#12095);
#3513=VERTEX_POINT('',#12097);
#3514=VERTEX_POINT('',#12099);
#3515=VERTEX_POINT('',#12101);
#3516=VERTEX_POINT('',#12103);
#3517=VERTEX_POINT('',#12105);
#3518=VERTEX_POINT('',#12108);
#3519=VERTEX_POINT('',#12109);
#3520=VERTEX_POINT('',#12111);
#3521=VERTEX_POINT('',#12113);
#3522=VERTEX_POINT('',#12115);
#3523=VERTEX_POINT('',#12117);
#3524=VERTEX_POINT('',#12119);
#3525=VERTEX_POINT('',#12121);
#3526=VERTEX_POINT('',#12124);
#3527=VERTEX_POINT('',#12125);
#3528=VERTEX_POINT('',#12127);
#3529=VERTEX_POINT('',#12129);
#3530=VERTEX_POINT('',#12131);
#3531=VERTEX_POINT('',#12133);
#3532=VERTEX_POINT('',#12135);
#3533=VERTEX_POINT('',#12137);
#3534=VERTEX_POINT('',#12140);
#3535=VERTEX_POINT('',#12142);
#3536=VERTEX_POINT('',#12144);
#3537=VERTEX_POINT('',#12146);
#3538=VERTEX_POINT('',#12148);
#3539=VERTEX_POINT('',#12150);
#3540=VERTEX_POINT('',#12152);
#3541=VERTEX_POINT('',#12154);
#3542=VERTEX_POINT('',#12156);
#3543=VERTEX_POINT('',#12158);
#3544=VERTEX_POINT('',#12160);
#3545=VERTEX_POINT('',#12162);
#3546=VERTEX_POINT('',#12164);
#3547=VERTEX_POINT('',#12166);
#3548=VERTEX_POINT('',#12168);
#3549=VERTEX_POINT('',#12170);
#3550=VERTEX_POINT('',#12172);
#3551=VERTEX_POINT('',#12174);
#3552=VERTEX_POINT('',#12176);
#3553=VERTEX_POINT('',#12178);
#3554=VERTEX_POINT('',#12180);
#3555=VERTEX_POINT('',#12182);
#3556=VERTEX_POINT('',#12184);
#3557=VERTEX_POINT('',#12186);
#3558=VERTEX_POINT('',#12188);
#3559=VERTEX_POINT('',#12190);
#3560=VERTEX_POINT('',#12192);
#3561=VERTEX_POINT('',#12194);
#3562=VERTEX_POINT('',#12196);
#3563=VERTEX_POINT('',#12198);
#3564=VERTEX_POINT('',#12200);
#3565=VERTEX_POINT('',#12203);
#3566=VERTEX_POINT('',#12205);
#3567=VERTEX_POINT('',#12206);
#3568=VERTEX_POINT('',#12208);
#3569=VERTEX_POINT('',#12210);
#3570=VERTEX_POINT('',#12212);
#3571=VERTEX_POINT('',#12214);
#3572=VERTEX_POINT('',#12216);
#3573=VERTEX_POINT('',#12218);
#3574=VERTEX_POINT('',#12221);
#3575=VERTEX_POINT('',#12222);
#3576=VERTEX_POINT('',#12224);
#3577=VERTEX_POINT('',#12226);
#3578=VERTEX_POINT('',#12228);
#3579=VERTEX_POINT('',#12230);
#3580=VERTEX_POINT('',#12232);
#3581=VERTEX_POINT('',#12234);
#3582=VERTEX_POINT('',#12237);
#3583=VERTEX_POINT('',#12238);
#3584=VERTEX_POINT('',#12240);
#3585=VERTEX_POINT('',#12242);
#3586=VERTEX_POINT('',#12244);
#3587=VERTEX_POINT('',#12246);
#3588=VERTEX_POINT('',#12248);
#3589=VERTEX_POINT('',#12250);
#3590=VERTEX_POINT('',#12254);
#3591=VERTEX_POINT('',#12258);
#3592=VERTEX_POINT('',#12262);
#3593=VERTEX_POINT('',#12263);
#3594=VERTEX_POINT('',#12268);
#3595=VERTEX_POINT('',#12272);
#3596=VERTEX_POINT('',#12274);
#3597=VERTEX_POINT('',#12278);
#3598=VERTEX_POINT('',#12284);
#3599=VERTEX_POINT('',#12288);
#3600=VERTEX_POINT('',#12290);
#3601=VERTEX_POINT('',#12294);
#3602=VERTEX_POINT('',#12298);
#3603=VERTEX_POINT('',#12302);
#3604=VERTEX_POINT('',#12304);
#3605=VERTEX_POINT('',#12306);
#3606=VERTEX_POINT('',#12308);
#3607=VERTEX_POINT('',#12311);
#3608=VERTEX_POINT('',#12313);
#3609=VERTEX_POINT('',#12315);
#3610=VERTEX_POINT('',#12317);
#3611=VERTEX_POINT('',#12319);
#3612=VERTEX_POINT('',#12321);
#3613=VERTEX_POINT('',#12323);
#3614=VERTEX_POINT('',#12325);
#3615=VERTEX_POINT('',#12327);
#3616=VERTEX_POINT('',#12329);
#3617=VERTEX_POINT('',#12331);
#3618=VERTEX_POINT('',#12333);
#3619=VERTEX_POINT('',#12335);
#3620=VERTEX_POINT('',#12337);
#3621=VERTEX_POINT('',#12339);
#3622=VERTEX_POINT('',#12341);
#3623=VERTEX_POINT('',#12343);
#3624=VERTEX_POINT('',#12345);
#3625=VERTEX_POINT('',#12347);
#3626=VERTEX_POINT('',#12349);
#3627=VERTEX_POINT('',#12351);
#3628=VERTEX_POINT('',#12353);
#3629=VERTEX_POINT('',#12355);
#3630=VERTEX_POINT('',#12357);
#3631=VERTEX_POINT('',#12359);
#3632=VERTEX_POINT('',#12361);
#3633=VERTEX_POINT('',#12363);
#3634=VERTEX_POINT('',#12365);
#3635=VERTEX_POINT('',#12368);
#3636=VERTEX_POINT('',#12370);
#3637=VERTEX_POINT('',#12372);
#3638=VERTEX_POINT('',#12374);
#3639=VERTEX_POINT('',#12376);
#3640=VERTEX_POINT('',#12378);
#3641=VERTEX_POINT('',#12380);
#3642=VERTEX_POINT('',#12382);
#3643=VERTEX_POINT('',#12384);
#3644=VERTEX_POINT('',#12386);
#3645=VERTEX_POINT('',#12388);
#3646=VERTEX_POINT('',#12390);
#3647=VERTEX_POINT('',#12392);
#3648=VERTEX_POINT('',#12394);
#3649=VERTEX_POINT('',#12396);
#3650=VERTEX_POINT('',#12398);
#3651=VERTEX_POINT('',#12400);
#3652=VERTEX_POINT('',#12402);
#3653=VERTEX_POINT('',#12404);
#3654=VERTEX_POINT('',#12406);
#3655=VERTEX_POINT('',#12408);
#3656=VERTEX_POINT('',#12410);
#3657=VERTEX_POINT('',#12412);
#3658=VERTEX_POINT('',#12414);
#3659=VERTEX_POINT('',#12416);
#3660=VERTEX_POINT('',#12418);
#3661=VERTEX_POINT('',#12420);
#3662=VERTEX_POINT('',#12422);
#3663=VERTEX_POINT('',#12425);
#3664=VERTEX_POINT('',#12426);
#3665=VERTEX_POINT('',#12428);
#3666=VERTEX_POINT('',#12430);
#3667=VERTEX_POINT('',#12432);
#3668=VERTEX_POINT('',#12434);
#3669=VERTEX_POINT('',#12436);
#3670=VERTEX_POINT('',#12438);
#3671=VERTEX_POINT('',#12441);
#3672=VERTEX_POINT('',#12442);
#3673=VERTEX_POINT('',#12444);
#3674=VERTEX_POINT('',#12446);
#3675=VERTEX_POINT('',#12448);
#3676=VERTEX_POINT('',#12450);
#3677=VERTEX_POINT('',#12452);
#3678=VERTEX_POINT('',#12454);
#3679=VERTEX_POINT('',#12457);
#3680=VERTEX_POINT('',#12458);
#3681=VERTEX_POINT('',#12460);
#3682=VERTEX_POINT('',#12462);
#3683=VERTEX_POINT('',#12464);
#3684=VERTEX_POINT('',#12466);
#3685=VERTEX_POINT('',#12468);
#3686=VERTEX_POINT('',#12470);
#3687=VERTEX_POINT('',#12473);
#3688=VERTEX_POINT('',#12474);
#3689=VERTEX_POINT('',#12476);
#3690=VERTEX_POINT('',#12478);
#3691=VERTEX_POINT('',#12480);
#3692=VERTEX_POINT('',#12482);
#3693=VERTEX_POINT('',#12484);
#3694=VERTEX_POINT('',#12486);
#3695=VERTEX_POINT('',#12489);
#3696=VERTEX_POINT('',#12490);
#3697=VERTEX_POINT('',#12492);
#3698=VERTEX_POINT('',#12494);
#3699=VERTEX_POINT('',#12496);
#3700=VERTEX_POINT('',#12498);
#3701=VERTEX_POINT('',#12500);
#3702=VERTEX_POINT('',#12502);
#3703=VERTEX_POINT('',#12505);
#3704=VERTEX_POINT('',#12506);
#3705=VERTEX_POINT('',#12508);
#3706=VERTEX_POINT('',#12510);
#3707=VERTEX_POINT('',#12512);
#3708=VERTEX_POINT('',#12514);
#3709=VERTEX_POINT('',#12516);
#3710=VERTEX_POINT('',#12518);
#3711=VERTEX_POINT('',#12521);
#3712=VERTEX_POINT('',#12523);
#3713=VERTEX_POINT('',#12524);
#3714=VERTEX_POINT('',#12526);
#3715=VERTEX_POINT('',#12528);
#3716=VERTEX_POINT('',#12530);
#3717=VERTEX_POINT('',#12532);
#3718=VERTEX_POINT('',#12534);
#3719=VERTEX_POINT('',#12536);
#3720=VERTEX_POINT('',#12539);
#3721=VERTEX_POINT('',#12540);
#3722=VERTEX_POINT('',#12542);
#3723=VERTEX_POINT('',#12544);
#3724=VERTEX_POINT('',#12546);
#3725=VERTEX_POINT('',#12548);
#3726=VERTEX_POINT('',#12550);
#3727=VERTEX_POINT('',#12552);
#3728=VERTEX_POINT('',#12555);
#3729=VERTEX_POINT('',#12556);
#3730=VERTEX_POINT('',#12558);
#3731=VERTEX_POINT('',#12560);
#3732=VERTEX_POINT('',#12562);
#3733=VERTEX_POINT('',#12564);
#3734=VERTEX_POINT('',#12566);
#3735=VERTEX_POINT('',#12568);
#3736=VERTEX_POINT('',#12571);
#3737=VERTEX_POINT('',#12572);
#3738=VERTEX_POINT('',#12574);
#3739=VERTEX_POINT('',#12576);
#3740=VERTEX_POINT('',#12578);
#3741=VERTEX_POINT('',#12580);
#3742=VERTEX_POINT('',#12582);
#3743=VERTEX_POINT('',#12584);
#3744=VERTEX_POINT('',#12587);
#3745=VERTEX_POINT('',#12588);
#3746=VERTEX_POINT('',#12590);
#3747=VERTEX_POINT('',#12592);
#3748=VERTEX_POINT('',#12594);
#3749=VERTEX_POINT('',#12596);
#3750=VERTEX_POINT('',#12598);
#3751=VERTEX_POINT('',#12600);
#3752=VERTEX_POINT('',#12603);
#3753=VERTEX_POINT('',#12604);
#3754=VERTEX_POINT('',#12606);
#3755=VERTEX_POINT('',#12608);
#3756=VERTEX_POINT('',#12610);
#3757=VERTEX_POINT('',#12612);
#3758=VERTEX_POINT('',#12614);
#3759=VERTEX_POINT('',#12616);
#3760=VERTEX_POINT('',#12619);
#3761=VERTEX_POINT('',#12620);
#3762=VERTEX_POINT('',#12622);
#3763=VERTEX_POINT('',#12624);
#3764=VERTEX_POINT('',#12626);
#3765=VERTEX_POINT('',#12628);
#3766=VERTEX_POINT('',#12630);
#3767=VERTEX_POINT('',#12632);
#3768=VERTEX_POINT('',#12635);
#3769=VERTEX_POINT('',#12636);
#3770=VERTEX_POINT('',#12638);
#3771=VERTEX_POINT('',#12640);
#3772=VERTEX_POINT('',#12642);
#3773=VERTEX_POINT('',#12644);
#3774=VERTEX_POINT('',#12646);
#3775=VERTEX_POINT('',#12648);
#3776=VERTEX_POINT('',#12651);
#3777=VERTEX_POINT('',#12652);
#3778=VERTEX_POINT('',#12654);
#3779=VERTEX_POINT('',#12656);
#3780=VERTEX_POINT('',#12658);
#3781=VERTEX_POINT('',#12660);
#3782=VERTEX_POINT('',#12662);
#3783=VERTEX_POINT('',#12664);
#3784=VERTEX_POINT('',#12667);
#3785=VERTEX_POINT('',#12668);
#3786=VERTEX_POINT('',#12670);
#3787=VERTEX_POINT('',#12672);
#3788=VERTEX_POINT('',#12674);
#3789=VERTEX_POINT('',#12676);
#3790=VERTEX_POINT('',#12678);
#3791=VERTEX_POINT('',#12680);
#3792=VERTEX_POINT('',#12683);
#3793=VERTEX_POINT('',#12684);
#3794=VERTEX_POINT('',#12686);
#3795=VERTEX_POINT('',#12688);
#3796=VERTEX_POINT('',#12690);
#3797=VERTEX_POINT('',#12692);
#3798=VERTEX_POINT('',#12694);
#3799=VERTEX_POINT('',#12696);
#3800=VERTEX_POINT('',#12699);
#3801=VERTEX_POINT('',#12700);
#3802=VERTEX_POINT('',#12702);
#3803=VERTEX_POINT('',#12704);
#3804=VERTEX_POINT('',#12706);
#3805=VERTEX_POINT('',#12708);
#3806=VERTEX_POINT('',#12710);
#3807=VERTEX_POINT('',#12712);
#3808=VERTEX_POINT('',#12715);
#3809=VERTEX_POINT('',#12716);
#3810=VERTEX_POINT('',#12718);
#3811=VERTEX_POINT('',#12720);
#3812=VERTEX_POINT('',#12722);
#3813=VERTEX_POINT('',#12724);
#3814=VERTEX_POINT('',#12726);
#3815=VERTEX_POINT('',#12728);
#3816=VERTEX_POINT('',#12731);
#3817=VERTEX_POINT('',#12732);
#3818=VERTEX_POINT('',#12734);
#3819=VERTEX_POINT('',#12736);
#3820=VERTEX_POINT('',#12738);
#3821=VERTEX_POINT('',#12740);
#3822=VERTEX_POINT('',#12742);
#3823=VERTEX_POINT('',#12744);
#3824=VERTEX_POINT('',#12747);
#3825=VERTEX_POINT('',#12748);
#3826=VERTEX_POINT('',#12750);
#3827=VERTEX_POINT('',#12752);
#3828=VERTEX_POINT('',#12754);
#3829=VERTEX_POINT('',#12756);
#3830=VERTEX_POINT('',#12758);
#3831=VERTEX_POINT('',#12760);
#3832=VERTEX_POINT('',#12763);
#3833=VERTEX_POINT('',#12764);
#3834=VERTEX_POINT('',#12766);
#3835=VERTEX_POINT('',#12768);
#3836=VERTEX_POINT('',#12770);
#3837=VERTEX_POINT('',#12772);
#3838=VERTEX_POINT('',#12774);
#3839=VERTEX_POINT('',#12776);
#3840=VERTEX_POINT('',#12779);
#3841=VERTEX_POINT('',#12781);
#3842=VERTEX_POINT('',#12782);
#3843=VERTEX_POINT('',#12784);
#3844=VERTEX_POINT('',#12786);
#3845=VERTEX_POINT('',#12788);
#3846=VERTEX_POINT('',#12790);
#3847=VERTEX_POINT('',#12792);
#3848=VERTEX_POINT('',#12794);
#3849=VERTEX_POINT('',#12797);
#3850=VERTEX_POINT('',#12798);
#3851=VERTEX_POINT('',#12800);
#3852=VERTEX_POINT('',#12802);
#3853=VERTEX_POINT('',#12804);
#3854=VERTEX_POINT('',#12806);
#3855=VERTEX_POINT('',#12808);
#3856=VERTEX_POINT('',#12810);
#3857=VERTEX_POINT('',#12813);
#3858=VERTEX_POINT('',#12814);
#3859=VERTEX_POINT('',#12816);
#3860=VERTEX_POINT('',#12818);
#3861=VERTEX_POINT('',#12820);
#3862=VERTEX_POINT('',#12822);
#3863=VERTEX_POINT('',#12824);
#3864=VERTEX_POINT('',#12826);
#3865=VERTEX_POINT('',#12829);
#3866=VERTEX_POINT('',#12830);
#3867=VERTEX_POINT('',#12832);
#3868=VERTEX_POINT('',#12834);
#3869=VERTEX_POINT('',#12836);
#3870=VERTEX_POINT('',#12838);
#3871=VERTEX_POINT('',#12840);
#3872=VERTEX_POINT('',#12842);
#3873=VERTEX_POINT('',#12845);
#3874=VERTEX_POINT('',#12846);
#3875=VERTEX_POINT('',#12848);
#3876=VERTEX_POINT('',#12850);
#3877=VERTEX_POINT('',#12852);
#3878=VERTEX_POINT('',#12854);
#3879=VERTEX_POINT('',#12856);
#3880=VERTEX_POINT('',#12858);
#3881=VERTEX_POINT('',#12861);
#3882=VERTEX_POINT('',#12862);
#3883=VERTEX_POINT('',#12864);
#3884=VERTEX_POINT('',#12866);
#3885=VERTEX_POINT('',#12868);
#3886=VERTEX_POINT('',#12870);
#3887=VERTEX_POINT('',#12872);
#3888=VERTEX_POINT('',#12874);
#3889=VERTEX_POINT('',#12877);
#3890=VERTEX_POINT('',#12878);
#3891=VERTEX_POINT('',#12880);
#3892=VERTEX_POINT('',#12882);
#3893=VERTEX_POINT('',#12884);
#3894=VERTEX_POINT('',#12886);
#3895=VERTEX_POINT('',#12888);
#3896=VERTEX_POINT('',#12890);
#3897=VERTEX_POINT('',#12893);
#3898=VERTEX_POINT('',#12894);
#3899=VERTEX_POINT('',#12896);
#3900=VERTEX_POINT('',#12898);
#3901=VERTEX_POINT('',#12900);
#3902=VERTEX_POINT('',#12902);
#3903=VERTEX_POINT('',#12904);
#3904=VERTEX_POINT('',#12906);
#3905=VERTEX_POINT('',#12909);
#3906=VERTEX_POINT('',#12910);
#3907=VERTEX_POINT('',#12912);
#3908=VERTEX_POINT('',#12914);
#3909=VERTEX_POINT('',#12916);
#3910=VERTEX_POINT('',#12918);
#3911=VERTEX_POINT('',#12920);
#3912=VERTEX_POINT('',#12922);
#3913=VERTEX_POINT('',#12925);
#3914=VERTEX_POINT('',#12926);
#3915=VERTEX_POINT('',#12928);
#3916=VERTEX_POINT('',#12930);
#3917=VERTEX_POINT('',#12932);
#3918=VERTEX_POINT('',#12934);
#3919=VERTEX_POINT('',#12936);
#3920=VERTEX_POINT('',#12938);
#3921=VERTEX_POINT('',#12941);
#3922=VERTEX_POINT('',#12943);
#3923=VERTEX_POINT('',#12944);
#3924=VERTEX_POINT('',#12946);
#3925=VERTEX_POINT('',#12948);
#3926=VERTEX_POINT('',#12950);
#3927=VERTEX_POINT('',#12952);
#3928=VERTEX_POINT('',#12954);
#3929=VERTEX_POINT('',#12956);
#3930=VERTEX_POINT('',#12959);
#3931=VERTEX_POINT('',#12960);
#3932=VERTEX_POINT('',#12962);
#3933=VERTEX_POINT('',#12964);
#3934=VERTEX_POINT('',#12966);
#3935=VERTEX_POINT('',#12968);
#3936=VERTEX_POINT('',#12970);
#3937=VERTEX_POINT('',#12972);
#3938=VERTEX_POINT('',#12975);
#3939=VERTEX_POINT('',#12976);
#3940=VERTEX_POINT('',#12978);
#3941=VERTEX_POINT('',#12980);
#3942=VERTEX_POINT('',#12982);
#3943=VERTEX_POINT('',#12984);
#3944=VERTEX_POINT('',#12986);
#3945=VERTEX_POINT('',#12988);
#3946=VERTEX_POINT('',#12991);
#3947=VERTEX_POINT('',#12992);
#3948=VERTEX_POINT('',#12994);
#3949=VERTEX_POINT('',#12996);
#3950=VERTEX_POINT('',#12998);
#3951=VERTEX_POINT('',#13000);
#3952=VERTEX_POINT('',#13002);
#3953=VERTEX_POINT('',#13004);
#3954=VERTEX_POINT('',#13007);
#3955=VERTEX_POINT('',#13008);
#3956=VERTEX_POINT('',#13010);
#3957=VERTEX_POINT('',#13012);
#3958=VERTEX_POINT('',#13014);
#3959=VERTEX_POINT('',#13016);
#3960=VERTEX_POINT('',#13018);
#3961=VERTEX_POINT('',#13020);
#3962=VERTEX_POINT('',#13023);
#3963=VERTEX_POINT('',#13025);
#3964=VERTEX_POINT('',#13026);
#3965=VERTEX_POINT('',#13028);
#3966=VERTEX_POINT('',#13030);
#3967=VERTEX_POINT('',#13032);
#3968=VERTEX_POINT('',#13034);
#3969=VERTEX_POINT('',#13036);
#3970=VERTEX_POINT('',#13038);
#3971=VERTEX_POINT('',#13041);
#3972=VERTEX_POINT('',#13042);
#3973=VERTEX_POINT('',#13044);
#3974=VERTEX_POINT('',#13046);
#3975=VERTEX_POINT('',#13048);
#3976=VERTEX_POINT('',#13050);
#3977=VERTEX_POINT('',#13052);
#3978=VERTEX_POINT('',#13054);
#3979=VERTEX_POINT('',#13057);
#3980=VERTEX_POINT('',#13058);
#3981=VERTEX_POINT('',#13060);
#3982=VERTEX_POINT('',#13062);
#3983=VERTEX_POINT('',#13064);
#3984=VERTEX_POINT('',#13066);
#3985=VERTEX_POINT('',#13068);
#3986=VERTEX_POINT('',#13070);
#3987=EDGE_CURVE('',#3187,#3188,#2775,.T.);
#3988=EDGE_CURVE('',#3188,#3189,#1199,.T.);
#3989=EDGE_CURVE('',#3189,#3190,#2776,.T.);
#3990=EDGE_CURVE('',#3190,#3187,#1200,.T.);
#3991=EDGE_CURVE('',#3191,#3188,#2777,.T.);
#3992=EDGE_CURVE('',#3192,#3191,#1201,.T.);
#3993=EDGE_CURVE('',#3189,#3192,#2778,.T.);
#3994=EDGE_CURVE('',#3193,#3194,#2779,.T.);
#3995=EDGE_CURVE('',#3195,#3193,#1202,.T.);
#3996=EDGE_CURVE('',#3196,#3195,#2780,.T.);
#3997=EDGE_CURVE('',#3197,#3196,#1203,.T.);
#3998=EDGE_CURVE('',#3198,#3197,#2781,.T.);
#3999=EDGE_CURVE('',#3199,#3198,#1204,.T.);
#4000=EDGE_CURVE('',#3200,#3199,#2782,.T.);
#4001=EDGE_CURVE('',#3194,#3200,#1205,.T.);
#4002=EDGE_CURVE('',#3201,#3202,#2783,.T.);
#4003=EDGE_CURVE('',#3203,#3201,#1206,.T.);
#4004=EDGE_CURVE('',#3204,#3203,#2784,.T.);
#4005=EDGE_CURVE('',#3205,#3204,#1207,.T.);
#4006=EDGE_CURVE('',#3206,#3205,#2785,.T.);
#4007=EDGE_CURVE('',#3207,#3206,#1208,.T.);
#4008=EDGE_CURVE('',#3208,#3207,#2786,.T.);
#4009=EDGE_CURVE('',#3202,#3208,#1209,.T.);
#4010=EDGE_CURVE('',#3209,#3210,#2787,.T.);
#4011=EDGE_CURVE('',#3211,#3209,#1210,.T.);
#4012=EDGE_CURVE('',#3212,#3211,#2788,.T.);
#4013=EDGE_CURVE('',#3213,#3212,#1211,.T.);
#4014=EDGE_CURVE('',#3214,#3213,#2789,.T.);
#4015=EDGE_CURVE('',#3215,#3214,#1212,.T.);
#4016=EDGE_CURVE('',#3216,#3215,#2790,.T.);
#4017=EDGE_CURVE('',#3210,#3216,#1213,.T.);
#4018=EDGE_CURVE('',#3217,#3218,#2791,.T.);
#4019=EDGE_CURVE('',#3219,#3217,#1214,.T.);
#4020=EDGE_CURVE('',#3220,#3219,#2792,.T.);
#4021=EDGE_CURVE('',#3221,#3220,#1215,.T.);
#4022=EDGE_CURVE('',#3222,#3221,#2793,.T.);
#4023=EDGE_CURVE('',#3223,#3222,#1216,.T.);
#4024=EDGE_CURVE('',#3224,#3223,#2794,.T.);
#4025=EDGE_CURVE('',#3218,#3224,#1217,.T.);
#4026=EDGE_CURVE('',#3225,#3226,#2795,.T.);
#4027=EDGE_CURVE('',#3227,#3225,#1218,.T.);
#4028=EDGE_CURVE('',#3228,#3227,#2796,.T.);
#4029=EDGE_CURVE('',#3229,#3228,#1219,.T.);
#4030=EDGE_CURVE('',#3230,#3229,#2797,.T.);
#4031=EDGE_CURVE('',#3231,#3230,#1220,.T.);
#4032=EDGE_CURVE('',#3232,#3231,#2798,.T.);
#4033=EDGE_CURVE('',#3226,#3232,#1221,.T.);
#4034=EDGE_CURVE('',#3233,#3234,#2799,.T.);
#4035=EDGE_CURVE('',#3235,#3233,#1222,.T.);
#4036=EDGE_CURVE('',#3236,#3235,#2800,.T.);
#4037=EDGE_CURVE('',#3237,#3236,#1223,.T.);
#4038=EDGE_CURVE('',#3238,#3237,#2801,.T.);
#4039=EDGE_CURVE('',#3239,#3238,#1224,.T.);
#4040=EDGE_CURVE('',#3240,#3239,#2802,.T.);
#4041=EDGE_CURVE('',#3234,#3240,#1225,.T.);
#4042=EDGE_CURVE('',#3241,#3242,#2803,.T.);
#4043=EDGE_CURVE('',#3243,#3241,#1226,.T.);
#4044=EDGE_CURVE('',#3244,#3243,#2804,.T.);
#4045=EDGE_CURVE('',#3245,#3244,#1227,.T.);
#4046=EDGE_CURVE('',#3246,#3245,#2805,.T.);
#4047=EDGE_CURVE('',#3247,#3246,#1228,.T.);
#4048=EDGE_CURVE('',#3248,#3247,#2806,.T.);
#4049=EDGE_CURVE('',#3242,#3248,#1229,.T.);
#4050=EDGE_CURVE('',#3249,#3249,#2807,.T.);
#4051=EDGE_CURVE('',#3250,#3251,#2808,.T.);
#4052=EDGE_CURVE('',#3252,#3250,#1230,.T.);
#4053=EDGE_CURVE('',#3253,#3252,#2809,.T.);
#4054=EDGE_CURVE('',#3254,#3253,#1231,.T.);
#4055=EDGE_CURVE('',#3255,#3254,#2810,.T.);
#4056=EDGE_CURVE('',#3256,#3255,#1232,.T.);
#4057=EDGE_CURVE('',#3257,#3256,#2811,.T.);
#4058=EDGE_CURVE('',#3251,#3257,#1233,.T.);
#4059=EDGE_CURVE('',#3258,#3259,#2812,.T.);
#4060=EDGE_CURVE('',#3260,#3258,#1234,.T.);
#4061=EDGE_CURVE('',#3261,#3260,#2813,.T.);
#4062=EDGE_CURVE('',#3262,#3261,#1235,.T.);
#4063=EDGE_CURVE('',#3263,#3262,#2814,.T.);
#4064=EDGE_CURVE('',#3264,#3263,#1236,.T.);
#4065=EDGE_CURVE('',#3265,#3264,#2815,.T.);
#4066=EDGE_CURVE('',#3259,#3265,#1237,.T.);
#4067=EDGE_CURVE('',#3266,#3267,#2816,.T.);
#4068=EDGE_CURVE('',#3268,#3266,#1238,.T.);
#4069=EDGE_CURVE('',#3269,#3268,#2817,.T.);
#4070=EDGE_CURVE('',#3270,#3269,#1239,.T.);
#4071=EDGE_CURVE('',#3271,#3270,#2818,.T.);
#4072=EDGE_CURVE('',#3272,#3271,#1240,.T.);
#4073=EDGE_CURVE('',#3273,#3272,#2819,.T.);
#4074=EDGE_CURVE('',#3267,#3273,#1241,.T.);
#4075=EDGE_CURVE('',#3274,#3275,#2820,.T.);
#4076=EDGE_CURVE('',#3276,#3274,#1242,.T.);
#4077=EDGE_CURVE('',#3277,#3276,#2821,.T.);
#4078=EDGE_CURVE('',#3278,#3277,#1243,.T.);
#4079=EDGE_CURVE('',#3279,#3278,#2822,.T.);
#4080=EDGE_CURVE('',#3280,#3279,#1244,.T.);
#4081=EDGE_CURVE('',#3281,#3280,#2823,.T.);
#4082=EDGE_CURVE('',#3275,#3281,#1245,.T.);
#4083=EDGE_CURVE('',#3282,#3283,#2824,.T.);
#4084=EDGE_CURVE('',#3284,#3282,#1246,.T.);
#4085=EDGE_CURVE('',#3285,#3284,#2825,.T.);
#4086=EDGE_CURVE('',#3286,#3285,#1247,.T.);
#4087=EDGE_CURVE('',#3287,#3286,#2826,.T.);
#4088=EDGE_CURVE('',#3288,#3287,#1248,.T.);
#4089=EDGE_CURVE('',#3289,#3288,#2827,.T.);
#4090=EDGE_CURVE('',#3283,#3289,#1249,.T.);
#4091=EDGE_CURVE('',#3290,#3291,#2828,.T.);
#4092=EDGE_CURVE('',#3292,#3290,#1250,.T.);
#4093=EDGE_CURVE('',#3293,#3292,#2829,.T.);
#4094=EDGE_CURVE('',#3294,#3293,#1251,.T.);
#4095=EDGE_CURVE('',#3295,#3294,#2830,.T.);
#4096=EDGE_CURVE('',#3296,#3295,#1252,.T.);
#4097=EDGE_CURVE('',#3297,#3296,#2831,.T.);
#4098=EDGE_CURVE('',#3291,#3297,#1253,.T.);
#4099=EDGE_CURVE('',#3298,#3299,#2832,.T.);
#4100=EDGE_CURVE('',#3300,#3298,#1254,.T.);
#4101=EDGE_CURVE('',#3301,#3300,#2833,.T.);
#4102=EDGE_CURVE('',#3302,#3301,#1255,.T.);
#4103=EDGE_CURVE('',#3303,#3302,#2834,.T.);
#4104=EDGE_CURVE('',#3304,#3303,#1256,.T.);
#4105=EDGE_CURVE('',#3305,#3304,#2835,.T.);
#4106=EDGE_CURVE('',#3299,#3305,#1257,.T.);
#4107=EDGE_CURVE('',#3306,#3307,#2836,.T.);
#4108=EDGE_CURVE('',#3308,#3306,#1258,.T.);
#4109=EDGE_CURVE('',#3309,#3308,#2837,.T.);
#4110=EDGE_CURVE('',#3310,#3309,#1259,.T.);
#4111=EDGE_CURVE('',#3311,#3310,#2838,.T.);
#4112=EDGE_CURVE('',#3312,#3311,#1260,.T.);
#4113=EDGE_CURVE('',#3313,#3312,#2839,.T.);
#4114=EDGE_CURVE('',#3307,#3313,#1261,.T.);
#4115=EDGE_CURVE('',#3314,#3315,#2840,.T.);
#4116=EDGE_CURVE('',#3316,#3314,#1262,.T.);
#4117=EDGE_CURVE('',#3317,#3316,#2841,.T.);
#4118=EDGE_CURVE('',#3318,#3317,#1263,.T.);
#4119=EDGE_CURVE('',#3319,#3318,#2842,.T.);
#4120=EDGE_CURVE('',#3320,#3319,#1264,.T.);
#4121=EDGE_CURVE('',#3321,#3320,#2843,.T.);
#4122=EDGE_CURVE('',#3315,#3321,#1265,.T.);
#4123=EDGE_CURVE('',#3322,#3323,#2844,.T.);
#4124=EDGE_CURVE('',#3324,#3322,#1266,.T.);
#4125=EDGE_CURVE('',#3325,#3324,#2845,.T.);
#4126=EDGE_CURVE('',#3326,#3325,#1267,.T.);
#4127=EDGE_CURVE('',#3327,#3326,#2846,.T.);
#4128=EDGE_CURVE('',#3328,#3327,#1268,.T.);
#4129=EDGE_CURVE('',#3329,#3328,#2847,.T.);
#4130=EDGE_CURVE('',#3323,#3329,#1269,.T.);
#4131=EDGE_CURVE('',#3330,#3331,#2848,.T.);
#4132=EDGE_CURVE('',#3332,#3330,#1270,.T.);
#4133=EDGE_CURVE('',#3333,#3332,#2849,.T.);
#4134=EDGE_CURVE('',#3334,#3333,#1271,.T.);
#4135=EDGE_CURVE('',#3335,#3334,#2850,.T.);
#4136=EDGE_CURVE('',#3336,#3335,#1272,.T.);
#4137=EDGE_CURVE('',#3337,#3336,#2851,.T.);
#4138=EDGE_CURVE('',#3331,#3337,#1273,.T.);
#4139=EDGE_CURVE('',#3338,#3339,#2852,.T.);
#4140=EDGE_CURVE('',#3340,#3338,#1274,.T.);
#4141=EDGE_CURVE('',#3341,#3340,#2853,.T.);
#4142=EDGE_CURVE('',#3342,#3341,#1275,.T.);
#4143=EDGE_CURVE('',#3343,#3342,#2854,.T.);
#4144=EDGE_CURVE('',#3344,#3343,#1276,.T.);
#4145=EDGE_CURVE('',#3345,#3344,#2855,.T.);
#4146=EDGE_CURVE('',#3339,#3345,#1277,.T.);
#4147=EDGE_CURVE('',#3346,#3347,#2856,.T.);
#4148=EDGE_CURVE('',#3348,#3346,#1278,.T.);
#4149=EDGE_CURVE('',#3349,#3348,#2857,.T.);
#4150=EDGE_CURVE('',#3350,#3349,#1279,.T.);
#4151=EDGE_CURVE('',#3351,#3350,#2858,.T.);
#4152=EDGE_CURVE('',#3352,#3351,#1280,.T.);
#4153=EDGE_CURVE('',#3353,#3352,#2859,.T.);
#4154=EDGE_CURVE('',#3347,#3353,#1281,.T.);
#4155=EDGE_CURVE('',#3354,#3355,#2860,.T.);
#4156=EDGE_CURVE('',#3356,#3354,#1282,.T.);
#4157=EDGE_CURVE('',#3357,#3356,#2861,.T.);
#4158=EDGE_CURVE('',#3358,#3357,#1283,.T.);
#4159=EDGE_CURVE('',#3359,#3358,#2862,.T.);
#4160=EDGE_CURVE('',#3360,#3359,#1284,.T.);
#4161=EDGE_CURVE('',#3361,#3360,#2863,.T.);
#4162=EDGE_CURVE('',#3355,#3361,#1285,.T.);
#4163=EDGE_CURVE('',#3362,#3363,#2864,.T.);
#4164=EDGE_CURVE('',#3364,#3362,#1286,.T.);
#4165=EDGE_CURVE('',#3365,#3364,#2865,.T.);
#4166=EDGE_CURVE('',#3366,#3365,#1287,.T.);
#4167=EDGE_CURVE('',#3367,#3366,#2866,.T.);
#4168=EDGE_CURVE('',#3368,#3367,#1288,.T.);
#4169=EDGE_CURVE('',#3369,#3368,#2867,.T.);
#4170=EDGE_CURVE('',#3363,#3369,#1289,.T.);
#4171=EDGE_CURVE('',#3370,#3371,#2868,.T.);
#4172=EDGE_CURVE('',#3372,#3370,#1290,.T.);
#4173=EDGE_CURVE('',#3373,#3372,#2869,.T.);
#4174=EDGE_CURVE('',#3374,#3373,#1291,.T.);
#4175=EDGE_CURVE('',#3375,#3374,#2870,.T.);
#4176=EDGE_CURVE('',#3376,#3375,#1292,.T.);
#4177=EDGE_CURVE('',#3377,#3376,#2871,.T.);
#4178=EDGE_CURVE('',#3371,#3377,#1293,.T.);
#4179=EDGE_CURVE('',#3378,#3378,#2872,.T.);
#4180=EDGE_CURVE('',#3379,#3380,#2873,.T.);
#4181=EDGE_CURVE('',#3381,#3379,#1294,.T.);
#4182=EDGE_CURVE('',#3382,#3381,#2874,.T.);
#4183=EDGE_CURVE('',#3383,#3382,#1295,.T.);
#4184=EDGE_CURVE('',#3384,#3383,#2875,.T.);
#4185=EDGE_CURVE('',#3385,#3384,#1296,.T.);
#4186=EDGE_CURVE('',#3386,#3385,#2876,.T.);
#4187=EDGE_CURVE('',#3380,#3386,#1297,.T.);
#4188=EDGE_CURVE('',#3387,#3388,#2877,.T.);
#4189=EDGE_CURVE('',#3389,#3387,#1298,.T.);
#4190=EDGE_CURVE('',#3390,#3389,#2878,.T.);
#4191=EDGE_CURVE('',#3391,#3390,#1299,.T.);
#4192=EDGE_CURVE('',#3392,#3391,#2879,.T.);
#4193=EDGE_CURVE('',#3393,#3392,#1300,.T.);
#4194=EDGE_CURVE('',#3394,#3393,#2880,.T.);
#4195=EDGE_CURVE('',#3388,#3394,#1301,.T.);
#4196=EDGE_CURVE('',#3395,#3396,#2881,.T.);
#4197=EDGE_CURVE('',#3397,#3395,#1302,.T.);
#4198=EDGE_CURVE('',#3398,#3397,#2882,.T.);
#4199=EDGE_CURVE('',#3399,#3398,#1303,.T.);
#4200=EDGE_CURVE('',#3400,#3399,#2883,.T.);
#4201=EDGE_CURVE('',#3401,#3400,#1304,.T.);
#4202=EDGE_CURVE('',#3402,#3401,#2884,.T.);
#4203=EDGE_CURVE('',#3396,#3402,#1305,.T.);
#4204=EDGE_CURVE('',#3403,#3404,#2885,.T.);
#4205=EDGE_CURVE('',#3405,#3403,#1306,.T.);
#4206=EDGE_CURVE('',#3406,#3405,#2886,.T.);
#4207=EDGE_CURVE('',#3407,#3406,#1307,.T.);
#4208=EDGE_CURVE('',#3408,#3407,#2887,.T.);
#4209=EDGE_CURVE('',#3409,#3408,#1308,.T.);
#4210=EDGE_CURVE('',#3410,#3409,#2888,.T.);
#4211=EDGE_CURVE('',#3404,#3410,#1309,.T.);
#4212=EDGE_CURVE('',#3411,#3412,#2889,.T.);
#4213=EDGE_CURVE('',#3413,#3411,#1310,.T.);
#4214=EDGE_CURVE('',#3414,#3413,#2890,.T.);
#4215=EDGE_CURVE('',#3415,#3414,#1311,.T.);
#4216=EDGE_CURVE('',#3416,#3415,#2891,.T.);
#4217=EDGE_CURVE('',#3417,#3416,#1312,.T.);
#4218=EDGE_CURVE('',#3418,#3417,#2892,.T.);
#4219=EDGE_CURVE('',#3412,#3418,#1313,.T.);
#4220=EDGE_CURVE('',#3419,#3420,#2893,.T.);
#4221=EDGE_CURVE('',#3421,#3419,#1314,.T.);
#4222=EDGE_CURVE('',#3422,#3421,#2894,.T.);
#4223=EDGE_CURVE('',#3423,#3422,#1315,.T.);
#4224=EDGE_CURVE('',#3424,#3423,#2895,.T.);
#4225=EDGE_CURVE('',#3425,#3424,#1316,.T.);
#4226=EDGE_CURVE('',#3426,#3425,#2896,.T.);
#4227=EDGE_CURVE('',#3420,#3426,#1317,.T.);
#4228=EDGE_CURVE('',#3427,#3428,#2897,.T.);
#4229=EDGE_CURVE('',#3429,#3427,#1318,.T.);
#4230=EDGE_CURVE('',#3430,#3429,#2898,.T.);
#4231=EDGE_CURVE('',#3431,#3430,#1319,.T.);
#4232=EDGE_CURVE('',#3432,#3431,#2899,.T.);
#4233=EDGE_CURVE('',#3433,#3432,#1320,.T.);
#4234=EDGE_CURVE('',#3434,#3433,#2900,.T.);
#4235=EDGE_CURVE('',#3428,#3434,#1321,.T.);
#4236=EDGE_CURVE('',#3435,#3436,#2901,.T.);
#4237=EDGE_CURVE('',#3437,#3435,#1322,.T.);
#4238=EDGE_CURVE('',#3438,#3437,#2902,.T.);
#4239=EDGE_CURVE('',#3439,#3438,#1323,.T.);
#4240=EDGE_CURVE('',#3440,#3439,#2903,.T.);
#4241=EDGE_CURVE('',#3441,#3440,#1324,.T.);
#4242=EDGE_CURVE('',#3442,#3441,#2904,.T.);
#4243=EDGE_CURVE('',#3436,#3442,#1325,.T.);
#4244=EDGE_CURVE('',#3443,#3444,#2905,.T.);
#4245=EDGE_CURVE('',#3445,#3443,#1326,.T.);
#4246=EDGE_CURVE('',#3446,#3445,#2906,.T.);
#4247=EDGE_CURVE('',#3447,#3446,#1327,.T.);
#4248=EDGE_CURVE('',#3448,#3447,#2907,.T.);
#4249=EDGE_CURVE('',#3449,#3448,#1328,.T.);
#4250=EDGE_CURVE('',#3450,#3449,#2908,.T.);
#4251=EDGE_CURVE('',#3444,#3450,#1329,.T.);
#4252=EDGE_CURVE('',#3451,#3452,#2909,.T.);
#4253=EDGE_CURVE('',#3453,#3451,#1330,.T.);
#4254=EDGE_CURVE('',#3454,#3453,#2910,.T.);
#4255=EDGE_CURVE('',#3455,#3454,#1331,.T.);
#4256=EDGE_CURVE('',#3456,#3455,#2911,.T.);
#4257=EDGE_CURVE('',#3457,#3456,#1332,.T.);
#4258=EDGE_CURVE('',#3458,#3457,#2912,.T.);
#4259=EDGE_CURVE('',#3452,#3458,#1333,.T.);
#4260=EDGE_CURVE('',#3459,#3459,#2913,.T.);
#4261=EDGE_CURVE('',#3460,#3461,#2914,.T.);
#4262=EDGE_CURVE('',#3460,#3462,#2915,.T.);
#4263=EDGE_CURVE('',#3463,#3462,#2916,.T.);
#4264=EDGE_CURVE('',#3464,#3463,#1334,.T.);
#4265=EDGE_CURVE('',#3465,#3464,#2917,.T.);
#4266=EDGE_CURVE('',#3466,#3465,#1335,.T.);
#4267=EDGE_CURVE('',#3467,#3466,#2918,.T.);
#4268=EDGE_CURVE('',#3468,#3467,#2919,.T.);
#4269=EDGE_CURVE('',#3469,#3468,#1336,.T.);
#4270=EDGE_CURVE('',#3470,#3469,#2920,.T.);
#4271=EDGE_CURVE('',#3471,#3470,#2921,.T.);
#4272=EDGE_CURVE('',#3472,#3471,#1337,.T.);
#4273=EDGE_CURVE('',#3473,#3472,#2922,.T.);
#4274=EDGE_CURVE('',#3474,#3473,#1338,.T.);
#4275=EDGE_CURVE('',#3475,#3474,#2923,.T.);
#4276=EDGE_CURVE('',#3476,#3475,#1339,.T.);
#4277=EDGE_CURVE('',#3477,#3476,#2924,.T.);
#4278=EDGE_CURVE('',#3478,#3477,#1340,.T.);
#4279=EDGE_CURVE('',#3479,#3478,#2925,.T.);
#4280=EDGE_CURVE('',#3480,#3479,#1341,.T.);
#4281=EDGE_CURVE('',#3481,#3480,#2926,.T.);
#4282=EDGE_CURVE('',#3482,#3481,#1342,.T.);
#4283=EDGE_CURVE('',#3483,#3482,#2927,.T.);
#4284=EDGE_CURVE('',#3484,#3483,#1343,.T.);
#4285=EDGE_CURVE('',#3485,#3484,#2928,.T.);
#4286=EDGE_CURVE('',#3486,#3485,#1344,.T.);
#4287=EDGE_CURVE('',#3487,#3486,#2929,.T.);
#4288=EDGE_CURVE('',#3488,#3487,#1345,.T.);
#4289=EDGE_CURVE('',#3489,#3488,#2930,.T.);
#4290=EDGE_CURVE('',#3490,#3489,#1346,.T.);
#4291=EDGE_CURVE('',#3491,#3490,#2931,.T.);
#4292=EDGE_CURVE('',#3492,#3491,#1347,.T.);
#4293=EDGE_CURVE('',#3493,#3492,#2932,.T.);
#4294=EDGE_CURVE('',#3461,#3493,#1348,.T.);
#4295=EDGE_CURVE('',#3494,#3495,#2933,.T.);
#4296=EDGE_CURVE('',#3496,#3494,#1349,.T.);
#4297=EDGE_CURVE('',#3497,#3496,#2934,.T.);
#4298=EDGE_CURVE('',#3498,#3497,#1350,.T.);
#4299=EDGE_CURVE('',#3499,#3498,#2935,.T.);
#4300=EDGE_CURVE('',#3500,#3499,#1351,.T.);
#4301=EDGE_CURVE('',#3501,#3500,#2936,.T.);
#4302=EDGE_CURVE('',#3495,#3501,#1352,.T.);
#4303=EDGE_CURVE('',#3502,#3503,#2937,.T.);
#4304=EDGE_CURVE('',#3504,#3502,#1353,.T.);
#4305=EDGE_CURVE('',#3505,#3504,#2938,.T.);
#4306=EDGE_CURVE('',#3506,#3505,#1354,.T.);
#4307=EDGE_CURVE('',#3507,#3506,#2939,.T.);
#4308=EDGE_CURVE('',#3508,#3507,#1355,.T.);
#4309=EDGE_CURVE('',#3509,#3508,#2940,.T.);
#4310=EDGE_CURVE('',#3503,#3509,#1356,.T.);
#4311=EDGE_CURVE('',#3510,#3511,#2941,.T.);
#4312=EDGE_CURVE('',#3512,#3510,#1357,.T.);
#4313=EDGE_CURVE('',#3513,#3512,#2942,.T.);
#4314=EDGE_CURVE('',#3514,#3513,#1358,.T.);
#4315=EDGE_CURVE('',#3515,#3514,#2943,.T.);
#4316=EDGE_CURVE('',#3516,#3515,#1359,.T.);
#4317=EDGE_CURVE('',#3517,#3516,#2944,.T.);
#4318=EDGE_CURVE('',#3511,#3517,#1360,.T.);
#4319=EDGE_CURVE('',#3518,#3519,#2945,.T.);
#4320=EDGE_CURVE('',#3520,#3518,#1361,.T.);
#4321=EDGE_CURVE('',#3521,#3520,#2946,.T.);
#4322=EDGE_CURVE('',#3522,#3521,#1362,.T.);
#4323=EDGE_CURVE('',#3523,#3522,#2947,.T.);
#4324=EDGE_CURVE('',#3524,#3523,#1363,.T.);
#4325=EDGE_CURVE('',#3525,#3524,#2948,.T.);
#4326=EDGE_CURVE('',#3519,#3525,#1364,.T.);
#4327=EDGE_CURVE('',#3526,#3527,#2949,.T.);
#4328=EDGE_CURVE('',#3528,#3526,#1365,.T.);
#4329=EDGE_CURVE('',#3529,#3528,#2950,.T.);
#4330=EDGE_CURVE('',#3530,#3529,#1366,.T.);
#4331=EDGE_CURVE('',#3531,#3530,#2951,.T.);
#4332=EDGE_CURVE('',#3532,#3531,#1367,.T.);
#4333=EDGE_CURVE('',#3533,#3532,#2952,.T.);
#4334=EDGE_CURVE('',#3527,#3533,#1368,.T.);
#4335=EDGE_CURVE('',#3534,#3187,#1369,.T.);
#4336=EDGE_CURVE('',#3535,#3534,#2953,.T.);
#4337=EDGE_CURVE('',#3536,#3535,#1370,.T.);
#4338=EDGE_CURVE('',#3537,#3536,#2954,.T.);
#4339=EDGE_CURVE('',#3538,#3537,#1371,.T.);
#4340=EDGE_CURVE('',#3539,#3538,#2955,.T.);
#4341=EDGE_CURVE('',#3540,#3539,#1372,.T.);
#4342=EDGE_CURVE('',#3541,#3540,#2956,.T.);
#4343=EDGE_CURVE('',#3542,#3541,#1373,.T.);
#4344=EDGE_CURVE('',#3543,#3542,#2957,.T.);
#4345=EDGE_CURVE('',#3544,#3543,#1374,.T.);
#4346=EDGE_CURVE('',#3545,#3544,#2958,.T.);
#4347=EDGE_CURVE('',#3546,#3545,#1375,.T.);
#4348=EDGE_CURVE('',#3547,#3546,#2959,.T.);
#4349=EDGE_CURVE('',#3548,#3547,#1376,.T.);
#4350=EDGE_CURVE('',#3549,#3548,#2960,.T.);
#4351=EDGE_CURVE('',#3550,#3549,#1377,.T.);
#4352=EDGE_CURVE('',#3551,#3550,#2961,.T.);
#4353=EDGE_CURVE('',#3552,#3551,#1378,.T.);
#4354=EDGE_CURVE('',#3553,#3552,#2962,.T.);
#4355=EDGE_CURVE('',#3554,#3553,#1379,.T.);
#4356=EDGE_CURVE('',#3555,#3554,#2963,.T.);
#4357=EDGE_CURVE('',#3556,#3555,#1380,.T.);
#4358=EDGE_CURVE('',#3557,#3556,#2964,.T.);
#4359=EDGE_CURVE('',#3558,#3557,#2965,.T.);
#4360=EDGE_CURVE('',#3559,#3558,#1381,.T.);
#4361=EDGE_CURVE('',#3560,#3559,#2966,.T.);
#4362=EDGE_CURVE('',#3561,#3560,#2967,.T.);
#4363=EDGE_CURVE('',#3562,#3561,#1382,.T.);
#4364=EDGE_CURVE('',#3563,#3562,#2968,.T.);
#4365=EDGE_CURVE('',#3564,#3563,#1383,.T.);
#4366=EDGE_CURVE('',#3191,#3564,#2969,.T.);
#4367=EDGE_CURVE('',#3565,#3565,#2970,.T.);
#4368=EDGE_CURVE('',#3566,#3567,#2971,.T.);
#4369=EDGE_CURVE('',#3568,#3566,#1384,.T.);
#4370=EDGE_CURVE('',#3569,#3568,#2972,.T.);
#4371=EDGE_CURVE('',#3570,#3569,#1385,.T.);
#4372=EDGE_CURVE('',#3571,#3570,#2973,.T.);
#4373=EDGE_CURVE('',#3572,#3571,#1386,.T.);
#4374=EDGE_CURVE('',#3573,#3572,#2974,.T.);
#4375=EDGE_CURVE('',#3567,#3573,#1387,.T.);
#4376=EDGE_CURVE('',#3574,#3575,#2975,.T.);
#4377=EDGE_CURVE('',#3576,#3574,#1388,.T.);
#4378=EDGE_CURVE('',#3577,#3576,#2976,.T.);
#4379=EDGE_CURVE('',#3578,#3577,#1389,.T.);
#4380=EDGE_CURVE('',#3579,#3578,#2977,.T.);
#4381=EDGE_CURVE('',#3580,#3579,#1390,.T.);
#4382=EDGE_CURVE('',#3581,#3580,#2978,.T.);
#4383=EDGE_CURVE('',#3575,#3581,#1391,.T.);
#4384=EDGE_CURVE('',#3582,#3583,#2979,.T.);
#4385=EDGE_CURVE('',#3584,#3582,#1392,.T.);
#4386=EDGE_CURVE('',#3585,#3584,#2980,.T.);
#4387=EDGE_CURVE('',#3586,#3585,#1393,.T.);
#4388=EDGE_CURVE('',#3587,#3586,#2981,.T.);
#4389=EDGE_CURVE('',#3588,#3587,#1394,.T.);
#4390=EDGE_CURVE('',#3589,#3588,#2982,.T.);
#4391=EDGE_CURVE('',#3583,#3589,#1395,.T.);
#4392=EDGE_CURVE('',#3590,#3192,#2983,.T.);
#4393=EDGE_CURVE('',#3564,#3590,#1396,.T.);
#4394=EDGE_CURVE('',#3591,#3563,#1397,.T.);
#4395=EDGE_CURVE('',#3590,#3591,#1398,.T.);
#4396=EDGE_CURVE('',#3592,#3593,#2984,.T.);
#4397=EDGE_CURVE('',#3593,#3460,#1399,.T.);
#4398=EDGE_CURVE('',#3461,#3592,#1400,.T.);
#4399=EDGE_CURVE('',#3594,#3493,#1401,.T.);
#4400=EDGE_CURVE('',#3592,#3594,#1402,.T.);
#4401=EDGE_CURVE('',#3462,#3595,#1403,.T.);
#4402=EDGE_CURVE('',#3595,#3596,#2985,.T.);
#4403=EDGE_CURVE('',#3596,#3463,#1404,.T.);
#4404=EDGE_CURVE('',#3597,#3596,#1405,.T.);
#4405=EDGE_CURVE('',#3597,#3464,#1406,.T.);
#4406=EDGE_CURVE('',#3595,#3593,#2986,.T.);
#4407=EDGE_CURVE('',#3598,#3190,#1407,.T.);
#4408=EDGE_CURVE('',#3598,#3534,#1408,.T.);
#4409=EDGE_CURVE('',#3599,#3193,#1409,.T.);
#4410=EDGE_CURVE('',#3600,#3194,#1410,.T.);
#4411=EDGE_CURVE('',#3599,#3600,#2987,.T.);
#4412=EDGE_CURVE('',#3601,#3195,#1411,.T.);
#4413=EDGE_CURVE('',#3601,#3599,#1412,.T.);
#4414=EDGE_CURVE('',#3602,#3200,#1413,.T.);
#4415=EDGE_CURVE('',#3600,#3602,#1414,.T.);
#4416=EDGE_CURVE('',#3602,#3603,#2988,.T.);
#4417=EDGE_CURVE('',#3603,#3604,#1415,.T.);
#4418=EDGE_CURVE('',#3604,#3605,#2989,.T.);
#4419=EDGE_CURVE('',#3605,#3606,#1416,.T.);
#4420=EDGE_CURVE('',#3606,#3601,#2990,.T.);
#4421=EDGE_CURVE('',#3591,#3607,#2991,.T.);
#4422=EDGE_CURVE('',#3607,#3608,#1417,.T.);
#4423=EDGE_CURVE('',#3608,#3609,#2992,.T.);
#4424=EDGE_CURVE('',#3609,#3610,#2993,.T.);
#4425=EDGE_CURVE('',#3610,#3611,#1418,.T.);
#4426=EDGE_CURVE('',#3611,#3612,#2994,.T.);
#4427=EDGE_CURVE('',#3612,#3613,#2995,.T.);
#4428=EDGE_CURVE('',#3613,#3614,#1419,.T.);
#4429=EDGE_CURVE('',#3614,#3615,#2996,.T.);
#4430=EDGE_CURVE('',#3615,#3616,#1420,.T.);
#4431=EDGE_CURVE('',#3616,#3617,#2997,.T.);
#4432=EDGE_CURVE('',#3617,#3618,#1421,.T.);
#4433=EDGE_CURVE('',#3618,#3619,#2998,.T.);
#4434=EDGE_CURVE('',#3619,#3620,#1422,.T.);
#4435=EDGE_CURVE('',#3620,#3621,#2999,.T.);
#4436=EDGE_CURVE('',#3621,#3622,#1423,.T.);
#4437=EDGE_CURVE('',#3622,#3623,#3000,.T.);
#4438=EDGE_CURVE('',#3623,#3624,#1424,.T.);
#4439=EDGE_CURVE('',#3624,#3625,#3001,.T.);
#4440=EDGE_CURVE('',#3625,#3626,#1425,.T.);
#4441=EDGE_CURVE('',#3626,#3627,#3002,.T.);
#4442=EDGE_CURVE('',#3627,#3628,#1426,.T.);
#4443=EDGE_CURVE('',#3628,#3629,#3003,.T.);
#4444=EDGE_CURVE('',#3629,#3630,#1427,.T.);
#4445=EDGE_CURVE('',#3630,#3631,#3004,.T.);
#4446=EDGE_CURVE('',#3631,#3632,#1428,.T.);
#4447=EDGE_CURVE('',#3632,#3633,#3005,.T.);
#4448=EDGE_CURVE('',#3633,#3634,#1429,.T.);
#4449=EDGE_CURVE('',#3634,#3598,#3006,.T.);
#4450=EDGE_CURVE('',#3594,#3635,#3007,.T.);
#4451=EDGE_CURVE('',#3635,#3636,#1430,.T.);
#4452=EDGE_CURVE('',#3636,#3637,#3008,.T.);
#4453=EDGE_CURVE('',#3637,#3638,#1431,.T.);
#4454=EDGE_CURVE('',#3638,#3639,#3009,.T.);
#4455=EDGE_CURVE('',#3639,#3640,#1432,.T.);
#4456=EDGE_CURVE('',#3640,#3641,#3010,.T.);
#4457=EDGE_CURVE('',#3641,#3642,#1433,.T.);
#4458=EDGE_CURVE('',#3642,#3643,#3011,.T.);
#4459=EDGE_CURVE('',#3643,#3644,#1434,.T.);
#4460=EDGE_CURVE('',#3644,#3645,#3012,.T.);
#4461=EDGE_CURVE('',#3645,#3646,#1435,.T.);
#4462=EDGE_CURVE('',#3646,#3647,#3013,.T.);
#4463=EDGE_CURVE('',#3647,#3648,#1436,.T.);
#4464=EDGE_CURVE('',#3648,#3649,#3014,.T.);
#4465=EDGE_CURVE('',#3649,#3650,#1437,.T.);
#4466=EDGE_CURVE('',#3650,#3651,#3015,.T.);
#4467=EDGE_CURVE('',#3651,#3652,#1438,.T.);
#4468=EDGE_CURVE('',#3652,#3653,#3016,.T.);
#4469=EDGE_CURVE('',#3653,#3654,#1439,.T.);
#4470=EDGE_CURVE('',#3654,#3655,#3017,.T.);
#4471=EDGE_CURVE('',#3655,#3656,#1440,.T.);
#4472=EDGE_CURVE('',#3656,#3657,#3018,.T.);
#4473=EDGE_CURVE('',#3657,#3658,#3019,.T.);
#4474=EDGE_CURVE('',#3658,#3659,#1441,.T.);
#4475=EDGE_CURVE('',#3659,#3660,#3020,.T.);
#4476=EDGE_CURVE('',#3660,#3661,#3021,.T.);
#4477=EDGE_CURVE('',#3661,#3662,#1442,.T.);
#4478=EDGE_CURVE('',#3662,#3597,#3022,.T.);
#4479=EDGE_CURVE('',#3663,#3664,#3023,.T.);
#4480=EDGE_CURVE('',#3664,#3665,#1443,.T.);
#4481=EDGE_CURVE('',#3665,#3666,#3024,.T.);
#4482=EDGE_CURVE('',#3666,#3667,#1444,.T.);
#4483=EDGE_CURVE('',#3667,#3668,#3025,.T.);
#4484=EDGE_CURVE('',#3668,#3669,#1445,.T.);
#4485=EDGE_CURVE('',#3669,#3670,#3026,.T.);
#4486=EDGE_CURVE('',#3670,#3663,#1446,.T.);
#4487=EDGE_CURVE('',#3671,#3672,#3027,.T.);
#4488=EDGE_CURVE('',#3672,#3673,#1447,.T.);
#4489=EDGE_CURVE('',#3673,#3674,#3028,.T.);
#4490=EDGE_CURVE('',#3674,#3675,#1448,.T.);
#4491=EDGE_CURVE('',#3675,#3676,#3029,.T.);
#4492=EDGE_CURVE('',#3676,#3677,#1449,.T.);
#4493=EDGE_CURVE('',#3677,#3678,#3030,.T.);
#4494=EDGE_CURVE('',#3678,#3671,#1450,.T.);
#4495=EDGE_CURVE('',#3679,#3680,#3031,.T.);
#4496=EDGE_CURVE('',#3680,#3681,#1451,.T.);
#4497=EDGE_CURVE('',#3681,#3682,#3032,.T.);
#4498=EDGE_CURVE('',#3682,#3683,#1452,.T.);
#4499=EDGE_CURVE('',#3683,#3684,#3033,.T.);
#4500=EDGE_CURVE('',#3684,#3685,#1453,.T.);
#4501=EDGE_CURVE('',#3685,#3686,#3034,.T.);
#4502=EDGE_CURVE('',#3686,#3679,#1454,.T.);
#4503=EDGE_CURVE('',#3687,#3688,#3035,.T.);
#4504=EDGE_CURVE('',#3688,#3689,#1455,.T.);
#4505=EDGE_CURVE('',#3689,#3690,#3036,.T.);
#4506=EDGE_CURVE('',#3690,#3691,#1456,.T.);
#4507=EDGE_CURVE('',#3691,#3692,#3037,.T.);
#4508=EDGE_CURVE('',#3692,#3693,#1457,.T.);
#4509=EDGE_CURVE('',#3693,#3694,#3038,.T.);
#4510=EDGE_CURVE('',#3694,#3687,#1458,.T.);
#4511=EDGE_CURVE('',#3695,#3696,#3039,.T.);
#4512=EDGE_CURVE('',#3696,#3697,#1459,.T.);
#4513=EDGE_CURVE('',#3697,#3698,#3040,.T.);
#4514=EDGE_CURVE('',#3698,#3699,#1460,.T.);
#4515=EDGE_CURVE('',#3699,#3700,#3041,.T.);
#4516=EDGE_CURVE('',#3700,#3701,#1461,.T.);
#4517=EDGE_CURVE('',#3701,#3702,#3042,.T.);
#4518=EDGE_CURVE('',#3702,#3695,#1462,.T.);
#4519=EDGE_CURVE('',#3703,#3704,#3043,.T.);
#4520=EDGE_CURVE('',#3704,#3705,#1463,.T.);
#4521=EDGE_CURVE('',#3705,#3706,#3044,.T.);
#4522=EDGE_CURVE('',#3706,#3707,#1464,.T.);
#4523=EDGE_CURVE('',#3707,#3708,#3045,.T.);
#4524=EDGE_CURVE('',#3708,#3709,#1465,.T.);
#4525=EDGE_CURVE('',#3709,#3710,#3046,.T.);
#4526=EDGE_CURVE('',#3710,#3703,#1466,.T.);
#4527=EDGE_CURVE('',#3711,#3711,#3047,.T.);
#4528=EDGE_CURVE('',#3712,#3713,#3048,.T.);
#4529=EDGE_CURVE('',#3713,#3714,#1467,.T.);
#4530=EDGE_CURVE('',#3714,#3715,#3049,.T.);
#4531=EDGE_CURVE('',#3715,#3716,#1468,.T.);
#4532=EDGE_CURVE('',#3716,#3717,#3050,.T.);
#4533=EDGE_CURVE('',#3717,#3718,#1469,.T.);
#4534=EDGE_CURVE('',#3718,#3719,#3051,.T.);
#4535=EDGE_CURVE('',#3719,#3712,#1470,.T.);
#4536=EDGE_CURVE('',#3720,#3721,#3052,.T.);
#4537=EDGE_CURVE('',#3721,#3722,#1471,.T.);
#4538=EDGE_CURVE('',#3722,#3723,#3053,.T.);
#4539=EDGE_CURVE('',#3723,#3724,#1472,.T.);
#4540=EDGE_CURVE('',#3724,#3725,#3054,.T.);
#4541=EDGE_CURVE('',#3725,#3726,#1473,.T.);
#4542=EDGE_CURVE('',#3726,#3727,#3055,.T.);
#4543=EDGE_CURVE('',#3727,#3720,#1474,.T.);
#4544=EDGE_CURVE('',#3728,#3729,#3056,.T.);
#4545=EDGE_CURVE('',#3729,#3730,#1475,.T.);
#4546=EDGE_CURVE('',#3730,#3731,#3057,.T.);
#4547=EDGE_CURVE('',#3731,#3732,#1476,.T.);
#4548=EDGE_CURVE('',#3732,#3733,#3058,.T.);
#4549=EDGE_CURVE('',#3733,#3734,#1477,.T.);
#4550=EDGE_CURVE('',#3734,#3735,#3059,.T.);
#4551=EDGE_CURVE('',#3735,#3728,#1478,.T.);
#4552=EDGE_CURVE('',#3736,#3737,#3060,.T.);
#4553=EDGE_CURVE('',#3737,#3738,#1479,.T.);
#4554=EDGE_CURVE('',#3738,#3739,#3061,.T.);
#4555=EDGE_CURVE('',#3739,#3740,#1480,.T.);
#4556=EDGE_CURVE('',#3740,#3741,#3062,.T.);
#4557=EDGE_CURVE('',#3741,#3742,#1481,.T.);
#4558=EDGE_CURVE('',#3742,#3743,#3063,.T.);
#4559=EDGE_CURVE('',#3743,#3736,#1482,.T.);
#4560=EDGE_CURVE('',#3744,#3745,#3064,.T.);
#4561=EDGE_CURVE('',#3745,#3746,#1483,.T.);
#4562=EDGE_CURVE('',#3746,#3747,#3065,.T.);
#4563=EDGE_CURVE('',#3747,#3748,#1484,.T.);
#4564=EDGE_CURVE('',#3748,#3749,#3066,.T.);
#4565=EDGE_CURVE('',#3749,#3750,#1485,.T.);
#4566=EDGE_CURVE('',#3750,#3751,#3067,.T.);
#4567=EDGE_CURVE('',#3751,#3744,#1486,.T.);
#4568=EDGE_CURVE('',#3752,#3753,#3068,.T.);
#4569=EDGE_CURVE('',#3753,#3754,#1487,.T.);
#4570=EDGE_CURVE('',#3754,#3755,#3069,.T.);
#4571=EDGE_CURVE('',#3755,#3756,#1488,.T.);
#4572=EDGE_CURVE('',#3756,#3757,#3070,.T.);
#4573=EDGE_CURVE('',#3757,#3758,#1489,.T.);
#4574=EDGE_CURVE('',#3758,#3759,#3071,.T.);
#4575=EDGE_CURVE('',#3759,#3752,#1490,.T.);
#4576=EDGE_CURVE('',#3760,#3761,#3072,.T.);
#4577=EDGE_CURVE('',#3761,#3762,#1491,.T.);
#4578=EDGE_CURVE('',#3762,#3763,#3073,.T.);
#4579=EDGE_CURVE('',#3763,#3764,#1492,.T.);
#4580=EDGE_CURVE('',#3764,#3765,#3074,.T.);
#4581=EDGE_CURVE('',#3765,#3766,#1493,.T.);
#4582=EDGE_CURVE('',#3766,#3767,#3075,.T.);
#4583=EDGE_CURVE('',#3767,#3760,#1494,.T.);
#4584=EDGE_CURVE('',#3768,#3769,#3076,.T.);
#4585=EDGE_CURVE('',#3769,#3770,#1495,.T.);
#4586=EDGE_CURVE('',#3770,#3771,#3077,.T.);
#4587=EDGE_CURVE('',#3771,#3772,#1496,.T.);
#4588=EDGE_CURVE('',#3772,#3773,#3078,.T.);
#4589=EDGE_CURVE('',#3773,#3774,#1497,.T.);
#4590=EDGE_CURVE('',#3774,#3775,#3079,.T.);
#4591=EDGE_CURVE('',#3775,#3768,#1498,.T.);
#4592=EDGE_CURVE('',#3776,#3777,#3080,.T.);
#4593=EDGE_CURVE('',#3777,#3778,#1499,.T.);
#4594=EDGE_CURVE('',#3778,#3779,#3081,.T.);
#4595=EDGE_CURVE('',#3779,#3780,#1500,.T.);
#4596=EDGE_CURVE('',#3780,#3781,#3082,.T.);
#4597=EDGE_CURVE('',#3781,#3782,#1501,.T.);
#4598=EDGE_CURVE('',#3782,#3783,#3083,.T.);
#4599=EDGE_CURVE('',#3783,#3776,#1502,.T.);
#4600=EDGE_CURVE('',#3784,#3785,#3084,.T.);
#4601=EDGE_CURVE('',#3785,#3786,#1503,.T.);
#4602=EDGE_CURVE('',#3786,#3787,#3085,.T.);
#4603=EDGE_CURVE('',#3787,#3788,#1504,.T.);
#4604=EDGE_CURVE('',#3788,#3789,#3086,.T.);
#4605=EDGE_CURVE('',#3789,#3790,#1505,.T.);
#4606=EDGE_CURVE('',#3790,#3791,#3087,.T.);
#4607=EDGE_CURVE('',#3791,#3784,#1506,.T.);
#4608=EDGE_CURVE('',#3792,#3793,#3088,.T.);
#4609=EDGE_CURVE('',#3793,#3794,#1507,.T.);
#4610=EDGE_CURVE('',#3794,#3795,#3089,.T.);
#4611=EDGE_CURVE('',#3795,#3796,#1508,.T.);
#4612=EDGE_CURVE('',#3796,#3797,#3090,.T.);
#4613=EDGE_CURVE('',#3797,#3798,#1509,.T.);
#4614=EDGE_CURVE('',#3798,#3799,#3091,.T.);
#4615=EDGE_CURVE('',#3799,#3792,#1510,.T.);
#4616=EDGE_CURVE('',#3800,#3801,#3092,.T.);
#4617=EDGE_CURVE('',#3801,#3802,#1511,.T.);
#4618=EDGE_CURVE('',#3802,#3803,#3093,.T.);
#4619=EDGE_CURVE('',#3803,#3804,#1512,.T.);
#4620=EDGE_CURVE('',#3804,#3805,#3094,.T.);
#4621=EDGE_CURVE('',#3805,#3806,#1513,.T.);
#4622=EDGE_CURVE('',#3806,#3807,#3095,.T.);
#4623=EDGE_CURVE('',#3807,#3800,#1514,.T.);
#4624=EDGE_CURVE('',#3808,#3809,#3096,.T.);
#4625=EDGE_CURVE('',#3809,#3810,#1515,.T.);
#4626=EDGE_CURVE('',#3810,#3811,#3097,.T.);
#4627=EDGE_CURVE('',#3811,#3812,#1516,.T.);
#4628=EDGE_CURVE('',#3812,#3813,#3098,.T.);
#4629=EDGE_CURVE('',#3813,#3814,#1517,.T.);
#4630=EDGE_CURVE('',#3814,#3815,#3099,.T.);
#4631=EDGE_CURVE('',#3815,#3808,#1518,.T.);
#4632=EDGE_CURVE('',#3816,#3817,#3100,.T.);
#4633=EDGE_CURVE('',#3817,#3818,#1519,.T.);
#4634=EDGE_CURVE('',#3818,#3819,#3101,.T.);
#4635=EDGE_CURVE('',#3819,#3820,#1520,.T.);
#4636=EDGE_CURVE('',#3820,#3821,#3102,.T.);
#4637=EDGE_CURVE('',#3821,#3822,#1521,.T.);
#4638=EDGE_CURVE('',#3822,#3823,#3103,.T.);
#4639=EDGE_CURVE('',#3823,#3816,#1522,.T.);
#4640=EDGE_CURVE('',#3824,#3825,#3104,.T.);
#4641=EDGE_CURVE('',#3825,#3826,#1523,.T.);
#4642=EDGE_CURVE('',#3826,#3827,#3105,.T.);
#4643=EDGE_CURVE('',#3827,#3828,#1524,.T.);
#4644=EDGE_CURVE('',#3828,#3829,#3106,.T.);
#4645=EDGE_CURVE('',#3829,#3830,#1525,.T.);
#4646=EDGE_CURVE('',#3830,#3831,#3107,.T.);
#4647=EDGE_CURVE('',#3831,#3824,#1526,.T.);
#4648=EDGE_CURVE('',#3832,#3833,#3108,.T.);
#4649=EDGE_CURVE('',#3833,#3834,#1527,.T.);
#4650=EDGE_CURVE('',#3834,#3835,#3109,.T.);
#4651=EDGE_CURVE('',#3835,#3836,#1528,.T.);
#4652=EDGE_CURVE('',#3836,#3837,#3110,.T.);
#4653=EDGE_CURVE('',#3837,#3838,#1529,.T.);
#4654=EDGE_CURVE('',#3838,#3839,#3111,.T.);
#4655=EDGE_CURVE('',#3839,#3832,#1530,.T.);
#4656=EDGE_CURVE('',#3840,#3840,#3112,.T.);
#4657=EDGE_CURVE('',#3841,#3842,#3113,.T.);
#4658=EDGE_CURVE('',#3842,#3843,#1531,.T.);
#4659=EDGE_CURVE('',#3843,#3844,#3114,.T.);
#4660=EDGE_CURVE('',#3844,#3845,#1532,.T.);
#4661=EDGE_CURVE('',#3845,#3846,#3115,.T.);
#4662=EDGE_CURVE('',#3846,#3847,#1533,.T.);
#4663=EDGE_CURVE('',#3847,#3848,#3116,.T.);
#4664=EDGE_CURVE('',#3848,#3841,#1534,.T.);
#4665=EDGE_CURVE('',#3849,#3850,#3117,.T.);
#4666=EDGE_CURVE('',#3850,#3851,#1535,.T.);
#4667=EDGE_CURVE('',#3851,#3852,#3118,.T.);
#4668=EDGE_CURVE('',#3852,#3853,#1536,.T.);
#4669=EDGE_CURVE('',#3853,#3854,#3119,.T.);
#4670=EDGE_CURVE('',#3854,#3855,#1537,.T.);
#4671=EDGE_CURVE('',#3855,#3856,#3120,.T.);
#4672=EDGE_CURVE('',#3856,#3849,#1538,.T.);
#4673=EDGE_CURVE('',#3857,#3858,#3121,.T.);
#4674=EDGE_CURVE('',#3858,#3859,#1539,.T.);
#4675=EDGE_CURVE('',#3859,#3860,#3122,.T.);
#4676=EDGE_CURVE('',#3860,#3861,#1540,.T.);
#4677=EDGE_CURVE('',#3861,#3862,#3123,.T.);
#4678=EDGE_CURVE('',#3862,#3863,#1541,.T.);
#4679=EDGE_CURVE('',#3863,#3864,#3124,.T.);
#4680=EDGE_CURVE('',#3864,#3857,#1542,.T.);
#4681=EDGE_CURVE('',#3865,#3866,#3125,.T.);
#4682=EDGE_CURVE('',#3866,#3867,#1543,.T.);
#4683=EDGE_CURVE('',#3867,#3868,#3126,.T.);
#4684=EDGE_CURVE('',#3868,#3869,#1544,.T.);
#4685=EDGE_CURVE('',#3869,#3870,#3127,.T.);
#4686=EDGE_CURVE('',#3870,#3871,#1545,.T.);
#4687=EDGE_CURVE('',#3871,#3872,#3128,.T.);
#4688=EDGE_CURVE('',#3872,#3865,#1546,.T.);
#4689=EDGE_CURVE('',#3873,#3874,#3129,.T.);
#4690=EDGE_CURVE('',#3874,#3875,#1547,.T.);
#4691=EDGE_CURVE('',#3875,#3876,#3130,.T.);
#4692=EDGE_CURVE('',#3876,#3877,#1548,.T.);
#4693=EDGE_CURVE('',#3877,#3878,#3131,.T.);
#4694=EDGE_CURVE('',#3878,#3879,#1549,.T.);
#4695=EDGE_CURVE('',#3879,#3880,#3132,.T.);
#4696=EDGE_CURVE('',#3880,#3873,#1550,.T.);
#4697=EDGE_CURVE('',#3881,#3882,#3133,.T.);
#4698=EDGE_CURVE('',#3882,#3883,#1551,.T.);
#4699=EDGE_CURVE('',#3883,#3884,#3134,.T.);
#4700=EDGE_CURVE('',#3884,#3885,#1552,.T.);
#4701=EDGE_CURVE('',#3885,#3886,#3135,.T.);
#4702=EDGE_CURVE('',#3886,#3887,#1553,.T.);
#4703=EDGE_CURVE('',#3887,#3888,#3136,.T.);
#4704=EDGE_CURVE('',#3888,#3881,#1554,.T.);
#4705=EDGE_CURVE('',#3889,#3890,#3137,.T.);
#4706=EDGE_CURVE('',#3890,#3891,#1555,.T.);
#4707=EDGE_CURVE('',#3891,#3892,#3138,.T.);
#4708=EDGE_CURVE('',#3892,#3893,#1556,.T.);
#4709=EDGE_CURVE('',#3893,#3894,#3139,.T.);
#4710=EDGE_CURVE('',#3894,#3895,#1557,.T.);
#4711=EDGE_CURVE('',#3895,#3896,#3140,.T.);
#4712=EDGE_CURVE('',#3896,#3889,#1558,.T.);
#4713=EDGE_CURVE('',#3897,#3898,#3141,.T.);
#4714=EDGE_CURVE('',#3898,#3899,#1559,.T.);
#4715=EDGE_CURVE('',#3899,#3900,#3142,.T.);
#4716=EDGE_CURVE('',#3900,#3901,#1560,.T.);
#4717=EDGE_CURVE('',#3901,#3902,#3143,.T.);
#4718=EDGE_CURVE('',#3902,#3903,#1561,.T.);
#4719=EDGE_CURVE('',#3903,#3904,#3144,.T.);
#4720=EDGE_CURVE('',#3904,#3897,#1562,.T.);
#4721=EDGE_CURVE('',#3905,#3906,#3145,.T.);
#4722=EDGE_CURVE('',#3906,#3907,#1563,.T.);
#4723=EDGE_CURVE('',#3907,#3908,#3146,.T.);
#4724=EDGE_CURVE('',#3908,#3909,#1564,.T.);
#4725=EDGE_CURVE('',#3909,#3910,#3147,.T.);
#4726=EDGE_CURVE('',#3910,#3911,#1565,.T.);
#4727=EDGE_CURVE('',#3911,#3912,#3148,.T.);
#4728=EDGE_CURVE('',#3912,#3905,#1566,.T.);
#4729=EDGE_CURVE('',#3913,#3914,#3149,.T.);
#4730=EDGE_CURVE('',#3914,#3915,#1567,.T.);
#4731=EDGE_CURVE('',#3915,#3916,#3150,.T.);
#4732=EDGE_CURVE('',#3916,#3917,#1568,.T.);
#4733=EDGE_CURVE('',#3917,#3918,#3151,.T.);
#4734=EDGE_CURVE('',#3918,#3919,#1569,.T.);
#4735=EDGE_CURVE('',#3919,#3920,#3152,.T.);
#4736=EDGE_CURVE('',#3920,#3913,#1570,.T.);
#4737=EDGE_CURVE('',#3921,#3921,#3153,.T.);
#4738=EDGE_CURVE('',#3922,#3923,#3154,.T.);
#4739=EDGE_CURVE('',#3923,#3924,#1571,.T.);
#4740=EDGE_CURVE('',#3924,#3925,#3155,.T.);
#4741=EDGE_CURVE('',#3925,#3926,#1572,.T.);
#4742=EDGE_CURVE('',#3926,#3927,#3156,.T.);
#4743=EDGE_CURVE('',#3927,#3928,#1573,.T.);
#4744=EDGE_CURVE('',#3928,#3929,#3157,.T.);
#4745=EDGE_CURVE('',#3929,#3922,#1574,.T.);
#4746=EDGE_CURVE('',#3930,#3931,#3158,.T.);
#4747=EDGE_CURVE('',#3931,#3932,#1575,.T.);
#4748=EDGE_CURVE('',#3932,#3933,#3159,.T.);
#4749=EDGE_CURVE('',#3933,#3934,#1576,.T.);
#4750=EDGE_CURVE('',#3934,#3935,#3160,.T.);
#4751=EDGE_CURVE('',#3935,#3936,#1577,.T.);
#4752=EDGE_CURVE('',#3936,#3937,#3161,.T.);
#4753=EDGE_CURVE('',#3937,#3930,#1578,.T.);
#4754=EDGE_CURVE('',#3938,#3939,#3162,.T.);
#4755=EDGE_CURVE('',#3939,#3940,#1579,.T.);
#4756=EDGE_CURVE('',#3940,#3941,#3163,.T.);
#4757=EDGE_CURVE('',#3941,#3942,#1580,.T.);
#4758=EDGE_CURVE('',#3942,#3943,#3164,.T.);
#4759=EDGE_CURVE('',#3943,#3944,#1581,.T.);
#4760=EDGE_CURVE('',#3944,#3945,#3165,.T.);
#4761=EDGE_CURVE('',#3945,#3938,#1582,.T.);
#4762=EDGE_CURVE('',#3946,#3947,#3166,.T.);
#4763=EDGE_CURVE('',#3947,#3948,#1583,.T.);
#4764=EDGE_CURVE('',#3948,#3949,#3167,.T.);
#4765=EDGE_CURVE('',#3949,#3950,#1584,.T.);
#4766=EDGE_CURVE('',#3950,#3951,#3168,.T.);
#4767=EDGE_CURVE('',#3951,#3952,#1585,.T.);
#4768=EDGE_CURVE('',#3952,#3953,#3169,.T.);
#4769=EDGE_CURVE('',#3953,#3946,#1586,.T.);
#4770=EDGE_CURVE('',#3954,#3955,#3170,.T.);
#4771=EDGE_CURVE('',#3955,#3956,#1587,.T.);
#4772=EDGE_CURVE('',#3956,#3957,#3171,.T.);
#4773=EDGE_CURVE('',#3957,#3958,#1588,.T.);
#4774=EDGE_CURVE('',#3958,#3959,#3172,.T.);
#4775=EDGE_CURVE('',#3959,#3960,#1589,.T.);
#4776=EDGE_CURVE('',#3960,#3961,#3173,.T.);
#4777=EDGE_CURVE('',#3961,#3954,#1590,.T.);
#4778=EDGE_CURVE('',#3962,#3962,#3174,.T.);
#4779=EDGE_CURVE('',#3963,#3964,#3175,.T.);
#4780=EDGE_CURVE('',#3964,#3965,#1591,.T.);
#4781=EDGE_CURVE('',#3965,#3966,#3176,.T.);
#4782=EDGE_CURVE('',#3966,#3967,#1592,.T.);
#4783=EDGE_CURVE('',#3967,#3968,#3177,.T.);
#4784=EDGE_CURVE('',#3968,#3969,#1593,.T.);
#4785=EDGE_CURVE('',#3969,#3970,#3178,.T.);
#4786=EDGE_CURVE('',#3970,#3963,#1594,.T.);
#4787=EDGE_CURVE('',#3971,#3972,#3179,.T.);
#4788=EDGE_CURVE('',#3972,#3973,#1595,.T.);
#4789=EDGE_CURVE('',#3973,#3974,#3180,.T.);
#4790=EDGE_CURVE('',#3974,#3975,#1596,.T.);
#4791=EDGE_CURVE('',#3975,#3976,#3181,.T.);
#4792=EDGE_CURVE('',#3976,#3977,#1597,.T.);
#4793=EDGE_CURVE('',#3977,#3978,#3182,.T.);
#4794=EDGE_CURVE('',#3978,#3971,#1598,.T.);
#4795=EDGE_CURVE('',#3979,#3980,#3183,.T.);
#4796=EDGE_CURVE('',#3980,#3981,#1599,.T.);
#4797=EDGE_CURVE('',#3981,#3982,#3184,.T.);
#4798=EDGE_CURVE('',#3982,#3983,#1600,.T.);
#4799=EDGE_CURVE('',#3983,#3984,#3185,.T.);
#4800=EDGE_CURVE('',#3984,#3985,#1601,.T.);
#4801=EDGE_CURVE('',#3985,#3986,#3186,.T.);
#4802=EDGE_CURVE('',#3986,#3979,#1602,.T.);
#4803=EDGE_CURVE('',#3606,#3196,#1603,.T.);
#4804=EDGE_CURVE('',#3603,#3199,#1604,.T.);
#4805=EDGE_CURVE('',#3605,#3197,#1605,.T.);
#4806=EDGE_CURVE('',#3604,#3198,#1606,.T.);
#4807=EDGE_CURVE('',#3979,#3582,#1607,.T.);
#4808=EDGE_CURVE('',#3980,#3583,#1608,.T.);
#4809=EDGE_CURVE('',#3986,#3584,#1609,.T.);
#4810=EDGE_CURVE('',#3981,#3589,#1610,.T.);
#4811=EDGE_CURVE('',#3985,#3585,#1611,.T.);
#4812=EDGE_CURVE('',#3982,#3588,#1612,.T.);
#4813=EDGE_CURVE('',#3984,#3586,#1613,.T.);
#4814=EDGE_CURVE('',#3983,#3587,#1614,.T.);
#4815=EDGE_CURVE('',#3971,#3574,#1615,.T.);
#4816=EDGE_CURVE('',#3972,#3575,#1616,.T.);
#4817=EDGE_CURVE('',#3978,#3576,#1617,.T.);
#4818=EDGE_CURVE('',#3973,#3581,#1618,.T.);
#4819=EDGE_CURVE('',#3977,#3577,#1619,.T.);
#4820=EDGE_CURVE('',#3974,#3580,#1620,.T.);
#4821=EDGE_CURVE('',#3976,#3578,#1621,.T.);
#4822=EDGE_CURVE('',#3975,#3579,#1622,.T.);
#4823=EDGE_CURVE('',#3963,#3566,#1623,.T.);
#4824=EDGE_CURVE('',#3964,#3567,#1624,.T.);
#4825=EDGE_CURVE('',#3970,#3568,#1625,.T.);
#4826=EDGE_CURVE('',#3965,#3573,#1626,.T.);
#4827=EDGE_CURVE('',#3969,#3569,#1627,.T.);
#4828=EDGE_CURVE('',#3966,#3572,#1628,.T.);
#4829=EDGE_CURVE('',#3968,#3570,#1629,.T.);
#4830=EDGE_CURVE('',#3967,#3571,#1630,.T.);
#4831=EDGE_CURVE('',#3565,#3962,#1631,.T.);
#4832=EDGE_CURVE('',#3614,#3555,#1632,.T.);
#4833=EDGE_CURVE('',#3615,#3554,#1633,.T.);
#4834=EDGE_CURVE('',#3613,#3556,#1634,.T.);
#4835=EDGE_CURVE('',#3616,#3553,#1635,.T.);
#4836=EDGE_CURVE('',#3612,#3557,#1636,.T.);
#4837=EDGE_CURVE('',#3617,#3552,#1637,.T.);
#4838=EDGE_CURVE('',#3611,#3558,#1638,.T.);
#4839=EDGE_CURVE('',#3618,#3551,#1639,.T.);
#4840=EDGE_CURVE('',#3610,#3559,#1640,.T.);
#4841=EDGE_CURVE('',#3619,#3550,#1641,.T.);
#4842=EDGE_CURVE('',#3609,#3560,#1642,.T.);
#4843=EDGE_CURVE('',#3620,#3549,#1643,.T.);
#4844=EDGE_CURVE('',#3608,#3561,#1644,.T.);
#4845=EDGE_CURVE('',#3621,#3548,#1645,.T.);
#4846=EDGE_CURVE('',#3607,#3562,#1646,.T.);
#4847=EDGE_CURVE('',#3622,#3547,#1647,.T.);
#4848=EDGE_CURVE('',#3623,#3546,#1648,.T.);
#4849=EDGE_CURVE('',#3624,#3545,#1649,.T.);
#4850=EDGE_CURVE('',#3634,#3535,#1650,.T.);
#4851=EDGE_CURVE('',#3625,#3544,#1651,.T.);
#4852=EDGE_CURVE('',#3633,#3536,#1652,.T.);
#4853=EDGE_CURVE('',#3626,#3543,#1653,.T.);
#4854=EDGE_CURVE('',#3632,#3537,#1654,.T.);
#4855=EDGE_CURVE('',#3627,#3542,#1655,.T.);
#4856=EDGE_CURVE('',#3631,#3538,#1656,.T.);
#4857=EDGE_CURVE('',#3628,#3541,#1657,.T.);
#4858=EDGE_CURVE('',#3630,#3539,#1658,.T.);
#4859=EDGE_CURVE('',#3629,#3540,#1659,.T.);
#4860=EDGE_CURVE('',#3954,#3526,#1660,.T.);
#4861=EDGE_CURVE('',#3955,#3527,#1661,.T.);
#4862=EDGE_CURVE('',#3961,#3528,#1662,.T.);
#4863=EDGE_CURVE('',#3956,#3533,#1663,.T.);
#4864=EDGE_CURVE('',#3960,#3529,#1664,.T.);
#4865=EDGE_CURVE('',#3957,#3532,#1665,.T.);
#4866=EDGE_CURVE('',#3959,#3530,#1666,.T.);
#4867=EDGE_CURVE('',#3958,#3531,#1667,.T.);
#4868=EDGE_CURVE('',#3946,#3518,#1668,.T.);
#4869=EDGE_CURVE('',#3947,#3519,#1669,.T.);
#4870=EDGE_CURVE('',#3953,#3520,#1670,.T.);
#4871=EDGE_CURVE('',#3948,#3525,#1671,.T.);
#4872=EDGE_CURVE('',#3952,#3521,#1672,.T.);
#4873=EDGE_CURVE('',#3949,#3524,#1673,.T.);
#4874=EDGE_CURVE('',#3951,#3522,#1674,.T.);
#4875=EDGE_CURVE('',#3950,#3523,#1675,.T.);
#4876=EDGE_CURVE('',#3938,#3510,#1676,.T.);
#4877=EDGE_CURVE('',#3939,#3511,#1677,.T.);
#4878=EDGE_CURVE('',#3945,#3512,#1678,.T.);
#4879=EDGE_CURVE('',#3940,#3517,#1679,.T.);
#4880=EDGE_CURVE('',#3944,#3513,#1680,.T.);
#4881=EDGE_CURVE('',#3941,#3516,#1681,.T.);
#4882=EDGE_CURVE('',#3943,#3514,#1682,.T.);
#4883=EDGE_CURVE('',#3942,#3515,#1683,.T.);
#4884=EDGE_CURVE('',#3930,#3502,#1684,.T.);
#4885=EDGE_CURVE('',#3931,#3503,#1685,.T.);
#4886=EDGE_CURVE('',#3937,#3504,#1686,.T.);
#4887=EDGE_CURVE('',#3932,#3509,#1687,.T.);
#4888=EDGE_CURVE('',#3936,#3505,#1688,.T.);
#4889=EDGE_CURVE('',#3933,#3508,#1689,.T.);
#4890=EDGE_CURVE('',#3935,#3506,#1690,.T.);
#4891=EDGE_CURVE('',#3934,#3507,#1691,.T.);
#4892=EDGE_CURVE('',#3922,#3494,#1692,.T.);
#4893=EDGE_CURVE('',#3923,#3495,#1693,.T.);
#4894=EDGE_CURVE('',#3929,#3496,#1694,.T.);
#4895=EDGE_CURVE('',#3924,#3501,#1695,.T.);
#4896=EDGE_CURVE('',#3928,#3497,#1696,.T.);
#4897=EDGE_CURVE('',#3925,#3500,#1697,.T.);
#4898=EDGE_CURVE('',#3927,#3498,#1698,.T.);
#4899=EDGE_CURVE('',#3926,#3499,#1699,.T.);
#4900=EDGE_CURVE('',#3662,#3465,#1700,.T.);
#4901=EDGE_CURVE('',#3661,#3466,#1701,.T.);
#4902=EDGE_CURVE('',#3660,#3467,#1702,.T.);
#4903=EDGE_CURVE('',#3635,#3492,#1703,.T.);
#4904=EDGE_CURVE('',#3659,#3468,#1704,.T.);
#4905=EDGE_CURVE('',#3636,#3491,#1705,.T.);
#4906=EDGE_CURVE('',#3658,#3469,#1706,.T.);
#4907=EDGE_CURVE('',#3637,#3490,#1707,.T.);
#4908=EDGE_CURVE('',#3657,#3470,#1708,.T.);
#4909=EDGE_CURVE('',#3638,#3489,#1709,.T.);
#4910=EDGE_CURVE('',#3656,#3471,#1710,.T.);
#4911=EDGE_CURVE('',#3639,#3488,#1711,.T.);
#4912=EDGE_CURVE('',#3655,#3472,#1712,.T.);
#4913=EDGE_CURVE('',#3640,#3487,#1713,.T.);
#4914=EDGE_CURVE('',#3654,#3473,#1714,.T.);
#4915=EDGE_CURVE('',#3641,#3486,#1715,.T.);
#4916=EDGE_CURVE('',#3653,#3474,#1716,.T.);
#4917=EDGE_CURVE('',#3642,#3485,#1717,.T.);
#4918=EDGE_CURVE('',#3652,#3475,#1718,.T.);
#4919=EDGE_CURVE('',#3643,#3484,#1719,.T.);
#4920=EDGE_CURVE('',#3651,#3476,#1720,.T.);
#4921=EDGE_CURVE('',#3644,#3483,#1721,.T.);
#4922=EDGE_CURVE('',#3650,#3477,#1722,.T.);
#4923=EDGE_CURVE('',#3645,#3482,#1723,.T.);
#4924=EDGE_CURVE('',#3649,#3478,#1724,.T.);
#4925=EDGE_CURVE('',#3646,#3481,#1725,.T.);
#4926=EDGE_CURVE('',#3648,#3479,#1726,.T.);
#4927=EDGE_CURVE('',#3647,#3480,#1727,.T.);
#4928=EDGE_CURVE('',#3459,#3921,#1728,.T.);
#4929=EDGE_CURVE('',#3913,#3451,#1729,.T.);
#4930=EDGE_CURVE('',#3914,#3452,#1730,.T.);
#4931=EDGE_CURVE('',#3920,#3453,#1731,.T.);
#4932=EDGE_CURVE('',#3915,#3458,#1732,.T.);
#4933=EDGE_CURVE('',#3919,#3454,#1733,.T.);
#4934=EDGE_CURVE('',#3916,#3457,#1734,.T.);
#4935=EDGE_CURVE('',#3918,#3455,#1735,.T.);
#4936=EDGE_CURVE('',#3917,#3456,#1736,.T.);
#4937=EDGE_CURVE('',#3905,#3443,#1737,.T.);
#4938=EDGE_CURVE('',#3906,#3444,#1738,.T.);
#4939=EDGE_CURVE('',#3912,#3445,#1739,.T.);
#4940=EDGE_CURVE('',#3907,#3450,#1740,.T.);
#4941=EDGE_CURVE('',#3911,#3446,#1741,.T.);
#4942=EDGE_CURVE('',#3908,#3449,#1742,.T.);
#4943=EDGE_CURVE('',#3910,#3447,#1743,.T.);
#4944=EDGE_CURVE('',#3909,#3448,#1744,.T.);
#4945=EDGE_CURVE('',#3897,#3435,#1745,.T.);
#4946=EDGE_CURVE('',#3898,#3436,#1746,.T.);
#4947=EDGE_CURVE('',#3904,#3437,#1747,.T.);
#4948=EDGE_CURVE('',#3899,#3442,#1748,.T.);
#4949=EDGE_CURVE('',#3903,#3438,#1749,.T.);
#4950=EDGE_CURVE('',#3900,#3441,#1750,.T.);
#4951=EDGE_CURVE('',#3902,#3439,#1751,.T.);
#4952=EDGE_CURVE('',#3901,#3440,#1752,.T.);
#4953=EDGE_CURVE('',#3889,#3427,#1753,.T.);
#4954=EDGE_CURVE('',#3890,#3428,#1754,.T.);
#4955=EDGE_CURVE('',#3896,#3429,#1755,.T.);
#4956=EDGE_CURVE('',#3891,#3434,#1756,.T.);
#4957=EDGE_CURVE('',#3895,#3430,#1757,.T.);
#4958=EDGE_CURVE('',#3892,#3433,#1758,.T.);
#4959=EDGE_CURVE('',#3894,#3431,#1759,.T.);
#4960=EDGE_CURVE('',#3893,#3432,#1760,.T.);
#4961=EDGE_CURVE('',#3881,#3419,#1761,.T.);
#4962=EDGE_CURVE('',#3882,#3420,#1762,.T.);
#4963=EDGE_CURVE('',#3888,#3421,#1763,.T.);
#4964=EDGE_CURVE('',#3883,#3426,#1764,.T.);
#4965=EDGE_CURVE('',#3887,#3422,#1765,.T.);
#4966=EDGE_CURVE('',#3884,#3425,#1766,.T.);
#4967=EDGE_CURVE('',#3886,#3423,#1767,.T.);
#4968=EDGE_CURVE('',#3885,#3424,#1768,.T.);
#4969=EDGE_CURVE('',#3873,#3411,#1769,.T.);
#4970=EDGE_CURVE('',#3874,#3412,#1770,.T.);
#4971=EDGE_CURVE('',#3880,#3413,#1771,.T.);
#4972=EDGE_CURVE('',#3875,#3418,#1772,.T.);
#4973=EDGE_CURVE('',#3879,#3414,#1773,.T.);
#4974=EDGE_CURVE('',#3876,#3417,#1774,.T.);
#4975=EDGE_CURVE('',#3878,#3415,#1775,.T.);
#4976=EDGE_CURVE('',#3877,#3416,#1776,.T.);
#4977=EDGE_CURVE('',#3865,#3403,#1777,.T.);
#4978=EDGE_CURVE('',#3866,#3404,#1778,.T.);
#4979=EDGE_CURVE('',#3872,#3405,#1779,.T.);
#4980=EDGE_CURVE('',#3867,#3410,#1780,.T.);
#4981=EDGE_CURVE('',#3871,#3406,#1781,.T.);
#4982=EDGE_CURVE('',#3868,#3409,#1782,.T.);
#4983=EDGE_CURVE('',#3870,#3407,#1783,.T.);
#4984=EDGE_CURVE('',#3869,#3408,#1784,.T.);
#4985=EDGE_CURVE('',#3857,#3395,#1785,.T.);
#4986=EDGE_CURVE('',#3858,#3396,#1786,.T.);
#4987=EDGE_CURVE('',#3864,#3397,#1787,.T.);
#4988=EDGE_CURVE('',#3859,#3402,#1788,.T.);
#4989=EDGE_CURVE('',#3863,#3398,#1789,.T.);
#4990=EDGE_CURVE('',#3860,#3401,#1790,.T.);
#4991=EDGE_CURVE('',#3862,#3399,#1791,.T.);
#4992=EDGE_CURVE('',#3861,#3400,#1792,.T.);
#4993=EDGE_CURVE('',#3849,#3387,#1793,.T.);
#4994=EDGE_CURVE('',#3850,#3388,#1794,.T.);
#4995=EDGE_CURVE('',#3856,#3389,#1795,.T.);
#4996=EDGE_CURVE('',#3851,#3394,#1796,.T.);
#4997=EDGE_CURVE('',#3855,#3390,#1797,.T.);
#4998=EDGE_CURVE('',#3852,#3393,#1798,.T.);
#4999=EDGE_CURVE('',#3854,#3391,#1799,.T.);
#5000=EDGE_CURVE('',#3853,#3392,#1800,.T.);
#5001=EDGE_CURVE('',#3841,#3379,#1801,.T.);
#5002=EDGE_CURVE('',#3842,#3380,#1802,.T.);
#5003=EDGE_CURVE('',#3848,#3381,#1803,.T.);
#5004=EDGE_CURVE('',#3843,#3386,#1804,.T.);
#5005=EDGE_CURVE('',#3847,#3382,#1805,.T.);
#5006=EDGE_CURVE('',#3844,#3385,#1806,.T.);
#5007=EDGE_CURVE('',#3846,#3383,#1807,.T.);
#5008=EDGE_CURVE('',#3845,#3384,#1808,.T.);
#5009=EDGE_CURVE('',#3378,#3840,#1809,.T.);
#5010=EDGE_CURVE('',#3832,#3370,#1810,.T.);
#5011=EDGE_CURVE('',#3833,#3371,#1811,.T.);
#5012=EDGE_CURVE('',#3839,#3372,#1812,.T.);
#5013=EDGE_CURVE('',#3834,#3377,#1813,.T.);
#5014=EDGE_CURVE('',#3838,#3373,#1814,.T.);
#5015=EDGE_CURVE('',#3835,#3376,#1815,.T.);
#5016=EDGE_CURVE('',#3837,#3374,#1816,.T.);
#5017=EDGE_CURVE('',#3836,#3375,#1817,.T.);
#5018=EDGE_CURVE('',#3824,#3362,#1818,.T.);
#5019=EDGE_CURVE('',#3825,#3363,#1819,.T.);
#5020=EDGE_CURVE('',#3831,#3364,#1820,.T.);
#5021=EDGE_CURVE('',#3826,#3369,#1821,.T.);
#5022=EDGE_CURVE('',#3830,#3365,#1822,.T.);
#5023=EDGE_CURVE('',#3827,#3368,#1823,.T.);
#5024=EDGE_CURVE('',#3829,#3366,#1824,.T.);
#5025=EDGE_CURVE('',#3828,#3367,#1825,.T.);
#5026=EDGE_CURVE('',#3816,#3354,#1826,.T.);
#5027=EDGE_CURVE('',#3817,#3355,#1827,.T.);
#5028=EDGE_CURVE('',#3823,#3356,#1828,.T.);
#5029=EDGE_CURVE('',#3818,#3361,#1829,.T.);
#5030=EDGE_CURVE('',#3822,#3357,#1830,.T.);
#5031=EDGE_CURVE('',#3819,#3360,#1831,.T.);
#5032=EDGE_CURVE('',#3821,#3358,#1832,.T.);
#5033=EDGE_CURVE('',#3820,#3359,#1833,.T.);
#5034=EDGE_CURVE('',#3808,#3346,#1834,.T.);
#5035=EDGE_CURVE('',#3809,#3347,#1835,.T.);
#5036=EDGE_CURVE('',#3815,#3348,#1836,.T.);
#5037=EDGE_CURVE('',#3810,#3353,#1837,.T.);
#5038=EDGE_CURVE('',#3814,#3349,#1838,.T.);
#5039=EDGE_CURVE('',#3811,#3352,#1839,.T.);
#5040=EDGE_CURVE('',#3813,#3350,#1840,.T.);
#5041=EDGE_CURVE('',#3812,#3351,#1841,.T.);
#5042=EDGE_CURVE('',#3800,#3338,#1842,.T.);
#5043=EDGE_CURVE('',#3801,#3339,#1843,.T.);
#5044=EDGE_CURVE('',#3807,#3340,#1844,.T.);
#5045=EDGE_CURVE('',#3802,#3345,#1845,.T.);
#5046=EDGE_CURVE('',#3806,#3341,#1846,.T.);
#5047=EDGE_CURVE('',#3803,#3344,#1847,.T.);
#5048=EDGE_CURVE('',#3805,#3342,#1848,.T.);
#5049=EDGE_CURVE('',#3804,#3343,#1849,.T.);
#5050=EDGE_CURVE('',#3792,#3330,#1850,.T.);
#5051=EDGE_CURVE('',#3793,#3331,#1851,.T.);
#5052=EDGE_CURVE('',#3799,#3332,#1852,.T.);
#5053=EDGE_CURVE('',#3794,#3337,#1853,.T.);
#5054=EDGE_CURVE('',#3798,#3333,#1854,.T.);
#5055=EDGE_CURVE('',#3795,#3336,#1855,.T.);
#5056=EDGE_CURVE('',#3797,#3334,#1856,.T.);
#5057=EDGE_CURVE('',#3796,#3335,#1857,.T.);
#5058=EDGE_CURVE('',#3784,#3322,#1858,.T.);
#5059=EDGE_CURVE('',#3785,#3323,#1859,.T.);
#5060=EDGE_CURVE('',#3791,#3324,#1860,.T.);
#5061=EDGE_CURVE('',#3786,#3329,#1861,.T.);
#5062=EDGE_CURVE('',#3790,#3325,#1862,.T.);
#5063=EDGE_CURVE('',#3787,#3328,#1863,.T.);
#5064=EDGE_CURVE('',#3789,#3326,#1864,.T.);
#5065=EDGE_CURVE('',#3788,#3327,#1865,.T.);
#5066=EDGE_CURVE('',#3776,#3314,#1866,.T.);
#5067=EDGE_CURVE('',#3777,#3315,#1867,.T.);
#5068=EDGE_CURVE('',#3783,#3316,#1868,.T.);
#5069=EDGE_CURVE('',#3778,#3321,#1869,.T.);
#5070=EDGE_CURVE('',#3782,#3317,#1870,.T.);
#5071=EDGE_CURVE('',#3779,#3320,#1871,.T.);
#5072=EDGE_CURVE('',#3781,#3318,#1872,.T.);
#5073=EDGE_CURVE('',#3780,#3319,#1873,.T.);
#5074=EDGE_CURVE('',#3768,#3306,#1874,.T.);
#5075=EDGE_CURVE('',#3769,#3307,#1875,.T.);
#5076=EDGE_CURVE('',#3775,#3308,#1876,.T.);
#5077=EDGE_CURVE('',#3770,#3313,#1877,.T.);
#5078=EDGE_CURVE('',#3774,#3309,#1878,.T.);
#5079=EDGE_CURVE('',#3771,#3312,#1879,.T.);
#5080=EDGE_CURVE('',#3773,#3310,#1880,.T.);
#5081=EDGE_CURVE('',#3772,#3311,#1881,.T.);
#5082=EDGE_CURVE('',#3760,#3298,#1882,.T.);
#5083=EDGE_CURVE('',#3761,#3299,#1883,.T.);
#5084=EDGE_CURVE('',#3767,#3300,#1884,.T.);
#5085=EDGE_CURVE('',#3762,#3305,#1885,.T.);
#5086=EDGE_CURVE('',#3766,#3301,#1886,.T.);
#5087=EDGE_CURVE('',#3763,#3304,#1887,.T.);
#5088=EDGE_CURVE('',#3765,#3302,#1888,.T.);
#5089=EDGE_CURVE('',#3764,#3303,#1889,.T.);
#5090=EDGE_CURVE('',#3752,#3290,#1890,.T.);
#5091=EDGE_CURVE('',#3753,#3291,#1891,.T.);
#5092=EDGE_CURVE('',#3759,#3292,#1892,.T.);
#5093=EDGE_CURVE('',#3754,#3297,#1893,.T.);
#5094=EDGE_CURVE('',#3758,#3293,#1894,.T.);
#5095=EDGE_CURVE('',#3755,#3296,#1895,.T.);
#5096=EDGE_CURVE('',#3757,#3294,#1896,.T.);
#5097=EDGE_CURVE('',#3756,#3295,#1897,.T.);
#5098=EDGE_CURVE('',#3744,#3282,#1898,.T.);
#5099=EDGE_CURVE('',#3745,#3283,#1899,.T.);
#5100=EDGE_CURVE('',#3751,#3284,#1900,.T.);
#5101=EDGE_CURVE('',#3746,#3289,#1901,.T.);
#5102=EDGE_CURVE('',#3750,#3285,#1902,.T.);
#5103=EDGE_CURVE('',#3747,#3288,#1903,.T.);
#5104=EDGE_CURVE('',#3749,#3286,#1904,.T.);
#5105=EDGE_CURVE('',#3748,#3287,#1905,.T.);
#5106=EDGE_CURVE('',#3736,#3274,#1906,.T.);
#5107=EDGE_CURVE('',#3737,#3275,#1907,.T.);
#5108=EDGE_CURVE('',#3743,#3276,#1908,.T.);
#5109=EDGE_CURVE('',#3738,#3281,#1909,.T.);
#5110=EDGE_CURVE('',#3742,#3277,#1910,.T.);
#5111=EDGE_CURVE('',#3739,#3280,#1911,.T.);
#5112=EDGE_CURVE('',#3741,#3278,#1912,.T.);
#5113=EDGE_CURVE('',#3740,#3279,#1913,.T.);
#5114=EDGE_CURVE('',#3728,#3266,#1914,.T.);
#5115=EDGE_CURVE('',#3729,#3267,#1915,.T.);
#5116=EDGE_CURVE('',#3735,#3268,#1916,.T.);
#5117=EDGE_CURVE('',#3730,#3273,#1917,.T.);
#5118=EDGE_CURVE('',#3734,#3269,#1918,.T.);
#5119=EDGE_CURVE('',#3731,#3272,#1919,.T.);
#5120=EDGE_CURVE('',#3733,#3270,#1920,.T.);
#5121=EDGE_CURVE('',#3732,#3271,#1921,.T.);
#5122=EDGE_CURVE('',#3720,#3258,#1922,.T.);
#5123=EDGE_CURVE('',#3721,#3259,#1923,.T.);
#5124=EDGE_CURVE('',#3727,#3260,#1924,.T.);
#5125=EDGE_CURVE('',#3722,#3265,#1925,.T.);
#5126=EDGE_CURVE('',#3726,#3261,#1926,.T.);
#5127=EDGE_CURVE('',#3723,#3264,#1927,.T.);
#5128=EDGE_CURVE('',#3725,#3262,#1928,.T.);
#5129=EDGE_CURVE('',#3724,#3263,#1929,.T.);
#5130=EDGE_CURVE('',#3712,#3250,#1930,.T.);
#5131=EDGE_CURVE('',#3713,#3251,#1931,.T.);
#5132=EDGE_CURVE('',#3719,#3252,#1932,.T.);
#5133=EDGE_CURVE('',#3714,#3257,#1933,.T.);
#5134=EDGE_CURVE('',#3718,#3253,#1934,.T.);
#5135=EDGE_CURVE('',#3715,#3256,#1935,.T.);
#5136=EDGE_CURVE('',#3717,#3254,#1936,.T.);
#5137=EDGE_CURVE('',#3716,#3255,#1937,.T.);
#5138=EDGE_CURVE('',#3249,#3711,#1938,.T.);
#5139=EDGE_CURVE('',#3703,#3241,#1939,.T.);
#5140=EDGE_CURVE('',#3704,#3242,#1940,.T.);
#5141=EDGE_CURVE('',#3710,#3243,#1941,.T.);
#5142=EDGE_CURVE('',#3705,#3248,#1942,.T.);
#5143=EDGE_CURVE('',#3709,#3244,#1943,.T.);
#5144=EDGE_CURVE('',#3706,#3247,#1944,.T.);
#5145=EDGE_CURVE('',#3708,#3245,#1945,.T.);
#5146=EDGE_CURVE('',#3707,#3246,#1946,.T.);
#5147=EDGE_CURVE('',#3695,#3233,#1947,.T.);
#5148=EDGE_CURVE('',#3696,#3234,#1948,.T.);
#5149=EDGE_CURVE('',#3702,#3235,#1949,.T.);
#5150=EDGE_CURVE('',#3697,#3240,#1950,.T.);
#5151=EDGE_CURVE('',#3701,#3236,#1951,.T.);
#5152=EDGE_CURVE('',#3698,#3239,#1952,.T.);
#5153=EDGE_CURVE('',#3700,#3237,#1953,.T.);
#5154=EDGE_CURVE('',#3699,#3238,#1954,.T.);
#5155=EDGE_CURVE('',#3687,#3225,#1955,.T.);
#5156=EDGE_CURVE('',#3688,#3226,#1956,.T.);
#5157=EDGE_CURVE('',#3694,#3227,#1957,.T.);
#5158=EDGE_CURVE('',#3689,#3232,#1958,.T.);
#5159=EDGE_CURVE('',#3693,#3228,#1959,.T.);
#5160=EDGE_CURVE('',#3690,#3231,#1960,.T.);
#5161=EDGE_CURVE('',#3692,#3229,#1961,.T.);
#5162=EDGE_CURVE('',#3691,#3230,#1962,.T.);
#5163=EDGE_CURVE('',#3679,#3217,#1963,.T.);
#5164=EDGE_CURVE('',#3680,#3218,#1964,.T.);
#5165=EDGE_CURVE('',#3686,#3219,#1965,.T.);
#5166=EDGE_CURVE('',#3681,#3224,#1966,.T.);
#5167=EDGE_CURVE('',#3685,#3220,#1967,.T.);
#5168=EDGE_CURVE('',#3682,#3223,#1968,.T.);
#5169=EDGE_CURVE('',#3684,#3221,#1969,.T.);
#5170=EDGE_CURVE('',#3683,#3222,#1970,.T.);
#5171=EDGE_CURVE('',#3671,#3209,#1971,.T.);
#5172=EDGE_CURVE('',#3672,#3210,#1972,.T.);
#5173=EDGE_CURVE('',#3678,#3211,#1973,.T.);
#5174=EDGE_CURVE('',#3673,#3216,#1974,.T.);
#5175=EDGE_CURVE('',#3677,#3212,#1975,.T.);
#5176=EDGE_CURVE('',#3674,#3215,#1976,.T.);
#5177=EDGE_CURVE('',#3676,#3213,#1977,.T.);
#5178=EDGE_CURVE('',#3675,#3214,#1978,.T.);
#5179=EDGE_CURVE('',#3663,#3201,#1979,.T.);
#5180=EDGE_CURVE('',#3664,#3202,#1980,.T.);
#5181=EDGE_CURVE('',#3670,#3203,#1981,.T.);
#5182=EDGE_CURVE('',#3665,#3208,#1982,.T.);
#5183=EDGE_CURVE('',#3669,#3204,#1983,.T.);
#5184=EDGE_CURVE('',#3666,#3207,#1984,.T.);
#5185=EDGE_CURVE('',#3668,#3205,#1985,.T.);
#5186=EDGE_CURVE('',#3667,#3206,#1986,.T.);
#5187=ORIENTED_EDGE('',*,*,#3987,.T.);
#5188=ORIENTED_EDGE('',*,*,#3988,.T.);
#5189=ORIENTED_EDGE('',*,*,#3989,.T.);
#5190=ORIENTED_EDGE('',*,*,#3990,.T.);
#5191=ORIENTED_EDGE('',*,*,#3988,.F.);
#5192=ORIENTED_EDGE('',*,*,#3991,.F.);
#5193=ORIENTED_EDGE('',*,*,#3992,.F.);
#5194=ORIENTED_EDGE('',*,*,#3993,.F.);
#5195=ORIENTED_EDGE('',*,*,#3994,.F.);
#5196=ORIENTED_EDGE('',*,*,#3995,.F.);
#5197=ORIENTED_EDGE('',*,*,#3996,.F.);
#5198=ORIENTED_EDGE('',*,*,#3997,.F.);
#5199=ORIENTED_EDGE('',*,*,#3998,.F.);
#5200=ORIENTED_EDGE('',*,*,#3999,.F.);
#5201=ORIENTED_EDGE('',*,*,#4000,.F.);
#5202=ORIENTED_EDGE('',*,*,#4001,.F.);
#5203=ORIENTED_EDGE('',*,*,#4002,.F.);
#5204=ORIENTED_EDGE('',*,*,#4003,.F.);
#5205=ORIENTED_EDGE('',*,*,#4004,.F.);
#5206=ORIENTED_EDGE('',*,*,#4005,.F.);
#5207=ORIENTED_EDGE('',*,*,#4006,.F.);
#5208=ORIENTED_EDGE('',*,*,#4007,.F.);
#5209=ORIENTED_EDGE('',*,*,#4008,.F.);
#5210=ORIENTED_EDGE('',*,*,#4009,.F.);
#5211=ORIENTED_EDGE('',*,*,#4010,.F.);
#5212=ORIENTED_EDGE('',*,*,#4011,.F.);
#5213=ORIENTED_EDGE('',*,*,#4012,.F.);
#5214=ORIENTED_EDGE('',*,*,#4013,.F.);
#5215=ORIENTED_EDGE('',*,*,#4014,.F.);
#5216=ORIENTED_EDGE('',*,*,#4015,.F.);
#5217=ORIENTED_EDGE('',*,*,#4016,.F.);
#5218=ORIENTED_EDGE('',*,*,#4017,.F.);
#5219=ORIENTED_EDGE('',*,*,#4018,.F.);
#5220=ORIENTED_EDGE('',*,*,#4019,.F.);
#5221=ORIENTED_EDGE('',*,*,#4020,.F.);
#5222=ORIENTED_EDGE('',*,*,#4021,.F.);
#5223=ORIENTED_EDGE('',*,*,#4022,.F.);
#5224=ORIENTED_EDGE('',*,*,#4023,.F.);
#5225=ORIENTED_EDGE('',*,*,#4024,.F.);
#5226=ORIENTED_EDGE('',*,*,#4025,.F.);
#5227=ORIENTED_EDGE('',*,*,#4026,.F.);
#5228=ORIENTED_EDGE('',*,*,#4027,.F.);
#5229=ORIENTED_EDGE('',*,*,#4028,.F.);
#5230=ORIENTED_EDGE('',*,*,#4029,.F.);
#5231=ORIENTED_EDGE('',*,*,#4030,.F.);
#5232=ORIENTED_EDGE('',*,*,#4031,.F.);
#5233=ORIENTED_EDGE('',*,*,#4032,.F.);
#5234=ORIENTED_EDGE('',*,*,#4033,.F.);
#5235=ORIENTED_EDGE('',*,*,#4034,.F.);
#5236=ORIENTED_EDGE('',*,*,#4035,.F.);
#5237=ORIENTED_EDGE('',*,*,#4036,.F.);
#5238=ORIENTED_EDGE('',*,*,#4037,.F.);
#5239=ORIENTED_EDGE('',*,*,#4038,.F.);
#5240=ORIENTED_EDGE('',*,*,#4039,.F.);
#5241=ORIENTED_EDGE('',*,*,#4040,.F.);
#5242=ORIENTED_EDGE('',*,*,#4041,.F.);
#5243=ORIENTED_EDGE('',*,*,#4042,.F.);
#5244=ORIENTED_EDGE('',*,*,#4043,.F.);
#5245=ORIENTED_EDGE('',*,*,#4044,.F.);
#5246=ORIENTED_EDGE('',*,*,#4045,.F.);
#5247=ORIENTED_EDGE('',*,*,#4046,.F.);
#5248=ORIENTED_EDGE('',*,*,#4047,.F.);
#5249=ORIENTED_EDGE('',*,*,#4048,.F.);
#5250=ORIENTED_EDGE('',*,*,#4049,.F.);
#5251=ORIENTED_EDGE('',*,*,#4050,.T.);
#5252=ORIENTED_EDGE('',*,*,#4051,.F.);
#5253=ORIENTED_EDGE('',*,*,#4052,.F.);
#5254=ORIENTED_EDGE('',*,*,#4053,.F.);
#5255=ORIENTED_EDGE('',*,*,#4054,.F.);
#5256=ORIENTED_EDGE('',*,*,#4055,.F.);
#5257=ORIENTED_EDGE('',*,*,#4056,.F.);
#5258=ORIENTED_EDGE('',*,*,#4057,.F.);
#5259=ORIENTED_EDGE('',*,*,#4058,.F.);
#5260=ORIENTED_EDGE('',*,*,#4059,.F.);
#5261=ORIENTED_EDGE('',*,*,#4060,.F.);
#5262=ORIENTED_EDGE('',*,*,#4061,.F.);
#5263=ORIENTED_EDGE('',*,*,#4062,.F.);
#5264=ORIENTED_EDGE('',*,*,#4063,.F.);
#5265=ORIENTED_EDGE('',*,*,#4064,.F.);
#5266=ORIENTED_EDGE('',*,*,#4065,.F.);
#5267=ORIENTED_EDGE('',*,*,#4066,.F.);
#5268=ORIENTED_EDGE('',*,*,#4067,.F.);
#5269=ORIENTED_EDGE('',*,*,#4068,.F.);
#5270=ORIENTED_EDGE('',*,*,#4069,.F.);
#5271=ORIENTED_EDGE('',*,*,#4070,.F.);
#5272=ORIENTED_EDGE('',*,*,#4071,.F.);
#5273=ORIENTED_EDGE('',*,*,#4072,.F.);
#5274=ORIENTED_EDGE('',*,*,#4073,.F.);
#5275=ORIENTED_EDGE('',*,*,#4074,.F.);
#5276=ORIENTED_EDGE('',*,*,#4075,.F.);
#5277=ORIENTED_EDGE('',*,*,#4076,.F.);
#5278=ORIENTED_EDGE('',*,*,#4077,.F.);
#5279=ORIENTED_EDGE('',*,*,#4078,.F.);
#5280=ORIENTED_EDGE('',*,*,#4079,.F.);
#5281=ORIENTED_EDGE('',*,*,#4080,.F.);
#5282=ORIENTED_EDGE('',*,*,#4081,.F.);
#5283=ORIENTED_EDGE('',*,*,#4082,.F.);
#5284=ORIENTED_EDGE('',*,*,#4083,.F.);
#5285=ORIENTED_EDGE('',*,*,#4084,.F.);
#5286=ORIENTED_EDGE('',*,*,#4085,.F.);
#5287=ORIENTED_EDGE('',*,*,#4086,.F.);
#5288=ORIENTED_EDGE('',*,*,#4087,.F.);
#5289=ORIENTED_EDGE('',*,*,#4088,.F.);
#5290=ORIENTED_EDGE('',*,*,#4089,.F.);
#5291=ORIENTED_EDGE('',*,*,#4090,.F.);
#5292=ORIENTED_EDGE('',*,*,#4091,.F.);
#5293=ORIENTED_EDGE('',*,*,#4092,.F.);
#5294=ORIENTED_EDGE('',*,*,#4093,.F.);
#5295=ORIENTED_EDGE('',*,*,#4094,.F.);
#5296=ORIENTED_EDGE('',*,*,#4095,.F.);
#5297=ORIENTED_EDGE('',*,*,#4096,.F.);
#5298=ORIENTED_EDGE('',*,*,#4097,.F.);
#5299=ORIENTED_EDGE('',*,*,#4098,.F.);
#5300=ORIENTED_EDGE('',*,*,#4099,.F.);
#5301=ORIENTED_EDGE('',*,*,#4100,.F.);
#5302=ORIENTED_EDGE('',*,*,#4101,.F.);
#5303=ORIENTED_EDGE('',*,*,#4102,.F.);
#5304=ORIENTED_EDGE('',*,*,#4103,.F.);
#5305=ORIENTED_EDGE('',*,*,#4104,.F.);
#5306=ORIENTED_EDGE('',*,*,#4105,.F.);
#5307=ORIENTED_EDGE('',*,*,#4106,.F.);
#5308=ORIENTED_EDGE('',*,*,#4107,.F.);
#5309=ORIENTED_EDGE('',*,*,#4108,.F.);
#5310=ORIENTED_EDGE('',*,*,#4109,.F.);
#5311=ORIENTED_EDGE('',*,*,#4110,.F.);
#5312=ORIENTED_EDGE('',*,*,#4111,.F.);
#5313=ORIENTED_EDGE('',*,*,#4112,.F.);
#5314=ORIENTED_EDGE('',*,*,#4113,.F.);
#5315=ORIENTED_EDGE('',*,*,#4114,.F.);
#5316=ORIENTED_EDGE('',*,*,#4115,.F.);
#5317=ORIENTED_EDGE('',*,*,#4116,.F.);
#5318=ORIENTED_EDGE('',*,*,#4117,.F.);
#5319=ORIENTED_EDGE('',*,*,#4118,.F.);
#5320=ORIENTED_EDGE('',*,*,#4119,.F.);
#5321=ORIENTED_EDGE('',*,*,#4120,.F.);
#5322=ORIENTED_EDGE('',*,*,#4121,.F.);
#5323=ORIENTED_EDGE('',*,*,#4122,.F.);
#5324=ORIENTED_EDGE('',*,*,#4123,.F.);
#5325=ORIENTED_EDGE('',*,*,#4124,.F.);
#5326=ORIENTED_EDGE('',*,*,#4125,.F.);
#5327=ORIENTED_EDGE('',*,*,#4126,.F.);
#5328=ORIENTED_EDGE('',*,*,#4127,.F.);
#5329=ORIENTED_EDGE('',*,*,#4128,.F.);
#5330=ORIENTED_EDGE('',*,*,#4129,.F.);
#5331=ORIENTED_EDGE('',*,*,#4130,.F.);
#5332=ORIENTED_EDGE('',*,*,#4131,.F.);
#5333=ORIENTED_EDGE('',*,*,#4132,.F.);
#5334=ORIENTED_EDGE('',*,*,#4133,.F.);
#5335=ORIENTED_EDGE('',*,*,#4134,.F.);
#5336=ORIENTED_EDGE('',*,*,#4135,.F.);
#5337=ORIENTED_EDGE('',*,*,#4136,.F.);
#5338=ORIENTED_EDGE('',*,*,#4137,.F.);
#5339=ORIENTED_EDGE('',*,*,#4138,.F.);
#5340=ORIENTED_EDGE('',*,*,#4139,.F.);
#5341=ORIENTED_EDGE('',*,*,#4140,.F.);
#5342=ORIENTED_EDGE('',*,*,#4141,.F.);
#5343=ORIENTED_EDGE('',*,*,#4142,.F.);
#5344=ORIENTED_EDGE('',*,*,#4143,.F.);
#5345=ORIENTED_EDGE('',*,*,#4144,.F.);
#5346=ORIENTED_EDGE('',*,*,#4145,.F.);
#5347=ORIENTED_EDGE('',*,*,#4146,.F.);
#5348=ORIENTED_EDGE('',*,*,#4147,.F.);
#5349=ORIENTED_EDGE('',*,*,#4148,.F.);
#5350=ORIENTED_EDGE('',*,*,#4149,.F.);
#5351=ORIENTED_EDGE('',*,*,#4150,.F.);
#5352=ORIENTED_EDGE('',*,*,#4151,.F.);
#5353=ORIENTED_EDGE('',*,*,#4152,.F.);
#5354=ORIENTED_EDGE('',*,*,#4153,.F.);
#5355=ORIENTED_EDGE('',*,*,#4154,.F.);
#5356=ORIENTED_EDGE('',*,*,#4155,.F.);
#5357=ORIENTED_EDGE('',*,*,#4156,.F.);
#5358=ORIENTED_EDGE('',*,*,#4157,.F.);
#5359=ORIENTED_EDGE('',*,*,#4158,.F.);
#5360=ORIENTED_EDGE('',*,*,#4159,.F.);
#5361=ORIENTED_EDGE('',*,*,#4160,.F.);
#5362=ORIENTED_EDGE('',*,*,#4161,.F.);
#5363=ORIENTED_EDGE('',*,*,#4162,.F.);
#5364=ORIENTED_EDGE('',*,*,#4163,.F.);
#5365=ORIENTED_EDGE('',*,*,#4164,.F.);
#5366=ORIENTED_EDGE('',*,*,#4165,.F.);
#5367=ORIENTED_EDGE('',*,*,#4166,.F.);
#5368=ORIENTED_EDGE('',*,*,#4167,.F.);
#5369=ORIENTED_EDGE('',*,*,#4168,.F.);
#5370=ORIENTED_EDGE('',*,*,#4169,.F.);
#5371=ORIENTED_EDGE('',*,*,#4170,.F.);
#5372=ORIENTED_EDGE('',*,*,#4171,.F.);
#5373=ORIENTED_EDGE('',*,*,#4172,.F.);
#5374=ORIENTED_EDGE('',*,*,#4173,.F.);
#5375=ORIENTED_EDGE('',*,*,#4174,.F.);
#5376=ORIENTED_EDGE('',*,*,#4175,.F.);
#5377=ORIENTED_EDGE('',*,*,#4176,.F.);
#5378=ORIENTED_EDGE('',*,*,#4177,.F.);
#5379=ORIENTED_EDGE('',*,*,#4178,.F.);
#5380=ORIENTED_EDGE('',*,*,#4179,.T.);
#5381=ORIENTED_EDGE('',*,*,#4180,.F.);
#5382=ORIENTED_EDGE('',*,*,#4181,.F.);
#5383=ORIENTED_EDGE('',*,*,#4182,.F.);
#5384=ORIENTED_EDGE('',*,*,#4183,.F.);
#5385=ORIENTED_EDGE('',*,*,#4184,.F.);
#5386=ORIENTED_EDGE('',*,*,#4185,.F.);
#5387=ORIENTED_EDGE('',*,*,#4186,.F.);
#5388=ORIENTED_EDGE('',*,*,#4187,.F.);
#5389=ORIENTED_EDGE('',*,*,#4188,.F.);
#5390=ORIENTED_EDGE('',*,*,#4189,.F.);
#5391=ORIENTED_EDGE('',*,*,#4190,.F.);
#5392=ORIENTED_EDGE('',*,*,#4191,.F.);
#5393=ORIENTED_EDGE('',*,*,#4192,.F.);
#5394=ORIENTED_EDGE('',*,*,#4193,.F.);
#5395=ORIENTED_EDGE('',*,*,#4194,.F.);
#5396=ORIENTED_EDGE('',*,*,#4195,.F.);
#5397=ORIENTED_EDGE('',*,*,#4196,.F.);
#5398=ORIENTED_EDGE('',*,*,#4197,.F.);
#5399=ORIENTED_EDGE('',*,*,#4198,.F.);
#5400=ORIENTED_EDGE('',*,*,#4199,.F.);
#5401=ORIENTED_EDGE('',*,*,#4200,.F.);
#5402=ORIENTED_EDGE('',*,*,#4201,.F.);
#5403=ORIENTED_EDGE('',*,*,#4202,.F.);
#5404=ORIENTED_EDGE('',*,*,#4203,.F.);
#5405=ORIENTED_EDGE('',*,*,#4204,.F.);
#5406=ORIENTED_EDGE('',*,*,#4205,.F.);
#5407=ORIENTED_EDGE('',*,*,#4206,.F.);
#5408=ORIENTED_EDGE('',*,*,#4207,.F.);
#5409=ORIENTED_EDGE('',*,*,#4208,.F.);
#5410=ORIENTED_EDGE('',*,*,#4209,.F.);
#5411=ORIENTED_EDGE('',*,*,#4210,.F.);
#5412=ORIENTED_EDGE('',*,*,#4211,.F.);
#5413=ORIENTED_EDGE('',*,*,#4212,.F.);
#5414=ORIENTED_EDGE('',*,*,#4213,.F.);
#5415=ORIENTED_EDGE('',*,*,#4214,.F.);
#5416=ORIENTED_EDGE('',*,*,#4215,.F.);
#5417=ORIENTED_EDGE('',*,*,#4216,.F.);
#5418=ORIENTED_EDGE('',*,*,#4217,.F.);
#5419=ORIENTED_EDGE('',*,*,#4218,.F.);
#5420=ORIENTED_EDGE('',*,*,#4219,.F.);
#5421=ORIENTED_EDGE('',*,*,#4220,.F.);
#5422=ORIENTED_EDGE('',*,*,#4221,.F.);
#5423=ORIENTED_EDGE('',*,*,#4222,.F.);
#5424=ORIENTED_EDGE('',*,*,#4223,.F.);
#5425=ORIENTED_EDGE('',*,*,#4224,.F.);
#5426=ORIENTED_EDGE('',*,*,#4225,.F.);
#5427=ORIENTED_EDGE('',*,*,#4226,.F.);
#5428=ORIENTED_EDGE('',*,*,#4227,.F.);
#5429=ORIENTED_EDGE('',*,*,#4228,.F.);
#5430=ORIENTED_EDGE('',*,*,#4229,.F.);
#5431=ORIENTED_EDGE('',*,*,#4230,.F.);
#5432=ORIENTED_EDGE('',*,*,#4231,.F.);
#5433=ORIENTED_EDGE('',*,*,#4232,.F.);
#5434=ORIENTED_EDGE('',*,*,#4233,.F.);
#5435=ORIENTED_EDGE('',*,*,#4234,.F.);
#5436=ORIENTED_EDGE('',*,*,#4235,.F.);
#5437=ORIENTED_EDGE('',*,*,#4236,.F.);
#5438=ORIENTED_EDGE('',*,*,#4237,.F.);
#5439=ORIENTED_EDGE('',*,*,#4238,.F.);
#5440=ORIENTED_EDGE('',*,*,#4239,.F.);
#5441=ORIENTED_EDGE('',*,*,#4240,.F.);
#5442=ORIENTED_EDGE('',*,*,#4241,.F.);
#5443=ORIENTED_EDGE('',*,*,#4242,.F.);
#5444=ORIENTED_EDGE('',*,*,#4243,.F.);
#5445=ORIENTED_EDGE('',*,*,#4244,.F.);
#5446=ORIENTED_EDGE('',*,*,#4245,.F.);
#5447=ORIENTED_EDGE('',*,*,#4246,.F.);
#5448=ORIENTED_EDGE('',*,*,#4247,.F.);
#5449=ORIENTED_EDGE('',*,*,#4248,.F.);
#5450=ORIENTED_EDGE('',*,*,#4249,.F.);
#5451=ORIENTED_EDGE('',*,*,#4250,.F.);
#5452=ORIENTED_EDGE('',*,*,#4251,.F.);
#5453=ORIENTED_EDGE('',*,*,#4252,.F.);
#5454=ORIENTED_EDGE('',*,*,#4253,.F.);
#5455=ORIENTED_EDGE('',*,*,#4254,.F.);
#5456=ORIENTED_EDGE('',*,*,#4255,.F.);
#5457=ORIENTED_EDGE('',*,*,#4256,.F.);
#5458=ORIENTED_EDGE('',*,*,#4257,.F.);
#5459=ORIENTED_EDGE('',*,*,#4258,.F.);
#5460=ORIENTED_EDGE('',*,*,#4259,.F.);
#5461=ORIENTED_EDGE('',*,*,#4260,.T.);
#5462=ORIENTED_EDGE('',*,*,#4261,.F.);
#5463=ORIENTED_EDGE('',*,*,#4262,.T.);
#5464=ORIENTED_EDGE('',*,*,#4263,.F.);
#5465=ORIENTED_EDGE('',*,*,#4264,.F.);
#5466=ORIENTED_EDGE('',*,*,#4265,.F.);
#5467=ORIENTED_EDGE('',*,*,#4266,.F.);
#5468=ORIENTED_EDGE('',*,*,#4267,.F.);
#5469=ORIENTED_EDGE('',*,*,#4268,.F.);
#5470=ORIENTED_EDGE('',*,*,#4269,.F.);
#5471=ORIENTED_EDGE('',*,*,#4270,.F.);
#5472=ORIENTED_EDGE('',*,*,#4271,.F.);
#5473=ORIENTED_EDGE('',*,*,#4272,.F.);
#5474=ORIENTED_EDGE('',*,*,#4273,.F.);
#5475=ORIENTED_EDGE('',*,*,#4274,.F.);
#5476=ORIENTED_EDGE('',*,*,#4275,.F.);
#5477=ORIENTED_EDGE('',*,*,#4276,.F.);
#5478=ORIENTED_EDGE('',*,*,#4277,.F.);
#5479=ORIENTED_EDGE('',*,*,#4278,.F.);
#5480=ORIENTED_EDGE('',*,*,#4279,.F.);
#5481=ORIENTED_EDGE('',*,*,#4280,.F.);
#5482=ORIENTED_EDGE('',*,*,#4281,.F.);
#5483=ORIENTED_EDGE('',*,*,#4282,.F.);
#5484=ORIENTED_EDGE('',*,*,#4283,.F.);
#5485=ORIENTED_EDGE('',*,*,#4284,.F.);
#5486=ORIENTED_EDGE('',*,*,#4285,.F.);
#5487=ORIENTED_EDGE('',*,*,#4286,.F.);
#5488=ORIENTED_EDGE('',*,*,#4287,.F.);
#5489=ORIENTED_EDGE('',*,*,#4288,.F.);
#5490=ORIENTED_EDGE('',*,*,#4289,.F.);
#5491=ORIENTED_EDGE('',*,*,#4290,.F.);
#5492=ORIENTED_EDGE('',*,*,#4291,.F.);
#5493=ORIENTED_EDGE('',*,*,#4292,.F.);
#5494=ORIENTED_EDGE('',*,*,#4293,.F.);
#5495=ORIENTED_EDGE('',*,*,#4294,.F.);
#5496=ORIENTED_EDGE('',*,*,#4295,.F.);
#5497=ORIENTED_EDGE('',*,*,#4296,.F.);
#5498=ORIENTED_EDGE('',*,*,#4297,.F.);
#5499=ORIENTED_EDGE('',*,*,#4298,.F.);
#5500=ORIENTED_EDGE('',*,*,#4299,.F.);
#5501=ORIENTED_EDGE('',*,*,#4300,.F.);
#5502=ORIENTED_EDGE('',*,*,#4301,.F.);
#5503=ORIENTED_EDGE('',*,*,#4302,.F.);
#5504=ORIENTED_EDGE('',*,*,#4303,.F.);
#5505=ORIENTED_EDGE('',*,*,#4304,.F.);
#5506=ORIENTED_EDGE('',*,*,#4305,.F.);
#5507=ORIENTED_EDGE('',*,*,#4306,.F.);
#5508=ORIENTED_EDGE('',*,*,#4307,.F.);
#5509=ORIENTED_EDGE('',*,*,#4308,.F.);
#5510=ORIENTED_EDGE('',*,*,#4309,.F.);
#5511=ORIENTED_EDGE('',*,*,#4310,.F.);
#5512=ORIENTED_EDGE('',*,*,#4311,.F.);
#5513=ORIENTED_EDGE('',*,*,#4312,.F.);
#5514=ORIENTED_EDGE('',*,*,#4313,.F.);
#5515=ORIENTED_EDGE('',*,*,#4314,.F.);
#5516=ORIENTED_EDGE('',*,*,#4315,.F.);
#5517=ORIENTED_EDGE('',*,*,#4316,.F.);
#5518=ORIENTED_EDGE('',*,*,#4317,.F.);
#5519=ORIENTED_EDGE('',*,*,#4318,.F.);
#5520=ORIENTED_EDGE('',*,*,#4319,.F.);
#5521=ORIENTED_EDGE('',*,*,#4320,.F.);
#5522=ORIENTED_EDGE('',*,*,#4321,.F.);
#5523=ORIENTED_EDGE('',*,*,#4322,.F.);
#5524=ORIENTED_EDGE('',*,*,#4323,.F.);
#5525=ORIENTED_EDGE('',*,*,#4324,.F.);
#5526=ORIENTED_EDGE('',*,*,#4325,.F.);
#5527=ORIENTED_EDGE('',*,*,#4326,.F.);
#5528=ORIENTED_EDGE('',*,*,#4327,.F.);
#5529=ORIENTED_EDGE('',*,*,#4328,.F.);
#5530=ORIENTED_EDGE('',*,*,#4329,.F.);
#5531=ORIENTED_EDGE('',*,*,#4330,.F.);
#5532=ORIENTED_EDGE('',*,*,#4331,.F.);
#5533=ORIENTED_EDGE('',*,*,#4332,.F.);
#5534=ORIENTED_EDGE('',*,*,#4333,.F.);
#5535=ORIENTED_EDGE('',*,*,#4334,.F.);
#5536=ORIENTED_EDGE('',*,*,#3987,.F.);
#5537=ORIENTED_EDGE('',*,*,#4335,.F.);
#5538=ORIENTED_EDGE('',*,*,#4336,.F.);
#5539=ORIENTED_EDGE('',*,*,#4337,.F.);
#5540=ORIENTED_EDGE('',*,*,#4338,.F.);
#5541=ORIENTED_EDGE('',*,*,#4339,.F.);
#5542=ORIENTED_EDGE('',*,*,#4340,.F.);
#5543=ORIENTED_EDGE('',*,*,#4341,.F.);
#5544=ORIENTED_EDGE('',*,*,#4342,.F.);
#5545=ORIENTED_EDGE('',*,*,#4343,.F.);
#5546=ORIENTED_EDGE('',*,*,#4344,.F.);
#5547=ORIENTED_EDGE('',*,*,#4345,.F.);
#5548=ORIENTED_EDGE('',*,*,#4346,.F.);
#5549=ORIENTED_EDGE('',*,*,#4347,.F.);
#5550=ORIENTED_EDGE('',*,*,#4348,.F.);
#5551=ORIENTED_EDGE('',*,*,#4349,.F.);
#5552=ORIENTED_EDGE('',*,*,#4350,.F.);
#5553=ORIENTED_EDGE('',*,*,#4351,.F.);
#5554=ORIENTED_EDGE('',*,*,#4352,.F.);
#5555=ORIENTED_EDGE('',*,*,#4353,.F.);
#5556=ORIENTED_EDGE('',*,*,#4354,.F.);
#5557=ORIENTED_EDGE('',*,*,#4355,.F.);
#5558=ORIENTED_EDGE('',*,*,#4356,.F.);
#5559=ORIENTED_EDGE('',*,*,#4357,.F.);
#5560=ORIENTED_EDGE('',*,*,#4358,.F.);
#5561=ORIENTED_EDGE('',*,*,#4359,.F.);
#5562=ORIENTED_EDGE('',*,*,#4360,.F.);
#5563=ORIENTED_EDGE('',*,*,#4361,.F.);
#5564=ORIENTED_EDGE('',*,*,#4362,.F.);
#5565=ORIENTED_EDGE('',*,*,#4363,.F.);
#5566=ORIENTED_EDGE('',*,*,#4364,.F.);
#5567=ORIENTED_EDGE('',*,*,#4365,.F.);
#5568=ORIENTED_EDGE('',*,*,#4366,.F.);
#5569=ORIENTED_EDGE('',*,*,#3991,.T.);
#5570=ORIENTED_EDGE('',*,*,#4367,.T.);
#5571=ORIENTED_EDGE('',*,*,#4368,.F.);
#5572=ORIENTED_EDGE('',*,*,#4369,.F.);
#5573=ORIENTED_EDGE('',*,*,#4370,.F.);
#5574=ORIENTED_EDGE('',*,*,#4371,.F.);
#5575=ORIENTED_EDGE('',*,*,#4372,.F.);
#5576=ORIENTED_EDGE('',*,*,#4373,.F.);
#5577=ORIENTED_EDGE('',*,*,#4374,.F.);
#5578=ORIENTED_EDGE('',*,*,#4375,.F.);
#5579=ORIENTED_EDGE('',*,*,#4376,.F.);
#5580=ORIENTED_EDGE('',*,*,#4377,.F.);
#5581=ORIENTED_EDGE('',*,*,#4378,.F.);
#5582=ORIENTED_EDGE('',*,*,#4379,.F.);
#5583=ORIENTED_EDGE('',*,*,#4380,.F.);
#5584=ORIENTED_EDGE('',*,*,#4381,.F.);
#5585=ORIENTED_EDGE('',*,*,#4382,.F.);
#5586=ORIENTED_EDGE('',*,*,#4383,.F.);
#5587=ORIENTED_EDGE('',*,*,#4384,.F.);
#5588=ORIENTED_EDGE('',*,*,#4385,.F.);
#5589=ORIENTED_EDGE('',*,*,#4386,.F.);
#5590=ORIENTED_EDGE('',*,*,#4387,.F.);
#5591=ORIENTED_EDGE('',*,*,#4388,.F.);
#5592=ORIENTED_EDGE('',*,*,#4389,.F.);
#5593=ORIENTED_EDGE('',*,*,#4390,.F.);
#5594=ORIENTED_EDGE('',*,*,#4391,.F.);
#5595=ORIENTED_EDGE('',*,*,#4392,.T.);
#5596=ORIENTED_EDGE('',*,*,#3992,.T.);
#5597=ORIENTED_EDGE('',*,*,#4366,.T.);
#5598=ORIENTED_EDGE('',*,*,#4393,.T.);
#5599=ORIENTED_EDGE('',*,*,#4393,.F.);
#5600=ORIENTED_EDGE('',*,*,#4365,.T.);
#5601=ORIENTED_EDGE('',*,*,#4394,.F.);
#5602=ORIENTED_EDGE('',*,*,#4395,.F.);
#5603=ORIENTED_EDGE('',*,*,#4396,.T.);
#5604=ORIENTED_EDGE('',*,*,#4397,.T.);
#5605=ORIENTED_EDGE('',*,*,#4261,.T.);
#5606=ORIENTED_EDGE('',*,*,#4398,.T.);
#5607=ORIENTED_EDGE('',*,*,#4398,.F.);
#5608=ORIENTED_EDGE('',*,*,#4294,.T.);
#5609=ORIENTED_EDGE('',*,*,#4399,.F.);
#5610=ORIENTED_EDGE('',*,*,#4400,.F.);
#5611=ORIENTED_EDGE('',*,*,#4263,.T.);
#5612=ORIENTED_EDGE('',*,*,#4401,.T.);
#5613=ORIENTED_EDGE('',*,*,#4402,.T.);
#5614=ORIENTED_EDGE('',*,*,#4403,.T.);
#5615=ORIENTED_EDGE('',*,*,#4403,.F.);
#5616=ORIENTED_EDGE('',*,*,#4404,.F.);
#5617=ORIENTED_EDGE('',*,*,#4405,.T.);
#5618=ORIENTED_EDGE('',*,*,#4264,.T.);
#5619=ORIENTED_EDGE('',*,*,#4397,.F.);
#5620=ORIENTED_EDGE('',*,*,#4406,.F.);
#5621=ORIENTED_EDGE('',*,*,#4401,.F.);
#5622=ORIENTED_EDGE('',*,*,#4262,.F.);
#5623=ORIENTED_EDGE('',*,*,#3990,.F.);
#5624=ORIENTED_EDGE('',*,*,#4407,.F.);
#5625=ORIENTED_EDGE('',*,*,#4408,.T.);
#5626=ORIENTED_EDGE('',*,*,#4335,.T.);
#5627=ORIENTED_EDGE('',*,*,#4409,.T.);
#5628=ORIENTED_EDGE('',*,*,#3994,.T.);
#5629=ORIENTED_EDGE('',*,*,#4410,.F.);
#5630=ORIENTED_EDGE('',*,*,#4411,.F.);
#5631=ORIENTED_EDGE('',*,*,#4412,.T.);
#5632=ORIENTED_EDGE('',*,*,#3995,.T.);
#5633=ORIENTED_EDGE('',*,*,#4409,.F.);
#5634=ORIENTED_EDGE('',*,*,#4413,.F.);
#5635=ORIENTED_EDGE('',*,*,#4410,.T.);
#5636=ORIENTED_EDGE('',*,*,#4001,.T.);
#5637=ORIENTED_EDGE('',*,*,#4414,.F.);
#5638=ORIENTED_EDGE('',*,*,#4415,.F.);
#5639=ORIENTED_EDGE('',*,*,#4411,.T.);
#5640=ORIENTED_EDGE('',*,*,#4415,.T.);
#5641=ORIENTED_EDGE('',*,*,#4416,.T.);
#5642=ORIENTED_EDGE('',*,*,#4417,.T.);
#5643=ORIENTED_EDGE('',*,*,#4418,.T.);
#5644=ORIENTED_EDGE('',*,*,#4419,.T.);
#5645=ORIENTED_EDGE('',*,*,#4420,.T.);
#5646=ORIENTED_EDGE('',*,*,#4413,.T.);
#5647=ORIENTED_EDGE('',*,*,#3989,.F.);
#5648=ORIENTED_EDGE('',*,*,#3993,.T.);
#5649=ORIENTED_EDGE('',*,*,#4392,.F.);
#5650=ORIENTED_EDGE('',*,*,#4395,.T.);
#5651=ORIENTED_EDGE('',*,*,#4421,.T.);
#5652=ORIENTED_EDGE('',*,*,#4422,.T.);
#5653=ORIENTED_EDGE('',*,*,#4423,.T.);
#5654=ORIENTED_EDGE('',*,*,#4424,.T.);
#5655=ORIENTED_EDGE('',*,*,#4425,.T.);
#5656=ORIENTED_EDGE('',*,*,#4426,.T.);
#5657=ORIENTED_EDGE('',*,*,#4427,.T.);
#5658=ORIENTED_EDGE('',*,*,#4428,.T.);
#5659=ORIENTED_EDGE('',*,*,#4429,.T.);
#5660=ORIENTED_EDGE('',*,*,#4430,.T.);
#5661=ORIENTED_EDGE('',*,*,#4431,.T.);
#5662=ORIENTED_EDGE('',*,*,#4432,.T.);
#5663=ORIENTED_EDGE('',*,*,#4433,.T.);
#5664=ORIENTED_EDGE('',*,*,#4434,.T.);
#5665=ORIENTED_EDGE('',*,*,#4435,.T.);
#5666=ORIENTED_EDGE('',*,*,#4436,.T.);
#5667=ORIENTED_EDGE('',*,*,#4437,.T.);
#5668=ORIENTED_EDGE('',*,*,#4438,.T.);
#5669=ORIENTED_EDGE('',*,*,#4439,.T.);
#5670=ORIENTED_EDGE('',*,*,#4440,.T.);
#5671=ORIENTED_EDGE('',*,*,#4441,.T.);
#5672=ORIENTED_EDGE('',*,*,#4442,.T.);
#5673=ORIENTED_EDGE('',*,*,#4443,.T.);
#5674=ORIENTED_EDGE('',*,*,#4444,.T.);
#5675=ORIENTED_EDGE('',*,*,#4445,.T.);
#5676=ORIENTED_EDGE('',*,*,#4446,.T.);
#5677=ORIENTED_EDGE('',*,*,#4447,.T.);
#5678=ORIENTED_EDGE('',*,*,#4448,.T.);
#5679=ORIENTED_EDGE('',*,*,#4449,.T.);
#5680=ORIENTED_EDGE('',*,*,#4407,.T.);
#5681=ORIENTED_EDGE('',*,*,#4396,.F.);
#5682=ORIENTED_EDGE('',*,*,#4400,.T.);
#5683=ORIENTED_EDGE('',*,*,#4450,.T.);
#5684=ORIENTED_EDGE('',*,*,#4451,.T.);
#5685=ORIENTED_EDGE('',*,*,#4452,.T.);
#5686=ORIENTED_EDGE('',*,*,#4453,.T.);
#5687=ORIENTED_EDGE('',*,*,#4454,.T.);
#5688=ORIENTED_EDGE('',*,*,#4455,.T.);
#5689=ORIENTED_EDGE('',*,*,#4456,.T.);
#5690=ORIENTED_EDGE('',*,*,#4457,.T.);
#5691=ORIENTED_EDGE('',*,*,#4458,.T.);
#5692=ORIENTED_EDGE('',*,*,#4459,.T.);
#5693=ORIENTED_EDGE('',*,*,#4460,.T.);
#5694=ORIENTED_EDGE('',*,*,#4461,.T.);
#5695=ORIENTED_EDGE('',*,*,#4462,.T.);
#5696=ORIENTED_EDGE('',*,*,#4463,.T.);
#5697=ORIENTED_EDGE('',*,*,#4464,.T.);
#5698=ORIENTED_EDGE('',*,*,#4465,.T.);
#5699=ORIENTED_EDGE('',*,*,#4466,.T.);
#5700=ORIENTED_EDGE('',*,*,#4467,.T.);
#5701=ORIENTED_EDGE('',*,*,#4468,.T.);
#5702=ORIENTED_EDGE('',*,*,#4469,.T.);
#5703=ORIENTED_EDGE('',*,*,#4470,.T.);
#5704=ORIENTED_EDGE('',*,*,#4471,.T.);
#5705=ORIENTED_EDGE('',*,*,#4472,.T.);
#5706=ORIENTED_EDGE('',*,*,#4473,.T.);
#5707=ORIENTED_EDGE('',*,*,#4474,.T.);
#5708=ORIENTED_EDGE('',*,*,#4475,.T.);
#5709=ORIENTED_EDGE('',*,*,#4476,.T.);
#5710=ORIENTED_EDGE('',*,*,#4477,.T.);
#5711=ORIENTED_EDGE('',*,*,#4478,.T.);
#5712=ORIENTED_EDGE('',*,*,#4404,.T.);
#5713=ORIENTED_EDGE('',*,*,#4402,.F.);
#5714=ORIENTED_EDGE('',*,*,#4406,.T.);
#5715=ORIENTED_EDGE('',*,*,#4479,.T.);
#5716=ORIENTED_EDGE('',*,*,#4480,.T.);
#5717=ORIENTED_EDGE('',*,*,#4481,.T.);
#5718=ORIENTED_EDGE('',*,*,#4482,.T.);
#5719=ORIENTED_EDGE('',*,*,#4483,.T.);
#5720=ORIENTED_EDGE('',*,*,#4484,.T.);
#5721=ORIENTED_EDGE('',*,*,#4485,.T.);
#5722=ORIENTED_EDGE('',*,*,#4486,.T.);
#5723=ORIENTED_EDGE('',*,*,#4487,.T.);
#5724=ORIENTED_EDGE('',*,*,#4488,.T.);
#5725=ORIENTED_EDGE('',*,*,#4489,.T.);
#5726=ORIENTED_EDGE('',*,*,#4490,.T.);
#5727=ORIENTED_EDGE('',*,*,#4491,.T.);
#5728=ORIENTED_EDGE('',*,*,#4492,.T.);
#5729=ORIENTED_EDGE('',*,*,#4493,.T.);
#5730=ORIENTED_EDGE('',*,*,#4494,.T.);
#5731=ORIENTED_EDGE('',*,*,#4495,.T.);
#5732=ORIENTED_EDGE('',*,*,#4496,.T.);
#5733=ORIENTED_EDGE('',*,*,#4497,.T.);
#5734=ORIENTED_EDGE('',*,*,#4498,.T.);
#5735=ORIENTED_EDGE('',*,*,#4499,.T.);
#5736=ORIENTED_EDGE('',*,*,#4500,.T.);
#5737=ORIENTED_EDGE('',*,*,#4501,.T.);
#5738=ORIENTED_EDGE('',*,*,#4502,.T.);
#5739=ORIENTED_EDGE('',*,*,#4503,.T.);
#5740=ORIENTED_EDGE('',*,*,#4504,.T.);
#5741=ORIENTED_EDGE('',*,*,#4505,.T.);
#5742=ORIENTED_EDGE('',*,*,#4506,.T.);
#5743=ORIENTED_EDGE('',*,*,#4507,.T.);
#5744=ORIENTED_EDGE('',*,*,#4508,.T.);
#5745=ORIENTED_EDGE('',*,*,#4509,.T.);
#5746=ORIENTED_EDGE('',*,*,#4510,.T.);
#5747=ORIENTED_EDGE('',*,*,#4511,.T.);
#5748=ORIENTED_EDGE('',*,*,#4512,.T.);
#5749=ORIENTED_EDGE('',*,*,#4513,.T.);
#5750=ORIENTED_EDGE('',*,*,#4514,.T.);
#5751=ORIENTED_EDGE('',*,*,#4515,.T.);
#5752=ORIENTED_EDGE('',*,*,#4516,.T.);
#5753=ORIENTED_EDGE('',*,*,#4517,.T.);
#5754=ORIENTED_EDGE('',*,*,#4518,.T.);
#5755=ORIENTED_EDGE('',*,*,#4519,.T.);
#5756=ORIENTED_EDGE('',*,*,#4520,.T.);
#5757=ORIENTED_EDGE('',*,*,#4521,.T.);
#5758=ORIENTED_EDGE('',*,*,#4522,.T.);
#5759=ORIENTED_EDGE('',*,*,#4523,.T.);
#5760=ORIENTED_EDGE('',*,*,#4524,.T.);
#5761=ORIENTED_EDGE('',*,*,#4525,.T.);
#5762=ORIENTED_EDGE('',*,*,#4526,.T.);
#5763=ORIENTED_EDGE('',*,*,#4527,.F.);
#5764=ORIENTED_EDGE('',*,*,#4528,.T.);
#5765=ORIENTED_EDGE('',*,*,#4529,.T.);
#5766=ORIENTED_EDGE('',*,*,#4530,.T.);
#5767=ORIENTED_EDGE('',*,*,#4531,.T.);
#5768=ORIENTED_EDGE('',*,*,#4532,.T.);
#5769=ORIENTED_EDGE('',*,*,#4533,.T.);
#5770=ORIENTED_EDGE('',*,*,#4534,.T.);
#5771=ORIENTED_EDGE('',*,*,#4535,.T.);
#5772=ORIENTED_EDGE('',*,*,#4536,.T.);
#5773=ORIENTED_EDGE('',*,*,#4537,.T.);
#5774=ORIENTED_EDGE('',*,*,#4538,.T.);
#5775=ORIENTED_EDGE('',*,*,#4539,.T.);
#5776=ORIENTED_EDGE('',*,*,#4540,.T.);
#5777=ORIENTED_EDGE('',*,*,#4541,.T.);
#5778=ORIENTED_EDGE('',*,*,#4542,.T.);
#5779=ORIENTED_EDGE('',*,*,#4543,.T.);
#5780=ORIENTED_EDGE('',*,*,#4544,.T.);
#5781=ORIENTED_EDGE('',*,*,#4545,.T.);
#5782=ORIENTED_EDGE('',*,*,#4546,.T.);
#5783=ORIENTED_EDGE('',*,*,#4547,.T.);
#5784=ORIENTED_EDGE('',*,*,#4548,.T.);
#5785=ORIENTED_EDGE('',*,*,#4549,.T.);
#5786=ORIENTED_EDGE('',*,*,#4550,.T.);
#5787=ORIENTED_EDGE('',*,*,#4551,.T.);
#5788=ORIENTED_EDGE('',*,*,#4552,.T.);
#5789=ORIENTED_EDGE('',*,*,#4553,.T.);
#5790=ORIENTED_EDGE('',*,*,#4554,.T.);
#5791=ORIENTED_EDGE('',*,*,#4555,.T.);
#5792=ORIENTED_EDGE('',*,*,#4556,.T.);
#5793=ORIENTED_EDGE('',*,*,#4557,.T.);
#5794=ORIENTED_EDGE('',*,*,#4558,.T.);
#5795=ORIENTED_EDGE('',*,*,#4559,.T.);
#5796=ORIENTED_EDGE('',*,*,#4560,.T.);
#5797=ORIENTED_EDGE('',*,*,#4561,.T.);
#5798=ORIENTED_EDGE('',*,*,#4562,.T.);
#5799=ORIENTED_EDGE('',*,*,#4563,.T.);
#5800=ORIENTED_EDGE('',*,*,#4564,.T.);
#5801=ORIENTED_EDGE('',*,*,#4565,.T.);
#5802=ORIENTED_EDGE('',*,*,#4566,.T.);
#5803=ORIENTED_EDGE('',*,*,#4567,.T.);
#5804=ORIENTED_EDGE('',*,*,#4568,.T.);
#5805=ORIENTED_EDGE('',*,*,#4569,.T.);
#5806=ORIENTED_EDGE('',*,*,#4570,.T.);
#5807=ORIENTED_EDGE('',*,*,#4571,.T.);
#5808=ORIENTED_EDGE('',*,*,#4572,.T.);
#5809=ORIENTED_EDGE('',*,*,#4573,.T.);
#5810=ORIENTED_EDGE('',*,*,#4574,.T.);
#5811=ORIENTED_EDGE('',*,*,#4575,.T.);
#5812=ORIENTED_EDGE('',*,*,#4576,.T.);
#5813=ORIENTED_EDGE('',*,*,#4577,.T.);
#5814=ORIENTED_EDGE('',*,*,#4578,.T.);
#5815=ORIENTED_EDGE('',*,*,#4579,.T.);
#5816=ORIENTED_EDGE('',*,*,#4580,.T.);
#5817=ORIENTED_EDGE('',*,*,#4581,.T.);
#5818=ORIENTED_EDGE('',*,*,#4582,.T.);
#5819=ORIENTED_EDGE('',*,*,#4583,.T.);
#5820=ORIENTED_EDGE('',*,*,#4584,.T.);
#5821=ORIENTED_EDGE('',*,*,#4585,.T.);
#5822=ORIENTED_EDGE('',*,*,#4586,.T.);
#5823=ORIENTED_EDGE('',*,*,#4587,.T.);
#5824=ORIENTED_EDGE('',*,*,#4588,.T.);
#5825=ORIENTED_EDGE('',*,*,#4589,.T.);
#5826=ORIENTED_EDGE('',*,*,#4590,.T.);
#5827=ORIENTED_EDGE('',*,*,#4591,.T.);
#5828=ORIENTED_EDGE('',*,*,#4592,.T.);
#5829=ORIENTED_EDGE('',*,*,#4593,.T.);
#5830=ORIENTED_EDGE('',*,*,#4594,.T.);
#5831=ORIENTED_EDGE('',*,*,#4595,.T.);
#5832=ORIENTED_EDGE('',*,*,#4596,.T.);
#5833=ORIENTED_EDGE('',*,*,#4597,.T.);
#5834=ORIENTED_EDGE('',*,*,#4598,.T.);
#5835=ORIENTED_EDGE('',*,*,#4599,.T.);
#5836=ORIENTED_EDGE('',*,*,#4600,.T.);
#5837=ORIENTED_EDGE('',*,*,#4601,.T.);
#5838=ORIENTED_EDGE('',*,*,#4602,.T.);
#5839=ORIENTED_EDGE('',*,*,#4603,.T.);
#5840=ORIENTED_EDGE('',*,*,#4604,.T.);
#5841=ORIENTED_EDGE('',*,*,#4605,.T.);
#5842=ORIENTED_EDGE('',*,*,#4606,.T.);
#5843=ORIENTED_EDGE('',*,*,#4607,.T.);
#5844=ORIENTED_EDGE('',*,*,#4608,.T.);
#5845=ORIENTED_EDGE('',*,*,#4609,.T.);
#5846=ORIENTED_EDGE('',*,*,#4610,.T.);
#5847=ORIENTED_EDGE('',*,*,#4611,.T.);
#5848=ORIENTED_EDGE('',*,*,#4612,.T.);
#5849=ORIENTED_EDGE('',*,*,#4613,.T.);
#5850=ORIENTED_EDGE('',*,*,#4614,.T.);
#5851=ORIENTED_EDGE('',*,*,#4615,.T.);
#5852=ORIENTED_EDGE('',*,*,#4616,.T.);
#5853=ORIENTED_EDGE('',*,*,#4617,.T.);
#5854=ORIENTED_EDGE('',*,*,#4618,.T.);
#5855=ORIENTED_EDGE('',*,*,#4619,.T.);
#5856=ORIENTED_EDGE('',*,*,#4620,.T.);
#5857=ORIENTED_EDGE('',*,*,#4621,.T.);
#5858=ORIENTED_EDGE('',*,*,#4622,.T.);
#5859=ORIENTED_EDGE('',*,*,#4623,.T.);
#5860=ORIENTED_EDGE('',*,*,#4624,.T.);
#5861=ORIENTED_EDGE('',*,*,#4625,.T.);
#5862=ORIENTED_EDGE('',*,*,#4626,.T.);
#5863=ORIENTED_EDGE('',*,*,#4627,.T.);
#5864=ORIENTED_EDGE('',*,*,#4628,.T.);
#5865=ORIENTED_EDGE('',*,*,#4629,.T.);
#5866=ORIENTED_EDGE('',*,*,#4630,.T.);
#5867=ORIENTED_EDGE('',*,*,#4631,.T.);
#5868=ORIENTED_EDGE('',*,*,#4632,.T.);
#5869=ORIENTED_EDGE('',*,*,#4633,.T.);
#5870=ORIENTED_EDGE('',*,*,#4634,.T.);
#5871=ORIENTED_EDGE('',*,*,#4635,.T.);
#5872=ORIENTED_EDGE('',*,*,#4636,.T.);
#5873=ORIENTED_EDGE('',*,*,#4637,.T.);
#5874=ORIENTED_EDGE('',*,*,#4638,.T.);
#5875=ORIENTED_EDGE('',*,*,#4639,.T.);
#5876=ORIENTED_EDGE('',*,*,#4640,.T.);
#5877=ORIENTED_EDGE('',*,*,#4641,.T.);
#5878=ORIENTED_EDGE('',*,*,#4642,.T.);
#5879=ORIENTED_EDGE('',*,*,#4643,.T.);
#5880=ORIENTED_EDGE('',*,*,#4644,.T.);
#5881=ORIENTED_EDGE('',*,*,#4645,.T.);
#5882=ORIENTED_EDGE('',*,*,#4646,.T.);
#5883=ORIENTED_EDGE('',*,*,#4647,.T.);
#5884=ORIENTED_EDGE('',*,*,#4648,.T.);
#5885=ORIENTED_EDGE('',*,*,#4649,.T.);
#5886=ORIENTED_EDGE('',*,*,#4650,.T.);
#5887=ORIENTED_EDGE('',*,*,#4651,.T.);
#5888=ORIENTED_EDGE('',*,*,#4652,.T.);
#5889=ORIENTED_EDGE('',*,*,#4653,.T.);
#5890=ORIENTED_EDGE('',*,*,#4654,.T.);
#5891=ORIENTED_EDGE('',*,*,#4655,.T.);
#5892=ORIENTED_EDGE('',*,*,#4656,.F.);
#5893=ORIENTED_EDGE('',*,*,#4657,.T.);
#5894=ORIENTED_EDGE('',*,*,#4658,.T.);
#5895=ORIENTED_EDGE('',*,*,#4659,.T.);
#5896=ORIENTED_EDGE('',*,*,#4660,.T.);
#5897=ORIENTED_EDGE('',*,*,#4661,.T.);
#5898=ORIENTED_EDGE('',*,*,#4662,.T.);
#5899=ORIENTED_EDGE('',*,*,#4663,.T.);
#5900=ORIENTED_EDGE('',*,*,#4664,.T.);
#5901=ORIENTED_EDGE('',*,*,#4665,.T.);
#5902=ORIENTED_EDGE('',*,*,#4666,.T.);
#5903=ORIENTED_EDGE('',*,*,#4667,.T.);
#5904=ORIENTED_EDGE('',*,*,#4668,.T.);
#5905=ORIENTED_EDGE('',*,*,#4669,.T.);
#5906=ORIENTED_EDGE('',*,*,#4670,.T.);
#5907=ORIENTED_EDGE('',*,*,#4671,.T.);
#5908=ORIENTED_EDGE('',*,*,#4672,.T.);
#5909=ORIENTED_EDGE('',*,*,#4673,.T.);
#5910=ORIENTED_EDGE('',*,*,#4674,.T.);
#5911=ORIENTED_EDGE('',*,*,#4675,.T.);
#5912=ORIENTED_EDGE('',*,*,#4676,.T.);
#5913=ORIENTED_EDGE('',*,*,#4677,.T.);
#5914=ORIENTED_EDGE('',*,*,#4678,.T.);
#5915=ORIENTED_EDGE('',*,*,#4679,.T.);
#5916=ORIENTED_EDGE('',*,*,#4680,.T.);
#5917=ORIENTED_EDGE('',*,*,#4681,.T.);
#5918=ORIENTED_EDGE('',*,*,#4682,.T.);
#5919=ORIENTED_EDGE('',*,*,#4683,.T.);
#5920=ORIENTED_EDGE('',*,*,#4684,.T.);
#5921=ORIENTED_EDGE('',*,*,#4685,.T.);
#5922=ORIENTED_EDGE('',*,*,#4686,.T.);
#5923=ORIENTED_EDGE('',*,*,#4687,.T.);
#5924=ORIENTED_EDGE('',*,*,#4688,.T.);
#5925=ORIENTED_EDGE('',*,*,#4689,.T.);
#5926=ORIENTED_EDGE('',*,*,#4690,.T.);
#5927=ORIENTED_EDGE('',*,*,#4691,.T.);
#5928=ORIENTED_EDGE('',*,*,#4692,.T.);
#5929=ORIENTED_EDGE('',*,*,#4693,.T.);
#5930=ORIENTED_EDGE('',*,*,#4694,.T.);
#5931=ORIENTED_EDGE('',*,*,#4695,.T.);
#5932=ORIENTED_EDGE('',*,*,#4696,.T.);
#5933=ORIENTED_EDGE('',*,*,#4697,.T.);
#5934=ORIENTED_EDGE('',*,*,#4698,.T.);
#5935=ORIENTED_EDGE('',*,*,#4699,.T.);
#5936=ORIENTED_EDGE('',*,*,#4700,.T.);
#5937=ORIENTED_EDGE('',*,*,#4701,.T.);
#5938=ORIENTED_EDGE('',*,*,#4702,.T.);
#5939=ORIENTED_EDGE('',*,*,#4703,.T.);
#5940=ORIENTED_EDGE('',*,*,#4704,.T.);
#5941=ORIENTED_EDGE('',*,*,#4705,.T.);
#5942=ORIENTED_EDGE('',*,*,#4706,.T.);
#5943=ORIENTED_EDGE('',*,*,#4707,.T.);
#5944=ORIENTED_EDGE('',*,*,#4708,.T.);
#5945=ORIENTED_EDGE('',*,*,#4709,.T.);
#5946=ORIENTED_EDGE('',*,*,#4710,.T.);
#5947=ORIENTED_EDGE('',*,*,#4711,.T.);
#5948=ORIENTED_EDGE('',*,*,#4712,.T.);
#5949=ORIENTED_EDGE('',*,*,#4713,.T.);
#5950=ORIENTED_EDGE('',*,*,#4714,.T.);
#5951=ORIENTED_EDGE('',*,*,#4715,.T.);
#5952=ORIENTED_EDGE('',*,*,#4716,.T.);
#5953=ORIENTED_EDGE('',*,*,#4717,.T.);
#5954=ORIENTED_EDGE('',*,*,#4718,.T.);
#5955=ORIENTED_EDGE('',*,*,#4719,.T.);
#5956=ORIENTED_EDGE('',*,*,#4720,.T.);
#5957=ORIENTED_EDGE('',*,*,#4721,.T.);
#5958=ORIENTED_EDGE('',*,*,#4722,.T.);
#5959=ORIENTED_EDGE('',*,*,#4723,.T.);
#5960=ORIENTED_EDGE('',*,*,#4724,.T.);
#5961=ORIENTED_EDGE('',*,*,#4725,.T.);
#5962=ORIENTED_EDGE('',*,*,#4726,.T.);
#5963=ORIENTED_EDGE('',*,*,#4727,.T.);
#5964=ORIENTED_EDGE('',*,*,#4728,.T.);
#5965=ORIENTED_EDGE('',*,*,#4729,.T.);
#5966=ORIENTED_EDGE('',*,*,#4730,.T.);
#5967=ORIENTED_EDGE('',*,*,#4731,.T.);
#5968=ORIENTED_EDGE('',*,*,#4732,.T.);
#5969=ORIENTED_EDGE('',*,*,#4733,.T.);
#5970=ORIENTED_EDGE('',*,*,#4734,.T.);
#5971=ORIENTED_EDGE('',*,*,#4735,.T.);
#5972=ORIENTED_EDGE('',*,*,#4736,.T.);
#5973=ORIENTED_EDGE('',*,*,#4737,.F.);
#5974=ORIENTED_EDGE('',*,*,#4738,.T.);
#5975=ORIENTED_EDGE('',*,*,#4739,.T.);
#5976=ORIENTED_EDGE('',*,*,#4740,.T.);
#5977=ORIENTED_EDGE('',*,*,#4741,.T.);
#5978=ORIENTED_EDGE('',*,*,#4742,.T.);
#5979=ORIENTED_EDGE('',*,*,#4743,.T.);
#5980=ORIENTED_EDGE('',*,*,#4744,.T.);
#5981=ORIENTED_EDGE('',*,*,#4745,.T.);
#5982=ORIENTED_EDGE('',*,*,#4746,.T.);
#5983=ORIENTED_EDGE('',*,*,#4747,.T.);
#5984=ORIENTED_EDGE('',*,*,#4748,.T.);
#5985=ORIENTED_EDGE('',*,*,#4749,.T.);
#5986=ORIENTED_EDGE('',*,*,#4750,.T.);
#5987=ORIENTED_EDGE('',*,*,#4751,.T.);
#5988=ORIENTED_EDGE('',*,*,#4752,.T.);
#5989=ORIENTED_EDGE('',*,*,#4753,.T.);
#5990=ORIENTED_EDGE('',*,*,#4754,.T.);
#5991=ORIENTED_EDGE('',*,*,#4755,.T.);
#5992=ORIENTED_EDGE('',*,*,#4756,.T.);
#5993=ORIENTED_EDGE('',*,*,#4757,.T.);
#5994=ORIENTED_EDGE('',*,*,#4758,.T.);
#5995=ORIENTED_EDGE('',*,*,#4759,.T.);
#5996=ORIENTED_EDGE('',*,*,#4760,.T.);
#5997=ORIENTED_EDGE('',*,*,#4761,.T.);
#5998=ORIENTED_EDGE('',*,*,#4762,.T.);
#5999=ORIENTED_EDGE('',*,*,#4763,.T.);
#6000=ORIENTED_EDGE('',*,*,#4764,.T.);
#6001=ORIENTED_EDGE('',*,*,#4765,.T.);
#6002=ORIENTED_EDGE('',*,*,#4766,.T.);
#6003=ORIENTED_EDGE('',*,*,#4767,.T.);
#6004=ORIENTED_EDGE('',*,*,#4768,.T.);
#6005=ORIENTED_EDGE('',*,*,#4769,.T.);
#6006=ORIENTED_EDGE('',*,*,#4770,.T.);
#6007=ORIENTED_EDGE('',*,*,#4771,.T.);
#6008=ORIENTED_EDGE('',*,*,#4772,.T.);
#6009=ORIENTED_EDGE('',*,*,#4773,.T.);
#6010=ORIENTED_EDGE('',*,*,#4774,.T.);
#6011=ORIENTED_EDGE('',*,*,#4775,.T.);
#6012=ORIENTED_EDGE('',*,*,#4776,.T.);
#6013=ORIENTED_EDGE('',*,*,#4777,.T.);
#6014=ORIENTED_EDGE('',*,*,#4778,.F.);
#6015=ORIENTED_EDGE('',*,*,#4779,.T.);
#6016=ORIENTED_EDGE('',*,*,#4780,.T.);
#6017=ORIENTED_EDGE('',*,*,#4781,.T.);
#6018=ORIENTED_EDGE('',*,*,#4782,.T.);
#6019=ORIENTED_EDGE('',*,*,#4783,.T.);
#6020=ORIENTED_EDGE('',*,*,#4784,.T.);
#6021=ORIENTED_EDGE('',*,*,#4785,.T.);
#6022=ORIENTED_EDGE('',*,*,#4786,.T.);
#6023=ORIENTED_EDGE('',*,*,#4787,.T.);
#6024=ORIENTED_EDGE('',*,*,#4788,.T.);
#6025=ORIENTED_EDGE('',*,*,#4789,.T.);
#6026=ORIENTED_EDGE('',*,*,#4790,.T.);
#6027=ORIENTED_EDGE('',*,*,#4791,.T.);
#6028=ORIENTED_EDGE('',*,*,#4792,.T.);
#6029=ORIENTED_EDGE('',*,*,#4793,.T.);
#6030=ORIENTED_EDGE('',*,*,#4794,.T.);
#6031=ORIENTED_EDGE('',*,*,#4795,.T.);
#6032=ORIENTED_EDGE('',*,*,#4796,.T.);
#6033=ORIENTED_EDGE('',*,*,#4797,.T.);
#6034=ORIENTED_EDGE('',*,*,#4798,.T.);
#6035=ORIENTED_EDGE('',*,*,#4799,.T.);
#6036=ORIENTED_EDGE('',*,*,#4800,.T.);
#6037=ORIENTED_EDGE('',*,*,#4801,.T.);
#6038=ORIENTED_EDGE('',*,*,#4802,.T.);
#6039=ORIENTED_EDGE('',*,*,#4803,.T.);
#6040=ORIENTED_EDGE('',*,*,#3996,.T.);
#6041=ORIENTED_EDGE('',*,*,#4412,.F.);
#6042=ORIENTED_EDGE('',*,*,#4420,.F.);
#6043=ORIENTED_EDGE('',*,*,#4414,.T.);
#6044=ORIENTED_EDGE('',*,*,#4000,.T.);
#6045=ORIENTED_EDGE('',*,*,#4804,.F.);
#6046=ORIENTED_EDGE('',*,*,#4416,.F.);
#6047=ORIENTED_EDGE('',*,*,#4805,.T.);
#6048=ORIENTED_EDGE('',*,*,#3997,.T.);
#6049=ORIENTED_EDGE('',*,*,#4803,.F.);
#6050=ORIENTED_EDGE('',*,*,#4419,.F.);
#6051=ORIENTED_EDGE('',*,*,#4804,.T.);
#6052=ORIENTED_EDGE('',*,*,#3999,.T.);
#6053=ORIENTED_EDGE('',*,*,#4806,.F.);
#6054=ORIENTED_EDGE('',*,*,#4417,.F.);
#6055=ORIENTED_EDGE('',*,*,#4806,.T.);
#6056=ORIENTED_EDGE('',*,*,#3998,.T.);
#6057=ORIENTED_EDGE('',*,*,#4805,.F.);
#6058=ORIENTED_EDGE('',*,*,#4418,.F.);
#6059=ORIENTED_EDGE('',*,*,#4807,.T.);
#6060=ORIENTED_EDGE('',*,*,#4384,.T.);
#6061=ORIENTED_EDGE('',*,*,#4808,.F.);
#6062=ORIENTED_EDGE('',*,*,#4795,.F.);
#6063=ORIENTED_EDGE('',*,*,#4809,.T.);
#6064=ORIENTED_EDGE('',*,*,#4385,.T.);
#6065=ORIENTED_EDGE('',*,*,#4807,.F.);
#6066=ORIENTED_EDGE('',*,*,#4802,.F.);
#6067=ORIENTED_EDGE('',*,*,#4808,.T.);
#6068=ORIENTED_EDGE('',*,*,#4391,.T.);
#6069=ORIENTED_EDGE('',*,*,#4810,.F.);
#6070=ORIENTED_EDGE('',*,*,#4796,.F.);
#6071=ORIENTED_EDGE('',*,*,#4811,.T.);
#6072=ORIENTED_EDGE('',*,*,#4386,.T.);
#6073=ORIENTED_EDGE('',*,*,#4809,.F.);
#6074=ORIENTED_EDGE('',*,*,#4801,.F.);
#6075=ORIENTED_EDGE('',*,*,#4810,.T.);
#6076=ORIENTED_EDGE('',*,*,#4390,.T.);
#6077=ORIENTED_EDGE('',*,*,#4812,.F.);
#6078=ORIENTED_EDGE('',*,*,#4797,.F.);
#6079=ORIENTED_EDGE('',*,*,#4813,.T.);
#6080=ORIENTED_EDGE('',*,*,#4387,.T.);
#6081=ORIENTED_EDGE('',*,*,#4811,.F.);
#6082=ORIENTED_EDGE('',*,*,#4800,.F.);
#6083=ORIENTED_EDGE('',*,*,#4812,.T.);
#6084=ORIENTED_EDGE('',*,*,#4389,.T.);
#6085=ORIENTED_EDGE('',*,*,#4814,.F.);
#6086=ORIENTED_EDGE('',*,*,#4798,.F.);
#6087=ORIENTED_EDGE('',*,*,#4814,.T.);
#6088=ORIENTED_EDGE('',*,*,#4388,.T.);
#6089=ORIENTED_EDGE('',*,*,#4813,.F.);
#6090=ORIENTED_EDGE('',*,*,#4799,.F.);
#6091=ORIENTED_EDGE('',*,*,#4815,.T.);
#6092=ORIENTED_EDGE('',*,*,#4376,.T.);
#6093=ORIENTED_EDGE('',*,*,#4816,.F.);
#6094=ORIENTED_EDGE('',*,*,#4787,.F.);
#6095=ORIENTED_EDGE('',*,*,#4817,.T.);
#6096=ORIENTED_EDGE('',*,*,#4377,.T.);
#6097=ORIENTED_EDGE('',*,*,#4815,.F.);
#6098=ORIENTED_EDGE('',*,*,#4794,.F.);
#6099=ORIENTED_EDGE('',*,*,#4816,.T.);
#6100=ORIENTED_EDGE('',*,*,#4383,.T.);
#6101=ORIENTED_EDGE('',*,*,#4818,.F.);
#6102=ORIENTED_EDGE('',*,*,#4788,.F.);
#6103=ORIENTED_EDGE('',*,*,#4819,.T.);
#6104=ORIENTED_EDGE('',*,*,#4378,.T.);
#6105=ORIENTED_EDGE('',*,*,#4817,.F.);
#6106=ORIENTED_EDGE('',*,*,#4793,.F.);
#6107=ORIENTED_EDGE('',*,*,#4818,.T.);
#6108=ORIENTED_EDGE('',*,*,#4382,.T.);
#6109=ORIENTED_EDGE('',*,*,#4820,.F.);
#6110=ORIENTED_EDGE('',*,*,#4789,.F.);
#6111=ORIENTED_EDGE('',*,*,#4821,.T.);
#6112=ORIENTED_EDGE('',*,*,#4379,.T.);
#6113=ORIENTED_EDGE('',*,*,#4819,.F.);
#6114=ORIENTED_EDGE('',*,*,#4792,.F.);
#6115=ORIENTED_EDGE('',*,*,#4820,.T.);
#6116=ORIENTED_EDGE('',*,*,#4381,.T.);
#6117=ORIENTED_EDGE('',*,*,#4822,.F.);
#6118=ORIENTED_EDGE('',*,*,#4790,.F.);
#6119=ORIENTED_EDGE('',*,*,#4822,.T.);
#6120=ORIENTED_EDGE('',*,*,#4380,.T.);
#6121=ORIENTED_EDGE('',*,*,#4821,.F.);
#6122=ORIENTED_EDGE('',*,*,#4791,.F.);
#6123=ORIENTED_EDGE('',*,*,#4823,.T.);
#6124=ORIENTED_EDGE('',*,*,#4368,.T.);
#6125=ORIENTED_EDGE('',*,*,#4824,.F.);
#6126=ORIENTED_EDGE('',*,*,#4779,.F.);
#6127=ORIENTED_EDGE('',*,*,#4825,.T.);
#6128=ORIENTED_EDGE('',*,*,#4369,.T.);
#6129=ORIENTED_EDGE('',*,*,#4823,.F.);
#6130=ORIENTED_EDGE('',*,*,#4786,.F.);
#6131=ORIENTED_EDGE('',*,*,#4824,.T.);
#6132=ORIENTED_EDGE('',*,*,#4375,.T.);
#6133=ORIENTED_EDGE('',*,*,#4826,.F.);
#6134=ORIENTED_EDGE('',*,*,#4780,.F.);
#6135=ORIENTED_EDGE('',*,*,#4827,.T.);
#6136=ORIENTED_EDGE('',*,*,#4370,.T.);
#6137=ORIENTED_EDGE('',*,*,#4825,.F.);
#6138=ORIENTED_EDGE('',*,*,#4785,.F.);
#6139=ORIENTED_EDGE('',*,*,#4826,.T.);
#6140=ORIENTED_EDGE('',*,*,#4374,.T.);
#6141=ORIENTED_EDGE('',*,*,#4828,.F.);
#6142=ORIENTED_EDGE('',*,*,#4781,.F.);
#6143=ORIENTED_EDGE('',*,*,#4829,.T.);
#6144=ORIENTED_EDGE('',*,*,#4371,.T.);
#6145=ORIENTED_EDGE('',*,*,#4827,.F.);
#6146=ORIENTED_EDGE('',*,*,#4784,.F.);
#6147=ORIENTED_EDGE('',*,*,#4828,.T.);
#6148=ORIENTED_EDGE('',*,*,#4373,.T.);
#6149=ORIENTED_EDGE('',*,*,#4830,.F.);
#6150=ORIENTED_EDGE('',*,*,#4782,.F.);
#6151=ORIENTED_EDGE('',*,*,#4830,.T.);
#6152=ORIENTED_EDGE('',*,*,#4372,.T.);
#6153=ORIENTED_EDGE('',*,*,#4829,.F.);
#6154=ORIENTED_EDGE('',*,*,#4783,.F.);
#6155=ORIENTED_EDGE('',*,*,#4367,.F.);
#6156=ORIENTED_EDGE('',*,*,#4831,.T.);
#6157=ORIENTED_EDGE('',*,*,#4778,.T.);
#6158=ORIENTED_EDGE('',*,*,#4831,.F.);
#6159=ORIENTED_EDGE('',*,*,#4832,.T.);
#6160=ORIENTED_EDGE('',*,*,#4356,.T.);
#6161=ORIENTED_EDGE('',*,*,#4833,.F.);
#6162=ORIENTED_EDGE('',*,*,#4429,.F.);
#6163=ORIENTED_EDGE('',*,*,#4834,.T.);
#6164=ORIENTED_EDGE('',*,*,#4357,.T.);
#6165=ORIENTED_EDGE('',*,*,#4832,.F.);
#6166=ORIENTED_EDGE('',*,*,#4428,.F.);
#6167=ORIENTED_EDGE('',*,*,#4833,.T.);
#6168=ORIENTED_EDGE('',*,*,#4355,.T.);
#6169=ORIENTED_EDGE('',*,*,#4835,.F.);
#6170=ORIENTED_EDGE('',*,*,#4430,.F.);
#6171=ORIENTED_EDGE('',*,*,#4836,.T.);
#6172=ORIENTED_EDGE('',*,*,#4358,.T.);
#6173=ORIENTED_EDGE('',*,*,#4834,.F.);
#6174=ORIENTED_EDGE('',*,*,#4427,.F.);
#6175=ORIENTED_EDGE('',*,*,#4835,.T.);
#6176=ORIENTED_EDGE('',*,*,#4354,.T.);
#6177=ORIENTED_EDGE('',*,*,#4837,.F.);
#6178=ORIENTED_EDGE('',*,*,#4431,.F.);
#6179=ORIENTED_EDGE('',*,*,#4838,.T.);
#6180=ORIENTED_EDGE('',*,*,#4359,.T.);
#6181=ORIENTED_EDGE('',*,*,#4836,.F.);
#6182=ORIENTED_EDGE('',*,*,#4426,.F.);
#6183=ORIENTED_EDGE('',*,*,#4837,.T.);
#6184=ORIENTED_EDGE('',*,*,#4353,.T.);
#6185=ORIENTED_EDGE('',*,*,#4839,.F.);
#6186=ORIENTED_EDGE('',*,*,#4432,.F.);
#6187=ORIENTED_EDGE('',*,*,#4840,.T.);
#6188=ORIENTED_EDGE('',*,*,#4360,.T.);
#6189=ORIENTED_EDGE('',*,*,#4838,.F.);
#6190=ORIENTED_EDGE('',*,*,#4425,.F.);
#6191=ORIENTED_EDGE('',*,*,#4839,.T.);
#6192=ORIENTED_EDGE('',*,*,#4352,.T.);
#6193=ORIENTED_EDGE('',*,*,#4841,.F.);
#6194=ORIENTED_EDGE('',*,*,#4433,.F.);
#6195=ORIENTED_EDGE('',*,*,#4842,.T.);
#6196=ORIENTED_EDGE('',*,*,#4361,.T.);
#6197=ORIENTED_EDGE('',*,*,#4840,.F.);
#6198=ORIENTED_EDGE('',*,*,#4424,.F.);
#6199=ORIENTED_EDGE('',*,*,#4841,.T.);
#6200=ORIENTED_EDGE('',*,*,#4351,.T.);
#6201=ORIENTED_EDGE('',*,*,#4843,.F.);
#6202=ORIENTED_EDGE('',*,*,#4434,.F.);
#6203=ORIENTED_EDGE('',*,*,#4844,.T.);
#6204=ORIENTED_EDGE('',*,*,#4362,.T.);
#6205=ORIENTED_EDGE('',*,*,#4842,.F.);
#6206=ORIENTED_EDGE('',*,*,#4423,.F.);
#6207=ORIENTED_EDGE('',*,*,#4843,.T.);
#6208=ORIENTED_EDGE('',*,*,#4350,.T.);
#6209=ORIENTED_EDGE('',*,*,#4845,.F.);
#6210=ORIENTED_EDGE('',*,*,#4435,.F.);
#6211=ORIENTED_EDGE('',*,*,#4846,.T.);
#6212=ORIENTED_EDGE('',*,*,#4363,.T.);
#6213=ORIENTED_EDGE('',*,*,#4844,.F.);
#6214=ORIENTED_EDGE('',*,*,#4422,.F.);
#6215=ORIENTED_EDGE('',*,*,#4845,.T.);
#6216=ORIENTED_EDGE('',*,*,#4349,.T.);
#6217=ORIENTED_EDGE('',*,*,#4847,.F.);
#6218=ORIENTED_EDGE('',*,*,#4436,.F.);
#6219=ORIENTED_EDGE('',*,*,#4394,.T.);
#6220=ORIENTED_EDGE('',*,*,#4364,.T.);
#6221=ORIENTED_EDGE('',*,*,#4846,.F.);
#6222=ORIENTED_EDGE('',*,*,#4421,.F.);
#6223=ORIENTED_EDGE('',*,*,#4847,.T.);
#6224=ORIENTED_EDGE('',*,*,#4348,.T.);
#6225=ORIENTED_EDGE('',*,*,#4848,.F.);
#6226=ORIENTED_EDGE('',*,*,#4437,.F.);
#6227=ORIENTED_EDGE('',*,*,#4848,.T.);
#6228=ORIENTED_EDGE('',*,*,#4347,.T.);
#6229=ORIENTED_EDGE('',*,*,#4849,.F.);
#6230=ORIENTED_EDGE('',*,*,#4438,.F.);
#6231=ORIENTED_EDGE('',*,*,#4850,.T.);
#6232=ORIENTED_EDGE('',*,*,#4336,.T.);
#6233=ORIENTED_EDGE('',*,*,#4408,.F.);
#6234=ORIENTED_EDGE('',*,*,#4449,.F.);
#6235=ORIENTED_EDGE('',*,*,#4849,.T.);
#6236=ORIENTED_EDGE('',*,*,#4346,.T.);
#6237=ORIENTED_EDGE('',*,*,#4851,.F.);
#6238=ORIENTED_EDGE('',*,*,#4439,.F.);
#6239=ORIENTED_EDGE('',*,*,#4852,.T.);
#6240=ORIENTED_EDGE('',*,*,#4337,.T.);
#6241=ORIENTED_EDGE('',*,*,#4850,.F.);
#6242=ORIENTED_EDGE('',*,*,#4448,.F.);
#6243=ORIENTED_EDGE('',*,*,#4851,.T.);
#6244=ORIENTED_EDGE('',*,*,#4345,.T.);
#6245=ORIENTED_EDGE('',*,*,#4853,.F.);
#6246=ORIENTED_EDGE('',*,*,#4440,.F.);
#6247=ORIENTED_EDGE('',*,*,#4854,.T.);
#6248=ORIENTED_EDGE('',*,*,#4338,.T.);
#6249=ORIENTED_EDGE('',*,*,#4852,.F.);
#6250=ORIENTED_EDGE('',*,*,#4447,.F.);
#6251=ORIENTED_EDGE('',*,*,#4853,.T.);
#6252=ORIENTED_EDGE('',*,*,#4344,.T.);
#6253=ORIENTED_EDGE('',*,*,#4855,.F.);
#6254=ORIENTED_EDGE('',*,*,#4441,.F.);
#6255=ORIENTED_EDGE('',*,*,#4856,.T.);
#6256=ORIENTED_EDGE('',*,*,#4339,.T.);
#6257=ORIENTED_EDGE('',*,*,#4854,.F.);
#6258=ORIENTED_EDGE('',*,*,#4446,.F.);
#6259=ORIENTED_EDGE('',*,*,#4855,.T.);
#6260=ORIENTED_EDGE('',*,*,#4343,.T.);
#6261=ORIENTED_EDGE('',*,*,#4857,.F.);
#6262=ORIENTED_EDGE('',*,*,#4442,.F.);
#6263=ORIENTED_EDGE('',*,*,#4858,.T.);
#6264=ORIENTED_EDGE('',*,*,#4340,.T.);
#6265=ORIENTED_EDGE('',*,*,#4856,.F.);
#6266=ORIENTED_EDGE('',*,*,#4445,.F.);
#6267=ORIENTED_EDGE('',*,*,#4857,.T.);
#6268=ORIENTED_EDGE('',*,*,#4342,.T.);
#6269=ORIENTED_EDGE('',*,*,#4859,.F.);
#6270=ORIENTED_EDGE('',*,*,#4443,.F.);
#6271=ORIENTED_EDGE('',*,*,#4859,.T.);
#6272=ORIENTED_EDGE('',*,*,#4341,.T.);
#6273=ORIENTED_EDGE('',*,*,#4858,.F.);
#6274=ORIENTED_EDGE('',*,*,#4444,.F.);
#6275=ORIENTED_EDGE('',*,*,#4860,.T.);
#6276=ORIENTED_EDGE('',*,*,#4327,.T.);
#6277=ORIENTED_EDGE('',*,*,#4861,.F.);
#6278=ORIENTED_EDGE('',*,*,#4770,.F.);
#6279=ORIENTED_EDGE('',*,*,#4862,.T.);
#6280=ORIENTED_EDGE('',*,*,#4328,.T.);
#6281=ORIENTED_EDGE('',*,*,#4860,.F.);
#6282=ORIENTED_EDGE('',*,*,#4777,.F.);
#6283=ORIENTED_EDGE('',*,*,#4861,.T.);
#6284=ORIENTED_EDGE('',*,*,#4334,.T.);
#6285=ORIENTED_EDGE('',*,*,#4863,.F.);
#6286=ORIENTED_EDGE('',*,*,#4771,.F.);
#6287=ORIENTED_EDGE('',*,*,#4864,.T.);
#6288=ORIENTED_EDGE('',*,*,#4329,.T.);
#6289=ORIENTED_EDGE('',*,*,#4862,.F.);
#6290=ORIENTED_EDGE('',*,*,#4776,.F.);
#6291=ORIENTED_EDGE('',*,*,#4863,.T.);
#6292=ORIENTED_EDGE('',*,*,#4333,.T.);
#6293=ORIENTED_EDGE('',*,*,#4865,.F.);
#6294=ORIENTED_EDGE('',*,*,#4772,.F.);
#6295=ORIENTED_EDGE('',*,*,#4866,.T.);
#6296=ORIENTED_EDGE('',*,*,#4330,.T.);
#6297=ORIENTED_EDGE('',*,*,#4864,.F.);
#6298=ORIENTED_EDGE('',*,*,#4775,.F.);
#6299=ORIENTED_EDGE('',*,*,#4865,.T.);
#6300=ORIENTED_EDGE('',*,*,#4332,.T.);
#6301=ORIENTED_EDGE('',*,*,#4867,.F.);
#6302=ORIENTED_EDGE('',*,*,#4773,.F.);
#6303=ORIENTED_EDGE('',*,*,#4867,.T.);
#6304=ORIENTED_EDGE('',*,*,#4331,.T.);
#6305=ORIENTED_EDGE('',*,*,#4866,.F.);
#6306=ORIENTED_EDGE('',*,*,#4774,.F.);
#6307=ORIENTED_EDGE('',*,*,#4868,.T.);
#6308=ORIENTED_EDGE('',*,*,#4319,.T.);
#6309=ORIENTED_EDGE('',*,*,#4869,.F.);
#6310=ORIENTED_EDGE('',*,*,#4762,.F.);
#6311=ORIENTED_EDGE('',*,*,#4870,.T.);
#6312=ORIENTED_EDGE('',*,*,#4320,.T.);
#6313=ORIENTED_EDGE('',*,*,#4868,.F.);
#6314=ORIENTED_EDGE('',*,*,#4769,.F.);
#6315=ORIENTED_EDGE('',*,*,#4869,.T.);
#6316=ORIENTED_EDGE('',*,*,#4326,.T.);
#6317=ORIENTED_EDGE('',*,*,#4871,.F.);
#6318=ORIENTED_EDGE('',*,*,#4763,.F.);
#6319=ORIENTED_EDGE('',*,*,#4872,.T.);
#6320=ORIENTED_EDGE('',*,*,#4321,.T.);
#6321=ORIENTED_EDGE('',*,*,#4870,.F.);
#6322=ORIENTED_EDGE('',*,*,#4768,.F.);
#6323=ORIENTED_EDGE('',*,*,#4871,.T.);
#6324=ORIENTED_EDGE('',*,*,#4325,.T.);
#6325=ORIENTED_EDGE('',*,*,#4873,.F.);
#6326=ORIENTED_EDGE('',*,*,#4764,.F.);
#6327=ORIENTED_EDGE('',*,*,#4874,.T.);
#6328=ORIENTED_EDGE('',*,*,#4322,.T.);
#6329=ORIENTED_EDGE('',*,*,#4872,.F.);
#6330=ORIENTED_EDGE('',*,*,#4767,.F.);
#6331=ORIENTED_EDGE('',*,*,#4873,.T.);
#6332=ORIENTED_EDGE('',*,*,#4324,.T.);
#6333=ORIENTED_EDGE('',*,*,#4875,.F.);
#6334=ORIENTED_EDGE('',*,*,#4765,.F.);
#6335=ORIENTED_EDGE('',*,*,#4875,.T.);
#6336=ORIENTED_EDGE('',*,*,#4323,.T.);
#6337=ORIENTED_EDGE('',*,*,#4874,.F.);
#6338=ORIENTED_EDGE('',*,*,#4766,.F.);
#6339=ORIENTED_EDGE('',*,*,#4876,.T.);
#6340=ORIENTED_EDGE('',*,*,#4311,.T.);
#6341=ORIENTED_EDGE('',*,*,#4877,.F.);
#6342=ORIENTED_EDGE('',*,*,#4754,.F.);
#6343=ORIENTED_EDGE('',*,*,#4878,.T.);
#6344=ORIENTED_EDGE('',*,*,#4312,.T.);
#6345=ORIENTED_EDGE('',*,*,#4876,.F.);
#6346=ORIENTED_EDGE('',*,*,#4761,.F.);
#6347=ORIENTED_EDGE('',*,*,#4877,.T.);
#6348=ORIENTED_EDGE('',*,*,#4318,.T.);
#6349=ORIENTED_EDGE('',*,*,#4879,.F.);
#6350=ORIENTED_EDGE('',*,*,#4755,.F.);
#6351=ORIENTED_EDGE('',*,*,#4880,.T.);
#6352=ORIENTED_EDGE('',*,*,#4313,.T.);
#6353=ORIENTED_EDGE('',*,*,#4878,.F.);
#6354=ORIENTED_EDGE('',*,*,#4760,.F.);
#6355=ORIENTED_EDGE('',*,*,#4879,.T.);
#6356=ORIENTED_EDGE('',*,*,#4317,.T.);
#6357=ORIENTED_EDGE('',*,*,#4881,.F.);
#6358=ORIENTED_EDGE('',*,*,#4756,.F.);
#6359=ORIENTED_EDGE('',*,*,#4882,.T.);
#6360=ORIENTED_EDGE('',*,*,#4314,.T.);
#6361=ORIENTED_EDGE('',*,*,#4880,.F.);
#6362=ORIENTED_EDGE('',*,*,#4759,.F.);
#6363=ORIENTED_EDGE('',*,*,#4881,.T.);
#6364=ORIENTED_EDGE('',*,*,#4316,.T.);
#6365=ORIENTED_EDGE('',*,*,#4883,.F.);
#6366=ORIENTED_EDGE('',*,*,#4757,.F.);
#6367=ORIENTED_EDGE('',*,*,#4883,.T.);
#6368=ORIENTED_EDGE('',*,*,#4315,.T.);
#6369=ORIENTED_EDGE('',*,*,#4882,.F.);
#6370=ORIENTED_EDGE('',*,*,#4758,.F.);
#6371=ORIENTED_EDGE('',*,*,#4884,.T.);
#6372=ORIENTED_EDGE('',*,*,#4303,.T.);
#6373=ORIENTED_EDGE('',*,*,#4885,.F.);
#6374=ORIENTED_EDGE('',*,*,#4746,.F.);
#6375=ORIENTED_EDGE('',*,*,#4886,.T.);
#6376=ORIENTED_EDGE('',*,*,#4304,.T.);
#6377=ORIENTED_EDGE('',*,*,#4884,.F.);
#6378=ORIENTED_EDGE('',*,*,#4753,.F.);
#6379=ORIENTED_EDGE('',*,*,#4885,.T.);
#6380=ORIENTED_EDGE('',*,*,#4310,.T.);
#6381=ORIENTED_EDGE('',*,*,#4887,.F.);
#6382=ORIENTED_EDGE('',*,*,#4747,.F.);
#6383=ORIENTED_EDGE('',*,*,#4888,.T.);
#6384=ORIENTED_EDGE('',*,*,#4305,.T.);
#6385=ORIENTED_EDGE('',*,*,#4886,.F.);
#6386=ORIENTED_EDGE('',*,*,#4752,.F.);
#6387=ORIENTED_EDGE('',*,*,#4887,.T.);
#6388=ORIENTED_EDGE('',*,*,#4309,.T.);
#6389=ORIENTED_EDGE('',*,*,#4889,.F.);
#6390=ORIENTED_EDGE('',*,*,#4748,.F.);
#6391=ORIENTED_EDGE('',*,*,#4890,.T.);
#6392=ORIENTED_EDGE('',*,*,#4306,.T.);
#6393=ORIENTED_EDGE('',*,*,#4888,.F.);
#6394=ORIENTED_EDGE('',*,*,#4751,.F.);
#6395=ORIENTED_EDGE('',*,*,#4889,.T.);
#6396=ORIENTED_EDGE('',*,*,#4308,.T.);
#6397=ORIENTED_EDGE('',*,*,#4891,.F.);
#6398=ORIENTED_EDGE('',*,*,#4749,.F.);
#6399=ORIENTED_EDGE('',*,*,#4891,.T.);
#6400=ORIENTED_EDGE('',*,*,#4307,.T.);
#6401=ORIENTED_EDGE('',*,*,#4890,.F.);
#6402=ORIENTED_EDGE('',*,*,#4750,.F.);
#6403=ORIENTED_EDGE('',*,*,#4892,.T.);
#6404=ORIENTED_EDGE('',*,*,#4295,.T.);
#6405=ORIENTED_EDGE('',*,*,#4893,.F.);
#6406=ORIENTED_EDGE('',*,*,#4738,.F.);
#6407=ORIENTED_EDGE('',*,*,#4894,.T.);
#6408=ORIENTED_EDGE('',*,*,#4296,.T.);
#6409=ORIENTED_EDGE('',*,*,#4892,.F.);
#6410=ORIENTED_EDGE('',*,*,#4745,.F.);
#6411=ORIENTED_EDGE('',*,*,#4893,.T.);
#6412=ORIENTED_EDGE('',*,*,#4302,.T.);
#6413=ORIENTED_EDGE('',*,*,#4895,.F.);
#6414=ORIENTED_EDGE('',*,*,#4739,.F.);
#6415=ORIENTED_EDGE('',*,*,#4896,.T.);
#6416=ORIENTED_EDGE('',*,*,#4297,.T.);
#6417=ORIENTED_EDGE('',*,*,#4894,.F.);
#6418=ORIENTED_EDGE('',*,*,#4744,.F.);
#6419=ORIENTED_EDGE('',*,*,#4895,.T.);
#6420=ORIENTED_EDGE('',*,*,#4301,.T.);
#6421=ORIENTED_EDGE('',*,*,#4897,.F.);
#6422=ORIENTED_EDGE('',*,*,#4740,.F.);
#6423=ORIENTED_EDGE('',*,*,#4898,.T.);
#6424=ORIENTED_EDGE('',*,*,#4298,.T.);
#6425=ORIENTED_EDGE('',*,*,#4896,.F.);
#6426=ORIENTED_EDGE('',*,*,#4743,.F.);
#6427=ORIENTED_EDGE('',*,*,#4897,.T.);
#6428=ORIENTED_EDGE('',*,*,#4300,.T.);
#6429=ORIENTED_EDGE('',*,*,#4899,.F.);
#6430=ORIENTED_EDGE('',*,*,#4741,.F.);
#6431=ORIENTED_EDGE('',*,*,#4899,.T.);
#6432=ORIENTED_EDGE('',*,*,#4299,.T.);
#6433=ORIENTED_EDGE('',*,*,#4898,.F.);
#6434=ORIENTED_EDGE('',*,*,#4742,.F.);
#6435=ORIENTED_EDGE('',*,*,#4900,.T.);
#6436=ORIENTED_EDGE('',*,*,#4265,.T.);
#6437=ORIENTED_EDGE('',*,*,#4405,.F.);
#6438=ORIENTED_EDGE('',*,*,#4478,.F.);
#6439=ORIENTED_EDGE('',*,*,#4901,.T.);
#6440=ORIENTED_EDGE('',*,*,#4266,.T.);
#6441=ORIENTED_EDGE('',*,*,#4900,.F.);
#6442=ORIENTED_EDGE('',*,*,#4477,.F.);
#6443=ORIENTED_EDGE('',*,*,#4902,.T.);
#6444=ORIENTED_EDGE('',*,*,#4267,.T.);
#6445=ORIENTED_EDGE('',*,*,#4901,.F.);
#6446=ORIENTED_EDGE('',*,*,#4476,.F.);
#6447=ORIENTED_EDGE('',*,*,#4399,.T.);
#6448=ORIENTED_EDGE('',*,*,#4293,.T.);
#6449=ORIENTED_EDGE('',*,*,#4903,.F.);
#6450=ORIENTED_EDGE('',*,*,#4450,.F.);
#6451=ORIENTED_EDGE('',*,*,#4904,.T.);
#6452=ORIENTED_EDGE('',*,*,#4268,.T.);
#6453=ORIENTED_EDGE('',*,*,#4902,.F.);
#6454=ORIENTED_EDGE('',*,*,#4475,.F.);
#6455=ORIENTED_EDGE('',*,*,#4903,.T.);
#6456=ORIENTED_EDGE('',*,*,#4292,.T.);
#6457=ORIENTED_EDGE('',*,*,#4905,.F.);
#6458=ORIENTED_EDGE('',*,*,#4451,.F.);
#6459=ORIENTED_EDGE('',*,*,#4906,.T.);
#6460=ORIENTED_EDGE('',*,*,#4269,.T.);
#6461=ORIENTED_EDGE('',*,*,#4904,.F.);
#6462=ORIENTED_EDGE('',*,*,#4474,.F.);
#6463=ORIENTED_EDGE('',*,*,#4905,.T.);
#6464=ORIENTED_EDGE('',*,*,#4291,.T.);
#6465=ORIENTED_EDGE('',*,*,#4907,.F.);
#6466=ORIENTED_EDGE('',*,*,#4452,.F.);
#6467=ORIENTED_EDGE('',*,*,#4908,.T.);
#6468=ORIENTED_EDGE('',*,*,#4270,.T.);
#6469=ORIENTED_EDGE('',*,*,#4906,.F.);
#6470=ORIENTED_EDGE('',*,*,#4473,.F.);
#6471=ORIENTED_EDGE('',*,*,#4907,.T.);
#6472=ORIENTED_EDGE('',*,*,#4290,.T.);
#6473=ORIENTED_EDGE('',*,*,#4909,.F.);
#6474=ORIENTED_EDGE('',*,*,#4453,.F.);
#6475=ORIENTED_EDGE('',*,*,#4910,.T.);
#6476=ORIENTED_EDGE('',*,*,#4271,.T.);
#6477=ORIENTED_EDGE('',*,*,#4908,.F.);
#6478=ORIENTED_EDGE('',*,*,#4472,.F.);
#6479=ORIENTED_EDGE('',*,*,#4909,.T.);
#6480=ORIENTED_EDGE('',*,*,#4289,.T.);
#6481=ORIENTED_EDGE('',*,*,#4911,.F.);
#6482=ORIENTED_EDGE('',*,*,#4454,.F.);
#6483=ORIENTED_EDGE('',*,*,#4912,.T.);
#6484=ORIENTED_EDGE('',*,*,#4272,.T.);
#6485=ORIENTED_EDGE('',*,*,#4910,.F.);
#6486=ORIENTED_EDGE('',*,*,#4471,.F.);
#6487=ORIENTED_EDGE('',*,*,#4911,.T.);
#6488=ORIENTED_EDGE('',*,*,#4288,.T.);
#6489=ORIENTED_EDGE('',*,*,#4913,.F.);
#6490=ORIENTED_EDGE('',*,*,#4455,.F.);
#6491=ORIENTED_EDGE('',*,*,#4914,.T.);
#6492=ORIENTED_EDGE('',*,*,#4273,.T.);
#6493=ORIENTED_EDGE('',*,*,#4912,.F.);
#6494=ORIENTED_EDGE('',*,*,#4470,.F.);
#6495=ORIENTED_EDGE('',*,*,#4913,.T.);
#6496=ORIENTED_EDGE('',*,*,#4287,.T.);
#6497=ORIENTED_EDGE('',*,*,#4915,.F.);
#6498=ORIENTED_EDGE('',*,*,#4456,.F.);
#6499=ORIENTED_EDGE('',*,*,#4916,.T.);
#6500=ORIENTED_EDGE('',*,*,#4274,.T.);
#6501=ORIENTED_EDGE('',*,*,#4914,.F.);
#6502=ORIENTED_EDGE('',*,*,#4469,.F.);
#6503=ORIENTED_EDGE('',*,*,#4915,.T.);
#6504=ORIENTED_EDGE('',*,*,#4286,.T.);
#6505=ORIENTED_EDGE('',*,*,#4917,.F.);
#6506=ORIENTED_EDGE('',*,*,#4457,.F.);
#6507=ORIENTED_EDGE('',*,*,#4918,.T.);
#6508=ORIENTED_EDGE('',*,*,#4275,.T.);
#6509=ORIENTED_EDGE('',*,*,#4916,.F.);
#6510=ORIENTED_EDGE('',*,*,#4468,.F.);
#6511=ORIENTED_EDGE('',*,*,#4917,.T.);
#6512=ORIENTED_EDGE('',*,*,#4285,.T.);
#6513=ORIENTED_EDGE('',*,*,#4919,.F.);
#6514=ORIENTED_EDGE('',*,*,#4458,.F.);
#6515=ORIENTED_EDGE('',*,*,#4920,.T.);
#6516=ORIENTED_EDGE('',*,*,#4276,.T.);
#6517=ORIENTED_EDGE('',*,*,#4918,.F.);
#6518=ORIENTED_EDGE('',*,*,#4467,.F.);
#6519=ORIENTED_EDGE('',*,*,#4919,.T.);
#6520=ORIENTED_EDGE('',*,*,#4284,.T.);
#6521=ORIENTED_EDGE('',*,*,#4921,.F.);
#6522=ORIENTED_EDGE('',*,*,#4459,.F.);
#6523=ORIENTED_EDGE('',*,*,#4922,.T.);
#6524=ORIENTED_EDGE('',*,*,#4277,.T.);
#6525=ORIENTED_EDGE('',*,*,#4920,.F.);
#6526=ORIENTED_EDGE('',*,*,#4466,.F.);
#6527=ORIENTED_EDGE('',*,*,#4921,.T.);
#6528=ORIENTED_EDGE('',*,*,#4283,.T.);
#6529=ORIENTED_EDGE('',*,*,#4923,.F.);
#6530=ORIENTED_EDGE('',*,*,#4460,.F.);
#6531=ORIENTED_EDGE('',*,*,#4924,.T.);
#6532=ORIENTED_EDGE('',*,*,#4278,.T.);
#6533=ORIENTED_EDGE('',*,*,#4922,.F.);
#6534=ORIENTED_EDGE('',*,*,#4465,.F.);
#6535=ORIENTED_EDGE('',*,*,#4923,.T.);
#6536=ORIENTED_EDGE('',*,*,#4282,.T.);
#6537=ORIENTED_EDGE('',*,*,#4925,.F.);
#6538=ORIENTED_EDGE('',*,*,#4461,.F.);
#6539=ORIENTED_EDGE('',*,*,#4926,.T.);
#6540=ORIENTED_EDGE('',*,*,#4279,.T.);
#6541=ORIENTED_EDGE('',*,*,#4924,.F.);
#6542=ORIENTED_EDGE('',*,*,#4464,.F.);
#6543=ORIENTED_EDGE('',*,*,#4925,.T.);
#6544=ORIENTED_EDGE('',*,*,#4281,.T.);
#6545=ORIENTED_EDGE('',*,*,#4927,.F.);
#6546=ORIENTED_EDGE('',*,*,#4462,.F.);
#6547=ORIENTED_EDGE('',*,*,#4927,.T.);
#6548=ORIENTED_EDGE('',*,*,#4280,.T.);
#6549=ORIENTED_EDGE('',*,*,#4926,.F.);
#6550=ORIENTED_EDGE('',*,*,#4463,.F.);
#6551=ORIENTED_EDGE('',*,*,#4260,.F.);
#6552=ORIENTED_EDGE('',*,*,#4928,.T.);
#6553=ORIENTED_EDGE('',*,*,#4737,.T.);
#6554=ORIENTED_EDGE('',*,*,#4928,.F.);
#6555=ORIENTED_EDGE('',*,*,#4929,.T.);
#6556=ORIENTED_EDGE('',*,*,#4252,.T.);
#6557=ORIENTED_EDGE('',*,*,#4930,.F.);
#6558=ORIENTED_EDGE('',*,*,#4729,.F.);
#6559=ORIENTED_EDGE('',*,*,#4931,.T.);
#6560=ORIENTED_EDGE('',*,*,#4253,.T.);
#6561=ORIENTED_EDGE('',*,*,#4929,.F.);
#6562=ORIENTED_EDGE('',*,*,#4736,.F.);
#6563=ORIENTED_EDGE('',*,*,#4930,.T.);
#6564=ORIENTED_EDGE('',*,*,#4259,.T.);
#6565=ORIENTED_EDGE('',*,*,#4932,.F.);
#6566=ORIENTED_EDGE('',*,*,#4730,.F.);
#6567=ORIENTED_EDGE('',*,*,#4933,.T.);
#6568=ORIENTED_EDGE('',*,*,#4254,.T.);
#6569=ORIENTED_EDGE('',*,*,#4931,.F.);
#6570=ORIENTED_EDGE('',*,*,#4735,.F.);
#6571=ORIENTED_EDGE('',*,*,#4932,.T.);
#6572=ORIENTED_EDGE('',*,*,#4258,.T.);
#6573=ORIENTED_EDGE('',*,*,#4934,.F.);
#6574=ORIENTED_EDGE('',*,*,#4731,.F.);
#6575=ORIENTED_EDGE('',*,*,#4935,.T.);
#6576=ORIENTED_EDGE('',*,*,#4255,.T.);
#6577=ORIENTED_EDGE('',*,*,#4933,.F.);
#6578=ORIENTED_EDGE('',*,*,#4734,.F.);
#6579=ORIENTED_EDGE('',*,*,#4934,.T.);
#6580=ORIENTED_EDGE('',*,*,#4257,.T.);
#6581=ORIENTED_EDGE('',*,*,#4936,.F.);
#6582=ORIENTED_EDGE('',*,*,#4732,.F.);
#6583=ORIENTED_EDGE('',*,*,#4936,.T.);
#6584=ORIENTED_EDGE('',*,*,#4256,.T.);
#6585=ORIENTED_EDGE('',*,*,#4935,.F.);
#6586=ORIENTED_EDGE('',*,*,#4733,.F.);
#6587=ORIENTED_EDGE('',*,*,#4937,.T.);
#6588=ORIENTED_EDGE('',*,*,#4244,.T.);
#6589=ORIENTED_EDGE('',*,*,#4938,.F.);
#6590=ORIENTED_EDGE('',*,*,#4721,.F.);
#6591=ORIENTED_EDGE('',*,*,#4939,.T.);
#6592=ORIENTED_EDGE('',*,*,#4245,.T.);
#6593=ORIENTED_EDGE('',*,*,#4937,.F.);
#6594=ORIENTED_EDGE('',*,*,#4728,.F.);
#6595=ORIENTED_EDGE('',*,*,#4938,.T.);
#6596=ORIENTED_EDGE('',*,*,#4251,.T.);
#6597=ORIENTED_EDGE('',*,*,#4940,.F.);
#6598=ORIENTED_EDGE('',*,*,#4722,.F.);
#6599=ORIENTED_EDGE('',*,*,#4941,.T.);
#6600=ORIENTED_EDGE('',*,*,#4246,.T.);
#6601=ORIENTED_EDGE('',*,*,#4939,.F.);
#6602=ORIENTED_EDGE('',*,*,#4727,.F.);
#6603=ORIENTED_EDGE('',*,*,#4940,.T.);
#6604=ORIENTED_EDGE('',*,*,#4250,.T.);
#6605=ORIENTED_EDGE('',*,*,#4942,.F.);
#6606=ORIENTED_EDGE('',*,*,#4723,.F.);
#6607=ORIENTED_EDGE('',*,*,#4943,.T.);
#6608=ORIENTED_EDGE('',*,*,#4247,.T.);
#6609=ORIENTED_EDGE('',*,*,#4941,.F.);
#6610=ORIENTED_EDGE('',*,*,#4726,.F.);
#6611=ORIENTED_EDGE('',*,*,#4942,.T.);
#6612=ORIENTED_EDGE('',*,*,#4249,.T.);
#6613=ORIENTED_EDGE('',*,*,#4944,.F.);
#6614=ORIENTED_EDGE('',*,*,#4724,.F.);
#6615=ORIENTED_EDGE('',*,*,#4944,.T.);
#6616=ORIENTED_EDGE('',*,*,#4248,.T.);
#6617=ORIENTED_EDGE('',*,*,#4943,.F.);
#6618=ORIENTED_EDGE('',*,*,#4725,.F.);
#6619=ORIENTED_EDGE('',*,*,#4945,.T.);
#6620=ORIENTED_EDGE('',*,*,#4236,.T.);
#6621=ORIENTED_EDGE('',*,*,#4946,.F.);
#6622=ORIENTED_EDGE('',*,*,#4713,.F.);
#6623=ORIENTED_EDGE('',*,*,#4947,.T.);
#6624=ORIENTED_EDGE('',*,*,#4237,.T.);
#6625=ORIENTED_EDGE('',*,*,#4945,.F.);
#6626=ORIENTED_EDGE('',*,*,#4720,.F.);
#6627=ORIENTED_EDGE('',*,*,#4946,.T.);
#6628=ORIENTED_EDGE('',*,*,#4243,.T.);
#6629=ORIENTED_EDGE('',*,*,#4948,.F.);
#6630=ORIENTED_EDGE('',*,*,#4714,.F.);
#6631=ORIENTED_EDGE('',*,*,#4949,.T.);
#6632=ORIENTED_EDGE('',*,*,#4238,.T.);
#6633=ORIENTED_EDGE('',*,*,#4947,.F.);
#6634=ORIENTED_EDGE('',*,*,#4719,.F.);
#6635=ORIENTED_EDGE('',*,*,#4948,.T.);
#6636=ORIENTED_EDGE('',*,*,#4242,.T.);
#6637=ORIENTED_EDGE('',*,*,#4950,.F.);
#6638=ORIENTED_EDGE('',*,*,#4715,.F.);
#6639=ORIENTED_EDGE('',*,*,#4951,.T.);
#6640=ORIENTED_EDGE('',*,*,#4239,.T.);
#6641=ORIENTED_EDGE('',*,*,#4949,.F.);
#6642=ORIENTED_EDGE('',*,*,#4718,.F.);
#6643=ORIENTED_EDGE('',*,*,#4950,.T.);
#6644=ORIENTED_EDGE('',*,*,#4241,.T.);
#6645=ORIENTED_EDGE('',*,*,#4952,.F.);
#6646=ORIENTED_EDGE('',*,*,#4716,.F.);
#6647=ORIENTED_EDGE('',*,*,#4952,.T.);
#6648=ORIENTED_EDGE('',*,*,#4240,.T.);
#6649=ORIENTED_EDGE('',*,*,#4951,.F.);
#6650=ORIENTED_EDGE('',*,*,#4717,.F.);
#6651=ORIENTED_EDGE('',*,*,#4953,.T.);
#6652=ORIENTED_EDGE('',*,*,#4228,.T.);
#6653=ORIENTED_EDGE('',*,*,#4954,.F.);
#6654=ORIENTED_EDGE('',*,*,#4705,.F.);
#6655=ORIENTED_EDGE('',*,*,#4955,.T.);
#6656=ORIENTED_EDGE('',*,*,#4229,.T.);
#6657=ORIENTED_EDGE('',*,*,#4953,.F.);
#6658=ORIENTED_EDGE('',*,*,#4712,.F.);
#6659=ORIENTED_EDGE('',*,*,#4954,.T.);
#6660=ORIENTED_EDGE('',*,*,#4235,.T.);
#6661=ORIENTED_EDGE('',*,*,#4956,.F.);
#6662=ORIENTED_EDGE('',*,*,#4706,.F.);
#6663=ORIENTED_EDGE('',*,*,#4957,.T.);
#6664=ORIENTED_EDGE('',*,*,#4230,.T.);
#6665=ORIENTED_EDGE('',*,*,#4955,.F.);
#6666=ORIENTED_EDGE('',*,*,#4711,.F.);
#6667=ORIENTED_EDGE('',*,*,#4956,.T.);
#6668=ORIENTED_EDGE('',*,*,#4234,.T.);
#6669=ORIENTED_EDGE('',*,*,#4958,.F.);
#6670=ORIENTED_EDGE('',*,*,#4707,.F.);
#6671=ORIENTED_EDGE('',*,*,#4959,.T.);
#6672=ORIENTED_EDGE('',*,*,#4231,.T.);
#6673=ORIENTED_EDGE('',*,*,#4957,.F.);
#6674=ORIENTED_EDGE('',*,*,#4710,.F.);
#6675=ORIENTED_EDGE('',*,*,#4958,.T.);
#6676=ORIENTED_EDGE('',*,*,#4233,.T.);
#6677=ORIENTED_EDGE('',*,*,#4960,.F.);
#6678=ORIENTED_EDGE('',*,*,#4708,.F.);
#6679=ORIENTED_EDGE('',*,*,#4960,.T.);
#6680=ORIENTED_EDGE('',*,*,#4232,.T.);
#6681=ORIENTED_EDGE('',*,*,#4959,.F.);
#6682=ORIENTED_EDGE('',*,*,#4709,.F.);
#6683=ORIENTED_EDGE('',*,*,#4961,.T.);
#6684=ORIENTED_EDGE('',*,*,#4220,.T.);
#6685=ORIENTED_EDGE('',*,*,#4962,.F.);
#6686=ORIENTED_EDGE('',*,*,#4697,.F.);
#6687=ORIENTED_EDGE('',*,*,#4963,.T.);
#6688=ORIENTED_EDGE('',*,*,#4221,.T.);
#6689=ORIENTED_EDGE('',*,*,#4961,.F.);
#6690=ORIENTED_EDGE('',*,*,#4704,.F.);
#6691=ORIENTED_EDGE('',*,*,#4962,.T.);
#6692=ORIENTED_EDGE('',*,*,#4227,.T.);
#6693=ORIENTED_EDGE('',*,*,#4964,.F.);
#6694=ORIENTED_EDGE('',*,*,#4698,.F.);
#6695=ORIENTED_EDGE('',*,*,#4965,.T.);
#6696=ORIENTED_EDGE('',*,*,#4222,.T.);
#6697=ORIENTED_EDGE('',*,*,#4963,.F.);
#6698=ORIENTED_EDGE('',*,*,#4703,.F.);
#6699=ORIENTED_EDGE('',*,*,#4964,.T.);
#6700=ORIENTED_EDGE('',*,*,#4226,.T.);
#6701=ORIENTED_EDGE('',*,*,#4966,.F.);
#6702=ORIENTED_EDGE('',*,*,#4699,.F.);
#6703=ORIENTED_EDGE('',*,*,#4967,.T.);
#6704=ORIENTED_EDGE('',*,*,#4223,.T.);
#6705=ORIENTED_EDGE('',*,*,#4965,.F.);
#6706=ORIENTED_EDGE('',*,*,#4702,.F.);
#6707=ORIENTED_EDGE('',*,*,#4966,.T.);
#6708=ORIENTED_EDGE('',*,*,#4225,.T.);
#6709=ORIENTED_EDGE('',*,*,#4968,.F.);
#6710=ORIENTED_EDGE('',*,*,#4700,.F.);
#6711=ORIENTED_EDGE('',*,*,#4968,.T.);
#6712=ORIENTED_EDGE('',*,*,#4224,.T.);
#6713=ORIENTED_EDGE('',*,*,#4967,.F.);
#6714=ORIENTED_EDGE('',*,*,#4701,.F.);
#6715=ORIENTED_EDGE('',*,*,#4969,.T.);
#6716=ORIENTED_EDGE('',*,*,#4212,.T.);
#6717=ORIENTED_EDGE('',*,*,#4970,.F.);
#6718=ORIENTED_EDGE('',*,*,#4689,.F.);
#6719=ORIENTED_EDGE('',*,*,#4971,.T.);
#6720=ORIENTED_EDGE('',*,*,#4213,.T.);
#6721=ORIENTED_EDGE('',*,*,#4969,.F.);
#6722=ORIENTED_EDGE('',*,*,#4696,.F.);
#6723=ORIENTED_EDGE('',*,*,#4970,.T.);
#6724=ORIENTED_EDGE('',*,*,#4219,.T.);
#6725=ORIENTED_EDGE('',*,*,#4972,.F.);
#6726=ORIENTED_EDGE('',*,*,#4690,.F.);
#6727=ORIENTED_EDGE('',*,*,#4973,.T.);
#6728=ORIENTED_EDGE('',*,*,#4214,.T.);
#6729=ORIENTED_EDGE('',*,*,#4971,.F.);
#6730=ORIENTED_EDGE('',*,*,#4695,.F.);
#6731=ORIENTED_EDGE('',*,*,#4972,.T.);
#6732=ORIENTED_EDGE('',*,*,#4218,.T.);
#6733=ORIENTED_EDGE('',*,*,#4974,.F.);
#6734=ORIENTED_EDGE('',*,*,#4691,.F.);
#6735=ORIENTED_EDGE('',*,*,#4975,.T.);
#6736=ORIENTED_EDGE('',*,*,#4215,.T.);
#6737=ORIENTED_EDGE('',*,*,#4973,.F.);
#6738=ORIENTED_EDGE('',*,*,#4694,.F.);
#6739=ORIENTED_EDGE('',*,*,#4974,.T.);
#6740=ORIENTED_EDGE('',*,*,#4217,.T.);
#6741=ORIENTED_EDGE('',*,*,#4976,.F.);
#6742=ORIENTED_EDGE('',*,*,#4692,.F.);
#6743=ORIENTED_EDGE('',*,*,#4976,.T.);
#6744=ORIENTED_EDGE('',*,*,#4216,.T.);
#6745=ORIENTED_EDGE('',*,*,#4975,.F.);
#6746=ORIENTED_EDGE('',*,*,#4693,.F.);
#6747=ORIENTED_EDGE('',*,*,#4977,.T.);
#6748=ORIENTED_EDGE('',*,*,#4204,.T.);
#6749=ORIENTED_EDGE('',*,*,#4978,.F.);
#6750=ORIENTED_EDGE('',*,*,#4681,.F.);
#6751=ORIENTED_EDGE('',*,*,#4979,.T.);
#6752=ORIENTED_EDGE('',*,*,#4205,.T.);
#6753=ORIENTED_EDGE('',*,*,#4977,.F.);
#6754=ORIENTED_EDGE('',*,*,#4688,.F.);
#6755=ORIENTED_EDGE('',*,*,#4978,.T.);
#6756=ORIENTED_EDGE('',*,*,#4211,.T.);
#6757=ORIENTED_EDGE('',*,*,#4980,.F.);
#6758=ORIENTED_EDGE('',*,*,#4682,.F.);
#6759=ORIENTED_EDGE('',*,*,#4981,.T.);
#6760=ORIENTED_EDGE('',*,*,#4206,.T.);
#6761=ORIENTED_EDGE('',*,*,#4979,.F.);
#6762=ORIENTED_EDGE('',*,*,#4687,.F.);
#6763=ORIENTED_EDGE('',*,*,#4980,.T.);
#6764=ORIENTED_EDGE('',*,*,#4210,.T.);
#6765=ORIENTED_EDGE('',*,*,#4982,.F.);
#6766=ORIENTED_EDGE('',*,*,#4683,.F.);
#6767=ORIENTED_EDGE('',*,*,#4983,.T.);
#6768=ORIENTED_EDGE('',*,*,#4207,.T.);
#6769=ORIENTED_EDGE('',*,*,#4981,.F.);
#6770=ORIENTED_EDGE('',*,*,#4686,.F.);
#6771=ORIENTED_EDGE('',*,*,#4982,.T.);
#6772=ORIENTED_EDGE('',*,*,#4209,.T.);
#6773=ORIENTED_EDGE('',*,*,#4984,.F.);
#6774=ORIENTED_EDGE('',*,*,#4684,.F.);
#6775=ORIENTED_EDGE('',*,*,#4984,.T.);
#6776=ORIENTED_EDGE('',*,*,#4208,.T.);
#6777=ORIENTED_EDGE('',*,*,#4983,.F.);
#6778=ORIENTED_EDGE('',*,*,#4685,.F.);
#6779=ORIENTED_EDGE('',*,*,#4985,.T.);
#6780=ORIENTED_EDGE('',*,*,#4196,.T.);
#6781=ORIENTED_EDGE('',*,*,#4986,.F.);
#6782=ORIENTED_EDGE('',*,*,#4673,.F.);
#6783=ORIENTED_EDGE('',*,*,#4987,.T.);
#6784=ORIENTED_EDGE('',*,*,#4197,.T.);
#6785=ORIENTED_EDGE('',*,*,#4985,.F.);
#6786=ORIENTED_EDGE('',*,*,#4680,.F.);
#6787=ORIENTED_EDGE('',*,*,#4986,.T.);
#6788=ORIENTED_EDGE('',*,*,#4203,.T.);
#6789=ORIENTED_EDGE('',*,*,#4988,.F.);
#6790=ORIENTED_EDGE('',*,*,#4674,.F.);
#6791=ORIENTED_EDGE('',*,*,#4989,.T.);
#6792=ORIENTED_EDGE('',*,*,#4198,.T.);
#6793=ORIENTED_EDGE('',*,*,#4987,.F.);
#6794=ORIENTED_EDGE('',*,*,#4679,.F.);
#6795=ORIENTED_EDGE('',*,*,#4988,.T.);
#6796=ORIENTED_EDGE('',*,*,#4202,.T.);
#6797=ORIENTED_EDGE('',*,*,#4990,.F.);
#6798=ORIENTED_EDGE('',*,*,#4675,.F.);
#6799=ORIENTED_EDGE('',*,*,#4991,.T.);
#6800=ORIENTED_EDGE('',*,*,#4199,.T.);
#6801=ORIENTED_EDGE('',*,*,#4989,.F.);
#6802=ORIENTED_EDGE('',*,*,#4678,.F.);
#6803=ORIENTED_EDGE('',*,*,#4990,.T.);
#6804=ORIENTED_EDGE('',*,*,#4201,.T.);
#6805=ORIENTED_EDGE('',*,*,#4992,.F.);
#6806=ORIENTED_EDGE('',*,*,#4676,.F.);
#6807=ORIENTED_EDGE('',*,*,#4992,.T.);
#6808=ORIENTED_EDGE('',*,*,#4200,.T.);
#6809=ORIENTED_EDGE('',*,*,#4991,.F.);
#6810=ORIENTED_EDGE('',*,*,#4677,.F.);
#6811=ORIENTED_EDGE('',*,*,#4993,.T.);
#6812=ORIENTED_EDGE('',*,*,#4188,.T.);
#6813=ORIENTED_EDGE('',*,*,#4994,.F.);
#6814=ORIENTED_EDGE('',*,*,#4665,.F.);
#6815=ORIENTED_EDGE('',*,*,#4995,.T.);
#6816=ORIENTED_EDGE('',*,*,#4189,.T.);
#6817=ORIENTED_EDGE('',*,*,#4993,.F.);
#6818=ORIENTED_EDGE('',*,*,#4672,.F.);
#6819=ORIENTED_EDGE('',*,*,#4994,.T.);
#6820=ORIENTED_EDGE('',*,*,#4195,.T.);
#6821=ORIENTED_EDGE('',*,*,#4996,.F.);
#6822=ORIENTED_EDGE('',*,*,#4666,.F.);
#6823=ORIENTED_EDGE('',*,*,#4997,.T.);
#6824=ORIENTED_EDGE('',*,*,#4190,.T.);
#6825=ORIENTED_EDGE('',*,*,#4995,.F.);
#6826=ORIENTED_EDGE('',*,*,#4671,.F.);
#6827=ORIENTED_EDGE('',*,*,#4996,.T.);
#6828=ORIENTED_EDGE('',*,*,#4194,.T.);
#6829=ORIENTED_EDGE('',*,*,#4998,.F.);
#6830=ORIENTED_EDGE('',*,*,#4667,.F.);
#6831=ORIENTED_EDGE('',*,*,#4999,.T.);
#6832=ORIENTED_EDGE('',*,*,#4191,.T.);
#6833=ORIENTED_EDGE('',*,*,#4997,.F.);
#6834=ORIENTED_EDGE('',*,*,#4670,.F.);
#6835=ORIENTED_EDGE('',*,*,#4998,.T.);
#6836=ORIENTED_EDGE('',*,*,#4193,.T.);
#6837=ORIENTED_EDGE('',*,*,#5000,.F.);
#6838=ORIENTED_EDGE('',*,*,#4668,.F.);
#6839=ORIENTED_EDGE('',*,*,#5000,.T.);
#6840=ORIENTED_EDGE('',*,*,#4192,.T.);
#6841=ORIENTED_EDGE('',*,*,#4999,.F.);
#6842=ORIENTED_EDGE('',*,*,#4669,.F.);
#6843=ORIENTED_EDGE('',*,*,#5001,.T.);
#6844=ORIENTED_EDGE('',*,*,#4180,.T.);
#6845=ORIENTED_EDGE('',*,*,#5002,.F.);
#6846=ORIENTED_EDGE('',*,*,#4657,.F.);
#6847=ORIENTED_EDGE('',*,*,#5003,.T.);
#6848=ORIENTED_EDGE('',*,*,#4181,.T.);
#6849=ORIENTED_EDGE('',*,*,#5001,.F.);
#6850=ORIENTED_EDGE('',*,*,#4664,.F.);
#6851=ORIENTED_EDGE('',*,*,#5002,.T.);
#6852=ORIENTED_EDGE('',*,*,#4187,.T.);
#6853=ORIENTED_EDGE('',*,*,#5004,.F.);
#6854=ORIENTED_EDGE('',*,*,#4658,.F.);
#6855=ORIENTED_EDGE('',*,*,#5005,.T.);
#6856=ORIENTED_EDGE('',*,*,#4182,.T.);
#6857=ORIENTED_EDGE('',*,*,#5003,.F.);
#6858=ORIENTED_EDGE('',*,*,#4663,.F.);
#6859=ORIENTED_EDGE('',*,*,#5004,.T.);
#6860=ORIENTED_EDGE('',*,*,#4186,.T.);
#6861=ORIENTED_EDGE('',*,*,#5006,.F.);
#6862=ORIENTED_EDGE('',*,*,#4659,.F.);
#6863=ORIENTED_EDGE('',*,*,#5007,.T.);
#6864=ORIENTED_EDGE('',*,*,#4183,.T.);
#6865=ORIENTED_EDGE('',*,*,#5005,.F.);
#6866=ORIENTED_EDGE('',*,*,#4662,.F.);
#6867=ORIENTED_EDGE('',*,*,#5006,.T.);
#6868=ORIENTED_EDGE('',*,*,#4185,.T.);
#6869=ORIENTED_EDGE('',*,*,#5008,.F.);
#6870=ORIENTED_EDGE('',*,*,#4660,.F.);
#6871=ORIENTED_EDGE('',*,*,#5008,.T.);
#6872=ORIENTED_EDGE('',*,*,#4184,.T.);
#6873=ORIENTED_EDGE('',*,*,#5007,.F.);
#6874=ORIENTED_EDGE('',*,*,#4661,.F.);
#6875=ORIENTED_EDGE('',*,*,#4179,.F.);
#6876=ORIENTED_EDGE('',*,*,#5009,.T.);
#6877=ORIENTED_EDGE('',*,*,#4656,.T.);
#6878=ORIENTED_EDGE('',*,*,#5009,.F.);
#6879=ORIENTED_EDGE('',*,*,#5010,.T.);
#6880=ORIENTED_EDGE('',*,*,#4171,.T.);
#6881=ORIENTED_EDGE('',*,*,#5011,.F.);
#6882=ORIENTED_EDGE('',*,*,#4648,.F.);
#6883=ORIENTED_EDGE('',*,*,#5012,.T.);
#6884=ORIENTED_EDGE('',*,*,#4172,.T.);
#6885=ORIENTED_EDGE('',*,*,#5010,.F.);
#6886=ORIENTED_EDGE('',*,*,#4655,.F.);
#6887=ORIENTED_EDGE('',*,*,#5011,.T.);
#6888=ORIENTED_EDGE('',*,*,#4178,.T.);
#6889=ORIENTED_EDGE('',*,*,#5013,.F.);
#6890=ORIENTED_EDGE('',*,*,#4649,.F.);
#6891=ORIENTED_EDGE('',*,*,#5014,.T.);
#6892=ORIENTED_EDGE('',*,*,#4173,.T.);
#6893=ORIENTED_EDGE('',*,*,#5012,.F.);
#6894=ORIENTED_EDGE('',*,*,#4654,.F.);
#6895=ORIENTED_EDGE('',*,*,#5013,.T.);
#6896=ORIENTED_EDGE('',*,*,#4177,.T.);
#6897=ORIENTED_EDGE('',*,*,#5015,.F.);
#6898=ORIENTED_EDGE('',*,*,#4650,.F.);
#6899=ORIENTED_EDGE('',*,*,#5016,.T.);
#6900=ORIENTED_EDGE('',*,*,#4174,.T.);
#6901=ORIENTED_EDGE('',*,*,#5014,.F.);
#6902=ORIENTED_EDGE('',*,*,#4653,.F.);
#6903=ORIENTED_EDGE('',*,*,#5015,.T.);
#6904=ORIENTED_EDGE('',*,*,#4176,.T.);
#6905=ORIENTED_EDGE('',*,*,#5017,.F.);
#6906=ORIENTED_EDGE('',*,*,#4651,.F.);
#6907=ORIENTED_EDGE('',*,*,#5017,.T.);
#6908=ORIENTED_EDGE('',*,*,#4175,.T.);
#6909=ORIENTED_EDGE('',*,*,#5016,.F.);
#6910=ORIENTED_EDGE('',*,*,#4652,.F.);
#6911=ORIENTED_EDGE('',*,*,#5018,.T.);
#6912=ORIENTED_EDGE('',*,*,#4163,.T.);
#6913=ORIENTED_EDGE('',*,*,#5019,.F.);
#6914=ORIENTED_EDGE('',*,*,#4640,.F.);
#6915=ORIENTED_EDGE('',*,*,#5020,.T.);
#6916=ORIENTED_EDGE('',*,*,#4164,.T.);
#6917=ORIENTED_EDGE('',*,*,#5018,.F.);
#6918=ORIENTED_EDGE('',*,*,#4647,.F.);
#6919=ORIENTED_EDGE('',*,*,#5019,.T.);
#6920=ORIENTED_EDGE('',*,*,#4170,.T.);
#6921=ORIENTED_EDGE('',*,*,#5021,.F.);
#6922=ORIENTED_EDGE('',*,*,#4641,.F.);
#6923=ORIENTED_EDGE('',*,*,#5022,.T.);
#6924=ORIENTED_EDGE('',*,*,#4165,.T.);
#6925=ORIENTED_EDGE('',*,*,#5020,.F.);
#6926=ORIENTED_EDGE('',*,*,#4646,.F.);
#6927=ORIENTED_EDGE('',*,*,#5021,.T.);
#6928=ORIENTED_EDGE('',*,*,#4169,.T.);
#6929=ORIENTED_EDGE('',*,*,#5023,.F.);
#6930=ORIENTED_EDGE('',*,*,#4642,.F.);
#6931=ORIENTED_EDGE('',*,*,#5024,.T.);
#6932=ORIENTED_EDGE('',*,*,#4166,.T.);
#6933=ORIENTED_EDGE('',*,*,#5022,.F.);
#6934=ORIENTED_EDGE('',*,*,#4645,.F.);
#6935=ORIENTED_EDGE('',*,*,#5023,.T.);
#6936=ORIENTED_EDGE('',*,*,#4168,.T.);
#6937=ORIENTED_EDGE('',*,*,#5025,.F.);
#6938=ORIENTED_EDGE('',*,*,#4643,.F.);
#6939=ORIENTED_EDGE('',*,*,#5025,.T.);
#6940=ORIENTED_EDGE('',*,*,#4167,.T.);
#6941=ORIENTED_EDGE('',*,*,#5024,.F.);
#6942=ORIENTED_EDGE('',*,*,#4644,.F.);
#6943=ORIENTED_EDGE('',*,*,#5026,.T.);
#6944=ORIENTED_EDGE('',*,*,#4155,.T.);
#6945=ORIENTED_EDGE('',*,*,#5027,.F.);
#6946=ORIENTED_EDGE('',*,*,#4632,.F.);
#6947=ORIENTED_EDGE('',*,*,#5028,.T.);
#6948=ORIENTED_EDGE('',*,*,#4156,.T.);
#6949=ORIENTED_EDGE('',*,*,#5026,.F.);
#6950=ORIENTED_EDGE('',*,*,#4639,.F.);
#6951=ORIENTED_EDGE('',*,*,#5027,.T.);
#6952=ORIENTED_EDGE('',*,*,#4162,.T.);
#6953=ORIENTED_EDGE('',*,*,#5029,.F.);
#6954=ORIENTED_EDGE('',*,*,#4633,.F.);
#6955=ORIENTED_EDGE('',*,*,#5030,.T.);
#6956=ORIENTED_EDGE('',*,*,#4157,.T.);
#6957=ORIENTED_EDGE('',*,*,#5028,.F.);
#6958=ORIENTED_EDGE('',*,*,#4638,.F.);
#6959=ORIENTED_EDGE('',*,*,#5029,.T.);
#6960=ORIENTED_EDGE('',*,*,#4161,.T.);
#6961=ORIENTED_EDGE('',*,*,#5031,.F.);
#6962=ORIENTED_EDGE('',*,*,#4634,.F.);
#6963=ORIENTED_EDGE('',*,*,#5032,.T.);
#6964=ORIENTED_EDGE('',*,*,#4158,.T.);
#6965=ORIENTED_EDGE('',*,*,#5030,.F.);
#6966=ORIENTED_EDGE('',*,*,#4637,.F.);
#6967=ORIENTED_EDGE('',*,*,#5031,.T.);
#6968=ORIENTED_EDGE('',*,*,#4160,.T.);
#6969=ORIENTED_EDGE('',*,*,#5033,.F.);
#6970=ORIENTED_EDGE('',*,*,#4635,.F.);
#6971=ORIENTED_EDGE('',*,*,#5033,.T.);
#6972=ORIENTED_EDGE('',*,*,#4159,.T.);
#6973=ORIENTED_EDGE('',*,*,#5032,.F.);
#6974=ORIENTED_EDGE('',*,*,#4636,.F.);
#6975=ORIENTED_EDGE('',*,*,#5034,.T.);
#6976=ORIENTED_EDGE('',*,*,#4147,.T.);
#6977=ORIENTED_EDGE('',*,*,#5035,.F.);
#6978=ORIENTED_EDGE('',*,*,#4624,.F.);
#6979=ORIENTED_EDGE('',*,*,#5036,.T.);
#6980=ORIENTED_EDGE('',*,*,#4148,.T.);
#6981=ORIENTED_EDGE('',*,*,#5034,.F.);
#6982=ORIENTED_EDGE('',*,*,#4631,.F.);
#6983=ORIENTED_EDGE('',*,*,#5035,.T.);
#6984=ORIENTED_EDGE('',*,*,#4154,.T.);
#6985=ORIENTED_EDGE('',*,*,#5037,.F.);
#6986=ORIENTED_EDGE('',*,*,#4625,.F.);
#6987=ORIENTED_EDGE('',*,*,#5038,.T.);
#6988=ORIENTED_EDGE('',*,*,#4149,.T.);
#6989=ORIENTED_EDGE('',*,*,#5036,.F.);
#6990=ORIENTED_EDGE('',*,*,#4630,.F.);
#6991=ORIENTED_EDGE('',*,*,#5037,.T.);
#6992=ORIENTED_EDGE('',*,*,#4153,.T.);
#6993=ORIENTED_EDGE('',*,*,#5039,.F.);
#6994=ORIENTED_EDGE('',*,*,#4626,.F.);
#6995=ORIENTED_EDGE('',*,*,#5040,.T.);
#6996=ORIENTED_EDGE('',*,*,#4150,.T.);
#6997=ORIENTED_EDGE('',*,*,#5038,.F.);
#6998=ORIENTED_EDGE('',*,*,#4629,.F.);
#6999=ORIENTED_EDGE('',*,*,#5039,.T.);
#7000=ORIENTED_EDGE('',*,*,#4152,.T.);
#7001=ORIENTED_EDGE('',*,*,#5041,.F.);
#7002=ORIENTED_EDGE('',*,*,#4627,.F.);
#7003=ORIENTED_EDGE('',*,*,#5041,.T.);
#7004=ORIENTED_EDGE('',*,*,#4151,.T.);
#7005=ORIENTED_EDGE('',*,*,#5040,.F.);
#7006=ORIENTED_EDGE('',*,*,#4628,.F.);
#7007=ORIENTED_EDGE('',*,*,#5042,.T.);
#7008=ORIENTED_EDGE('',*,*,#4139,.T.);
#7009=ORIENTED_EDGE('',*,*,#5043,.F.);
#7010=ORIENTED_EDGE('',*,*,#4616,.F.);
#7011=ORIENTED_EDGE('',*,*,#5044,.T.);
#7012=ORIENTED_EDGE('',*,*,#4140,.T.);
#7013=ORIENTED_EDGE('',*,*,#5042,.F.);
#7014=ORIENTED_EDGE('',*,*,#4623,.F.);
#7015=ORIENTED_EDGE('',*,*,#5043,.T.);
#7016=ORIENTED_EDGE('',*,*,#4146,.T.);
#7017=ORIENTED_EDGE('',*,*,#5045,.F.);
#7018=ORIENTED_EDGE('',*,*,#4617,.F.);
#7019=ORIENTED_EDGE('',*,*,#5046,.T.);
#7020=ORIENTED_EDGE('',*,*,#4141,.T.);
#7021=ORIENTED_EDGE('',*,*,#5044,.F.);
#7022=ORIENTED_EDGE('',*,*,#4622,.F.);
#7023=ORIENTED_EDGE('',*,*,#5045,.T.);
#7024=ORIENTED_EDGE('',*,*,#4145,.T.);
#7025=ORIENTED_EDGE('',*,*,#5047,.F.);
#7026=ORIENTED_EDGE('',*,*,#4618,.F.);
#7027=ORIENTED_EDGE('',*,*,#5048,.T.);
#7028=ORIENTED_EDGE('',*,*,#4142,.T.);
#7029=ORIENTED_EDGE('',*,*,#5046,.F.);
#7030=ORIENTED_EDGE('',*,*,#4621,.F.);
#7031=ORIENTED_EDGE('',*,*,#5047,.T.);
#7032=ORIENTED_EDGE('',*,*,#4144,.T.);
#7033=ORIENTED_EDGE('',*,*,#5049,.F.);
#7034=ORIENTED_EDGE('',*,*,#4619,.F.);
#7035=ORIENTED_EDGE('',*,*,#5049,.T.);
#7036=ORIENTED_EDGE('',*,*,#4143,.T.);
#7037=ORIENTED_EDGE('',*,*,#5048,.F.);
#7038=ORIENTED_EDGE('',*,*,#4620,.F.);
#7039=ORIENTED_EDGE('',*,*,#5050,.T.);
#7040=ORIENTED_EDGE('',*,*,#4131,.T.);
#7041=ORIENTED_EDGE('',*,*,#5051,.F.);
#7042=ORIENTED_EDGE('',*,*,#4608,.F.);
#7043=ORIENTED_EDGE('',*,*,#5052,.T.);
#7044=ORIENTED_EDGE('',*,*,#4132,.T.);
#7045=ORIENTED_EDGE('',*,*,#5050,.F.);
#7046=ORIENTED_EDGE('',*,*,#4615,.F.);
#7047=ORIENTED_EDGE('',*,*,#5051,.T.);
#7048=ORIENTED_EDGE('',*,*,#4138,.T.);
#7049=ORIENTED_EDGE('',*,*,#5053,.F.);
#7050=ORIENTED_EDGE('',*,*,#4609,.F.);
#7051=ORIENTED_EDGE('',*,*,#5054,.T.);
#7052=ORIENTED_EDGE('',*,*,#4133,.T.);
#7053=ORIENTED_EDGE('',*,*,#5052,.F.);
#7054=ORIENTED_EDGE('',*,*,#4614,.F.);
#7055=ORIENTED_EDGE('',*,*,#5053,.T.);
#7056=ORIENTED_EDGE('',*,*,#4137,.T.);
#7057=ORIENTED_EDGE('',*,*,#5055,.F.);
#7058=ORIENTED_EDGE('',*,*,#4610,.F.);
#7059=ORIENTED_EDGE('',*,*,#5056,.T.);
#7060=ORIENTED_EDGE('',*,*,#4134,.T.);
#7061=ORIENTED_EDGE('',*,*,#5054,.F.);
#7062=ORIENTED_EDGE('',*,*,#4613,.F.);
#7063=ORIENTED_EDGE('',*,*,#5055,.T.);
#7064=ORIENTED_EDGE('',*,*,#4136,.T.);
#7065=ORIENTED_EDGE('',*,*,#5057,.F.);
#7066=ORIENTED_EDGE('',*,*,#4611,.F.);
#7067=ORIENTED_EDGE('',*,*,#5057,.T.);
#7068=ORIENTED_EDGE('',*,*,#4135,.T.);
#7069=ORIENTED_EDGE('',*,*,#5056,.F.);
#7070=ORIENTED_EDGE('',*,*,#4612,.F.);
#7071=ORIENTED_EDGE('',*,*,#5058,.T.);
#7072=ORIENTED_EDGE('',*,*,#4123,.T.);
#7073=ORIENTED_EDGE('',*,*,#5059,.F.);
#7074=ORIENTED_EDGE('',*,*,#4600,.F.);
#7075=ORIENTED_EDGE('',*,*,#5060,.T.);
#7076=ORIENTED_EDGE('',*,*,#4124,.T.);
#7077=ORIENTED_EDGE('',*,*,#5058,.F.);
#7078=ORIENTED_EDGE('',*,*,#4607,.F.);
#7079=ORIENTED_EDGE('',*,*,#5059,.T.);
#7080=ORIENTED_EDGE('',*,*,#4130,.T.);
#7081=ORIENTED_EDGE('',*,*,#5061,.F.);
#7082=ORIENTED_EDGE('',*,*,#4601,.F.);
#7083=ORIENTED_EDGE('',*,*,#5062,.T.);
#7084=ORIENTED_EDGE('',*,*,#4125,.T.);
#7085=ORIENTED_EDGE('',*,*,#5060,.F.);
#7086=ORIENTED_EDGE('',*,*,#4606,.F.);
#7087=ORIENTED_EDGE('',*,*,#5061,.T.);
#7088=ORIENTED_EDGE('',*,*,#4129,.T.);
#7089=ORIENTED_EDGE('',*,*,#5063,.F.);
#7090=ORIENTED_EDGE('',*,*,#4602,.F.);
#7091=ORIENTED_EDGE('',*,*,#5064,.T.);
#7092=ORIENTED_EDGE('',*,*,#4126,.T.);
#7093=ORIENTED_EDGE('',*,*,#5062,.F.);
#7094=ORIENTED_EDGE('',*,*,#4605,.F.);
#7095=ORIENTED_EDGE('',*,*,#5063,.T.);
#7096=ORIENTED_EDGE('',*,*,#4128,.T.);
#7097=ORIENTED_EDGE('',*,*,#5065,.F.);
#7098=ORIENTED_EDGE('',*,*,#4603,.F.);
#7099=ORIENTED_EDGE('',*,*,#5065,.T.);
#7100=ORIENTED_EDGE('',*,*,#4127,.T.);
#7101=ORIENTED_EDGE('',*,*,#5064,.F.);
#7102=ORIENTED_EDGE('',*,*,#4604,.F.);
#7103=ORIENTED_EDGE('',*,*,#5066,.T.);
#7104=ORIENTED_EDGE('',*,*,#4115,.T.);
#7105=ORIENTED_EDGE('',*,*,#5067,.F.);
#7106=ORIENTED_EDGE('',*,*,#4592,.F.);
#7107=ORIENTED_EDGE('',*,*,#5068,.T.);
#7108=ORIENTED_EDGE('',*,*,#4116,.T.);
#7109=ORIENTED_EDGE('',*,*,#5066,.F.);
#7110=ORIENTED_EDGE('',*,*,#4599,.F.);
#7111=ORIENTED_EDGE('',*,*,#5067,.T.);
#7112=ORIENTED_EDGE('',*,*,#4122,.T.);
#7113=ORIENTED_EDGE('',*,*,#5069,.F.);
#7114=ORIENTED_EDGE('',*,*,#4593,.F.);
#7115=ORIENTED_EDGE('',*,*,#5070,.T.);
#7116=ORIENTED_EDGE('',*,*,#4117,.T.);
#7117=ORIENTED_EDGE('',*,*,#5068,.F.);
#7118=ORIENTED_EDGE('',*,*,#4598,.F.);
#7119=ORIENTED_EDGE('',*,*,#5069,.T.);
#7120=ORIENTED_EDGE('',*,*,#4121,.T.);
#7121=ORIENTED_EDGE('',*,*,#5071,.F.);
#7122=ORIENTED_EDGE('',*,*,#4594,.F.);
#7123=ORIENTED_EDGE('',*,*,#5072,.T.);
#7124=ORIENTED_EDGE('',*,*,#4118,.T.);
#7125=ORIENTED_EDGE('',*,*,#5070,.F.);
#7126=ORIENTED_EDGE('',*,*,#4597,.F.);
#7127=ORIENTED_EDGE('',*,*,#5071,.T.);
#7128=ORIENTED_EDGE('',*,*,#4120,.T.);
#7129=ORIENTED_EDGE('',*,*,#5073,.F.);
#7130=ORIENTED_EDGE('',*,*,#4595,.F.);
#7131=ORIENTED_EDGE('',*,*,#5073,.T.);
#7132=ORIENTED_EDGE('',*,*,#4119,.T.);
#7133=ORIENTED_EDGE('',*,*,#5072,.F.);
#7134=ORIENTED_EDGE('',*,*,#4596,.F.);
#7135=ORIENTED_EDGE('',*,*,#5074,.T.);
#7136=ORIENTED_EDGE('',*,*,#4107,.T.);
#7137=ORIENTED_EDGE('',*,*,#5075,.F.);
#7138=ORIENTED_EDGE('',*,*,#4584,.F.);
#7139=ORIENTED_EDGE('',*,*,#5076,.T.);
#7140=ORIENTED_EDGE('',*,*,#4108,.T.);
#7141=ORIENTED_EDGE('',*,*,#5074,.F.);
#7142=ORIENTED_EDGE('',*,*,#4591,.F.);
#7143=ORIENTED_EDGE('',*,*,#5075,.T.);
#7144=ORIENTED_EDGE('',*,*,#4114,.T.);
#7145=ORIENTED_EDGE('',*,*,#5077,.F.);
#7146=ORIENTED_EDGE('',*,*,#4585,.F.);
#7147=ORIENTED_EDGE('',*,*,#5078,.T.);
#7148=ORIENTED_EDGE('',*,*,#4109,.T.);
#7149=ORIENTED_EDGE('',*,*,#5076,.F.);
#7150=ORIENTED_EDGE('',*,*,#4590,.F.);
#7151=ORIENTED_EDGE('',*,*,#5077,.T.);
#7152=ORIENTED_EDGE('',*,*,#4113,.T.);
#7153=ORIENTED_EDGE('',*,*,#5079,.F.);
#7154=ORIENTED_EDGE('',*,*,#4586,.F.);
#7155=ORIENTED_EDGE('',*,*,#5080,.T.);
#7156=ORIENTED_EDGE('',*,*,#4110,.T.);
#7157=ORIENTED_EDGE('',*,*,#5078,.F.);
#7158=ORIENTED_EDGE('',*,*,#4589,.F.);
#7159=ORIENTED_EDGE('',*,*,#5079,.T.);
#7160=ORIENTED_EDGE('',*,*,#4112,.T.);
#7161=ORIENTED_EDGE('',*,*,#5081,.F.);
#7162=ORIENTED_EDGE('',*,*,#4587,.F.);
#7163=ORIENTED_EDGE('',*,*,#5081,.T.);
#7164=ORIENTED_EDGE('',*,*,#4111,.T.);
#7165=ORIENTED_EDGE('',*,*,#5080,.F.);
#7166=ORIENTED_EDGE('',*,*,#4588,.F.);
#7167=ORIENTED_EDGE('',*,*,#5082,.T.);
#7168=ORIENTED_EDGE('',*,*,#4099,.T.);
#7169=ORIENTED_EDGE('',*,*,#5083,.F.);
#7170=ORIENTED_EDGE('',*,*,#4576,.F.);
#7171=ORIENTED_EDGE('',*,*,#5084,.T.);
#7172=ORIENTED_EDGE('',*,*,#4100,.T.);
#7173=ORIENTED_EDGE('',*,*,#5082,.F.);
#7174=ORIENTED_EDGE('',*,*,#4583,.F.);
#7175=ORIENTED_EDGE('',*,*,#5083,.T.);
#7176=ORIENTED_EDGE('',*,*,#4106,.T.);
#7177=ORIENTED_EDGE('',*,*,#5085,.F.);
#7178=ORIENTED_EDGE('',*,*,#4577,.F.);
#7179=ORIENTED_EDGE('',*,*,#5086,.T.);
#7180=ORIENTED_EDGE('',*,*,#4101,.T.);
#7181=ORIENTED_EDGE('',*,*,#5084,.F.);
#7182=ORIENTED_EDGE('',*,*,#4582,.F.);
#7183=ORIENTED_EDGE('',*,*,#5085,.T.);
#7184=ORIENTED_EDGE('',*,*,#4105,.T.);
#7185=ORIENTED_EDGE('',*,*,#5087,.F.);
#7186=ORIENTED_EDGE('',*,*,#4578,.F.);
#7187=ORIENTED_EDGE('',*,*,#5088,.T.);
#7188=ORIENTED_EDGE('',*,*,#4102,.T.);
#7189=ORIENTED_EDGE('',*,*,#5086,.F.);
#7190=ORIENTED_EDGE('',*,*,#4581,.F.);
#7191=ORIENTED_EDGE('',*,*,#5087,.T.);
#7192=ORIENTED_EDGE('',*,*,#4104,.T.);
#7193=ORIENTED_EDGE('',*,*,#5089,.F.);
#7194=ORIENTED_EDGE('',*,*,#4579,.F.);
#7195=ORIENTED_EDGE('',*,*,#5089,.T.);
#7196=ORIENTED_EDGE('',*,*,#4103,.T.);
#7197=ORIENTED_EDGE('',*,*,#5088,.F.);
#7198=ORIENTED_EDGE('',*,*,#4580,.F.);
#7199=ORIENTED_EDGE('',*,*,#5090,.T.);
#7200=ORIENTED_EDGE('',*,*,#4091,.T.);
#7201=ORIENTED_EDGE('',*,*,#5091,.F.);
#7202=ORIENTED_EDGE('',*,*,#4568,.F.);
#7203=ORIENTED_EDGE('',*,*,#5092,.T.);
#7204=ORIENTED_EDGE('',*,*,#4092,.T.);
#7205=ORIENTED_EDGE('',*,*,#5090,.F.);
#7206=ORIENTED_EDGE('',*,*,#4575,.F.);
#7207=ORIENTED_EDGE('',*,*,#5091,.T.);
#7208=ORIENTED_EDGE('',*,*,#4098,.T.);
#7209=ORIENTED_EDGE('',*,*,#5093,.F.);
#7210=ORIENTED_EDGE('',*,*,#4569,.F.);
#7211=ORIENTED_EDGE('',*,*,#5094,.T.);
#7212=ORIENTED_EDGE('',*,*,#4093,.T.);
#7213=ORIENTED_EDGE('',*,*,#5092,.F.);
#7214=ORIENTED_EDGE('',*,*,#4574,.F.);
#7215=ORIENTED_EDGE('',*,*,#5093,.T.);
#7216=ORIENTED_EDGE('',*,*,#4097,.T.);
#7217=ORIENTED_EDGE('',*,*,#5095,.F.);
#7218=ORIENTED_EDGE('',*,*,#4570,.F.);
#7219=ORIENTED_EDGE('',*,*,#5096,.T.);
#7220=ORIENTED_EDGE('',*,*,#4094,.T.);
#7221=ORIENTED_EDGE('',*,*,#5094,.F.);
#7222=ORIENTED_EDGE('',*,*,#4573,.F.);
#7223=ORIENTED_EDGE('',*,*,#5095,.T.);
#7224=ORIENTED_EDGE('',*,*,#4096,.T.);
#7225=ORIENTED_EDGE('',*,*,#5097,.F.);
#7226=ORIENTED_EDGE('',*,*,#4571,.F.);
#7227=ORIENTED_EDGE('',*,*,#5097,.T.);
#7228=ORIENTED_EDGE('',*,*,#4095,.T.);
#7229=ORIENTED_EDGE('',*,*,#5096,.F.);
#7230=ORIENTED_EDGE('',*,*,#4572,.F.);
#7231=ORIENTED_EDGE('',*,*,#5098,.T.);
#7232=ORIENTED_EDGE('',*,*,#4083,.T.);
#7233=ORIENTED_EDGE('',*,*,#5099,.F.);
#7234=ORIENTED_EDGE('',*,*,#4560,.F.);
#7235=ORIENTED_EDGE('',*,*,#5100,.T.);
#7236=ORIENTED_EDGE('',*,*,#4084,.T.);
#7237=ORIENTED_EDGE('',*,*,#5098,.F.);
#7238=ORIENTED_EDGE('',*,*,#4567,.F.);
#7239=ORIENTED_EDGE('',*,*,#5099,.T.);
#7240=ORIENTED_EDGE('',*,*,#4090,.T.);
#7241=ORIENTED_EDGE('',*,*,#5101,.F.);
#7242=ORIENTED_EDGE('',*,*,#4561,.F.);
#7243=ORIENTED_EDGE('',*,*,#5102,.T.);
#7244=ORIENTED_EDGE('',*,*,#4085,.T.);
#7245=ORIENTED_EDGE('',*,*,#5100,.F.);
#7246=ORIENTED_EDGE('',*,*,#4566,.F.);
#7247=ORIENTED_EDGE('',*,*,#5101,.T.);
#7248=ORIENTED_EDGE('',*,*,#4089,.T.);
#7249=ORIENTED_EDGE('',*,*,#5103,.F.);
#7250=ORIENTED_EDGE('',*,*,#4562,.F.);
#7251=ORIENTED_EDGE('',*,*,#5104,.T.);
#7252=ORIENTED_EDGE('',*,*,#4086,.T.);
#7253=ORIENTED_EDGE('',*,*,#5102,.F.);
#7254=ORIENTED_EDGE('',*,*,#4565,.F.);
#7255=ORIENTED_EDGE('',*,*,#5103,.T.);
#7256=ORIENTED_EDGE('',*,*,#4088,.T.);
#7257=ORIENTED_EDGE('',*,*,#5105,.F.);
#7258=ORIENTED_EDGE('',*,*,#4563,.F.);
#7259=ORIENTED_EDGE('',*,*,#5105,.T.);
#7260=ORIENTED_EDGE('',*,*,#4087,.T.);
#7261=ORIENTED_EDGE('',*,*,#5104,.F.);
#7262=ORIENTED_EDGE('',*,*,#4564,.F.);
#7263=ORIENTED_EDGE('',*,*,#5106,.T.);
#7264=ORIENTED_EDGE('',*,*,#4075,.T.);
#7265=ORIENTED_EDGE('',*,*,#5107,.F.);
#7266=ORIENTED_EDGE('',*,*,#4552,.F.);
#7267=ORIENTED_EDGE('',*,*,#5108,.T.);
#7268=ORIENTED_EDGE('',*,*,#4076,.T.);
#7269=ORIENTED_EDGE('',*,*,#5106,.F.);
#7270=ORIENTED_EDGE('',*,*,#4559,.F.);
#7271=ORIENTED_EDGE('',*,*,#5107,.T.);
#7272=ORIENTED_EDGE('',*,*,#4082,.T.);
#7273=ORIENTED_EDGE('',*,*,#5109,.F.);
#7274=ORIENTED_EDGE('',*,*,#4553,.F.);
#7275=ORIENTED_EDGE('',*,*,#5110,.T.);
#7276=ORIENTED_EDGE('',*,*,#4077,.T.);
#7277=ORIENTED_EDGE('',*,*,#5108,.F.);
#7278=ORIENTED_EDGE('',*,*,#4558,.F.);
#7279=ORIENTED_EDGE('',*,*,#5109,.T.);
#7280=ORIENTED_EDGE('',*,*,#4081,.T.);
#7281=ORIENTED_EDGE('',*,*,#5111,.F.);
#7282=ORIENTED_EDGE('',*,*,#4554,.F.);
#7283=ORIENTED_EDGE('',*,*,#5112,.T.);
#7284=ORIENTED_EDGE('',*,*,#4078,.T.);
#7285=ORIENTED_EDGE('',*,*,#5110,.F.);
#7286=ORIENTED_EDGE('',*,*,#4557,.F.);
#7287=ORIENTED_EDGE('',*,*,#5111,.T.);
#7288=ORIENTED_EDGE('',*,*,#4080,.T.);
#7289=ORIENTED_EDGE('',*,*,#5113,.F.);
#7290=ORIENTED_EDGE('',*,*,#4555,.F.);
#7291=ORIENTED_EDGE('',*,*,#5113,.T.);
#7292=ORIENTED_EDGE('',*,*,#4079,.T.);
#7293=ORIENTED_EDGE('',*,*,#5112,.F.);
#7294=ORIENTED_EDGE('',*,*,#4556,.F.);
#7295=ORIENTED_EDGE('',*,*,#5114,.T.);
#7296=ORIENTED_EDGE('',*,*,#4067,.T.);
#7297=ORIENTED_EDGE('',*,*,#5115,.F.);
#7298=ORIENTED_EDGE('',*,*,#4544,.F.);
#7299=ORIENTED_EDGE('',*,*,#5116,.T.);
#7300=ORIENTED_EDGE('',*,*,#4068,.T.);
#7301=ORIENTED_EDGE('',*,*,#5114,.F.);
#7302=ORIENTED_EDGE('',*,*,#4551,.F.);
#7303=ORIENTED_EDGE('',*,*,#5115,.T.);
#7304=ORIENTED_EDGE('',*,*,#4074,.T.);
#7305=ORIENTED_EDGE('',*,*,#5117,.F.);
#7306=ORIENTED_EDGE('',*,*,#4545,.F.);
#7307=ORIENTED_EDGE('',*,*,#5118,.T.);
#7308=ORIENTED_EDGE('',*,*,#4069,.T.);
#7309=ORIENTED_EDGE('',*,*,#5116,.F.);
#7310=ORIENTED_EDGE('',*,*,#4550,.F.);
#7311=ORIENTED_EDGE('',*,*,#5117,.T.);
#7312=ORIENTED_EDGE('',*,*,#4073,.T.);
#7313=ORIENTED_EDGE('',*,*,#5119,.F.);
#7314=ORIENTED_EDGE('',*,*,#4546,.F.);
#7315=ORIENTED_EDGE('',*,*,#5120,.T.);
#7316=ORIENTED_EDGE('',*,*,#4070,.T.);
#7317=ORIENTED_EDGE('',*,*,#5118,.F.);
#7318=ORIENTED_EDGE('',*,*,#4549,.F.);
#7319=ORIENTED_EDGE('',*,*,#5119,.T.);
#7320=ORIENTED_EDGE('',*,*,#4072,.T.);
#7321=ORIENTED_EDGE('',*,*,#5121,.F.);
#7322=ORIENTED_EDGE('',*,*,#4547,.F.);
#7323=ORIENTED_EDGE('',*,*,#5121,.T.);
#7324=ORIENTED_EDGE('',*,*,#4071,.T.);
#7325=ORIENTED_EDGE('',*,*,#5120,.F.);
#7326=ORIENTED_EDGE('',*,*,#4548,.F.);
#7327=ORIENTED_EDGE('',*,*,#5122,.T.);
#7328=ORIENTED_EDGE('',*,*,#4059,.T.);
#7329=ORIENTED_EDGE('',*,*,#5123,.F.);
#7330=ORIENTED_EDGE('',*,*,#4536,.F.);
#7331=ORIENTED_EDGE('',*,*,#5124,.T.);
#7332=ORIENTED_EDGE('',*,*,#4060,.T.);
#7333=ORIENTED_EDGE('',*,*,#5122,.F.);
#7334=ORIENTED_EDGE('',*,*,#4543,.F.);
#7335=ORIENTED_EDGE('',*,*,#5123,.T.);
#7336=ORIENTED_EDGE('',*,*,#4066,.T.);
#7337=ORIENTED_EDGE('',*,*,#5125,.F.);
#7338=ORIENTED_EDGE('',*,*,#4537,.F.);
#7339=ORIENTED_EDGE('',*,*,#5126,.T.);
#7340=ORIENTED_EDGE('',*,*,#4061,.T.);
#7341=ORIENTED_EDGE('',*,*,#5124,.F.);
#7342=ORIENTED_EDGE('',*,*,#4542,.F.);
#7343=ORIENTED_EDGE('',*,*,#5125,.T.);
#7344=ORIENTED_EDGE('',*,*,#4065,.T.);
#7345=ORIENTED_EDGE('',*,*,#5127,.F.);
#7346=ORIENTED_EDGE('',*,*,#4538,.F.);
#7347=ORIENTED_EDGE('',*,*,#5128,.T.);
#7348=ORIENTED_EDGE('',*,*,#4062,.T.);
#7349=ORIENTED_EDGE('',*,*,#5126,.F.);
#7350=ORIENTED_EDGE('',*,*,#4541,.F.);
#7351=ORIENTED_EDGE('',*,*,#5127,.T.);
#7352=ORIENTED_EDGE('',*,*,#4064,.T.);
#7353=ORIENTED_EDGE('',*,*,#5129,.F.);
#7354=ORIENTED_EDGE('',*,*,#4539,.F.);
#7355=ORIENTED_EDGE('',*,*,#5129,.T.);
#7356=ORIENTED_EDGE('',*,*,#4063,.T.);
#7357=ORIENTED_EDGE('',*,*,#5128,.F.);
#7358=ORIENTED_EDGE('',*,*,#4540,.F.);
#7359=ORIENTED_EDGE('',*,*,#5130,.T.);
#7360=ORIENTED_EDGE('',*,*,#4051,.T.);
#7361=ORIENTED_EDGE('',*,*,#5131,.F.);
#7362=ORIENTED_EDGE('',*,*,#4528,.F.);
#7363=ORIENTED_EDGE('',*,*,#5132,.T.);
#7364=ORIENTED_EDGE('',*,*,#4052,.T.);
#7365=ORIENTED_EDGE('',*,*,#5130,.F.);
#7366=ORIENTED_EDGE('',*,*,#4535,.F.);
#7367=ORIENTED_EDGE('',*,*,#5131,.T.);
#7368=ORIENTED_EDGE('',*,*,#4058,.T.);
#7369=ORIENTED_EDGE('',*,*,#5133,.F.);
#7370=ORIENTED_EDGE('',*,*,#4529,.F.);
#7371=ORIENTED_EDGE('',*,*,#5134,.T.);
#7372=ORIENTED_EDGE('',*,*,#4053,.T.);
#7373=ORIENTED_EDGE('',*,*,#5132,.F.);
#7374=ORIENTED_EDGE('',*,*,#4534,.F.);
#7375=ORIENTED_EDGE('',*,*,#5133,.T.);
#7376=ORIENTED_EDGE('',*,*,#4057,.T.);
#7377=ORIENTED_EDGE('',*,*,#5135,.F.);
#7378=ORIENTED_EDGE('',*,*,#4530,.F.);
#7379=ORIENTED_EDGE('',*,*,#5136,.T.);
#7380=ORIENTED_EDGE('',*,*,#4054,.T.);
#7381=ORIENTED_EDGE('',*,*,#5134,.F.);
#7382=ORIENTED_EDGE('',*,*,#4533,.F.);
#7383=ORIENTED_EDGE('',*,*,#5135,.T.);
#7384=ORIENTED_EDGE('',*,*,#4056,.T.);
#7385=ORIENTED_EDGE('',*,*,#5137,.F.);
#7386=ORIENTED_EDGE('',*,*,#4531,.F.);
#7387=ORIENTED_EDGE('',*,*,#5137,.T.);
#7388=ORIENTED_EDGE('',*,*,#4055,.T.);
#7389=ORIENTED_EDGE('',*,*,#5136,.F.);
#7390=ORIENTED_EDGE('',*,*,#4532,.F.);
#7391=ORIENTED_EDGE('',*,*,#4050,.F.);
#7392=ORIENTED_EDGE('',*,*,#5138,.T.);
#7393=ORIENTED_EDGE('',*,*,#4527,.T.);
#7394=ORIENTED_EDGE('',*,*,#5138,.F.);
#7395=ORIENTED_EDGE('',*,*,#5139,.T.);
#7396=ORIENTED_EDGE('',*,*,#4042,.T.);
#7397=ORIENTED_EDGE('',*,*,#5140,.F.);
#7398=ORIENTED_EDGE('',*,*,#4519,.F.);
#7399=ORIENTED_EDGE('',*,*,#5141,.T.);
#7400=ORIENTED_EDGE('',*,*,#4043,.T.);
#7401=ORIENTED_EDGE('',*,*,#5139,.F.);
#7402=ORIENTED_EDGE('',*,*,#4526,.F.);
#7403=ORIENTED_EDGE('',*,*,#5140,.T.);
#7404=ORIENTED_EDGE('',*,*,#4049,.T.);
#7405=ORIENTED_EDGE('',*,*,#5142,.F.);
#7406=ORIENTED_EDGE('',*,*,#4520,.F.);
#7407=ORIENTED_EDGE('',*,*,#5143,.T.);
#7408=ORIENTED_EDGE('',*,*,#4044,.T.);
#7409=ORIENTED_EDGE('',*,*,#5141,.F.);
#7410=ORIENTED_EDGE('',*,*,#4525,.F.);
#7411=ORIENTED_EDGE('',*,*,#5142,.T.);
#7412=ORIENTED_EDGE('',*,*,#4048,.T.);
#7413=ORIENTED_EDGE('',*,*,#5144,.F.);
#7414=ORIENTED_EDGE('',*,*,#4521,.F.);
#7415=ORIENTED_EDGE('',*,*,#5145,.T.);
#7416=ORIENTED_EDGE('',*,*,#4045,.T.);
#7417=ORIENTED_EDGE('',*,*,#5143,.F.);
#7418=ORIENTED_EDGE('',*,*,#4524,.F.);
#7419=ORIENTED_EDGE('',*,*,#5144,.T.);
#7420=ORIENTED_EDGE('',*,*,#4047,.T.);
#7421=ORIENTED_EDGE('',*,*,#5146,.F.);
#7422=ORIENTED_EDGE('',*,*,#4522,.F.);
#7423=ORIENTED_EDGE('',*,*,#5146,.T.);
#7424=ORIENTED_EDGE('',*,*,#4046,.T.);
#7425=ORIENTED_EDGE('',*,*,#5145,.F.);
#7426=ORIENTED_EDGE('',*,*,#4523,.F.);
#7427=ORIENTED_EDGE('',*,*,#5147,.T.);
#7428=ORIENTED_EDGE('',*,*,#4034,.T.);
#7429=ORIENTED_EDGE('',*,*,#5148,.F.);
#7430=ORIENTED_EDGE('',*,*,#4511,.F.);
#7431=ORIENTED_EDGE('',*,*,#5149,.T.);
#7432=ORIENTED_EDGE('',*,*,#4035,.T.);
#7433=ORIENTED_EDGE('',*,*,#5147,.F.);
#7434=ORIENTED_EDGE('',*,*,#4518,.F.);
#7435=ORIENTED_EDGE('',*,*,#5148,.T.);
#7436=ORIENTED_EDGE('',*,*,#4041,.T.);
#7437=ORIENTED_EDGE('',*,*,#5150,.F.);
#7438=ORIENTED_EDGE('',*,*,#4512,.F.);
#7439=ORIENTED_EDGE('',*,*,#5151,.T.);
#7440=ORIENTED_EDGE('',*,*,#4036,.T.);
#7441=ORIENTED_EDGE('',*,*,#5149,.F.);
#7442=ORIENTED_EDGE('',*,*,#4517,.F.);
#7443=ORIENTED_EDGE('',*,*,#5150,.T.);
#7444=ORIENTED_EDGE('',*,*,#4040,.T.);
#7445=ORIENTED_EDGE('',*,*,#5152,.F.);
#7446=ORIENTED_EDGE('',*,*,#4513,.F.);
#7447=ORIENTED_EDGE('',*,*,#5153,.T.);
#7448=ORIENTED_EDGE('',*,*,#4037,.T.);
#7449=ORIENTED_EDGE('',*,*,#5151,.F.);
#7450=ORIENTED_EDGE('',*,*,#4516,.F.);
#7451=ORIENTED_EDGE('',*,*,#5152,.T.);
#7452=ORIENTED_EDGE('',*,*,#4039,.T.);
#7453=ORIENTED_EDGE('',*,*,#5154,.F.);
#7454=ORIENTED_EDGE('',*,*,#4514,.F.);
#7455=ORIENTED_EDGE('',*,*,#5154,.T.);
#7456=ORIENTED_EDGE('',*,*,#4038,.T.);
#7457=ORIENTED_EDGE('',*,*,#5153,.F.);
#7458=ORIENTED_EDGE('',*,*,#4515,.F.);
#7459=ORIENTED_EDGE('',*,*,#5155,.T.);
#7460=ORIENTED_EDGE('',*,*,#4026,.T.);
#7461=ORIENTED_EDGE('',*,*,#5156,.F.);
#7462=ORIENTED_EDGE('',*,*,#4503,.F.);
#7463=ORIENTED_EDGE('',*,*,#5157,.T.);
#7464=ORIENTED_EDGE('',*,*,#4027,.T.);
#7465=ORIENTED_EDGE('',*,*,#5155,.F.);
#7466=ORIENTED_EDGE('',*,*,#4510,.F.);
#7467=ORIENTED_EDGE('',*,*,#5156,.T.);
#7468=ORIENTED_EDGE('',*,*,#4033,.T.);
#7469=ORIENTED_EDGE('',*,*,#5158,.F.);
#7470=ORIENTED_EDGE('',*,*,#4504,.F.);
#7471=ORIENTED_EDGE('',*,*,#5159,.T.);
#7472=ORIENTED_EDGE('',*,*,#4028,.T.);
#7473=ORIENTED_EDGE('',*,*,#5157,.F.);
#7474=ORIENTED_EDGE('',*,*,#4509,.F.);
#7475=ORIENTED_EDGE('',*,*,#5158,.T.);
#7476=ORIENTED_EDGE('',*,*,#4032,.T.);
#7477=ORIENTED_EDGE('',*,*,#5160,.F.);
#7478=ORIENTED_EDGE('',*,*,#4505,.F.);
#7479=ORIENTED_EDGE('',*,*,#5161,.T.);
#7480=ORIENTED_EDGE('',*,*,#4029,.T.);
#7481=ORIENTED_EDGE('',*,*,#5159,.F.);
#7482=ORIENTED_EDGE('',*,*,#4508,.F.);
#7483=ORIENTED_EDGE('',*,*,#5160,.T.);
#7484=ORIENTED_EDGE('',*,*,#4031,.T.);
#7485=ORIENTED_EDGE('',*,*,#5162,.F.);
#7486=ORIENTED_EDGE('',*,*,#4506,.F.);
#7487=ORIENTED_EDGE('',*,*,#5162,.T.);
#7488=ORIENTED_EDGE('',*,*,#4030,.T.);
#7489=ORIENTED_EDGE('',*,*,#5161,.F.);
#7490=ORIENTED_EDGE('',*,*,#4507,.F.);
#7491=ORIENTED_EDGE('',*,*,#5163,.T.);
#7492=ORIENTED_EDGE('',*,*,#4018,.T.);
#7493=ORIENTED_EDGE('',*,*,#5164,.F.);
#7494=ORIENTED_EDGE('',*,*,#4495,.F.);
#7495=ORIENTED_EDGE('',*,*,#5165,.T.);
#7496=ORIENTED_EDGE('',*,*,#4019,.T.);
#7497=ORIENTED_EDGE('',*,*,#5163,.F.);
#7498=ORIENTED_EDGE('',*,*,#4502,.F.);
#7499=ORIENTED_EDGE('',*,*,#5164,.T.);
#7500=ORIENTED_EDGE('',*,*,#4025,.T.);
#7501=ORIENTED_EDGE('',*,*,#5166,.F.);
#7502=ORIENTED_EDGE('',*,*,#4496,.F.);
#7503=ORIENTED_EDGE('',*,*,#5167,.T.);
#7504=ORIENTED_EDGE('',*,*,#4020,.T.);
#7505=ORIENTED_EDGE('',*,*,#5165,.F.);
#7506=ORIENTED_EDGE('',*,*,#4501,.F.);
#7507=ORIENTED_EDGE('',*,*,#5166,.T.);
#7508=ORIENTED_EDGE('',*,*,#4024,.T.);
#7509=ORIENTED_EDGE('',*,*,#5168,.F.);
#7510=ORIENTED_EDGE('',*,*,#4497,.F.);
#7511=ORIENTED_EDGE('',*,*,#5169,.T.);
#7512=ORIENTED_EDGE('',*,*,#4021,.T.);
#7513=ORIENTED_EDGE('',*,*,#5167,.F.);
#7514=ORIENTED_EDGE('',*,*,#4500,.F.);
#7515=ORIENTED_EDGE('',*,*,#5168,.T.);
#7516=ORIENTED_EDGE('',*,*,#4023,.T.);
#7517=ORIENTED_EDGE('',*,*,#5170,.F.);
#7518=ORIENTED_EDGE('',*,*,#4498,.F.);
#7519=ORIENTED_EDGE('',*,*,#5170,.T.);
#7520=ORIENTED_EDGE('',*,*,#4022,.T.);
#7521=ORIENTED_EDGE('',*,*,#5169,.F.);
#7522=ORIENTED_EDGE('',*,*,#4499,.F.);
#7523=ORIENTED_EDGE('',*,*,#5171,.T.);
#7524=ORIENTED_EDGE('',*,*,#4010,.T.);
#7525=ORIENTED_EDGE('',*,*,#5172,.F.);
#7526=ORIENTED_EDGE('',*,*,#4487,.F.);
#7527=ORIENTED_EDGE('',*,*,#5173,.T.);
#7528=ORIENTED_EDGE('',*,*,#4011,.T.);
#7529=ORIENTED_EDGE('',*,*,#5171,.F.);
#7530=ORIENTED_EDGE('',*,*,#4494,.F.);
#7531=ORIENTED_EDGE('',*,*,#5172,.T.);
#7532=ORIENTED_EDGE('',*,*,#4017,.T.);
#7533=ORIENTED_EDGE('',*,*,#5174,.F.);
#7534=ORIENTED_EDGE('',*,*,#4488,.F.);
#7535=ORIENTED_EDGE('',*,*,#5175,.T.);
#7536=ORIENTED_EDGE('',*,*,#4012,.T.);
#7537=ORIENTED_EDGE('',*,*,#5173,.F.);
#7538=ORIENTED_EDGE('',*,*,#4493,.F.);
#7539=ORIENTED_EDGE('',*,*,#5174,.T.);
#7540=ORIENTED_EDGE('',*,*,#4016,.T.);
#7541=ORIENTED_EDGE('',*,*,#5176,.F.);
#7542=ORIENTED_EDGE('',*,*,#4489,.F.);
#7543=ORIENTED_EDGE('',*,*,#5177,.T.);
#7544=ORIENTED_EDGE('',*,*,#4013,.T.);
#7545=ORIENTED_EDGE('',*,*,#5175,.F.);
#7546=ORIENTED_EDGE('',*,*,#4492,.F.);
#7547=ORIENTED_EDGE('',*,*,#5176,.T.);
#7548=ORIENTED_EDGE('',*,*,#4015,.T.);
#7549=ORIENTED_EDGE('',*,*,#5178,.F.);
#7550=ORIENTED_EDGE('',*,*,#4490,.F.);
#7551=ORIENTED_EDGE('',*,*,#5178,.T.);
#7552=ORIENTED_EDGE('',*,*,#4014,.T.);
#7553=ORIENTED_EDGE('',*,*,#5177,.F.);
#7554=ORIENTED_EDGE('',*,*,#4491,.F.);
#7555=ORIENTED_EDGE('',*,*,#5179,.T.);
#7556=ORIENTED_EDGE('',*,*,#4002,.T.);
#7557=ORIENTED_EDGE('',*,*,#5180,.F.);
#7558=ORIENTED_EDGE('',*,*,#4479,.F.);
#7559=ORIENTED_EDGE('',*,*,#5181,.T.);
#7560=ORIENTED_EDGE('',*,*,#4003,.T.);
#7561=ORIENTED_EDGE('',*,*,#5179,.F.);
#7562=ORIENTED_EDGE('',*,*,#4486,.F.);
#7563=ORIENTED_EDGE('',*,*,#5180,.T.);
#7564=ORIENTED_EDGE('',*,*,#4009,.T.);
#7565=ORIENTED_EDGE('',*,*,#5182,.F.);
#7566=ORIENTED_EDGE('',*,*,#4480,.F.);
#7567=ORIENTED_EDGE('',*,*,#5183,.T.);
#7568=ORIENTED_EDGE('',*,*,#4004,.T.);
#7569=ORIENTED_EDGE('',*,*,#5181,.F.);
#7570=ORIENTED_EDGE('',*,*,#4485,.F.);
#7571=ORIENTED_EDGE('',*,*,#5182,.T.);
#7572=ORIENTED_EDGE('',*,*,#4008,.T.);
#7573=ORIENTED_EDGE('',*,*,#5184,.F.);
#7574=ORIENTED_EDGE('',*,*,#4481,.F.);
#7575=ORIENTED_EDGE('',*,*,#5185,.T.);
#7576=ORIENTED_EDGE('',*,*,#4005,.T.);
#7577=ORIENTED_EDGE('',*,*,#5183,.F.);
#7578=ORIENTED_EDGE('',*,*,#4484,.F.);
#7579=ORIENTED_EDGE('',*,*,#5184,.T.);
#7580=ORIENTED_EDGE('',*,*,#4007,.T.);
#7581=ORIENTED_EDGE('',*,*,#5186,.F.);
#7582=ORIENTED_EDGE('',*,*,#4482,.F.);
#7583=ORIENTED_EDGE('',*,*,#5186,.T.);
#7584=ORIENTED_EDGE('',*,*,#4006,.T.);
#7585=ORIENTED_EDGE('',*,*,#5185,.F.);
#7586=ORIENTED_EDGE('',*,*,#4483,.F.);
#7587=CYLINDRICAL_SURFACE('',#8209,0.500000000000007);
#7588=CYLINDRICAL_SURFACE('',#8212,1.09999999999999);
#7589=CYLINDRICAL_SURFACE('',#8420,0.500000000000007);
#7590=CYLINDRICAL_SURFACE('',#8423,0.500000000000007);
#7591=CYLINDRICAL_SURFACE('',#8426,0.500000000000007);
#7592=CYLINDRICAL_SURFACE('',#8429,1.09999999999999);
#7593=CYLINDRICAL_SURFACE('',#8432,2.381250077504);
#7594=CYLINDRICAL_SURFACE('',#8636,2.381250077504);
#7595=CYLINDRICAL_SURFACE('',#8637,2.381248370398);
#7596=CYLINDRICAL_SURFACE('',#8640,2.381250077504);
#7597=CYLINDRICAL_SURFACE('',#8641,0.500001333575);
#7598=CYLINDRICAL_SURFACE('',#8644,0.500001333599);
#7599=CYLINDRICAL_SURFACE('',#8645,0.500001333599);
#7600=CYLINDRICAL_SURFACE('',#8648,0.500001333599);
#7601=CYLINDRICAL_SURFACE('',#8649,0.500001333575);
#7602=CYLINDRICAL_SURFACE('',#8652,0.500001333599);
#7603=CYLINDRICAL_SURFACE('',#8653,0.500001333599);
#7604=CYLINDRICAL_SURFACE('',#8656,0.500001333599);
#7605=CYLINDRICAL_SURFACE('',#8657,0.500001333575);
#7606=CYLINDRICAL_SURFACE('',#8660,0.500001333599);
#7607=CYLINDRICAL_SURFACE('',#8661,0.500001333599);
#7608=CYLINDRICAL_SURFACE('',#8664,0.500001333599);
#7609=CYLINDRICAL_SURFACE('',#8665,1.1);
#7610=CYLINDRICAL_SURFACE('',#8666,0.500100380151);
#7611=CYLINDRICAL_SURFACE('',#8669,0.499898942044);
#7612=CYLINDRICAL_SURFACE('',#8670,0.499898924606);
#7613=CYLINDRICAL_SURFACE('',#8671,0.499898942044);
#7614=CYLINDRICAL_SURFACE('',#8674,0.500100362954);
#7615=CYLINDRICAL_SURFACE('',#8675,0.500049140802);
#7616=CYLINDRICAL_SURFACE('',#8677,0.500049140802);
#7617=CYLINDRICAL_SURFACE('',#8678,0.500085006192);
#7618=CYLINDRICAL_SURFACE('',#8681,0.500049140802);
#7619=CYLINDRICAL_SURFACE('',#8682,0.500049140802);
#7620=CYLINDRICAL_SURFACE('',#8684,0.499898942044);
#7621=CYLINDRICAL_SURFACE('',#8685,0.50000133357);
#7622=CYLINDRICAL_SURFACE('',#8688,0.500100362954);
#7623=CYLINDRICAL_SURFACE('',#8689,0.50000133357);
#7624=CYLINDRICAL_SURFACE('',#8692,0.500134549674);
#7625=CYLINDRICAL_SURFACE('',#8693,0.499912590112);
#7626=CYLINDRICAL_SURFACE('',#8695,0.500001333575);
#7627=CYLINDRICAL_SURFACE('',#8698,0.500001333599);
#7628=CYLINDRICAL_SURFACE('',#8699,0.500001333599);
#7629=CYLINDRICAL_SURFACE('',#8702,0.500001333599);
#7630=CYLINDRICAL_SURFACE('',#8703,0.500001333575);
#7631=CYLINDRICAL_SURFACE('',#8706,0.500001333599);
#7632=CYLINDRICAL_SURFACE('',#8707,0.500001333599);
#7633=CYLINDRICAL_SURFACE('',#8710,0.500001333599);
#7634=CYLINDRICAL_SURFACE('',#8711,0.500001333575);
#7635=CYLINDRICAL_SURFACE('',#8714,0.500001333599);
#7636=CYLINDRICAL_SURFACE('',#8715,0.500001333599);
#7637=CYLINDRICAL_SURFACE('',#8718,0.500001333599);
#7638=CYLINDRICAL_SURFACE('',#8719,0.500001333575);
#7639=CYLINDRICAL_SURFACE('',#8722,0.500001333599);
#7640=CYLINDRICAL_SURFACE('',#8723,0.500001333599);
#7641=CYLINDRICAL_SURFACE('',#8726,0.500001333599);
#7642=CYLINDRICAL_SURFACE('',#8727,0.500001333575);
#7643=CYLINDRICAL_SURFACE('',#8730,0.500001333599);
#7644=CYLINDRICAL_SURFACE('',#8731,0.500001333599);
#7645=CYLINDRICAL_SURFACE('',#8734,0.500001333599);
#7646=CYLINDRICAL_SURFACE('',#8735,0.500100380151);
#7647=CYLINDRICAL_SURFACE('',#8737,0.499898942044);
#7648=CYLINDRICAL_SURFACE('',#8738,0.499898942044);
#7649=CYLINDRICAL_SURFACE('',#8739,0.499898942044);
#7650=CYLINDRICAL_SURFACE('',#8742,0.500100362954);
#7651=CYLINDRICAL_SURFACE('',#8743,0.500049140802);
#7652=CYLINDRICAL_SURFACE('',#8745,0.500049140802);
#7653=CYLINDRICAL_SURFACE('',#8746,0.500085006192);
#7654=CYLINDRICAL_SURFACE('',#8749,0.500049140802);
#7655=CYLINDRICAL_SURFACE('',#8750,0.500049140802);
#7656=CYLINDRICAL_SURFACE('',#8753,0.499898924606);
#7657=CYLINDRICAL_SURFACE('',#8754,0.500001333599);
#7658=CYLINDRICAL_SURFACE('',#8757,0.500100380151);
#7659=CYLINDRICAL_SURFACE('',#8758,0.500001333599);
#7660=CYLINDRICAL_SURFACE('',#8761,0.500134549674);
#7661=CYLINDRICAL_SURFACE('',#8762,0.499912590112);
#7662=CYLINDRICAL_SURFACE('',#8764,1.1);
#7663=CYLINDRICAL_SURFACE('',#8765,0.500001333575);
#7664=CYLINDRICAL_SURFACE('',#8768,0.500001333599);
#7665=CYLINDRICAL_SURFACE('',#8769,0.500001333599);
#7666=CYLINDRICAL_SURFACE('',#8772,0.500001333599);
#7667=CYLINDRICAL_SURFACE('',#8773,0.500001333575);
#7668=CYLINDRICAL_SURFACE('',#8776,0.500001333599);
#7669=CYLINDRICAL_SURFACE('',#8777,0.500001333599);
#7670=CYLINDRICAL_SURFACE('',#8780,0.500001333599);
#7671=CYLINDRICAL_SURFACE('',#8781,0.500001333575);
#7672=CYLINDRICAL_SURFACE('',#8784,0.500001333599);
#7673=CYLINDRICAL_SURFACE('',#8785,0.500001333599);
#7674=CYLINDRICAL_SURFACE('',#8788,0.500001333599);
#7675=CYLINDRICAL_SURFACE('',#8789,0.500001333575);
#7676=CYLINDRICAL_SURFACE('',#8792,0.50000133357);
#7677=CYLINDRICAL_SURFACE('',#8793,0.500001333599);
#7678=CYLINDRICAL_SURFACE('',#8796,0.500001333599);
#7679=CYLINDRICAL_SURFACE('',#8797,0.500001333575);
#7680=CYLINDRICAL_SURFACE('',#8800,0.500001333599);
#7681=CYLINDRICAL_SURFACE('',#8801,0.500001333599);
#7682=CYLINDRICAL_SURFACE('',#8804,0.500001333599);
#7683=CYLINDRICAL_SURFACE('',#8805,0.500001333575);
#7684=CYLINDRICAL_SURFACE('',#8808,0.500001333599);
#7685=CYLINDRICAL_SURFACE('',#8809,0.500001333599);
#7686=CYLINDRICAL_SURFACE('',#8812,0.500001333599);
#7687=CYLINDRICAL_SURFACE('',#8813,0.500001333575);
#7688=CYLINDRICAL_SURFACE('',#8816,0.500001333599);
#7689=CYLINDRICAL_SURFACE('',#8817,0.500001333599);
#7690=CYLINDRICAL_SURFACE('',#8820,0.500001333599);
#7691=CYLINDRICAL_SURFACE('',#8821,0.500001333575);
#7692=CYLINDRICAL_SURFACE('',#8824,0.500001333599);
#7693=CYLINDRICAL_SURFACE('',#8825,0.500001333599);
#7694=CYLINDRICAL_SURFACE('',#8828,0.500001333599);
#7695=CYLINDRICAL_SURFACE('',#8829,0.500001333575);
#7696=CYLINDRICAL_SURFACE('',#8832,0.500001333599);
#7697=CYLINDRICAL_SURFACE('',#8833,0.500001333599);
#7698=CYLINDRICAL_SURFACE('',#8836,0.500001333599);
#7699=CYLINDRICAL_SURFACE('',#8837,0.500001333575);
#7700=CYLINDRICAL_SURFACE('',#8840,0.500001333599);
#7701=CYLINDRICAL_SURFACE('',#8841,0.500001333599);
#7702=CYLINDRICAL_SURFACE('',#8844,0.50000133357);
#7703=CYLINDRICAL_SURFACE('',#8845,1.1);
#7704=CYLINDRICAL_SURFACE('',#8846,0.500001333575);
#7705=CYLINDRICAL_SURFACE('',#8849,0.500001333599);
#7706=CYLINDRICAL_SURFACE('',#8850,0.500001333599);
#7707=CYLINDRICAL_SURFACE('',#8853,0.500001333599);
#7708=CYLINDRICAL_SURFACE('',#8854,0.500001333575);
#7709=CYLINDRICAL_SURFACE('',#8857,0.500001333599);
#7710=CYLINDRICAL_SURFACE('',#8858,0.500001333599);
#7711=CYLINDRICAL_SURFACE('',#8861,0.50000133357);
#7712=CYLINDRICAL_SURFACE('',#8862,0.500001333575);
#7713=CYLINDRICAL_SURFACE('',#8865,0.500001333599);
#7714=CYLINDRICAL_SURFACE('',#8866,0.500001333599);
#7715=CYLINDRICAL_SURFACE('',#8869,0.50000133357);
#7716=CYLINDRICAL_SURFACE('',#8870,0.500001333575);
#7717=CYLINDRICAL_SURFACE('',#8873,0.50000133357);
#7718=CYLINDRICAL_SURFACE('',#8874,0.500001333599);
#7719=CYLINDRICAL_SURFACE('',#8877,0.500001333599);
#7720=CYLINDRICAL_SURFACE('',#8878,0.500001333575);
#7721=CYLINDRICAL_SURFACE('',#8881,0.500001333599);
#7722=CYLINDRICAL_SURFACE('',#8882,0.500001333599);
#7723=CYLINDRICAL_SURFACE('',#8885,0.50000133357);
#7724=CYLINDRICAL_SURFACE('',#8886,0.500001333575);
#7725=CYLINDRICAL_SURFACE('',#8889,0.50000133357);
#7726=CYLINDRICAL_SURFACE('',#8890,0.500001333599);
#7727=CYLINDRICAL_SURFACE('',#8893,0.500001333599);
#7728=CYLINDRICAL_SURFACE('',#8894,0.500001333575);
#7729=CYLINDRICAL_SURFACE('',#8897,0.50000133357);
#7730=CYLINDRICAL_SURFACE('',#8898,0.500001333599);
#7731=CYLINDRICAL_SURFACE('',#8901,0.500001333599);
#7732=CYLINDRICAL_SURFACE('',#8902,0.500001333575);
#7733=CYLINDRICAL_SURFACE('',#8905,0.500001333599);
#7734=CYLINDRICAL_SURFACE('',#8906,0.500001333599);
#7735=CYLINDRICAL_SURFACE('',#8909,0.500001333599);
#7736=CYLINDRICAL_SURFACE('',#8910,0.500001333575);
#7737=CYLINDRICAL_SURFACE('',#8913,0.500001333599);
#7738=CYLINDRICAL_SURFACE('',#8914,0.500001333599);
#7739=CYLINDRICAL_SURFACE('',#8917,0.500001333599);
#7740=CYLINDRICAL_SURFACE('',#8918,0.500001333575);
#7741=CYLINDRICAL_SURFACE('',#8921,0.500001333599);
#7742=CYLINDRICAL_SURFACE('',#8922,0.500001333599);
#7743=CYLINDRICAL_SURFACE('',#8925,0.50000133357);
#7744=CYLINDRICAL_SURFACE('',#8926,0.500001333575);
#7745=CYLINDRICAL_SURFACE('',#8929,0.500001333599);
#7746=CYLINDRICAL_SURFACE('',#8930,0.500001333599);
#7747=CYLINDRICAL_SURFACE('',#8933,0.50000133357);
#7748=CYLINDRICAL_SURFACE('',#8934,0.500001333575);
#7749=CYLINDRICAL_SURFACE('',#8937,0.50000133357);
#7750=CYLINDRICAL_SURFACE('',#8938,0.500001333599);
#7751=CYLINDRICAL_SURFACE('',#8941,0.500001333599);
#7752=CYLINDRICAL_SURFACE('',#8942,0.500001333575);
#7753=CYLINDRICAL_SURFACE('',#8945,0.500001333599);
#7754=CYLINDRICAL_SURFACE('',#8946,0.500001333599);
#7755=CYLINDRICAL_SURFACE('',#8949,0.500001333599);
#7756=CYLINDRICAL_SURFACE('',#8950,0.500001333575);
#7757=CYLINDRICAL_SURFACE('',#8953,0.500001333599);
#7758=CYLINDRICAL_SURFACE('',#8954,0.500001333599);
#7759=CYLINDRICAL_SURFACE('',#8957,0.500001333599);
#7760=CYLINDRICAL_SURFACE('',#8958,0.500001333575);
#7761=CYLINDRICAL_SURFACE('',#8961,0.500001333599);
#7762=CYLINDRICAL_SURFACE('',#8962,0.500001333599);
#7763=CYLINDRICAL_SURFACE('',#8965,0.500001333599);
#7764=CYLINDRICAL_SURFACE('',#8966,0.500001333575);
#7765=CYLINDRICAL_SURFACE('',#8969,0.500001333599);
#7766=CYLINDRICAL_SURFACE('',#8970,0.500001333599);
#7767=CYLINDRICAL_SURFACE('',#8973,0.500001333599);
#7768=CYLINDRICAL_SURFACE('',#8974,1.1);
#7769=CYLINDRICAL_SURFACE('',#8975,0.500001333575);
#7770=CYLINDRICAL_SURFACE('',#8978,0.50000133357);
#7771=CYLINDRICAL_SURFACE('',#8979,0.500001333599);
#7772=CYLINDRICAL_SURFACE('',#8982,0.500001333599);
#7773=CYLINDRICAL_SURFACE('',#8983,0.500001333575);
#7774=CYLINDRICAL_SURFACE('',#8986,0.500001333599);
#7775=CYLINDRICAL_SURFACE('',#8987,0.500001333599);
#7776=CYLINDRICAL_SURFACE('',#8990,0.500001333599);
#7777=CYLINDRICAL_SURFACE('',#8991,0.500001333575);
#7778=CYLINDRICAL_SURFACE('',#8994,0.50000133357);
#7779=CYLINDRICAL_SURFACE('',#8995,0.500001333599);
#7780=CYLINDRICAL_SURFACE('',#8998,0.500001333599);
#7781=CYLINDRICAL_SURFACE('',#8999,0.500001333575);
#7782=CYLINDRICAL_SURFACE('',#9002,0.500001333599);
#7783=CYLINDRICAL_SURFACE('',#9003,0.500001333599);
#7784=CYLINDRICAL_SURFACE('',#9006,0.50000133357);
#7785=CYLINDRICAL_SURFACE('',#9007,0.500001333575);
#7786=CYLINDRICAL_SURFACE('',#9010,0.50000133357);
#7787=CYLINDRICAL_SURFACE('',#9011,0.500001333599);
#7788=CYLINDRICAL_SURFACE('',#9014,0.500001333599);
#7789=CYLINDRICAL_SURFACE('',#9015,0.500001333575);
#7790=CYLINDRICAL_SURFACE('',#9018,0.500001333599);
#7791=CYLINDRICAL_SURFACE('',#9019,0.500001333599);
#7792=CYLINDRICAL_SURFACE('',#9022,0.500001333599);
#7793=ADVANCED_FACE('',(#303),#7587,.T.);
#7794=ADVANCED_FACE('',(#304),#7588,.F.);
#7795=ADVANCED_FACE('',(#305,#15,#16,#17,#18,#19,#20,#21,#22,#23,#24,#25,
#26,#27,#28,#29,#30,#31,#32,#33,#34,#35,#36,#37,#38,#39,#40,#41,#42,#43,
#44,#45,#46,#47,#48,#49,#50,#51,#52,#53,#54,#55,#56,#57,#58,#59,#60),#107,
 .T.);
#7796=ADVANCED_FACE('',(#306),#7589,.T.);
#7797=ADVANCED_FACE('',(#307),#108,.T.);
#7798=ADVANCED_FACE('',(#308),#7590,.T.);
#7799=ADVANCED_FACE('',(#309),#109,.T.);
#7800=ADVANCED_FACE('',(#310),#7591,.T.);
#7801=ADVANCED_FACE('',(#311),#110,.T.);
#7802=ADVANCED_FACE('',(#312),#7592,.F.);
#7803=ADVANCED_FACE('',(#313),#111,.T.);
#7804=ADVANCED_FACE('',(#314),#7593,.T.);
#7805=ADVANCED_FACE('',(#315),#112,.T.);
#7806=ADVANCED_FACE('',(#316),#113,.T.);
#7807=ADVANCED_FACE('',(#317,#61,#62,#63,#64,#65,#66,#67,#68,#69,#70,#71,
#72,#73,#74,#75,#76,#77,#78,#79,#80,#81,#82,#83,#84,#85,#86,#87,#88,#89,
#90,#91,#92,#93,#94,#95,#96,#97,#98,#99,#100,#101,#102,#103,#104,#105,#106),
#114,.F.);
#7808=ADVANCED_FACE('',(#318),#7594,.T.);
#7809=ADVANCED_FACE('',(#319),#7595,.T.);
#7810=ADVANCED_FACE('',(#320),#115,.T.);
#7811=ADVANCED_FACE('',(#321),#116,.T.);
#7812=ADVANCED_FACE('',(#322),#7596,.T.);
#7813=ADVANCED_FACE('',(#323),#7597,.F.);
#7814=ADVANCED_FACE('',(#324),#117,.T.);
#7815=ADVANCED_FACE('',(#325),#118,.T.);
#7816=ADVANCED_FACE('',(#326),#7598,.F.);
#7817=ADVANCED_FACE('',(#327),#7599,.F.);
#7818=ADVANCED_FACE('',(#328),#119,.T.);
#7819=ADVANCED_FACE('',(#329),#120,.T.);
#7820=ADVANCED_FACE('',(#330),#7600,.F.);
#7821=ADVANCED_FACE('',(#331),#7601,.F.);
#7822=ADVANCED_FACE('',(#332),#121,.T.);
#7823=ADVANCED_FACE('',(#333),#122,.T.);
#7824=ADVANCED_FACE('',(#334),#7602,.F.);
#7825=ADVANCED_FACE('',(#335),#7603,.F.);
#7826=ADVANCED_FACE('',(#336),#123,.T.);
#7827=ADVANCED_FACE('',(#337),#124,.T.);
#7828=ADVANCED_FACE('',(#338),#7604,.F.);
#7829=ADVANCED_FACE('',(#339),#7605,.F.);
#7830=ADVANCED_FACE('',(#340),#125,.T.);
#7831=ADVANCED_FACE('',(#341),#126,.T.);
#7832=ADVANCED_FACE('',(#342),#7606,.F.);
#7833=ADVANCED_FACE('',(#343),#7607,.F.);
#7834=ADVANCED_FACE('',(#344),#127,.T.);
#7835=ADVANCED_FACE('',(#345),#128,.T.);
#7836=ADVANCED_FACE('',(#346),#7608,.F.);
#7837=ADVANCED_FACE('',(#347),#7609,.F.);
#7838=ADVANCED_FACE('',(#348),#7610,.F.);
#7839=ADVANCED_FACE('',(#349),#129,.T.);
#7840=ADVANCED_FACE('',(#350),#130,.T.);
#7841=ADVANCED_FACE('',(#351),#7611,.F.);
#7842=ADVANCED_FACE('',(#352),#7612,.F.);
#7843=ADVANCED_FACE('',(#353),#7613,.T.);
#7844=ADVANCED_FACE('',(#354),#131,.T.);
#7845=ADVANCED_FACE('',(#355),#132,.T.);
#7846=ADVANCED_FACE('',(#356),#7614,.F.);
#7847=ADVANCED_FACE('',(#357),#7615,.T.);
#7848=ADVANCED_FACE('',(#358),#133,.T.);
#7849=ADVANCED_FACE('',(#359),#7616,.F.);
#7850=ADVANCED_FACE('',(#360),#7617,.T.);
#7851=ADVANCED_FACE('',(#361),#134,.T.);
#7852=ADVANCED_FACE('',(#362),#135,.T.);
#7853=ADVANCED_FACE('',(#363),#7618,.F.);
#7854=ADVANCED_FACE('',(#364),#7619,.T.);
#7855=ADVANCED_FACE('',(#365),#136,.T.);
#7856=ADVANCED_FACE('',(#366),#7620,.F.);
#7857=ADVANCED_FACE('',(#367),#7621,.F.);
#7858=ADVANCED_FACE('',(#368),#137,.T.);
#7859=ADVANCED_FACE('',(#369),#138,.T.);
#7860=ADVANCED_FACE('',(#370),#7622,.F.);
#7861=ADVANCED_FACE('',(#371),#7623,.F.);
#7862=ADVANCED_FACE('',(#372),#139,.T.);
#7863=ADVANCED_FACE('',(#373),#140,.T.);
#7864=ADVANCED_FACE('',(#374),#7624,.T.);
#7865=ADVANCED_FACE('',(#375),#7625,.T.);
#7866=ADVANCED_FACE('',(#376),#141,.T.);
#7867=ADVANCED_FACE('',(#377),#7626,.F.);
#7868=ADVANCED_FACE('',(#378),#142,.T.);
#7869=ADVANCED_FACE('',(#379),#143,.T.);
#7870=ADVANCED_FACE('',(#380),#7627,.F.);
#7871=ADVANCED_FACE('',(#381),#7628,.F.);
#7872=ADVANCED_FACE('',(#382),#144,.T.);
#7873=ADVANCED_FACE('',(#383),#145,.T.);
#7874=ADVANCED_FACE('',(#384),#7629,.F.);
#7875=ADVANCED_FACE('',(#385),#7630,.F.);
#7876=ADVANCED_FACE('',(#386),#146,.T.);
#7877=ADVANCED_FACE('',(#387),#147,.T.);
#7878=ADVANCED_FACE('',(#388),#7631,.F.);
#7879=ADVANCED_FACE('',(#389),#7632,.F.);
#7880=ADVANCED_FACE('',(#390),#148,.T.);
#7881=ADVANCED_FACE('',(#391),#149,.T.);
#7882=ADVANCED_FACE('',(#392),#7633,.F.);
#7883=ADVANCED_FACE('',(#393),#7634,.F.);
#7884=ADVANCED_FACE('',(#394),#150,.T.);
#7885=ADVANCED_FACE('',(#395),#151,.T.);
#7886=ADVANCED_FACE('',(#396),#7635,.F.);
#7887=ADVANCED_FACE('',(#397),#7636,.F.);
#7888=ADVANCED_FACE('',(#398),#152,.T.);
#7889=ADVANCED_FACE('',(#399),#153,.T.);
#7890=ADVANCED_FACE('',(#400),#7637,.F.);
#7891=ADVANCED_FACE('',(#401),#7638,.F.);
#7892=ADVANCED_FACE('',(#402),#154,.T.);
#7893=ADVANCED_FACE('',(#403),#155,.T.);
#7894=ADVANCED_FACE('',(#404),#7639,.F.);
#7895=ADVANCED_FACE('',(#405),#7640,.F.);
#7896=ADVANCED_FACE('',(#406),#156,.T.);
#7897=ADVANCED_FACE('',(#407),#157,.T.);
#7898=ADVANCED_FACE('',(#408),#7641,.F.);
#7899=ADVANCED_FACE('',(#409),#7642,.F.);
#7900=ADVANCED_FACE('',(#410),#158,.T.);
#7901=ADVANCED_FACE('',(#411),#159,.T.);
#7902=ADVANCED_FACE('',(#412),#7643,.F.);
#7903=ADVANCED_FACE('',(#413),#7644,.F.);
#7904=ADVANCED_FACE('',(#414),#160,.T.);
#7905=ADVANCED_FACE('',(#415),#161,.T.);
#7906=ADVANCED_FACE('',(#416),#7645,.F.);
#7907=ADVANCED_FACE('',(#417),#7646,.F.);
#7908=ADVANCED_FACE('',(#418),#162,.T.);
#7909=ADVANCED_FACE('',(#419),#7647,.F.);
#7910=ADVANCED_FACE('',(#420),#7648,.F.);
#7911=ADVANCED_FACE('',(#421),#7649,.T.);
#7912=ADVANCED_FACE('',(#422),#163,.T.);
#7913=ADVANCED_FACE('',(#423),#164,.T.);
#7914=ADVANCED_FACE('',(#424),#7650,.F.);
#7915=ADVANCED_FACE('',(#425),#7651,.T.);
#7916=ADVANCED_FACE('',(#426),#165,.T.);
#7917=ADVANCED_FACE('',(#427),#7652,.F.);
#7918=ADVANCED_FACE('',(#428),#7653,.T.);
#7919=ADVANCED_FACE('',(#429),#166,.T.);
#7920=ADVANCED_FACE('',(#430),#167,.T.);
#7921=ADVANCED_FACE('',(#431),#7654,.F.);
#7922=ADVANCED_FACE('',(#432),#7655,.T.);
#7923=ADVANCED_FACE('',(#433),#168,.T.);
#7924=ADVANCED_FACE('',(#434),#169,.T.);
#7925=ADVANCED_FACE('',(#435),#7656,.F.);
#7926=ADVANCED_FACE('',(#436),#7657,.F.);
#7927=ADVANCED_FACE('',(#437),#170,.T.);
#7928=ADVANCED_FACE('',(#438),#171,.T.);
#7929=ADVANCED_FACE('',(#439),#7658,.F.);
#7930=ADVANCED_FACE('',(#440),#7659,.F.);
#7931=ADVANCED_FACE('',(#441),#172,.T.);
#7932=ADVANCED_FACE('',(#442),#173,.T.);
#7933=ADVANCED_FACE('',(#443),#7660,.T.);
#7934=ADVANCED_FACE('',(#444),#7661,.T.);
#7935=ADVANCED_FACE('',(#445),#174,.T.);
#7936=ADVANCED_FACE('',(#446),#7662,.F.);
#7937=ADVANCED_FACE('',(#447),#7663,.F.);
#7938=ADVANCED_FACE('',(#448),#175,.T.);
#7939=ADVANCED_FACE('',(#449),#176,.T.);
#7940=ADVANCED_FACE('',(#450),#7664,.F.);
#7941=ADVANCED_FACE('',(#451),#7665,.F.);
#7942=ADVANCED_FACE('',(#452),#177,.T.);
#7943=ADVANCED_FACE('',(#453),#178,.T.);
#7944=ADVANCED_FACE('',(#454),#7666,.F.);
#7945=ADVANCED_FACE('',(#455),#7667,.F.);
#7946=ADVANCED_FACE('',(#456),#179,.T.);
#7947=ADVANCED_FACE('',(#457),#180,.T.);
#7948=ADVANCED_FACE('',(#458),#7668,.F.);
#7949=ADVANCED_FACE('',(#459),#7669,.F.);
#7950=ADVANCED_FACE('',(#460),#181,.T.);
#7951=ADVANCED_FACE('',(#461),#182,.T.);
#7952=ADVANCED_FACE('',(#462),#7670,.F.);
#7953=ADVANCED_FACE('',(#463),#7671,.F.);
#7954=ADVANCED_FACE('',(#464),#183,.T.);
#7955=ADVANCED_FACE('',(#465),#184,.T.);
#7956=ADVANCED_FACE('',(#466),#7672,.F.);
#7957=ADVANCED_FACE('',(#467),#7673,.F.);
#7958=ADVANCED_FACE('',(#468),#185,.T.);
#7959=ADVANCED_FACE('',(#469),#186,.T.);
#7960=ADVANCED_FACE('',(#470),#7674,.F.);
#7961=ADVANCED_FACE('',(#471),#7675,.F.);
#7962=ADVANCED_FACE('',(#472),#187,.T.);
#7963=ADVANCED_FACE('',(#473),#188,.T.);
#7964=ADVANCED_FACE('',(#474),#7676,.F.);
#7965=ADVANCED_FACE('',(#475),#7677,.F.);
#7966=ADVANCED_FACE('',(#476),#189,.T.);
#7967=ADVANCED_FACE('',(#477),#190,.T.);
#7968=ADVANCED_FACE('',(#478),#7678,.F.);
#7969=ADVANCED_FACE('',(#479),#7679,.F.);
#7970=ADVANCED_FACE('',(#480),#191,.T.);
#7971=ADVANCED_FACE('',(#481),#192,.T.);
#7972=ADVANCED_FACE('',(#482),#7680,.F.);
#7973=ADVANCED_FACE('',(#483),#7681,.F.);
#7974=ADVANCED_FACE('',(#484),#193,.T.);
#7975=ADVANCED_FACE('',(#485),#194,.T.);
#7976=ADVANCED_FACE('',(#486),#7682,.F.);
#7977=ADVANCED_FACE('',(#487),#7683,.F.);
#7978=ADVANCED_FACE('',(#488),#195,.T.);
#7979=ADVANCED_FACE('',(#489),#196,.T.);
#7980=ADVANCED_FACE('',(#490),#7684,.F.);
#7981=ADVANCED_FACE('',(#491),#7685,.F.);
#7982=ADVANCED_FACE('',(#492),#197,.T.);
#7983=ADVANCED_FACE('',(#493),#198,.T.);
#7984=ADVANCED_FACE('',(#494),#7686,.F.);
#7985=ADVANCED_FACE('',(#495),#7687,.F.);
#7986=ADVANCED_FACE('',(#496),#199,.T.);
#7987=ADVANCED_FACE('',(#497),#200,.T.);
#7988=ADVANCED_FACE('',(#498),#7688,.F.);
#7989=ADVANCED_FACE('',(#499),#7689,.F.);
#7990=ADVANCED_FACE('',(#500),#201,.T.);
#7991=ADVANCED_FACE('',(#501),#202,.T.);
#7992=ADVANCED_FACE('',(#502),#7690,.F.);
#7993=ADVANCED_FACE('',(#503),#7691,.F.);
#7994=ADVANCED_FACE('',(#504),#203,.T.);
#7995=ADVANCED_FACE('',(#505),#204,.T.);
#7996=ADVANCED_FACE('',(#506),#7692,.F.);
#7997=ADVANCED_FACE('',(#507),#7693,.F.);
#7998=ADVANCED_FACE('',(#508),#205,.T.);
#7999=ADVANCED_FACE('',(#509),#206,.T.);
#8000=ADVANCED_FACE('',(#510),#7694,.F.);
#8001=ADVANCED_FACE('',(#511),#7695,.F.);
#8002=ADVANCED_FACE('',(#512),#207,.T.);
#8003=ADVANCED_FACE('',(#513),#208,.T.);
#8004=ADVANCED_FACE('',(#514),#7696,.F.);
#8005=ADVANCED_FACE('',(#515),#7697,.F.);
#8006=ADVANCED_FACE('',(#516),#209,.T.);
#8007=ADVANCED_FACE('',(#517),#210,.T.);
#8008=ADVANCED_FACE('',(#518),#7698,.F.);
#8009=ADVANCED_FACE('',(#519),#7699,.F.);
#8010=ADVANCED_FACE('',(#520),#211,.T.);
#8011=ADVANCED_FACE('',(#521),#212,.T.);
#8012=ADVANCED_FACE('',(#522),#7700,.F.);
#8013=ADVANCED_FACE('',(#523),#7701,.F.);
#8014=ADVANCED_FACE('',(#524),#213,.T.);
#8015=ADVANCED_FACE('',(#525),#214,.T.);
#8016=ADVANCED_FACE('',(#526),#7702,.F.);
#8017=ADVANCED_FACE('',(#527),#7703,.F.);
#8018=ADVANCED_FACE('',(#528),#7704,.F.);
#8019=ADVANCED_FACE('',(#529),#215,.T.);
#8020=ADVANCED_FACE('',(#530),#216,.T.);
#8021=ADVANCED_FACE('',(#531),#7705,.F.);
#8022=ADVANCED_FACE('',(#532),#7706,.F.);
#8023=ADVANCED_FACE('',(#533),#217,.T.);
#8024=ADVANCED_FACE('',(#534),#218,.T.);
#8025=ADVANCED_FACE('',(#535),#7707,.F.);
#8026=ADVANCED_FACE('',(#536),#7708,.F.);
#8027=ADVANCED_FACE('',(#537),#219,.T.);
#8028=ADVANCED_FACE('',(#538),#220,.T.);
#8029=ADVANCED_FACE('',(#539),#7709,.F.);
#8030=ADVANCED_FACE('',(#540),#7710,.F.);
#8031=ADVANCED_FACE('',(#541),#221,.T.);
#8032=ADVANCED_FACE('',(#542),#222,.T.);
#8033=ADVANCED_FACE('',(#543),#7711,.F.);
#8034=ADVANCED_FACE('',(#544),#7712,.F.);
#8035=ADVANCED_FACE('',(#545),#223,.T.);
#8036=ADVANCED_FACE('',(#546),#224,.T.);
#8037=ADVANCED_FACE('',(#547),#7713,.F.);
#8038=ADVANCED_FACE('',(#548),#7714,.F.);
#8039=ADVANCED_FACE('',(#549),#225,.T.);
#8040=ADVANCED_FACE('',(#550),#226,.T.);
#8041=ADVANCED_FACE('',(#551),#7715,.F.);
#8042=ADVANCED_FACE('',(#552),#7716,.F.);
#8043=ADVANCED_FACE('',(#553),#227,.T.);
#8044=ADVANCED_FACE('',(#554),#228,.T.);
#8045=ADVANCED_FACE('',(#555),#7717,.F.);
#8046=ADVANCED_FACE('',(#556),#7718,.F.);
#8047=ADVANCED_FACE('',(#557),#229,.T.);
#8048=ADVANCED_FACE('',(#558),#230,.T.);
#8049=ADVANCED_FACE('',(#559),#7719,.F.);
#8050=ADVANCED_FACE('',(#560),#7720,.F.);
#8051=ADVANCED_FACE('',(#561),#231,.T.);
#8052=ADVANCED_FACE('',(#562),#232,.T.);
#8053=ADVANCED_FACE('',(#563),#7721,.F.);
#8054=ADVANCED_FACE('',(#564),#7722,.F.);
#8055=ADVANCED_FACE('',(#565),#233,.T.);
#8056=ADVANCED_FACE('',(#566),#234,.T.);
#8057=ADVANCED_FACE('',(#567),#7723,.F.);
#8058=ADVANCED_FACE('',(#568),#7724,.F.);
#8059=ADVANCED_FACE('',(#569),#235,.T.);
#8060=ADVANCED_FACE('',(#570),#236,.T.);
#8061=ADVANCED_FACE('',(#571),#7725,.F.);
#8062=ADVANCED_FACE('',(#572),#7726,.F.);
#8063=ADVANCED_FACE('',(#573),#237,.T.);
#8064=ADVANCED_FACE('',(#574),#238,.T.);
#8065=ADVANCED_FACE('',(#575),#7727,.F.);
#8066=ADVANCED_FACE('',(#576),#7728,.F.);
#8067=ADVANCED_FACE('',(#577),#239,.T.);
#8068=ADVANCED_FACE('',(#578),#240,.T.);
#8069=ADVANCED_FACE('',(#579),#7729,.F.);
#8070=ADVANCED_FACE('',(#580),#7730,.F.);
#8071=ADVANCED_FACE('',(#581),#241,.T.);
#8072=ADVANCED_FACE('',(#582),#242,.T.);
#8073=ADVANCED_FACE('',(#583),#7731,.F.);
#8074=ADVANCED_FACE('',(#584),#7732,.F.);
#8075=ADVANCED_FACE('',(#585),#243,.T.);
#8076=ADVANCED_FACE('',(#586),#244,.T.);
#8077=ADVANCED_FACE('',(#587),#7733,.F.);
#8078=ADVANCED_FACE('',(#588),#7734,.F.);
#8079=ADVANCED_FACE('',(#589),#245,.T.);
#8080=ADVANCED_FACE('',(#590),#246,.T.);
#8081=ADVANCED_FACE('',(#591),#7735,.F.);
#8082=ADVANCED_FACE('',(#592),#7736,.F.);
#8083=ADVANCED_FACE('',(#593),#247,.T.);
#8084=ADVANCED_FACE('',(#594),#248,.T.);
#8085=ADVANCED_FACE('',(#595),#7737,.F.);
#8086=ADVANCED_FACE('',(#596),#7738,.F.);
#8087=ADVANCED_FACE('',(#597),#249,.T.);
#8088=ADVANCED_FACE('',(#598),#250,.T.);
#8089=ADVANCED_FACE('',(#599),#7739,.F.);
#8090=ADVANCED_FACE('',(#600),#7740,.F.);
#8091=ADVANCED_FACE('',(#601),#251,.T.);
#8092=ADVANCED_FACE('',(#602),#252,.T.);
#8093=ADVANCED_FACE('',(#603),#7741,.F.);
#8094=ADVANCED_FACE('',(#604),#7742,.F.);
#8095=ADVANCED_FACE('',(#605),#253,.T.);
#8096=ADVANCED_FACE('',(#606),#254,.T.);
#8097=ADVANCED_FACE('',(#607),#7743,.F.);
#8098=ADVANCED_FACE('',(#608),#7744,.F.);
#8099=ADVANCED_FACE('',(#609),#255,.T.);
#8100=ADVANCED_FACE('',(#610),#256,.T.);
#8101=ADVANCED_FACE('',(#611),#7745,.F.);
#8102=ADVANCED_FACE('',(#612),#7746,.F.);
#8103=ADVANCED_FACE('',(#613),#257,.T.);
#8104=ADVANCED_FACE('',(#614),#258,.T.);
#8105=ADVANCED_FACE('',(#615),#7747,.F.);
#8106=ADVANCED_FACE('',(#616),#7748,.F.);
#8107=ADVANCED_FACE('',(#617),#259,.T.);
#8108=ADVANCED_FACE('',(#618),#260,.T.);
#8109=ADVANCED_FACE('',(#619),#7749,.F.);
#8110=ADVANCED_FACE('',(#620),#7750,.F.);
#8111=ADVANCED_FACE('',(#621),#261,.T.);
#8112=ADVANCED_FACE('',(#622),#262,.T.);
#8113=ADVANCED_FACE('',(#623),#7751,.F.);
#8114=ADVANCED_FACE('',(#624),#7752,.F.);
#8115=ADVANCED_FACE('',(#625),#263,.T.);
#8116=ADVANCED_FACE('',(#626),#264,.T.);
#8117=ADVANCED_FACE('',(#627),#7753,.F.);
#8118=ADVANCED_FACE('',(#628),#7754,.F.);
#8119=ADVANCED_FACE('',(#629),#265,.T.);
#8120=ADVANCED_FACE('',(#630),#266,.T.);
#8121=ADVANCED_FACE('',(#631),#7755,.F.);
#8122=ADVANCED_FACE('',(#632),#7756,.F.);
#8123=ADVANCED_FACE('',(#633),#267,.T.);
#8124=ADVANCED_FACE('',(#634),#268,.T.);
#8125=ADVANCED_FACE('',(#635),#7757,.F.);
#8126=ADVANCED_FACE('',(#636),#7758,.F.);
#8127=ADVANCED_FACE('',(#637),#269,.T.);
#8128=ADVANCED_FACE('',(#638),#270,.T.);
#8129=ADVANCED_FACE('',(#639),#7759,.F.);
#8130=ADVANCED_FACE('',(#640),#7760,.F.);
#8131=ADVANCED_FACE('',(#641),#271,.T.);
#8132=ADVANCED_FACE('',(#642),#272,.T.);
#8133=ADVANCED_FACE('',(#643),#7761,.F.);
#8134=ADVANCED_FACE('',(#644),#7762,.F.);
#8135=ADVANCED_FACE('',(#645),#273,.T.);
#8136=ADVANCED_FACE('',(#646),#274,.T.);
#8137=ADVANCED_FACE('',(#647),#7763,.F.);
#8138=ADVANCED_FACE('',(#648),#7764,.F.);
#8139=ADVANCED_FACE('',(#649),#275,.T.);
#8140=ADVANCED_FACE('',(#650),#276,.T.);
#8141=ADVANCED_FACE('',(#651),#7765,.F.);
#8142=ADVANCED_FACE('',(#652),#7766,.F.);
#8143=ADVANCED_FACE('',(#653),#277,.T.);
#8144=ADVANCED_FACE('',(#654),#278,.T.);
#8145=ADVANCED_FACE('',(#655),#7767,.F.);
#8146=ADVANCED_FACE('',(#656),#7768,.F.);
#8147=ADVANCED_FACE('',(#657),#7769,.F.);
#8148=ADVANCED_FACE('',(#658),#279,.T.);
#8149=ADVANCED_FACE('',(#659),#280,.T.);
#8150=ADVANCED_FACE('',(#660),#7770,.F.);
#8151=ADVANCED_FACE('',(#661),#7771,.F.);
#8152=ADVANCED_FACE('',(#662),#281,.T.);
#8153=ADVANCED_FACE('',(#663),#282,.T.);
#8154=ADVANCED_FACE('',(#664),#7772,.F.);
#8155=ADVANCED_FACE('',(#665),#7773,.F.);
#8156=ADVANCED_FACE('',(#666),#283,.T.);
#8157=ADVANCED_FACE('',(#667),#284,.T.);
#8158=ADVANCED_FACE('',(#668),#7774,.F.);
#8159=ADVANCED_FACE('',(#669),#7775,.F.);
#8160=ADVANCED_FACE('',(#670),#285,.T.);
#8161=ADVANCED_FACE('',(#671),#286,.T.);
#8162=ADVANCED_FACE('',(#672),#7776,.F.);
#8163=ADVANCED_FACE('',(#673),#7777,.F.);
#8164=ADVANCED_FACE('',(#674),#287,.T.);
#8165=ADVANCED_FACE('',(#675),#288,.T.);
#8166=ADVANCED_FACE('',(#676),#7778,.F.);
#8167=ADVANCED_FACE('',(#677),#7779,.F.);
#8168=ADVANCED_FACE('',(#678),#289,.T.);
#8169=ADVANCED_FACE('',(#679),#290,.T.);
#8170=ADVANCED_FACE('',(#680),#7780,.F.);
#8171=ADVANCED_FACE('',(#681),#7781,.F.);
#8172=ADVANCED_FACE('',(#682),#291,.T.);
#8173=ADVANCED_FACE('',(#683),#292,.T.);
#8174=ADVANCED_FACE('',(#684),#7782,.F.);
#8175=ADVANCED_FACE('',(#685),#7783,.F.);
#8176=ADVANCED_FACE('',(#686),#293,.T.);
#8177=ADVANCED_FACE('',(#687),#294,.T.);
#8178=ADVANCED_FACE('',(#688),#7784,.F.);
#8179=ADVANCED_FACE('',(#689),#7785,.F.);
#8180=ADVANCED_FACE('',(#690),#295,.T.);
#8181=ADVANCED_FACE('',(#691),#296,.T.);
#8182=ADVANCED_FACE('',(#692),#7786,.F.);
#8183=ADVANCED_FACE('',(#693),#7787,.F.);
#8184=ADVANCED_FACE('',(#694),#297,.T.);
#8185=ADVANCED_FACE('',(#695),#298,.T.);
#8186=ADVANCED_FACE('',(#696),#7788,.F.);
#8187=ADVANCED_FACE('',(#697),#7789,.F.);
#8188=ADVANCED_FACE('',(#698),#299,.T.);
#8189=ADVANCED_FACE('',(#699),#300,.T.);
#8190=ADVANCED_FACE('',(#700),#7790,.F.);
#8191=ADVANCED_FACE('',(#701),#7791,.F.);
#8192=ADVANCED_FACE('',(#702),#301,.T.);
#8193=ADVANCED_FACE('',(#703),#302,.T.);
#8194=ADVANCED_FACE('',(#704),#7792,.F.);
#8195=CLOSED_SHELL('',(#7793,#7794,#7795,#7796,#7797,#7798,#7799,#7800,
#7801,#7802,#7803,#7804,#7805,#7806,#7807,#7808,#7809,#7810,#7811,#7812,
#7813,#7814,#7815,#7816,#7817,#7818,#7819,#7820,#7821,#7822,#7823,#7824,
#7825,#7826,#7827,#7828,#7829,#7830,#7831,#7832,#7833,#7834,#7835,#7836,
#7837,#7838,#7839,#7840,#7841,#7842,#7843,#7844,#7845,#7846,#7847,#7848,
#7849,#7850,#7851,#7852,#7853,#7854,#7855,#7856,#7857,#7858,#7859,#7860,
#7861,#7862,#7863,#7864,#7865,#7866,#7867,#7868,#7869,#7870,#7871,#7872,
#7873,#7874,#7875,#7876,#7877,#7878,#7879,#7880,#7881,#7882,#7883,#7884,
#7885,#7886,#7887,#7888,#7889,#7890,#7891,#7892,#7893,#7894,#7895,#7896,
#7897,#7898,#7899,#7900,#7901,#7902,#7903,#7904,#7905,#7906,#7907,#7908,
#7909,#7910,#7911,#7912,#7913,#7914,#7915,#7916,#7917,#7918,#7919,#7920,
#7921,#7922,#7923,#7924,#7925,#7926,#7927,#7928,#7929,#7930,#7931,#7932,
#7933,#7934,#7935,#7936,#7937,#7938,#7939,#7940,#7941,#7942,#7943,#7944,
#7945,#7946,#7947,#7948,#7949,#7950,#7951,#7952,#7953,#7954,#7955,#7956,
#7957,#7958,#7959,#7960,#7961,#7962,#7963,#7964,#7965,#7966,#7967,#7968,
#7969,#7970,#7971,#7972,#7973,#7974,#7975,#7976,#7977,#7978,#7979,#7980,
#7981,#7982,#7983,#7984,#7985,#7986,#7987,#7988,#7989,#7990,#7991,#7992,
#7993,#7994,#7995,#7996,#7997,#7998,#7999,#8000,#8001,#8002,#8003,#8004,
#8005,#8006,#8007,#8008,#8009,#8010,#8011,#8012,#8013,#8014,#8015,#8016,
#8017,#8018,#8019,#8020,#8021,#8022,#8023,#8024,#8025,#8026,#8027,#8028,
#8029,#8030,#8031,#8032,#8033,#8034,#8035,#8036,#8037,#8038,#8039,#8040,
#8041,#8042,#8043,#8044,#8045,#8046,#8047,#8048,#8049,#8050,#8051,#8052,
#8053,#8054,#8055,#8056,#8057,#8058,#8059,#8060,#8061,#8062,#8063,#8064,
#8065,#8066,#8067,#8068,#8069,#8070,#8071,#8072,#8073,#8074,#8075,#8076,
#8077,#8078,#8079,#8080,#8081,#8082,#8083,#8084,#8085,#8086,#8087,#8088,
#8089,#8090,#8091,#8092,#8093,#8094,#8095,#8096,#8097,#8098,#8099,#8100,
#8101,#8102,#8103,#8104,#8105,#8106,#8107,#8108,#8109,#8110,#8111,#8112,
#8113,#8114,#8115,#8116,#8117,#8118,#8119,#8120,#8121,#8122,#8123,#8124,
#8125,#8126,#8127,#8128,#8129,#8130,#8131,#8132,#8133,#8134,#8135,#8136,
#8137,#8138,#8139,#8140,#8141,#8142,#8143,#8144,#8145,#8146,#8147,#8148,
#8149,#8150,#8151,#8152,#8153,#8154,#8155,#8156,#8157,#8158,#8159,#8160,
#8161,#8162,#8163,#8164,#8165,#8166,#8167,#8168,#8169,#8170,#8171,#8172,
#8173,#8174,#8175,#8176,#8177,#8178,#8179,#8180,#8181,#8182,#8183,#8184,
#8185,#8186,#8187,#8188,#8189,#8190,#8191,#8192,#8193,#8194));
#8196=DERIVED_UNIT_ELEMENT(#8198,1.);
#8197=DERIVED_UNIT_ELEMENT(#13849,-3.);
#8198=(
MASS_UNIT()
NAMED_UNIT(*)
SI_UNIT(.KILO.,.GRAM.)
);
#8199=DERIVED_UNIT((#8196,#8197));
#8200=MEASURE_REPRESENTATION_ITEM('density measure',
POSITIVE_RATIO_MEASURE(7850.),#8199);
#8201=PROPERTY_DEFINITION_REPRESENTATION(#8206,#8203);
#8202=PROPERTY_DEFINITION_REPRESENTATION(#8207,#8204);
#8203=REPRESENTATION('material name',(#8205),#13846);
#8204=REPRESENTATION('density',(#8200),#13846);
#8205=DESCRIPTIVE_REPRESENTATION_ITEM('\X2\92FC\X0\','\X2\92FC\X0\');
#8206=PROPERTY_DEFINITION('material property','material name',#13856);
#8207=PROPERTY_DEFINITION('material property','density of part',#13856);
#8208=AXIS2_PLACEMENT_3D('',#11441,#9023,#9024);
#8209=AXIS2_PLACEMENT_3D('',#11442,#9025,#9026);
#8210=AXIS2_PLACEMENT_3D('',#11445,#9027,#9028);
#8211=AXIS2_PLACEMENT_3D('',#11449,#9030,#9031);
#8212=AXIS2_PLACEMENT_3D('',#11451,#9033,#9034);
#8213=AXIS2_PLACEMENT_3D('',#11453,#9035,#9036);
#8214=AXIS2_PLACEMENT_3D('',#11456,#9038,#9039);
#8215=AXIS2_PLACEMENT_3D('',#11457,#9040,#9041);
#8216=AXIS2_PLACEMENT_3D('',#11460,#9042,#9043);
#8217=AXIS2_PLACEMENT_3D('',#11464,#9045,#9046);
#8218=AXIS2_PLACEMENT_3D('',#11468,#9048,#9049);
#8219=AXIS2_PLACEMENT_3D('',#11472,#9051,#9052);
#8220=AXIS2_PLACEMENT_3D('',#11476,#9054,#9055);
#8221=AXIS2_PLACEMENT_3D('',#11480,#9057,#9058);
#8222=AXIS2_PLACEMENT_3D('',#11484,#9060,#9061);
#8223=AXIS2_PLACEMENT_3D('',#11488,#9063,#9064);
#8224=AXIS2_PLACEMENT_3D('',#11492,#9066,#9067);
#8225=AXIS2_PLACEMENT_3D('',#11496,#9069,#9070);
#8226=AXIS2_PLACEMENT_3D('',#11500,#9072,#9073);
#8227=AXIS2_PLACEMENT_3D('',#11504,#9075,#9076);
#8228=AXIS2_PLACEMENT_3D('',#11508,#9078,#9079);
#8229=AXIS2_PLACEMENT_3D('',#11512,#9081,#9082);
#8230=AXIS2_PLACEMENT_3D('',#11516,#9084,#9085);
#8231=AXIS2_PLACEMENT_3D('',#11520,#9087,#9088);
#8232=AXIS2_PLACEMENT_3D('',#11524,#9090,#9091);
#8233=AXIS2_PLACEMENT_3D('',#11528,#9093,#9094);
#8234=AXIS2_PLACEMENT_3D('',#11532,#9096,#9097);
#8235=AXIS2_PLACEMENT_3D('',#11536,#9099,#9100);
#8236=AXIS2_PLACEMENT_3D('',#11540,#9102,#9103);
#8237=AXIS2_PLACEMENT_3D('',#11544,#9105,#9106);
#8238=AXIS2_PLACEMENT_3D('',#11548,#9108,#9109);
#8239=AXIS2_PLACEMENT_3D('',#11552,#9111,#9112);
#8240=AXIS2_PLACEMENT_3D('',#11556,#9114,#9115);
#8241=AXIS2_PLACEMENT_3D('',#11560,#9117,#9118);
#8242=AXIS2_PLACEMENT_3D('',#11564,#9120,#9121);
#8243=AXIS2_PLACEMENT_3D('',#11568,#9123,#9124);
#8244=AXIS2_PLACEMENT_3D('',#11571,#9126,#9127);
#8245=AXIS2_PLACEMENT_3D('',#11574,#9128,#9129);
#8246=AXIS2_PLACEMENT_3D('',#11578,#9131,#9132);
#8247=AXIS2_PLACEMENT_3D('',#11582,#9134,#9135);
#8248=AXIS2_PLACEMENT_3D('',#11586,#9137,#9138);
#8249=AXIS2_PLACEMENT_3D('',#11590,#9140,#9141);
#8250=AXIS2_PLACEMENT_3D('',#11594,#9143,#9144);
#8251=AXIS2_PLACEMENT_3D('',#11598,#9146,#9147);
#8252=AXIS2_PLACEMENT_3D('',#11602,#9149,#9150);
#8253=AXIS2_PLACEMENT_3D('',#11606,#9152,#9153);
#8254=AXIS2_PLACEMENT_3D('',#11610,#9155,#9156);
#8255=AXIS2_PLACEMENT_3D('',#11614,#9158,#9159);
#8256=AXIS2_PLACEMENT_3D('',#11618,#9161,#9162);
#8257=AXIS2_PLACEMENT_3D('',#11622,#9164,#9165);
#8258=AXIS2_PLACEMENT_3D('',#11626,#9167,#9168);
#8259=AXIS2_PLACEMENT_3D('',#11630,#9170,#9171);
#8260=AXIS2_PLACEMENT_3D('',#11634,#9173,#9174);
#8261=AXIS2_PLACEMENT_3D('',#11638,#9176,#9177);
#8262=AXIS2_PLACEMENT_3D('',#11642,#9179,#9180);
#8263=AXIS2_PLACEMENT_3D('',#11646,#9182,#9183);
#8264=AXIS2_PLACEMENT_3D('',#11650,#9185,#9186);
#8265=AXIS2_PLACEMENT_3D('',#11654,#9188,#9189);
#8266=AXIS2_PLACEMENT_3D('',#11658,#9191,#9192);
#8267=AXIS2_PLACEMENT_3D('',#11662,#9194,#9195);
#8268=AXIS2_PLACEMENT_3D('',#11666,#9197,#9198);
#8269=AXIS2_PLACEMENT_3D('',#11670,#9200,#9201);
#8270=AXIS2_PLACEMENT_3D('',#11674,#9203,#9204);
#8271=AXIS2_PLACEMENT_3D('',#11678,#9206,#9207);
#8272=AXIS2_PLACEMENT_3D('',#11682,#9209,#9210);
#8273=AXIS2_PLACEMENT_3D('',#11686,#9212,#9213);
#8274=AXIS2_PLACEMENT_3D('',#11690,#9215,#9216);
#8275=AXIS2_PLACEMENT_3D('',#11694,#9218,#9219);
#8276=AXIS2_PLACEMENT_3D('',#11698,#9221,#9222);
#8277=AXIS2_PLACEMENT_3D('',#11702,#9224,#9225);
#8278=AXIS2_PLACEMENT_3D('',#11706,#9227,#9228);
#8279=AXIS2_PLACEMENT_3D('',#11710,#9230,#9231);
#8280=AXIS2_PLACEMENT_3D('',#11714,#9233,#9234);
#8281=AXIS2_PLACEMENT_3D('',#11718,#9236,#9237);
#8282=AXIS2_PLACEMENT_3D('',#11722,#9239,#9240);
#8283=AXIS2_PLACEMENT_3D('',#11726,#9242,#9243);
#8284=AXIS2_PLACEMENT_3D('',#11730,#9245,#9246);
#8285=AXIS2_PLACEMENT_3D('',#11734,#9248,#9249);
#8286=AXIS2_PLACEMENT_3D('',#11738,#9251,#9252);
#8287=AXIS2_PLACEMENT_3D('',#11742,#9254,#9255);
#8288=AXIS2_PLACEMENT_3D('',#11746,#9257,#9258);
#8289=AXIS2_PLACEMENT_3D('',#11750,#9260,#9261);
#8290=AXIS2_PLACEMENT_3D('',#11754,#9263,#9264);
#8291=AXIS2_PLACEMENT_3D('',#11758,#9266,#9267);
#8292=AXIS2_PLACEMENT_3D('',#11762,#9269,#9270);
#8293=AXIS2_PLACEMENT_3D('',#11766,#9272,#9273);
#8294=AXIS2_PLACEMENT_3D('',#11770,#9275,#9276);
#8295=AXIS2_PLACEMENT_3D('',#11774,#9278,#9279);
#8296=AXIS2_PLACEMENT_3D('',#11778,#9281,#9282);
#8297=AXIS2_PLACEMENT_3D('',#11782,#9284,#9285);
#8298=AXIS2_PLACEMENT_3D('',#11786,#9287,#9288);
#8299=AXIS2_PLACEMENT_3D('',#11790,#9290,#9291);
#8300=AXIS2_PLACEMENT_3D('',#11794,#9293,#9294);
#8301=AXIS2_PLACEMENT_3D('',#11798,#9296,#9297);
#8302=AXIS2_PLACEMENT_3D('',#11802,#9299,#9300);
#8303=AXIS2_PLACEMENT_3D('',#11806,#9302,#9303);
#8304=AXIS2_PLACEMENT_3D('',#11810,#9305,#9306);
#8305=AXIS2_PLACEMENT_3D('',#11814,#9308,#9309);
#8306=AXIS2_PLACEMENT_3D('',#11818,#9311,#9312);
#8307=AXIS2_PLACEMENT_3D('',#11822,#9314,#9315);
#8308=AXIS2_PLACEMENT_3D('',#11826,#9317,#9318);
#8309=AXIS2_PLACEMENT_3D('',#11829,#9320,#9321);
#8310=AXIS2_PLACEMENT_3D('',#11832,#9322,#9323);
#8311=AXIS2_PLACEMENT_3D('',#11836,#9325,#9326);
#8312=AXIS2_PLACEMENT_3D('',#11840,#9328,#9329);
#8313=AXIS2_PLACEMENT_3D('',#11844,#9331,#9332);
#8314=AXIS2_PLACEMENT_3D('',#11848,#9334,#9335);
#8315=AXIS2_PLACEMENT_3D('',#11852,#9337,#9338);
#8316=AXIS2_PLACEMENT_3D('',#11856,#9340,#9341);
#8317=AXIS2_PLACEMENT_3D('',#11860,#9343,#9344);
#8318=AXIS2_PLACEMENT_3D('',#11864,#9346,#9347);
#8319=AXIS2_PLACEMENT_3D('',#11868,#9349,#9350);
#8320=AXIS2_PLACEMENT_3D('',#11872,#9352,#9353);
#8321=AXIS2_PLACEMENT_3D('',#11876,#9355,#9356);
#8322=AXIS2_PLACEMENT_3D('',#11880,#9358,#9359);
#8323=AXIS2_PLACEMENT_3D('',#11884,#9361,#9362);
#8324=AXIS2_PLACEMENT_3D('',#11888,#9364,#9365);
#8325=AXIS2_PLACEMENT_3D('',#11892,#9367,#9368);
#8326=AXIS2_PLACEMENT_3D('',#11896,#9370,#9371);
#8327=AXIS2_PLACEMENT_3D('',#11900,#9373,#9374);
#8328=AXIS2_PLACEMENT_3D('',#11904,#9376,#9377);
#8329=AXIS2_PLACEMENT_3D('',#11908,#9379,#9380);
#8330=AXIS2_PLACEMENT_3D('',#11912,#9382,#9383);
#8331=AXIS2_PLACEMENT_3D('',#11916,#9385,#9386);
#8332=AXIS2_PLACEMENT_3D('',#11920,#9388,#9389);
#8333=AXIS2_PLACEMENT_3D('',#11924,#9391,#9392);
#8334=AXIS2_PLACEMENT_3D('',#11928,#9394,#9395);
#8335=AXIS2_PLACEMENT_3D('',#11932,#9397,#9398);
#8336=AXIS2_PLACEMENT_3D('',#11936,#9400,#9401);
#8337=AXIS2_PLACEMENT_3D('',#11940,#9403,#9404);
#8338=AXIS2_PLACEMENT_3D('',#11944,#9406,#9407);
#8339=AXIS2_PLACEMENT_3D('',#11948,#9409,#9410);
#8340=AXIS2_PLACEMENT_3D('',#11952,#9412,#9413);
#8341=AXIS2_PLACEMENT_3D('',#11956,#9415,#9416);
#8342=AXIS2_PLACEMENT_3D('',#11960,#9418,#9419);
#8343=AXIS2_PLACEMENT_3D('',#11964,#9421,#9422);
#8344=AXIS2_PLACEMENT_3D('',#11968,#9424,#9425);
#8345=AXIS2_PLACEMENT_3D('',#11972,#9427,#9428);
#8346=AXIS2_PLACEMENT_3D('',#11976,#9430,#9431);
#8347=AXIS2_PLACEMENT_3D('',#11980,#9433,#9434);
#8348=AXIS2_PLACEMENT_3D('',#11984,#9436,#9437);
#8349=AXIS2_PLACEMENT_3D('',#11988,#9439,#9440);
#8350=AXIS2_PLACEMENT_3D('',#11991,#9442,#9443);
#8351=AXIS2_PLACEMENT_3D('',#11994,#9444,#9445);
#8352=AXIS2_PLACEMENT_3D('',#11996,#9446,#9447);
#8353=AXIS2_PLACEMENT_3D('',#11998,#9448,#9449);
#8354=AXIS2_PLACEMENT_3D('',#12002,#9451,#9452);
#8355=AXIS2_PLACEMENT_3D('',#12006,#9454,#9455);
#8356=AXIS2_PLACEMENT_3D('',#12008,#9456,#9457);
#8357=AXIS2_PLACEMENT_3D('',#12012,#9459,#9460);
#8358=AXIS2_PLACEMENT_3D('',#12014,#9461,#9462);
#8359=AXIS2_PLACEMENT_3D('',#12018,#9464,#9465);
#8360=AXIS2_PLACEMENT_3D('',#12022,#9467,#9468);
#8361=AXIS2_PLACEMENT_3D('',#12026,#9470,#9471);
#8362=AXIS2_PLACEMENT_3D('',#12030,#9473,#9474);
#8363=AXIS2_PLACEMENT_3D('',#12034,#9476,#9477);
#8364=AXIS2_PLACEMENT_3D('',#12038,#9479,#9480);
#8365=AXIS2_PLACEMENT_3D('',#12042,#9482,#9483);
#8366=AXIS2_PLACEMENT_3D('',#12046,#9485,#9486);
#8367=AXIS2_PLACEMENT_3D('',#12050,#9488,#9489);
#8368=AXIS2_PLACEMENT_3D('',#12054,#9491,#9492);
#8369=AXIS2_PLACEMENT_3D('',#12058,#9494,#9495);
#8370=AXIS2_PLACEMENT_3D('',#12062,#9497,#9498);
#8371=AXIS2_PLACEMENT_3D('',#12066,#9500,#9501);
#8372=AXIS2_PLACEMENT_3D('',#12070,#9503,#9504);
#8373=AXIS2_PLACEMENT_3D('',#12074,#9506,#9507);
#8374=AXIS2_PLACEMENT_3D('',#12078,#9509,#9510);
#8375=AXIS2_PLACEMENT_3D('',#12082,#9512,#9513);
#8376=AXIS2_PLACEMENT_3D('',#12086,#9515,#9516);
#8377=AXIS2_PLACEMENT_3D('',#12090,#9518,#9519);
#8378=AXIS2_PLACEMENT_3D('',#12094,#9521,#9522);
#8379=AXIS2_PLACEMENT_3D('',#12098,#9524,#9525);
#8380=AXIS2_PLACEMENT_3D('',#12102,#9527,#9528);
#8381=AXIS2_PLACEMENT_3D('',#12106,#9530,#9531);
#8382=AXIS2_PLACEMENT_3D('',#12110,#9533,#9534);
#8383=AXIS2_PLACEMENT_3D('',#12114,#9536,#9537);
#8384=AXIS2_PLACEMENT_3D('',#12118,#9539,#9540);
#8385=AXIS2_PLACEMENT_3D('',#12122,#9542,#9543);
#8386=AXIS2_PLACEMENT_3D('',#12126,#9545,#9546);
#8387=AXIS2_PLACEMENT_3D('',#12130,#9548,#9549);
#8388=AXIS2_PLACEMENT_3D('',#12134,#9551,#9552);
#8389=AXIS2_PLACEMENT_3D('',#12138,#9554,#9555);
#8390=AXIS2_PLACEMENT_3D('',#12143,#9558,#9559);
#8391=AXIS2_PLACEMENT_3D('',#12147,#9561,#9562);
#8392=AXIS2_PLACEMENT_3D('',#12151,#9564,#9565);
#8393=AXIS2_PLACEMENT_3D('',#12155,#9567,#9568);
#8394=AXIS2_PLACEMENT_3D('',#12159,#9570,#9571);
#8395=AXIS2_PLACEMENT_3D('',#12163,#9573,#9574);
#8396=AXIS2_PLACEMENT_3D('',#12167,#9576,#9577);
#8397=AXIS2_PLACEMENT_3D('',#12171,#9579,#9580);
#8398=AXIS2_PLACEMENT_3D('',#12175,#9582,#9583);
#8399=AXIS2_PLACEMENT_3D('',#12179,#9585,#9586);
#8400=AXIS2_PLACEMENT_3D('',#12183,#9588,#9589);
#8401=AXIS2_PLACEMENT_3D('',#12187,#9591,#9592);
#8402=AXIS2_PLACEMENT_3D('',#12189,#9593,#9594);
#8403=AXIS2_PLACEMENT_3D('',#12193,#9596,#9597);
#8404=AXIS2_PLACEMENT_3D('',#12195,#9598,#9599);
#8405=AXIS2_PLACEMENT_3D('',#12199,#9601,#9602);
#8406=AXIS2_PLACEMENT_3D('',#12202,#9604,#9605);
#8407=AXIS2_PLACEMENT_3D('',#12204,#9606,#9607);
#8408=AXIS2_PLACEMENT_3D('',#12207,#9608,#9609);
#8409=AXIS2_PLACEMENT_3D('',#12211,#9611,#9612);
#8410=AXIS2_PLACEMENT_3D('',#12215,#9614,#9615);
#8411=AXIS2_PLACEMENT_3D('',#12219,#9617,#9618);
#8412=AXIS2_PLACEMENT_3D('',#12223,#9620,#9621);
#8413=AXIS2_PLACEMENT_3D('',#12227,#9623,#9624);
#8414=AXIS2_PLACEMENT_3D('',#12231,#9626,#9627);
#8415=AXIS2_PLACEMENT_3D('',#12235,#9629,#9630);
#8416=AXIS2_PLACEMENT_3D('',#12239,#9632,#9633);
#8417=AXIS2_PLACEMENT_3D('',#12243,#9635,#9636);
#8418=AXIS2_PLACEMENT_3D('',#12247,#9638,#9639);
#8419=AXIS2_PLACEMENT_3D('',#12251,#9641,#9642);
#8420=AXIS2_PLACEMENT_3D('',#12253,#9644,#9645);
#8421=AXIS2_PLACEMENT_3D('',#12255,#9646,#9647);
#8422=AXIS2_PLACEMENT_3D('',#12257,#9649,#9650);
#8423=AXIS2_PLACEMENT_3D('',#12261,#9653,#9654);
#8424=AXIS2_PLACEMENT_3D('',#12264,#9655,#9656);
#8425=AXIS2_PLACEMENT_3D('',#12267,#9659,#9660);
#8426=AXIS2_PLACEMENT_3D('',#12271,#9663,#9664);
#8427=AXIS2_PLACEMENT_3D('',#12275,#9666,#9667);
#8428=AXIS2_PLACEMENT_3D('',#12277,#9669,#9670);
#8429=AXIS2_PLACEMENT_3D('',#12281,#9673,#9674);
#8430=AXIS2_PLACEMENT_3D('',#12282,#9675,#9676);
#8431=AXIS2_PLACEMENT_3D('',#12283,#9677,#9678);
#8432=AXIS2_PLACEMENT_3D('',#12287,#9681,#9682);
#8433=AXIS2_PLACEMENT_3D('',#12292,#9685,#9686);
#8434=AXIS2_PLACEMENT_3D('',#12293,#9687,#9688);
#8435=AXIS2_PLACEMENT_3D('',#12297,#9691,#9692);
#8436=AXIS2_PLACEMENT_3D('',#12301,#9695,#9696);
#8437=AXIS2_PLACEMENT_3D('',#12303,#9697,#9698);
#8438=AXIS2_PLACEMENT_3D('',#12307,#9700,#9701);
#8439=AXIS2_PLACEMENT_3D('',#12310,#9703,#9704);
#8440=AXIS2_PLACEMENT_3D('',#12312,#9705,#9706);
#8441=AXIS2_PLACEMENT_3D('',#12316,#9708,#9709);
#8442=AXIS2_PLACEMENT_3D('',#12318,#9710,#9711);
#8443=AXIS2_PLACEMENT_3D('',#12322,#9713,#9714);
#8444=AXIS2_PLACEMENT_3D('',#12324,#9715,#9716);
#8445=AXIS2_PLACEMENT_3D('',#12328,#9718,#9719);
#8446=AXIS2_PLACEMENT_3D('',#12332,#9721,#9722);
#8447=AXIS2_PLACEMENT_3D('',#12336,#9724,#9725);
#8448=AXIS2_PLACEMENT_3D('',#12340,#9727,#9728);
#8449=AXIS2_PLACEMENT_3D('',#12344,#9730,#9731);
#8450=AXIS2_PLACEMENT_3D('',#12348,#9733,#9734);
#8451=AXIS2_PLACEMENT_3D('',#12352,#9736,#9737);
#8452=AXIS2_PLACEMENT_3D('',#12356,#9739,#9740);
#8453=AXIS2_PLACEMENT_3D('',#12360,#9742,#9743);
#8454=AXIS2_PLACEMENT_3D('',#12364,#9745,#9746);
#8455=AXIS2_PLACEMENT_3D('',#12367,#9748,#9749);
#8456=AXIS2_PLACEMENT_3D('',#12369,#9750,#9751);
#8457=AXIS2_PLACEMENT_3D('',#12373,#9753,#9754);
#8458=AXIS2_PLACEMENT_3D('',#12377,#9756,#9757);
#8459=AXIS2_PLACEMENT_3D('',#12381,#9759,#9760);
#8460=AXIS2_PLACEMENT_3D('',#12385,#9762,#9763);
#8461=AXIS2_PLACEMENT_3D('',#12389,#9765,#9766);
#8462=AXIS2_PLACEMENT_3D('',#12393,#9768,#9769);
#8463=AXIS2_PLACEMENT_3D('',#12397,#9771,#9772);
#8464=AXIS2_PLACEMENT_3D('',#12401,#9774,#9775);
#8465=AXIS2_PLACEMENT_3D('',#12405,#9777,#9778);
#8466=AXIS2_PLACEMENT_3D('',#12409,#9780,#9781);
#8467=AXIS2_PLACEMENT_3D('',#12413,#9783,#9784);
#8468=AXIS2_PLACEMENT_3D('',#12415,#9785,#9786);
#8469=AXIS2_PLACEMENT_3D('',#12419,#9788,#9789);
#8470=AXIS2_PLACEMENT_3D('',#12421,#9790,#9791);
#8471=AXIS2_PLACEMENT_3D('',#12424,#9793,#9794);
#8472=AXIS2_PLACEMENT_3D('',#12427,#9795,#9796);
#8473=AXIS2_PLACEMENT_3D('',#12431,#9798,#9799);
#8474=AXIS2_PLACEMENT_3D('',#12435,#9801,#9802);
#8475=AXIS2_PLACEMENT_3D('',#12439,#9804,#9805);
#8476=AXIS2_PLACEMENT_3D('',#12443,#9807,#9808);
#8477=AXIS2_PLACEMENT_3D('',#12447,#9810,#9811);
#8478=AXIS2_PLACEMENT_3D('',#12451,#9813,#9814);
#8479=AXIS2_PLACEMENT_3D('',#12455,#9816,#9817);
#8480=AXIS2_PLACEMENT_3D('',#12459,#9819,#9820);
#8481=AXIS2_PLACEMENT_3D('',#12463,#9822,#9823);
#8482=AXIS2_PLACEMENT_3D('',#12467,#9825,#9826);
#8483=AXIS2_PLACEMENT_3D('',#12471,#9828,#9829);
#8484=AXIS2_PLACEMENT_3D('',#12475,#9831,#9832);
#8485=AXIS2_PLACEMENT_3D('',#12479,#9834,#9835);
#8486=AXIS2_PLACEMENT_3D('',#12483,#9837,#9838);
#8487=AXIS2_PLACEMENT_3D('',#12487,#9840,#9841);
#8488=AXIS2_PLACEMENT_3D('',#12491,#9843,#9844);
#8489=AXIS2_PLACEMENT_3D('',#12495,#9846,#9847);
#8490=AXIS2_PLACEMENT_3D('',#12499,#9849,#9850);
#8491=AXIS2_PLACEMENT_3D('',#12503,#9852,#9853);
#8492=AXIS2_PLACEMENT_3D('',#12507,#9855,#9856);
#8493=AXIS2_PLACEMENT_3D('',#12511,#9858,#9859);
#8494=AXIS2_PLACEMENT_3D('',#12515,#9861,#9862);
#8495=AXIS2_PLACEMENT_3D('',#12519,#9864,#9865);
#8496=AXIS2_PLACEMENT_3D('',#12522,#9867,#9868);
#8497=AXIS2_PLACEMENT_3D('',#12525,#9869,#9870);
#8498=AXIS2_PLACEMENT_3D('',#12529,#9872,#9873);
#8499=AXIS2_PLACEMENT_3D('',#12533,#9875,#9876);
#8500=AXIS2_PLACEMENT_3D('',#12537,#9878,#9879);
#8501=AXIS2_PLACEMENT_3D('',#12541,#9881,#9882);
#8502=AXIS2_PLACEMENT_3D('',#12545,#9884,#9885);
#8503=AXIS2_PLACEMENT_3D('',#12549,#9887,#9888);
#8504=AXIS2_PLACEMENT_3D('',#12553,#9890,#9891);
#8505=AXIS2_PLACEMENT_3D('',#12557,#9893,#9894);
#8506=AXIS2_PLACEMENT_3D('',#12561,#9896,#9897);
#8507=AXIS2_PLACEMENT_3D('',#12565,#9899,#9900);
#8508=AXIS2_PLACEMENT_3D('',#12569,#9902,#9903);
#8509=AXIS2_PLACEMENT_3D('',#12573,#9905,#9906);
#8510=AXIS2_PLACEMENT_3D('',#12577,#9908,#9909);
#8511=AXIS2_PLACEMENT_3D('',#12581,#9911,#9912);
#8512=AXIS2_PLACEMENT_3D('',#12585,#9914,#9915);
#8513=AXIS2_PLACEMENT_3D('',#12589,#9917,#9918);
#8514=AXIS2_PLACEMENT_3D('',#12593,#9920,#9921);
#8515=AXIS2_PLACEMENT_3D('',#12597,#9923,#9924);
#8516=AXIS2_PLACEMENT_3D('',#12601,#9926,#9927);
#8517=AXIS2_PLACEMENT_3D('',#12605,#9929,#9930);
#8518=AXIS2_PLACEMENT_3D('',#12609,#9932,#9933);
#8519=AXIS2_PLACEMENT_3D('',#12613,#9935,#9936);
#8520=AXIS2_PLACEMENT_3D('',#12617,#9938,#9939);
#8521=AXIS2_PLACEMENT_3D('',#12621,#9941,#9942);
#8522=AXIS2_PLACEMENT_3D('',#12625,#9944,#9945);
#8523=AXIS2_PLACEMENT_3D('',#12629,#9947,#9948);
#8524=AXIS2_PLACEMENT_3D('',#12633,#9950,#9951);
#8525=AXIS2_PLACEMENT_3D('',#12637,#9953,#9954);
#8526=AXIS2_PLACEMENT_3D('',#12641,#9956,#9957);
#8527=AXIS2_PLACEMENT_3D('',#12645,#9959,#9960);
#8528=AXIS2_PLACEMENT_3D('',#12649,#9962,#9963);
#8529=AXIS2_PLACEMENT_3D('',#12653,#9965,#9966);
#8530=AXIS2_PLACEMENT_3D('',#12657,#9968,#9969);
#8531=AXIS2_PLACEMENT_3D('',#12661,#9971,#9972);
#8532=AXIS2_PLACEMENT_3D('',#12665,#9974,#9975);
#8533=AXIS2_PLACEMENT_3D('',#12669,#9977,#9978);
#8534=AXIS2_PLACEMENT_3D('',#12673,#9980,#9981);
#8535=AXIS2_PLACEMENT_3D('',#12677,#9983,#9984);
#8536=AXIS2_PLACEMENT_3D('',#12681,#9986,#9987);
#8537=AXIS2_PLACEMENT_3D('',#12685,#9989,#9990);
#8538=AXIS2_PLACEMENT_3D('',#12689,#9992,#9993);
#8539=AXIS2_PLACEMENT_3D('',#12693,#9995,#9996);
#8540=AXIS2_PLACEMENT_3D('',#12697,#9998,#9999);
#8541=AXIS2_PLACEMENT_3D('',#12701,#10001,#10002);
#8542=AXIS2_PLACEMENT_3D('',#12705,#10004,#10005);
#8543=AXIS2_PLACEMENT_3D('',#12709,#10007,#10008);
#8544=AXIS2_PLACEMENT_3D('',#12713,#10010,#10011);
#8545=AXIS2_PLACEMENT_3D('',#12717,#10013,#10014);
#8546=AXIS2_PLACEMENT_3D('',#12721,#10016,#10017);
#8547=AXIS2_PLACEMENT_3D('',#12725,#10019,#10020);
#8548=AXIS2_PLACEMENT_3D('',#12729,#10022,#10023);
#8549=AXIS2_PLACEMENT_3D('',#12733,#10025,#10026);
#8550=AXIS2_PLACEMENT_3D('',#12737,#10028,#10029);
#8551=AXIS2_PLACEMENT_3D('',#12741,#10031,#10032);
#8552=AXIS2_PLACEMENT_3D('',#12745,#10034,#10035);
#8553=AXIS2_PLACEMENT_3D('',#12749,#10037,#10038);
#8554=AXIS2_PLACEMENT_3D('',#12753,#10040,#10041);
#8555=AXIS2_PLACEMENT_3D('',#12757,#10043,#10044);
#8556=AXIS2_PLACEMENT_3D('',#12761,#10046,#10047);
#8557=AXIS2_PLACEMENT_3D('',#12765,#10049,#10050);
#8558=AXIS2_PLACEMENT_3D('',#12769,#10052,#10053);
#8559=AXIS2_PLACEMENT_3D('',#12773,#10055,#10056);
#8560=AXIS2_PLACEMENT_3D('',#12777,#10058,#10059);
#8561=AXIS2_PLACEMENT_3D('',#12780,#10061,#10062);
#8562=AXIS2_PLACEMENT_3D('',#12783,#10063,#10064);
#8563=AXIS2_PLACEMENT_3D('',#12787,#10066,#10067);
#8564=AXIS2_PLACEMENT_3D('',#12791,#10069,#10070);
#8565=AXIS2_PLACEMENT_3D('',#12795,#10072,#10073);
#8566=AXIS2_PLACEMENT_3D('',#12799,#10075,#10076);
#8567=AXIS2_PLACEMENT_3D('',#12803,#10078,#10079);
#8568=AXIS2_PLACEMENT_3D('',#12807,#10081,#10082);
#8569=AXIS2_PLACEMENT_3D('',#12811,#10084,#10085);
#8570=AXIS2_PLACEMENT_3D('',#12815,#10087,#10088);
#8571=AXIS2_PLACEMENT_3D('',#12819,#10090,#10091);
#8572=AXIS2_PLACEMENT_3D('',#12823,#10093,#10094);
#8573=AXIS2_PLACEMENT_3D('',#12827,#10096,#10097);
#8574=AXIS2_PLACEMENT_3D('',#12831,#10099,#10100);
#8575=AXIS2_PLACEMENT_3D('',#12835,#10102,#10103);
#8576=AXIS2_PLACEMENT_3D('',#12839,#10105,#10106);
#8577=AXIS2_PLACEMENT_3D('',#12843,#10108,#10109);
#8578=AXIS2_PLACEMENT_3D('',#12847,#10111,#10112);
#8579=AXIS2_PLACEMENT_3D('',#12851,#10114,#10115);
#8580=AXIS2_PLACEMENT_3D('',#12855,#10117,#10118);
#8581=AXIS2_PLACEMENT_3D('',#12859,#10120,#10121);
#8582=AXIS2_PLACEMENT_3D('',#12863,#10123,#10124);
#8583=AXIS2_PLACEMENT_3D('',#12867,#10126,#10127);
#8584=AXIS2_PLACEMENT_3D('',#12871,#10129,#10130);
#8585=AXIS2_PLACEMENT_3D('',#12875,#10132,#10133);
#8586=AXIS2_PLACEMENT_3D('',#12879,#10135,#10136);
#8587=AXIS2_PLACEMENT_3D('',#12883,#10138,#10139);
#8588=AXIS2_PLACEMENT_3D('',#12887,#10141,#10142);
#8589=AXIS2_PLACEMENT_3D('',#12891,#10144,#10145);
#8590=AXIS2_PLACEMENT_3D('',#12895,#10147,#10148);
#8591=AXIS2_PLACEMENT_3D('',#12899,#10150,#10151);
#8592=AXIS2_PLACEMENT_3D('',#12903,#10153,#10154);
#8593=AXIS2_PLACEMENT_3D('',#12907,#10156,#10157);
#8594=AXIS2_PLACEMENT_3D('',#12911,#10159,#10160);
#8595=AXIS2_PLACEMENT_3D('',#12915,#10162,#10163);
#8596=AXIS2_PLACEMENT_3D('',#12919,#10165,#10166);
#8597=AXIS2_PLACEMENT_3D('',#12923,#10168,#10169);
#8598=AXIS2_PLACEMENT_3D('',#12927,#10171,#10172);
#8599=AXIS2_PLACEMENT_3D('',#12931,#10174,#10175);
#8600=AXIS2_PLACEMENT_3D('',#12935,#10177,#10178);
#8601=AXIS2_PLACEMENT_3D('',#12939,#10180,#10181);
#8602=AXIS2_PLACEMENT_3D('',#12942,#10183,#10184);
#8603=AXIS2_PLACEMENT_3D('',#12945,#10185,#10186);
#8604=AXIS2_PLACEMENT_3D('',#12949,#10188,#10189);
#8605=AXIS2_PLACEMENT_3D('',#12953,#10191,#10192);
#8606=AXIS2_PLACEMENT_3D('',#12957,#10194,#10195);
#8607=AXIS2_PLACEMENT_3D('',#12961,#10197,#10198);
#8608=AXIS2_PLACEMENT_3D('',#12965,#10200,#10201);
#8609=AXIS2_PLACEMENT_3D('',#12969,#10203,#10204);
#8610=AXIS2_PLACEMENT_3D('',#12973,#10206,#10207);
#8611=AXIS2_PLACEMENT_3D('',#12977,#10209,#10210);
#8612=AXIS2_PLACEMENT_3D('',#12981,#10212,#10213);
#8613=AXIS2_PLACEMENT_3D('',#12985,#10215,#10216);
#8614=AXIS2_PLACEMENT_3D('',#12989,#10218,#10219);
#8615=AXIS2_PLACEMENT_3D('',#12993,#10221,#10222);
#8616=AXIS2_PLACEMENT_3D('',#12997,#10224,#10225);
#8617=AXIS2_PLACEMENT_3D('',#13001,#10227,#10228);
#8618=AXIS2_PLACEMENT_3D('',#13005,#10230,#10231);
#8619=AXIS2_PLACEMENT_3D('',#13009,#10233,#10234);
#8620=AXIS2_PLACEMENT_3D('',#13013,#10236,#10237);
#8621=AXIS2_PLACEMENT_3D('',#13017,#10239,#10240);
#8622=AXIS2_PLACEMENT_3D('',#13021,#10242,#10243);
#8623=AXIS2_PLACEMENT_3D('',#13024,#10245,#10246);
#8624=AXIS2_PLACEMENT_3D('',#13027,#10247,#10248);
#8625=AXIS2_PLACEMENT_3D('',#13031,#10250,#10251);
#8626=AXIS2_PLACEMENT_3D('',#13035,#10253,#10254);
#8627=AXIS2_PLACEMENT_3D('',#13039,#10256,#10257);
#8628=AXIS2_PLACEMENT_3D('',#13043,#10259,#10260);
#8629=AXIS2_PLACEMENT_3D('',#13047,#10262,#10263);
#8630=AXIS2_PLACEMENT_3D('',#13051,#10265,#10266);
#8631=AXIS2_PLACEMENT_3D('',#13055,#10268,#10269);
#8632=AXIS2_PLACEMENT_3D('',#13059,#10271,#10272);
#8633=AXIS2_PLACEMENT_3D('',#13063,#10274,#10275);
#8634=AXIS2_PLACEMENT_3D('',#13067,#10277,#10278);
#8635=AXIS2_PLACEMENT_3D('',#13071,#10280,#10281);
#8636=AXIS2_PLACEMENT_3D('',#13073,#10283,#10284);
#8637=AXIS2_PLACEMENT_3D('',#13075,#10286,#10287);
#8638=AXIS2_PLACEMENT_3D('',#13077,#10289,#10290);
#8639=AXIS2_PLACEMENT_3D('',#13079,#10292,#10293);
#8640=AXIS2_PLACEMENT_3D('',#13081,#10295,#10296);
#8641=AXIS2_PLACEMENT_3D('',#13082,#10297,#10298);
#8642=AXIS2_PLACEMENT_3D('',#13085,#10301,#10302);
#8643=AXIS2_PLACEMENT_3D('',#13087,#10304,#10305);
#8644=AXIS2_PLACEMENT_3D('',#13089,#10307,#10308);
#8645=AXIS2_PLACEMENT_3D('',#13091,#10310,#10311);
#8646=AXIS2_PLACEMENT_3D('',#13093,#10313,#10314);
#8647=AXIS2_PLACEMENT_3D('',#13095,#10316,#10317);
#8648=AXIS2_PLACEMENT_3D('',#13097,#10319,#10320);
#8649=AXIS2_PLACEMENT_3D('',#13098,#10321,#10322);
#8650=AXIS2_PLACEMENT_3D('',#13101,#10325,#10326);
#8651=AXIS2_PLACEMENT_3D('',#13103,#10328,#10329);
#8652=AXIS2_PLACEMENT_3D('',#13105,#10331,#10332);
#8653=AXIS2_PLACEMENT_3D('',#13107,#10334,#10335);
#8654=AXIS2_PLACEMENT_3D('',#13109,#10337,#10338);
#8655=AXIS2_PLACEMENT_3D('',#13111,#10340,#10341);
#8656=AXIS2_PLACEMENT_3D('',#13113,#10343,#10344);
#8657=AXIS2_PLACEMENT_3D('',#13114,#10345,#10346);
#8658=AXIS2_PLACEMENT_3D('',#13117,#10349,#10350);
#8659=AXIS2_PLACEMENT_3D('',#13119,#10352,#10353);
#8660=AXIS2_PLACEMENT_3D('',#13121,#10355,#10356);
#8661=AXIS2_PLACEMENT_3D('',#13123,#10358,#10359);
#8662=AXIS2_PLACEMENT_3D('',#13125,#10361,#10362);
#8663=AXIS2_PLACEMENT_3D('',#13127,#10364,#10365);
#8664=AXIS2_PLACEMENT_3D('',#13129,#10367,#10368);
#8665=AXIS2_PLACEMENT_3D('',#13130,#10369,#10370);
#8666=AXIS2_PLACEMENT_3D('',#13132,#10372,#10373);
#8667=AXIS2_PLACEMENT_3D('',#13135,#10376,#10377);
#8668=AXIS2_PLACEMENT_3D('',#13137,#10379,#10380);
#8669=AXIS2_PLACEMENT_3D('',#13139,#10382,#10383);
#8670=AXIS2_PLACEMENT_3D('',#13141,#10385,#10386);
#8671=AXIS2_PLACEMENT_3D('',#13143,#10388,#10389);
#8672=AXIS2_PLACEMENT_3D('',#13145,#10391,#10392);
#8673=AXIS2_PLACEMENT_3D('',#13147,#10394,#10395);
#8674=AXIS2_PLACEMENT_3D('',#13149,#10397,#10398);
#8675=AXIS2_PLACEMENT_3D('',#13151,#10400,#10401);
#8676=AXIS2_PLACEMENT_3D('',#13153,#10403,#10404);
#8677=AXIS2_PLACEMENT_3D('',#13155,#10406,#10407);
#8678=AXIS2_PLACEMENT_3D('',#13157,#10409,#10410);
#8679=AXIS2_PLACEMENT_3D('',#13159,#10412,#10413);
#8680=AXIS2_PLACEMENT_3D('',#13161,#10415,#10416);
#8681=AXIS2_PLACEMENT_3D('',#13163,#10418,#10419);
#8682=AXIS2_PLACEMENT_3D('',#13164,#10420,#10421);
#8683=AXIS2_PLACEMENT_3D('',#13166,#10423,#10424);
#8684=AXIS2_PLACEMENT_3D('',#13168,#10426,#10427);
#8685=AXIS2_PLACEMENT_3D('',#13170,#10429,#10430);
#8686=AXIS2_PLACEMENT_3D('',#13172,#10432,#10433);
#8687=AXIS2_PLACEMENT_3D('',#13174,#10435,#10436);
#8688=AXIS2_PLACEMENT_3D('',#13176,#10438,#10439);
#8689=AXIS2_PLACEMENT_3D('',#13178,#10441,#10442);
#8690=AXIS2_PLACEMENT_3D('',#13180,#10444,#10445);
#8691=AXIS2_PLACEMENT_3D('',#13182,#10447,#10448);
#8692=AXIS2_PLACEMENT_3D('',#13184,#10450,#10451);
#8693=AXIS2_PLACEMENT_3D('',#13186,#10453,#10454);
#8694=AXIS2_PLACEMENT_3D('',#13188,#10456,#10457);
#8695=AXIS2_PLACEMENT_3D('',#13189,#10458,#10459);
#8696=AXIS2_PLACEMENT_3D('',#13192,#10462,#10463);
#8697=AXIS2_PLACEMENT_3D('',#13194,#10465,#10466);
#8698=AXIS2_PLACEMENT_3D('',#13196,#10468,#10469);
#8699=AXIS2_PLACEMENT_3D('',#13198,#10471,#10472);
#8700=AXIS2_PLACEMENT_3D('',#13200,#10474,#10475);
#8701=AXIS2_PLACEMENT_3D('',#13202,#10477,#10478);
#8702=AXIS2_PLACEMENT_3D('',#13204,#10480,#10481);
#8703=AXIS2_PLACEMENT_3D('',#13205,#10482,#10483);
#8704=AXIS2_PLACEMENT_3D('',#13208,#10486,#10487);
#8705=AXIS2_PLACEMENT_3D('',#13210,#10489,#10490);
#8706=AXIS2_PLACEMENT_3D('',#13212,#10492,#10493);
#8707=AXIS2_PLACEMENT_3D('',#13214,#10495,#10496);
#8708=AXIS2_PLACEMENT_3D('',#13216,#10498,#10499);
#8709=AXIS2_PLACEMENT_3D('',#13218,#10501,#10502);
#8710=AXIS2_PLACEMENT_3D('',#13220,#10504,#10505);
#8711=AXIS2_PLACEMENT_3D('',#13221,#10506,#10507);
#8712=AXIS2_PLACEMENT_3D('',#13224,#10510,#10511);
#8713=AXIS2_PLACEMENT_3D('',#13226,#10513,#10514);
#8714=AXIS2_PLACEMENT_3D('',#13228,#10516,#10517);
#8715=AXIS2_PLACEMENT_3D('',#13230,#10519,#10520);
#8716=AXIS2_PLACEMENT_3D('',#13232,#10522,#10523);
#8717=AXIS2_PLACEMENT_3D('',#13234,#10525,#10526);
#8718=AXIS2_PLACEMENT_3D('',#13236,#10528,#10529);
#8719=AXIS2_PLACEMENT_3D('',#13237,#10530,#10531);
#8720=AXIS2_PLACEMENT_3D('',#13240,#10534,#10535);
#8721=AXIS2_PLACEMENT_3D('',#13242,#10537,#10538);
#8722=AXIS2_PLACEMENT_3D('',#13244,#10540,#10541);
#8723=AXIS2_PLACEMENT_3D('',#13246,#10543,#10544);
#8724=AXIS2_PLACEMENT_3D('',#13248,#10546,#10547);
#8725=AXIS2_PLACEMENT_3D('',#13250,#10549,#10550);
#8726=AXIS2_PLACEMENT_3D('',#13252,#10552,#10553);
#8727=AXIS2_PLACEMENT_3D('',#13253,#10554,#10555);
#8728=AXIS2_PLACEMENT_3D('',#13256,#10558,#10559);
#8729=AXIS2_PLACEMENT_3D('',#13258,#10561,#10562);
#8730=AXIS2_PLACEMENT_3D('',#13260,#10564,#10565);
#8731=AXIS2_PLACEMENT_3D('',#13262,#10567,#10568);
#8732=AXIS2_PLACEMENT_3D('',#13264,#10570,#10571);
#8733=AXIS2_PLACEMENT_3D('',#13266,#10573,#10574);
#8734=AXIS2_PLACEMENT_3D('',#13268,#10576,#10577);
#8735=AXIS2_PLACEMENT_3D('',#13269,#10578,#10579);
#8736=AXIS2_PLACEMENT_3D('',#13271,#10581,#10582);
#8737=AXIS2_PLACEMENT_3D('',#13273,#10584,#10585);
#8738=AXIS2_PLACEMENT_3D('',#13275,#10587,#10588);
#8739=AXIS2_PLACEMENT_3D('',#13277,#10590,#10591);
#8740=AXIS2_PLACEMENT_3D('',#13279,#10593,#10594);
#8741=AXIS2_PLACEMENT_3D('',#13281,#10596,#10597);
#8742=AXIS2_PLACEMENT_3D('',#13283,#10599,#10600);
#8743=AXIS2_PLACEMENT_3D('',#13285,#10602,#10603);
#8744=AXIS2_PLACEMENT_3D('',#13287,#10605,#10606);
#8745=AXIS2_PLACEMENT_3D('',#13289,#10608,#10609);
#8746=AXIS2_PLACEMENT_3D('',#13291,#10611,#10612);
#8747=AXIS2_PLACEMENT_3D('',#13293,#10614,#10615);
#8748=AXIS2_PLACEMENT_3D('',#13295,#10617,#10618);
#8749=AXIS2_PLACEMENT_3D('',#13297,#10620,#10621);
#8750=AXIS2_PLACEMENT_3D('',#13299,#10623,#10624);
#8751=AXIS2_PLACEMENT_3D('',#13301,#10626,#10627);
#8752=AXIS2_PLACEMENT_3D('',#13303,#10629,#10630);
#8753=AXIS2_PLACEMENT_3D('',#13305,#10632,#10633);
#8754=AXIS2_PLACEMENT_3D('',#13307,#10635,#10636);
#8755=AXIS2_PLACEMENT_3D('',#13309,#10638,#10639);
#8756=AXIS2_PLACEMENT_3D('',#13311,#10641,#10642);
#8757=AXIS2_PLACEMENT_3D('',#13313,#10644,#10645);
#8758=AXIS2_PLACEMENT_3D('',#13315,#10647,#10648);
#8759=AXIS2_PLACEMENT_3D('',#13317,#10650,#10651);
#8760=AXIS2_PLACEMENT_3D('',#13319,#10653,#10654);
#8761=AXIS2_PLACEMENT_3D('',#13321,#10656,#10657);
#8762=AXIS2_PLACEMENT_3D('',#13323,#10659,#10660);
#8763=AXIS2_PLACEMENT_3D('',#13325,#10662,#10663);
#8764=AXIS2_PLACEMENT_3D('',#13326,#10664,#10665);
#8765=AXIS2_PLACEMENT_3D('',#13328,#10667,#10668);
#8766=AXIS2_PLACEMENT_3D('',#13331,#10671,#10672);
#8767=AXIS2_PLACEMENT_3D('',#13333,#10674,#10675);
#8768=AXIS2_PLACEMENT_3D('',#13335,#10677,#10678);
#8769=AXIS2_PLACEMENT_3D('',#13337,#10680,#10681);
#8770=AXIS2_PLACEMENT_3D('',#13339,#10683,#10684);
#8771=AXIS2_PLACEMENT_3D('',#13341,#10686,#10687);
#8772=AXIS2_PLACEMENT_3D('',#13343,#10689,#10690);
#8773=AXIS2_PLACEMENT_3D('',#13344,#10691,#10692);
#8774=AXIS2_PLACEMENT_3D('',#13347,#10695,#10696);
#8775=AXIS2_PLACEMENT_3D('',#13349,#10698,#10699);
#8776=AXIS2_PLACEMENT_3D('',#13351,#10701,#10702);
#8777=AXIS2_PLACEMENT_3D('',#13353,#10704,#10705);
#8778=AXIS2_PLACEMENT_3D('',#13355,#10707,#10708);
#8779=AXIS2_PLACEMENT_3D('',#13357,#10710,#10711);
#8780=AXIS2_PLACEMENT_3D('',#13359,#10713,#10714);
#8781=AXIS2_PLACEMENT_3D('',#13360,#10715,#10716);
#8782=AXIS2_PLACEMENT_3D('',#13363,#10719,#10720);
#8783=AXIS2_PLACEMENT_3D('',#13365,#10722,#10723);
#8784=AXIS2_PLACEMENT_3D('',#13367,#10725,#10726);
#8785=AXIS2_PLACEMENT_3D('',#13369,#10728,#10729);
#8786=AXIS2_PLACEMENT_3D('',#13371,#10731,#10732);
#8787=AXIS2_PLACEMENT_3D('',#13373,#10734,#10735);
#8788=AXIS2_PLACEMENT_3D('',#13375,#10737,#10738);
#8789=AXIS2_PLACEMENT_3D('',#13376,#10739,#10740);
#8790=AXIS2_PLACEMENT_3D('',#13379,#10743,#10744);
#8791=AXIS2_PLACEMENT_3D('',#13381,#10746,#10747);
#8792=AXIS2_PLACEMENT_3D('',#13383,#10749,#10750);
#8793=AXIS2_PLACEMENT_3D('',#13385,#10752,#10753);
#8794=AXIS2_PLACEMENT_3D('',#13387,#10755,#10756);
#8795=AXIS2_PLACEMENT_3D('',#13389,#10758,#10759);
#8796=AXIS2_PLACEMENT_3D('',#13391,#10761,#10762);
#8797=AXIS2_PLACEMENT_3D('',#13392,#10763,#10764);
#8798=AXIS2_PLACEMENT_3D('',#13395,#10767,#10768);
#8799=AXIS2_PLACEMENT_3D('',#13397,#10770,#10771);
#8800=AXIS2_PLACEMENT_3D('',#13399,#10773,#10774);
#8801=AXIS2_PLACEMENT_3D('',#13401,#10776,#10777);
#8802=AXIS2_PLACEMENT_3D('',#13403,#10779,#10780);
#8803=AXIS2_PLACEMENT_3D('',#13405,#10782,#10783);
#8804=AXIS2_PLACEMENT_3D('',#13407,#10785,#10786);
#8805=AXIS2_PLACEMENT_3D('',#13408,#10787,#10788);
#8806=AXIS2_PLACEMENT_3D('',#13411,#10791,#10792);
#8807=AXIS2_PLACEMENT_3D('',#13413,#10794,#10795);
#8808=AXIS2_PLACEMENT_3D('',#13415,#10797,#10798);
#8809=AXIS2_PLACEMENT_3D('',#13417,#10800,#10801);
#8810=AXIS2_PLACEMENT_3D('',#13419,#10803,#10804);
#8811=AXIS2_PLACEMENT_3D('',#13421,#10806,#10807);
#8812=AXIS2_PLACEMENT_3D('',#13423,#10809,#10810);
#8813=AXIS2_PLACEMENT_3D('',#13424,#10811,#10812);
#8814=AXIS2_PLACEMENT_3D('',#13427,#10815,#10816);
#8815=AXIS2_PLACEMENT_3D('',#13429,#10818,#10819);
#8816=AXIS2_PLACEMENT_3D('',#13431,#10821,#10822);
#8817=AXIS2_PLACEMENT_3D('',#13433,#10824,#10825);
#8818=AXIS2_PLACEMENT_3D('',#13435,#10827,#10828);
#8819=AXIS2_PLACEMENT_3D('',#13437,#10830,#10831);
#8820=AXIS2_PLACEMENT_3D('',#13439,#10833,#10834);
#8821=AXIS2_PLACEMENT_3D('',#13440,#10835,#10836);
#8822=AXIS2_PLACEMENT_3D('',#13443,#10839,#10840);
#8823=AXIS2_PLACEMENT_3D('',#13445,#10842,#10843);
#8824=AXIS2_PLACEMENT_3D('',#13447,#10845,#10846);
#8825=AXIS2_PLACEMENT_3D('',#13449,#10848,#10849);
#8826=AXIS2_PLACEMENT_3D('',#13451,#10851,#10852);
#8827=AXIS2_PLACEMENT_3D('',#13453,#10854,#10855);
#8828=AXIS2_PLACEMENT_3D('',#13455,#10857,#10858);
#8829=AXIS2_PLACEMENT_3D('',#13456,#10859,#10860);
#8830=AXIS2_PLACEMENT_3D('',#13459,#10863,#10864);
#8831=AXIS2_PLACEMENT_3D('',#13461,#10866,#10867);
#8832=AXIS2_PLACEMENT_3D('',#13463,#10869,#10870);
#8833=AXIS2_PLACEMENT_3D('',#13465,#10872,#10873);
#8834=AXIS2_PLACEMENT_3D('',#13467,#10875,#10876);
#8835=AXIS2_PLACEMENT_3D('',#13469,#10878,#10879);
#8836=AXIS2_PLACEMENT_3D('',#13471,#10881,#10882);
#8837=AXIS2_PLACEMENT_3D('',#13472,#10883,#10884);
#8838=AXIS2_PLACEMENT_3D('',#13475,#10887,#10888);
#8839=AXIS2_PLACEMENT_3D('',#13477,#10890,#10891);
#8840=AXIS2_PLACEMENT_3D('',#13479,#10893,#10894);
#8841=AXIS2_PLACEMENT_3D('',#13481,#10896,#10897);
#8842=AXIS2_PLACEMENT_3D('',#13483,#10899,#10900);
#8843=AXIS2_PLACEMENT_3D('',#13485,#10902,#10903);
#8844=AXIS2_PLACEMENT_3D('',#13487,#10905,#10906);
#8845=AXIS2_PLACEMENT_3D('',#13488,#10907,#10908);
#8846=AXIS2_PLACEMENT_3D('',#13490,#10910,#10911);
#8847=AXIS2_PLACEMENT_3D('',#13493,#10914,#10915);
#8848=AXIS2_PLACEMENT_3D('',#13495,#10917,#10918);
#8849=AXIS2_PLACEMENT_3D('',#13497,#10920,#10921);
#8850=AXIS2_PLACEMENT_3D('',#13499,#10923,#10924);
#8851=AXIS2_PLACEMENT_3D('',#13501,#10926,#10927);
#8852=AXIS2_PLACEMENT_3D('',#13503,#10929,#10930);
#8853=AXIS2_PLACEMENT_3D('',#13505,#10932,#10933);
#8854=AXIS2_PLACEMENT_3D('',#13506,#10934,#10935);
#8855=AXIS2_PLACEMENT_3D('',#13509,#10938,#10939);
#8856=AXIS2_PLACEMENT_3D('',#13511,#10941,#10942);
#8857=AXIS2_PLACEMENT_3D('',#13513,#10944,#10945);
#8858=AXIS2_PLACEMENT_3D('',#13515,#10947,#10948);
#8859=AXIS2_PLACEMENT_3D('',#13517,#10950,#10951);
#8860=AXIS2_PLACEMENT_3D('',#13519,#10953,#10954);
#8861=AXIS2_PLACEMENT_3D('',#13521,#10956,#10957);
#8862=AXIS2_PLACEMENT_3D('',#13522,#10958,#10959);
#8863=AXIS2_PLACEMENT_3D('',#13525,#10962,#10963);
#8864=AXIS2_PLACEMENT_3D('',#13527,#10965,#10966);
#8865=AXIS2_PLACEMENT_3D('',#13529,#10968,#10969);
#8866=AXIS2_PLACEMENT_3D('',#13531,#10971,#10972);
#8867=AXIS2_PLACEMENT_3D('',#13533,#10974,#10975);
#8868=AXIS2_PLACEMENT_3D('',#13535,#10977,#10978);
#8869=AXIS2_PLACEMENT_3D('',#13537,#10980,#10981);
#8870=AXIS2_PLACEMENT_3D('',#13538,#10982,#10983);
#8871=AXIS2_PLACEMENT_3D('',#13541,#10986,#10987);
#8872=AXIS2_PLACEMENT_3D('',#13543,#10989,#10990);
#8873=AXIS2_PLACEMENT_3D('',#13545,#10992,#10993);
#8874=AXIS2_PLACEMENT_3D('',#13547,#10995,#10996);
#8875=AXIS2_PLACEMENT_3D('',#13549,#10998,#10999);
#8876=AXIS2_PLACEMENT_3D('',#13551,#11001,#11002);
#8877=AXIS2_PLACEMENT_3D('',#13553,#11004,#11005);
#8878=AXIS2_PLACEMENT_3D('',#13554,#11006,#11007);
#8879=AXIS2_PLACEMENT_3D('',#13557,#11010,#11011);
#8880=AXIS2_PLACEMENT_3D('',#13559,#11013,#11014);
#8881=AXIS2_PLACEMENT_3D('',#13561,#11016,#11017);
#8882=AXIS2_PLACEMENT_3D('',#13563,#11019,#11020);
#8883=AXIS2_PLACEMENT_3D('',#13565,#11022,#11023);
#8884=AXIS2_PLACEMENT_3D('',#13567,#11025,#11026);
#8885=AXIS2_PLACEMENT_3D('',#13569,#11028,#11029);
#8886=AXIS2_PLACEMENT_3D('',#13570,#11030,#11031);
#8887=AXIS2_PLACEMENT_3D('',#13573,#11034,#11035);
#8888=AXIS2_PLACEMENT_3D('',#13575,#11037,#11038);
#8889=AXIS2_PLACEMENT_3D('',#13577,#11040,#11041);
#8890=AXIS2_PLACEMENT_3D('',#13579,#11043,#11044);
#8891=AXIS2_PLACEMENT_3D('',#13581,#11046,#11047);
#8892=AXIS2_PLACEMENT_3D('',#13583,#11049,#11050);
#8893=AXIS2_PLACEMENT_3D('',#13585,#11052,#11053);
#8894=AXIS2_PLACEMENT_3D('',#13586,#11054,#11055);
#8895=AXIS2_PLACEMENT_3D('',#13589,#11058,#11059);
#8896=AXIS2_PLACEMENT_3D('',#13591,#11061,#11062);
#8897=AXIS2_PLACEMENT_3D('',#13593,#11064,#11065);
#8898=AXIS2_PLACEMENT_3D('',#13595,#11067,#11068);
#8899=AXIS2_PLACEMENT_3D('',#13597,#11070,#11071);
#8900=AXIS2_PLACEMENT_3D('',#13599,#11073,#11074);
#8901=AXIS2_PLACEMENT_3D('',#13601,#11076,#11077);
#8902=AXIS2_PLACEMENT_3D('',#13602,#11078,#11079);
#8903=AXIS2_PLACEMENT_3D('',#13605,#11082,#11083);
#8904=AXIS2_PLACEMENT_3D('',#13607,#11085,#11086);
#8905=AXIS2_PLACEMENT_3D('',#13609,#11088,#11089);
#8906=AXIS2_PLACEMENT_3D('',#13611,#11091,#11092);
#8907=AXIS2_PLACEMENT_3D('',#13613,#11094,#11095);
#8908=AXIS2_PLACEMENT_3D('',#13615,#11097,#11098);
#8909=AXIS2_PLACEMENT_3D('',#13617,#11100,#11101);
#8910=AXIS2_PLACEMENT_3D('',#13618,#11102,#11103);
#8911=AXIS2_PLACEMENT_3D('',#13621,#11106,#11107);
#8912=AXIS2_PLACEMENT_3D('',#13623,#11109,#11110);
#8913=AXIS2_PLACEMENT_3D('',#13625,#11112,#11113);
#8914=AXIS2_PLACEMENT_3D('',#13627,#11115,#11116);
#8915=AXIS2_PLACEMENT_3D('',#13629,#11118,#11119);
#8916=AXIS2_PLACEMENT_3D('',#13631,#11121,#11122);
#8917=AXIS2_PLACEMENT_3D('',#13633,#11124,#11125);
#8918=AXIS2_PLACEMENT_3D('',#13634,#11126,#11127);
#8919=AXIS2_PLACEMENT_3D('',#13637,#11130,#11131);
#8920=AXIS2_PLACEMENT_3D('',#13639,#11133,#11134);
#8921=AXIS2_PLACEMENT_3D('',#13641,#11136,#11137);
#8922=AXIS2_PLACEMENT_3D('',#13643,#11139,#11140);
#8923=AXIS2_PLACEMENT_3D('',#13645,#11142,#11143);
#8924=AXIS2_PLACEMENT_3D('',#13647,#11145,#11146);
#8925=AXIS2_PLACEMENT_3D('',#13649,#11148,#11149);
#8926=AXIS2_PLACEMENT_3D('',#13650,#11150,#11151);
#8927=AXIS2_PLACEMENT_3D('',#13653,#11154,#11155);
#8928=AXIS2_PLACEMENT_3D('',#13655,#11157,#11158);
#8929=AXIS2_PLACEMENT_3D('',#13657,#11160,#11161);
#8930=AXIS2_PLACEMENT_3D('',#13659,#11163,#11164);
#8931=AXIS2_PLACEMENT_3D('',#13661,#11166,#11167);
#8932=AXIS2_PLACEMENT_3D('',#13663,#11169,#11170);
#8933=AXIS2_PLACEMENT_3D('',#13665,#11172,#11173);
#8934=AXIS2_PLACEMENT_3D('',#13666,#11174,#11175);
#8935=AXIS2_PLACEMENT_3D('',#13669,#11178,#11179);
#8936=AXIS2_PLACEMENT_3D('',#13671,#11181,#11182);
#8937=AXIS2_PLACEMENT_3D('',#13673,#11184,#11185);
#8938=AXIS2_PLACEMENT_3D('',#13675,#11187,#11188);
#8939=AXIS2_PLACEMENT_3D('',#13677,#11190,#11191);
#8940=AXIS2_PLACEMENT_3D('',#13679,#11193,#11194);
#8941=AXIS2_PLACEMENT_3D('',#13681,#11196,#11197);
#8942=AXIS2_PLACEMENT_3D('',#13682,#11198,#11199);
#8943=AXIS2_PLACEMENT_3D('',#13685,#11202,#11203);
#8944=AXIS2_PLACEMENT_3D('',#13687,#11205,#11206);
#8945=AXIS2_PLACEMENT_3D('',#13689,#11208,#11209);
#8946=AXIS2_PLACEMENT_3D('',#13691,#11211,#11212);
#8947=AXIS2_PLACEMENT_3D('',#13693,#11214,#11215);
#8948=AXIS2_PLACEMENT_3D('',#13695,#11217,#11218);
#8949=AXIS2_PLACEMENT_3D('',#13697,#11220,#11221);
#8950=AXIS2_PLACEMENT_3D('',#13698,#11222,#11223);
#8951=AXIS2_PLACEMENT_3D('',#13701,#11226,#11227);
#8952=AXIS2_PLACEMENT_3D('',#13703,#11229,#11230);
#8953=AXIS2_PLACEMENT_3D('',#13705,#11232,#11233);
#8954=AXIS2_PLACEMENT_3D('',#13707,#11235,#11236);
#8955=AXIS2_PLACEMENT_3D('',#13709,#11238,#11239);
#8956=AXIS2_PLACEMENT_3D('',#13711,#11241,#11242);
#8957=AXIS2_PLACEMENT_3D('',#13713,#11244,#11245);
#8958=AXIS2_PLACEMENT_3D('',#13714,#11246,#11247);
#8959=AXIS2_PLACEMENT_3D('',#13717,#11250,#11251);
#8960=AXIS2_PLACEMENT_3D('',#13719,#11253,#11254);
#8961=AXIS2_PLACEMENT_3D('',#13721,#11256,#11257);
#8962=AXIS2_PLACEMENT_3D('',#13723,#11259,#11260);
#8963=AXIS2_PLACEMENT_3D('',#13725,#11262,#11263);
#8964=AXIS2_PLACEMENT_3D('',#13727,#11265,#11266);
#8965=AXIS2_PLACEMENT_3D('',#13729,#11268,#11269);
#8966=AXIS2_PLACEMENT_3D('',#13730,#11270,#11271);
#8967=AXIS2_PLACEMENT_3D('',#13733,#11274,#11275);
#8968=AXIS2_PLACEMENT_3D('',#13735,#11277,#11278);
#8969=AXIS2_PLACEMENT_3D('',#13737,#11280,#11281);
#8970=AXIS2_PLACEMENT_3D('',#13739,#11283,#11284);
#8971=AXIS2_PLACEMENT_3D('',#13741,#11286,#11287);
#8972=AXIS2_PLACEMENT_3D('',#13743,#11289,#11290);
#8973=AXIS2_PLACEMENT_3D('',#13745,#11292,#11293);
#8974=AXIS2_PLACEMENT_3D('',#13746,#11294,#11295);
#8975=AXIS2_PLACEMENT_3D('',#13748,#11297,#11298);
#8976=AXIS2_PLACEMENT_3D('',#13751,#11301,#11302);
#8977=AXIS2_PLACEMENT_3D('',#13753,#11304,#11305);
#8978=AXIS2_PLACEMENT_3D('',#13755,#11307,#11308);
#8979=AXIS2_PLACEMENT_3D('',#13757,#11310,#11311);
#8980=AXIS2_PLACEMENT_3D('',#13759,#11313,#11314);
#8981=AXIS2_PLACEMENT_3D('',#13761,#11316,#11317);
#8982=AXIS2_PLACEMENT_3D('',#13763,#11319,#11320);
#8983=AXIS2_PLACEMENT_3D('',#13764,#11321,#11322);
#8984=AXIS2_PLACEMENT_3D('',#13767,#11325,#11326);
#8985=AXIS2_PLACEMENT_3D('',#13769,#11328,#11329);
#8986=AXIS2_PLACEMENT_3D('',#13771,#11331,#11332);
#8987=AXIS2_PLACEMENT_3D('',#13773,#11334,#11335);
#8988=AXIS2_PLACEMENT_3D('',#13775,#11337,#11338);
#8989=AXIS2_PLACEMENT_3D('',#13777,#11340,#11341);
#8990=AXIS2_PLACEMENT_3D('',#13779,#11343,#11344);
#8991=AXIS2_PLACEMENT_3D('',#13780,#11345,#11346);
#8992=AXIS2_PLACEMENT_3D('',#13783,#11349,#11350);
#8993=AXIS2_PLACEMENT_3D('',#13785,#11352,#11353);
#8994=AXIS2_PLACEMENT_3D('',#13787,#11355,#11356);
#8995=AXIS2_PLACEMENT_3D('',#13789,#11358,#11359);
#8996=AXIS2_PLACEMENT_3D('',#13791,#11361,#11362);
#8997=AXIS2_PLACEMENT_3D('',#13793,#11364,#11365);
#8998=AXIS2_PLACEMENT_3D('',#13795,#11367,#11368);
#8999=AXIS2_PLACEMENT_3D('',#13796,#11369,#11370);
#9000=AXIS2_PLACEMENT_3D('',#13799,#11373,#11374);
#9001=AXIS2_PLACEMENT_3D('',#13801,#11376,#11377);
#9002=AXIS2_PLACEMENT_3D('',#13803,#11379,#11380);
#9003=AXIS2_PLACEMENT_3D('',#13805,#11382,#11383);
#9004=AXIS2_PLACEMENT_3D('',#13807,#11385,#11386);
#9005=AXIS2_PLACEMENT_3D('',#13809,#11388,#11389);
#9006=AXIS2_PLACEMENT_3D('',#13811,#11391,#11392);
#9007=AXIS2_PLACEMENT_3D('',#13812,#11393,#11394);
#9008=AXIS2_PLACEMENT_3D('',#13815,#11397,#11398);
#9009=AXIS2_PLACEMENT_3D('',#13817,#11400,#11401);
#9010=AXIS2_PLACEMENT_3D('',#13819,#11403,#11404);
#9011=AXIS2_PLACEMENT_3D('',#13821,#11406,#11407);
#9012=AXIS2_PLACEMENT_3D('',#13823,#11409,#11410);
#9013=AXIS2_PLACEMENT_3D('',#13825,#11412,#11413);
#9014=AXIS2_PLACEMENT_3D('',#13827,#11415,#11416);
#9015=AXIS2_PLACEMENT_3D('',#13828,#11417,#11418);
#9016=AXIS2_PLACEMENT_3D('',#13831,#11421,#11422);
#9017=AXIS2_PLACEMENT_3D('',#13833,#11424,#11425);
#9018=AXIS2_PLACEMENT_3D('',#13835,#11427,#11428);
#9019=AXIS2_PLACEMENT_3D('',#13837,#11430,#11431);
#9020=AXIS2_PLACEMENT_3D('',#13839,#11433,#11434);
#9021=AXIS2_PLACEMENT_3D('',#13841,#11436,#11437);
#9022=AXIS2_PLACEMENT_3D('',#13843,#11439,#11440);
#9023=DIRECTION('axis',(0.,0.,1.));
#9024=DIRECTION('refdir',(1.,0.,0.));
#9025=DIRECTION('center_axis',(0.,0.,-1.));
#9026=DIRECTION('ref_axis',(1.,0.,0.));
#9027=DIRECTION('center_axis',(0.,0.,-1.));
#9028=DIRECTION('ref_axis',(1.,0.,0.));
#9029=DIRECTION('',(0.,0.,-1.));
#9030=DIRECTION('center_axis',(0.,0.,1.));
#9031=DIRECTION('ref_axis',(1.,0.,0.));
#9032=DIRECTION('',(0.,0.,1.));
#9033=DIRECTION('center_axis',(0.,0.,-1.));
#9034=DIRECTION('ref_axis',(1.77635683940026E-13,-1.,0.));
#9035=DIRECTION('center_axis',(0.,0.,-1.));
#9036=DIRECTION('ref_axis',(1.77635683940026E-13,-1.,0.));
#9037=DIRECTION('',(0.,0.,1.));
#9038=DIRECTION('center_axis',(0.,0.,1.));
#9039=DIRECTION('ref_axis',(1.77635683940026E-13,-1.,0.));
#9040=DIRECTION('center_axis',(0.,0.,1.));
#9041=DIRECTION('ref_axis',(1.,0.,0.));
#9042=DIRECTION('center_axis',(0.,0.,-1.));
#9043=DIRECTION('ref_axis',(3.254772298996E-8,0.999999999999999,0.));
#9044=DIRECTION('',(1.,0.,0.));
#9045=DIRECTION('center_axis',(0.,0.,-1.));
#9046=DIRECTION('ref_axis',(-0.999999999999999,3.254771403824E-8,0.));
#9047=DIRECTION('',(0.,1.,0.));
#9048=DIRECTION('center_axis',(0.,0.,-1.));
#9049=DIRECTION('ref_axis',(-3.254771180031E-8,-0.999999999999999,0.));
#9050=DIRECTION('',(-1.,0.,0.));
#9051=DIRECTION('center_axis',(0.,0.,-1.));
#9052=DIRECTION('ref_axis',(0.999999999999766,6.8434766794574E-7,0.));
#9053=DIRECTION('',(-1.399825018338E-8,-1.,0.));
#9054=DIRECTION('center_axis',(0.,0.,1.));
#9055=DIRECTION('ref_axis',(-2.66713913420018E-6,0.999999999996443,0.));
#9056=DIRECTION('',(-1.,0.,0.));
#9057=DIRECTION('center_axis',(0.,0.,1.));
#9058=DIRECTION('ref_axis',(0.99999999996244,8.66717154624182E-6,0.));
#9059=DIRECTION('',(0.,1.,0.));
#9060=DIRECTION('center_axis',(0.,0.,1.));
#9061=DIRECTION('ref_axis',(8.66717154624282E-6,-0.99999999996244,0.));
#9062=DIRECTION('',(1.,0.,0.));
#9063=DIRECTION('center_axis',(0.,0.,1.));
#9064=DIRECTION('ref_axis',(-0.99999999996244,-8.66717153203182E-6,0.));
#9065=DIRECTION('',(0.,-1.,0.));
#9066=DIRECTION('center_axis',(0.,0.,1.));
#9067=DIRECTION('ref_axis',(-2.66713913420018E-6,0.999999999996443,0.));
#9068=DIRECTION('',(-1.,0.,0.));
#9069=DIRECTION('center_axis',(0.,0.,1.));
#9070=DIRECTION('ref_axis',(0.999999999996443,2.66712949218718E-6,0.));
#9071=DIRECTION('',(0.,1.,0.));
#9072=DIRECTION('center_axis',(0.,0.,1.));
#9073=DIRECTION('ref_axis',(8.66717154624282E-6,-0.99999999996244,0.));
#9074=DIRECTION('',(1.,0.,0.));
#9075=DIRECTION('center_axis',(0.,0.,1.));
#9076=DIRECTION('ref_axis',(-0.99999999996244,-8.66717153203182E-6,0.));
#9077=DIRECTION('',(0.,-1.,0.));
#9078=DIRECTION('center_axis',(0.,0.,1.));
#9079=DIRECTION('ref_axis',(-2.66713924788618E-6,0.999999999996443,0.));
#9080=DIRECTION('',(-1.,0.,0.));
#9081=DIRECTION('center_axis',(0.,0.,1.));
#9082=DIRECTION('ref_axis',(0.99999999996244,8.66717164571781E-6,0.));
#9083=DIRECTION('',(0.,1.,0.));
#9084=DIRECTION('center_axis',(0.,0.,1.));
#9085=DIRECTION('ref_axis',(2.66712947087118E-6,-0.999999999996443,0.));
#9086=DIRECTION('',(1.,0.,0.));
#9087=DIRECTION('center_axis',(0.,0.,1.));
#9088=DIRECTION('ref_axis',(-0.99999999996244,-8.66717163150681E-6,0.));
#9089=DIRECTION('',(0.,-1.,0.));
#9090=DIRECTION('center_axis',(0.,0.,1.));
#9091=DIRECTION('ref_axis',(-2.66713919104318E-6,0.999999999996443,0.));
#9092=DIRECTION('',(-1.,0.,0.));
#9093=DIRECTION('center_axis',(0.,0.,1.));
#9094=DIRECTION('ref_axis',(0.999999999996443,2.66712949218718E-6,0.));
#9095=DIRECTION('',(0.,1.,0.));
#9096=DIRECTION('center_axis',(0.,0.,1.));
#9097=DIRECTION('ref_axis',(8.66717148939881E-6,-0.99999999996244,0.));
#9098=DIRECTION('',(1.,0.,0.));
#9099=DIRECTION('center_axis',(0.,0.,1.));
#9100=DIRECTION('ref_axis',(-0.99999999996244,-8.66717153203182E-6,0.));
#9101=DIRECTION('',(0.,-1.,0.));
#9102=DIRECTION('center_axis',(0.,0.,1.));
#9103=DIRECTION('ref_axis',(-2.66713919104318E-6,0.999999999996443,0.));
#9104=DIRECTION('',(-1.,0.,0.));
#9105=DIRECTION('center_axis',(0.,0.,1.));
#9106=DIRECTION('ref_axis',(0.99999999996244,8.66717154624282E-6,0.));
#9107=DIRECTION('',(0.,1.,0.));
#9108=DIRECTION('center_axis',(0.,0.,1.));
#9109=DIRECTION('ref_axis',(8.66717160308581E-6,-0.99999999996244,0.));
#9110=DIRECTION('',(1.,0.,0.));
#9111=DIRECTION('center_axis',(0.,0.,1.));
#9112=DIRECTION('ref_axis',(-0.99999999996244,-8.66717153203182E-6,0.));
#9113=DIRECTION('',(0.,-1.,0.));
#9114=DIRECTION('center_axis',(0.,0.,1.));
#9115=DIRECTION('ref_axis',(-2.66713919104318E-6,0.999999999996443,0.));
#9116=DIRECTION('',(-1.,0.,0.));
#9117=DIRECTION('center_axis',(0.,0.,1.));
#9118=DIRECTION('ref_axis',(0.999999999996443,2.66712949218718E-6,0.));
#9119=DIRECTION('',(0.,1.,0.));
#9120=DIRECTION('center_axis',(0.,0.,1.));
#9121=DIRECTION('ref_axis',(8.66717154624282E-6,-0.99999999996244,0.));
#9122=DIRECTION('',(1.,0.,0.));
#9123=DIRECTION('center_axis',(0.,0.,1.));
#9124=DIRECTION('ref_axis',(-0.99999999996244,-8.66717158887481E-6,0.));
#9125=DIRECTION('',(0.,-1.,0.));
#9126=DIRECTION('center_axis',(0.,0.,-1.));
#9127=DIRECTION('ref_axis',(0.,-1.,0.));
#9128=DIRECTION('center_axis',(0.,0.,1.));
#9129=DIRECTION('ref_axis',(-2.66713913420018E-6,0.999999999996443,0.));
#9130=DIRECTION('',(-1.,0.,0.));
#9131=DIRECTION('center_axis',(0.,0.,1.));
#9132=DIRECTION('ref_axis',(0.99999999996244,8.66717153203182E-6,0.));
#9133=DIRECTION('',(0.,1.,0.));
#9134=DIRECTION('center_axis',(0.,0.,1.));
#9135=DIRECTION('ref_axis',(8.66717154624282E-6,-0.99999999996244,0.));
#9136=DIRECTION('',(1.,0.,0.));
#9137=DIRECTION('center_axis',(0.,0.,1.));
#9138=DIRECTION('ref_axis',(-0.99999999996244,-8.66717153203182E-6,0.));
#9139=DIRECTION('',(0.,-1.,0.));
#9140=DIRECTION('center_axis',(0.,0.,1.));
#9141=DIRECTION('ref_axis',(-2.66713919104418E-6,0.999999999996443,0.));
#9142=DIRECTION('',(-1.,0.,0.));
#9143=DIRECTION('center_axis',(0.,0.,1.));
#9144=DIRECTION('ref_axis',(0.99999999996244,8.66717153203182E-6,0.));
#9145=DIRECTION('',(0.,1.,0.));
#9146=DIRECTION('center_axis',(0.,0.,1.));
#9147=DIRECTION('ref_axis',(8.66717160308581E-6,-0.99999999996244,0.));
#9148=DIRECTION('',(1.,0.,0.));
#9149=DIRECTION('center_axis',(0.,0.,1.));
#9150=DIRECTION('ref_axis',(-0.99999999996244,-8.66717153203182E-6,0.));
#9151=DIRECTION('',(0.,-1.,0.));
#9152=DIRECTION('center_axis',(0.,0.,1.));
#9153=DIRECTION('ref_axis',(-2.66713913420018E-6,0.999999999996443,0.));
#9154=DIRECTION('',(-1.,0.,0.));
#9155=DIRECTION('center_axis',(0.,0.,1.));
#9156=DIRECTION('ref_axis',(0.99999999996244,8.66717153203182E-6,0.));
#9157=DIRECTION('',(0.,1.,0.));
#9158=DIRECTION('center_axis',(0.,0.,1.));
#9159=DIRECTION('ref_axis',(8.66717154624282E-6,-0.99999999996244,0.));
#9160=DIRECTION('',(1.,0.,0.));
#9161=DIRECTION('center_axis',(0.,0.,1.));
#9162=DIRECTION('ref_axis',(-0.99999999996244,-8.66717153203182E-6,0.));
#9163=DIRECTION('',(0.,-1.,0.));
#9164=DIRECTION('center_axis',(0.,0.,1.));
#9165=DIRECTION('ref_axis',(-2.66713919104418E-6,0.999999999996443,0.));
#9166=DIRECTION('',(-1.,0.,0.));
#9167=DIRECTION('center_axis',(0.,0.,1.));
#9168=DIRECTION('ref_axis',(0.99999999996244,8.66717153203182E-6,0.));
#9169=DIRECTION('',(0.,1.,0.));
#9170=DIRECTION('center_axis',(0.,0.,1.));
#9171=DIRECTION('ref_axis',(8.66717160308581E-6,-0.99999999996244,0.));
#9172=DIRECTION('',(1.,0.,0.));
#9173=DIRECTION('center_axis',(0.,0.,1.));
#9174=DIRECTION('ref_axis',(-0.99999999996244,-8.66717153203182E-6,0.));
#9175=DIRECTION('',(0.,-1.,0.));
#9176=DIRECTION('center_axis',(0.,0.,1.));
#9177=DIRECTION('ref_axis',(-2.66713924788718E-6,0.999999999996443,0.));
#9178=DIRECTION('',(-1.,0.,0.));
#9179=DIRECTION('center_axis',(0.,0.,1.));
#9180=DIRECTION('ref_axis',(0.999999999996443,2.66712958455718E-6,0.));
#9181=DIRECTION('',(0.,1.,0.));
#9182=DIRECTION('center_axis',(0.,0.,1.));
#9183=DIRECTION('ref_axis',(8.66717148939881E-6,-0.99999999996244,0.));
#9184=DIRECTION('',(1.,0.,0.));
#9185=DIRECTION('center_axis',(0.,0.,1.));
#9186=DIRECTION('ref_axis',(-0.99999999996244,-8.66717163150681E-6,0.));
#9187=DIRECTION('',(0.,-1.,0.));
#9188=DIRECTION('center_axis',(0.,0.,1.));
#9189=DIRECTION('ref_axis',(-2.66713916262218E-6,0.999999999996443,0.));
#9190=DIRECTION('',(-1.,0.,0.));
#9191=DIRECTION('center_axis',(0.,0.,1.));
#9192=DIRECTION('ref_axis',(0.99999999996244,8.66717154624282E-6,0.));
#9193=DIRECTION('',(0.,1.,0.));
#9194=DIRECTION('center_axis',(0.,0.,1.));
#9195=DIRECTION('ref_axis',(2.66712949929218E-6,-0.999999999996443,0.));
#9196=DIRECTION('',(1.,0.,0.));
#9197=DIRECTION('center_axis',(0.,0.,1.));
#9198=DIRECTION('ref_axis',(-0.99999999996244,-8.66717158887481E-6,0.));
#9199=DIRECTION('',(0.,-1.,0.));
#9200=DIRECTION('center_axis',(0.,0.,1.));
#9201=DIRECTION('ref_axis',(-2.66713916262218E-6,0.999999999996443,0.));
#9202=DIRECTION('',(-1.,0.,0.));
#9203=DIRECTION('center_axis',(0.,0.,1.));
#9204=DIRECTION('ref_axis',(0.99999999996244,8.66717154624282E-6,0.));
#9205=DIRECTION('',(0.,1.,0.));
#9206=DIRECTION('center_axis',(0.,0.,1.));
#9207=DIRECTION('ref_axis',(2.66712949929218E-6,-0.999999999996443,0.));
#9208=DIRECTION('',(1.,0.,0.));
#9209=DIRECTION('center_axis',(0.,0.,1.));
#9210=DIRECTION('ref_axis',(-0.99999999996244,-8.66717153203182E-6,0.));
#9211=DIRECTION('',(0.,-1.,0.));
#9212=DIRECTION('center_axis',(0.,0.,1.));
#9213=DIRECTION('ref_axis',(-2.66713916262218E-6,0.999999999996443,0.));
#9214=DIRECTION('',(-1.,0.,0.));
#9215=DIRECTION('center_axis',(0.,0.,1.));
#9216=DIRECTION('ref_axis',(0.99999999996244,8.66717159597981E-6,0.));
#9217=DIRECTION('',(0.,1.,0.));
#9218=DIRECTION('center_axis',(0.,0.,1.));
#9219=DIRECTION('ref_axis',(8.66717154624282E-6,-0.99999999996244,0.));
#9220=DIRECTION('',(1.,0.,0.));
#9221=DIRECTION('center_axis',(0.,0.,1.));
#9222=DIRECTION('ref_axis',(-0.99999999996244,-8.66717153203182E-6,0.));
#9223=DIRECTION('',(0.,-1.,0.));
#9224=DIRECTION('center_axis',(0.,0.,1.));
#9225=DIRECTION('ref_axis',(-2.66713920525418E-6,0.999999999996443,0.));
#9226=DIRECTION('',(-1.,0.,0.));
#9227=DIRECTION('center_axis',(0.,0.,1.));
#9228=DIRECTION('ref_axis',(0.99999999996244,8.66717160308581E-6,0.));
#9229=DIRECTION('',(0.,1.,0.));
#9230=DIRECTION('center_axis',(0.,0.,1.));
#9231=DIRECTION('ref_axis',(8.66717156045282E-6,-0.99999999996244,0.));
#9232=DIRECTION('',(1.,0.,0.));
#9233=DIRECTION('center_axis',(0.,0.,1.));
#9234=DIRECTION('ref_axis',(-0.99999999996244,-8.66717156045282E-6,0.));
#9235=DIRECTION('',(0.,-1.,0.));
#9236=DIRECTION('center_axis',(0.,0.,1.));
#9237=DIRECTION('ref_axis',(-2.66713918393818E-6,0.999999999996443,0.));
#9238=DIRECTION('',(-1.,0.,0.));
#9239=DIRECTION('center_axis',(0.,0.,1.));
#9240=DIRECTION('ref_axis',(0.999999999996443,2.66712952060818E-6,0.));
#9241=DIRECTION('',(0.,1.,0.));
#9242=DIRECTION('center_axis',(0.,0.,1.));
#9243=DIRECTION('ref_axis',(8.66717154624282E-6,-0.99999999996244,0.));
#9244=DIRECTION('',(1.,0.,0.));
#9245=DIRECTION('center_axis',(0.,0.,1.));
#9246=DIRECTION('ref_axis',(-0.99999999996244,-8.66717156045282E-6,0.));
#9247=DIRECTION('',(0.,-1.,0.));
#9248=DIRECTION('center_axis',(0.,0.,1.));
#9249=DIRECTION('ref_axis',(-2.66713918749118E-6,0.999999999996443,0.));
#9250=DIRECTION('',(-1.,0.,0.));
#9251=DIRECTION('center_axis',(0.,0.,1.));
#9252=DIRECTION('ref_axis',(0.999999999996443,2.66712953481918E-6,0.));
#9253=DIRECTION('',(0.,1.,0.));
#9254=DIRECTION('center_axis',(0.,0.,1.));
#9255=DIRECTION('ref_axis',(8.66717156755882E-6,-0.99999999996244,0.));
#9256=DIRECTION('',(1.,0.,0.));
#9257=DIRECTION('center_axis',(0.,0.,1.));
#9258=DIRECTION('ref_axis',(-0.99999999996244,-8.66717156045282E-6,0.));
#9259=DIRECTION('',(0.,-1.,0.));
#9260=DIRECTION('center_axis',(0.,0.,1.));
#9261=DIRECTION('ref_axis',(-2.66713913420018E-6,0.999999999996443,0.));
#9262=DIRECTION('',(-1.,0.,0.));
#9263=DIRECTION('center_axis',(0.,0.,1.));
#9264=DIRECTION('ref_axis',(0.99999999996244,8.66717158887481E-6,0.));
#9265=DIRECTION('',(0.,1.,0.));
#9266=DIRECTION('center_axis',(0.,0.,1.));
#9267=DIRECTION('ref_axis',(2.66712949929218E-6,-0.999999999996443,0.));
#9268=DIRECTION('',(1.,0.,0.));
#9269=DIRECTION('center_axis',(0.,0.,1.));
#9270=DIRECTION('ref_axis',(-0.99999999996244,-8.66717153203182E-6,0.));
#9271=DIRECTION('',(0.,-1.,0.));
#9272=DIRECTION('center_axis',(0.,0.,1.));
#9273=DIRECTION('ref_axis',(-2.66713921946518E-6,0.999999999996443,0.));
#9274=DIRECTION('',(-1.,0.,0.));
#9275=DIRECTION('center_axis',(0.,0.,1.));
#9276=DIRECTION('ref_axis',(0.999999999996443,2.66712954192518E-6,0.));
#9277=DIRECTION('',(0.,1.,0.));
#9278=DIRECTION('center_axis',(0.,0.,1.));
#9279=DIRECTION('ref_axis',(8.66717154624282E-6,-0.99999999996244,0.));
#9280=DIRECTION('',(1.,0.,0.));
#9281=DIRECTION('center_axis',(0.,0.,1.));
#9282=DIRECTION('ref_axis',(-0.99999999996244,-8.66717158887481E-6,0.));
#9283=DIRECTION('',(0.,-1.,0.));
#9284=DIRECTION('center_axis',(0.,0.,1.));
#9285=DIRECTION('ref_axis',(-2.66713919104318E-6,0.999999999996443,0.));
#9286=DIRECTION('',(-1.,0.,0.));
#9287=DIRECTION('center_axis',(0.,0.,1.));
#9288=DIRECTION('ref_axis',(0.99999999996244,8.66717158887481E-6,0.));
#9289=DIRECTION('',(0.,1.,0.));
#9290=DIRECTION('center_axis',(0.,0.,1.));
#9291=DIRECTION('ref_axis',(2.66712958455718E-6,-0.999999999996443,0.));
#9292=DIRECTION('',(1.,0.,0.));
#9293=DIRECTION('center_axis',(0.,0.,1.));
#9294=DIRECTION('ref_axis',(-0.99999999996244,-8.66717158887481E-6,0.));
#9295=DIRECTION('',(0.,-1.,0.));
#9296=DIRECTION('center_axis',(0.,0.,1.));
#9297=DIRECTION('ref_axis',(-2.66713916262218E-6,0.999999999996443,0.));
#9298=DIRECTION('',(-1.,0.,0.));
#9299=DIRECTION('center_axis',(0.,0.,1.));
#9300=DIRECTION('ref_axis',(0.99999999996244,8.66717153203182E-6,0.));
#9301=DIRECTION('',(0.,1.,0.));
#9302=DIRECTION('center_axis',(0.,0.,1.));
#9303=DIRECTION('ref_axis',(2.66712949929218E-6,-0.999999999996443,0.));
#9304=DIRECTION('',(1.,0.,0.));
#9305=DIRECTION('center_axis',(0.,0.,1.));
#9306=DIRECTION('ref_axis',(-0.99999999996244,-8.66717156045282E-6,0.));
#9307=DIRECTION('',(0.,-1.,0.));
#9308=DIRECTION('center_axis',(0.,0.,1.));
#9309=DIRECTION('ref_axis',(-2.66713914841118E-6,0.999999999996443,0.));
#9310=DIRECTION('',(-1.,0.,0.));
#9311=DIRECTION('center_axis',(0.,0.,1.));
#9312=DIRECTION('ref_axis',(0.99999999996244,8.66717156045282E-6,0.));
#9313=DIRECTION('',(0.,1.,0.));
#9314=DIRECTION('center_axis',(0.,0.,1.));
#9315=DIRECTION('ref_axis',(8.66717157466382E-6,-0.99999999996244,0.));
#9316=DIRECTION('',(1.,0.,0.));
#9317=DIRECTION('center_axis',(0.,0.,1.));
#9318=DIRECTION('ref_axis',(-0.99999999996244,-8.66717156045282E-6,0.));
#9319=DIRECTION('',(0.,-1.,0.));
#9320=DIRECTION('center_axis',(0.,0.,-1.));
#9321=DIRECTION('ref_axis',(0.,-1.,0.));
#9322=DIRECTION('center_axis',(0.,0.,1.));
#9323=DIRECTION('ref_axis',(-2.66713916262218E-6,0.999999999996443,0.));
#9324=DIRECTION('',(-1.,0.,0.));
#9325=DIRECTION('center_axis',(0.,0.,1.));
#9326=DIRECTION('ref_axis',(0.99999999996244,8.66717157466382E-6,0.));
#9327=DIRECTION('',(0.,1.,0.));
#9328=DIRECTION('center_axis',(0.,0.,1.));
#9329=DIRECTION('ref_axis',(2.66712952060818E-6,-0.999999999996443,0.));
#9330=DIRECTION('',(1.,0.,0.));
#9331=DIRECTION('center_axis',(0.,0.,1.));
#9332=DIRECTION('ref_axis',(-0.99999999996244,-8.66717156045282E-6,0.));
#9333=DIRECTION('',(0.,-1.,0.));
#9334=DIRECTION('center_axis',(0.,0.,1.));
#9335=DIRECTION('ref_axis',(-2.66713919104318E-6,0.999999999996443,0.));
#9336=DIRECTION('',(-1.,0.,0.));
#9337=DIRECTION('center_axis',(0.,0.,1.));
#9338=DIRECTION('ref_axis',(0.99999999996244,8.66717153203182E-6,0.));
#9339=DIRECTION('',(0.,1.,0.));
#9340=DIRECTION('center_axis',(0.,0.,1.));
#9341=DIRECTION('ref_axis',(8.66717148939881E-6,-0.99999999996244,0.));
#9342=DIRECTION('',(1.,0.,0.));
#9343=DIRECTION('center_axis',(0.,0.,1.));
#9344=DIRECTION('ref_axis',(-0.99999999996244,-8.66717151782082E-6,0.));
#9345=DIRECTION('',(0.,-1.,0.));
#9346=DIRECTION('center_axis',(0.,0.,1.));
#9347=DIRECTION('ref_axis',(-2.66713919104318E-6,0.999999999996443,0.));
#9348=DIRECTION('',(-1.,0.,0.));
#9349=DIRECTION('center_axis',(0.,0.,1.));
#9350=DIRECTION('ref_axis',(0.99999999996244,8.66717153203182E-6,0.));
#9351=DIRECTION('',(0.,1.,0.));
#9352=DIRECTION('center_axis',(0.,0.,1.));
#9353=DIRECTION('ref_axis',(8.66717160308581E-6,-0.99999999996244,0.));
#9354=DIRECTION('',(1.,0.,0.));
#9355=DIRECTION('center_axis',(0.,0.,1.));
#9356=DIRECTION('ref_axis',(-0.99999999996244,-8.66717151782082E-6,0.));
#9357=DIRECTION('',(0.,-1.,0.));
#9358=DIRECTION('center_axis',(0.,0.,1.));
#9359=DIRECTION('ref_axis',(-2.66713924788618E-6,0.999999999996443,0.));
#9360=DIRECTION('',(-1.,0.,0.));
#9361=DIRECTION('center_axis',(0.,0.,1.));
#9362=DIRECTION('ref_axis',(0.99999999996244,8.66717163150681E-6,0.));
#9363=DIRECTION('',(0.,1.,0.));
#9364=DIRECTION('center_axis',(0.,0.,1.));
#9365=DIRECTION('ref_axis',(8.66717148939881E-6,-0.99999999996244,0.));
#9366=DIRECTION('',(1.,0.,0.));
#9367=DIRECTION('center_axis',(0.,0.,1.));
#9368=DIRECTION('ref_axis',(-0.99999999996244,-8.66717163150681E-6,0.));
#9369=DIRECTION('',(0.,-1.,0.));
#9370=DIRECTION('center_axis',(0.,0.,1.));
#9371=DIRECTION('ref_axis',(-2.66713919104318E-6,0.999999999996443,0.));
#9372=DIRECTION('',(-1.,0.,0.));
#9373=DIRECTION('center_axis',(0.,0.,1.));
#9374=DIRECTION('ref_axis',(0.99999999996244,8.66717153203182E-6,0.));
#9375=DIRECTION('',(0.,1.,0.));
#9376=DIRECTION('center_axis',(0.,0.,1.));
#9377=DIRECTION('ref_axis',(8.66717148939881E-6,-0.99999999996244,0.));
#9378=DIRECTION('',(1.,0.,0.));
#9379=DIRECTION('center_axis',(0.,0.,1.));
#9380=DIRECTION('ref_axis',(-0.99999999996244,-8.66717151782082E-6,0.));
#9381=DIRECTION('',(0.,-1.,0.));
#9382=DIRECTION('center_axis',(0.,0.,1.));
#9383=DIRECTION('ref_axis',(-2.66713919104318E-6,0.999999999996443,0.));
#9384=DIRECTION('',(-1.,0.,0.));
#9385=DIRECTION('center_axis',(0.,0.,1.));
#9386=DIRECTION('ref_axis',(0.99999999996244,8.66717153203182E-6,0.));
#9387=DIRECTION('',(0.,1.,0.));
#9388=DIRECTION('center_axis',(0.,0.,1.));
#9389=DIRECTION('ref_axis',(8.66717160308581E-6,-0.99999999996244,0.));
#9390=DIRECTION('',(1.,0.,0.));
#9391=DIRECTION('center_axis',(0.,0.,1.));
#9392=DIRECTION('ref_axis',(-0.99999999996244,-8.66717151782082E-6,0.));
#9393=DIRECTION('',(0.,-1.,0.));
#9394=DIRECTION('center_axis',(0.,0.,1.));
#9395=DIRECTION('ref_axis',(-2.66713919104318E-6,0.999999999996443,0.));
#9396=DIRECTION('',(-1.,0.,0.));
#9397=DIRECTION('center_axis',(0.,0.,1.));
#9398=DIRECTION('ref_axis',(0.999999999996443,2.66712948508118E-6,0.));
#9399=DIRECTION('',(0.,1.,0.));
#9400=DIRECTION('center_axis',(0.,0.,1.));
#9401=DIRECTION('ref_axis',(8.66717154624282E-6,-0.99999999996244,0.));
#9402=DIRECTION('',(1.,0.,0.));
#9403=DIRECTION('center_axis',(0.,0.,1.));
#9404=DIRECTION('ref_axis',(-0.99999999996244,-8.66717157466382E-6,0.));
#9405=DIRECTION('',(0.,-1.,0.));
#9406=DIRECTION('center_axis',(0.,0.,1.));
#9407=DIRECTION('ref_axis',(-2.66713924788718E-6,0.999999999996443,0.));
#9408=DIRECTION('',(-1.,0.,0.));
#9409=DIRECTION('center_axis',(0.,0.,1.));
#9410=DIRECTION('ref_axis',(0.99999999996244,8.66717151782082E-6,0.));
#9411=DIRECTION('',(0.,1.,0.));
#9412=DIRECTION('center_axis',(0.,0.,1.));
#9413=DIRECTION('ref_axis',(8.66717154624182E-6,-0.99999999996244,0.));
#9414=DIRECTION('',(1.,0.,0.));
#9415=DIRECTION('center_axis',(0.,0.,1.));
#9416=DIRECTION('ref_axis',(-0.99999999996244,-8.66717157466382E-6,0.));
#9417=DIRECTION('',(0.,-1.,0.));
#9418=DIRECTION('center_axis',(0.,0.,1.));
#9419=DIRECTION('ref_axis',(-2.66713924788718E-6,0.999999999996443,0.));
#9420=DIRECTION('',(-1.,0.,0.));
#9421=DIRECTION('center_axis',(0.,0.,1.));
#9422=DIRECTION('ref_axis',(0.99999999996244,8.66717151782082E-6,0.));
#9423=DIRECTION('',(0.,1.,0.));
#9424=DIRECTION('center_axis',(0.,0.,1.));
#9425=DIRECTION('ref_axis',(8.66717160308581E-6,-0.99999999996244,0.));
#9426=DIRECTION('',(1.,0.,0.));
#9427=DIRECTION('center_axis',(0.,0.,1.));
#9428=DIRECTION('ref_axis',(-0.99999999996244,-8.66717157466382E-6,0.));
#9429=DIRECTION('',(0.,-1.,0.));
#9430=DIRECTION('center_axis',(0.,0.,1.));
#9431=DIRECTION('ref_axis',(-2.66713924788718E-6,0.999999999996443,0.));
#9432=DIRECTION('',(-1.,0.,0.));
#9433=DIRECTION('center_axis',(0.,0.,1.));
#9434=DIRECTION('ref_axis',(0.99999999996244,8.66717151782082E-6,0.));
#9435=DIRECTION('',(0.,1.,0.));
#9436=DIRECTION('center_axis',(0.,0.,1.));
#9437=DIRECTION('ref_axis',(8.66717154624182E-6,-0.99999999996244,0.));
#9438=DIRECTION('',(1.,0.,0.));
#9439=DIRECTION('center_axis',(0.,0.,1.));
#9440=DIRECTION('ref_axis',(-0.99999999996244,-8.66717157466382E-6,0.));
#9441=DIRECTION('',(0.,-1.,0.));
#9442=DIRECTION('center_axis',(0.,0.,-1.));
#9443=DIRECTION('ref_axis',(0.,-1.,0.));
#9444=DIRECTION('center_axis',(0.,0.,-1.));
#9445=DIRECTION('ref_axis',(-1.,0.,0.));
#9446=DIRECTION('center_axis',(0.,0.,-1.));
#9447=DIRECTION('ref_axis',(-1.29189588320019E-13,1.,0.));
#9448=DIRECTION('center_axis',(0.,0.,-1.));
#9449=DIRECTION('ref_axis',(-1.,0.,0.));
#9450=DIRECTION('',(0.,-1.,0.));
#9451=DIRECTION('center_axis',(0.,0.,1.));
#9452=DIRECTION('ref_axis',(-0.000200699864234156,0.999999979859782,0.));
#9453=DIRECTION('',(-1.,0.,0.));
#9454=DIRECTION('center_axis',(0.,0.,1.));
#9455=DIRECTION('ref_axis',(0.999999979562188,-0.000202177207941938,0.));
#9456=DIRECTION('center_axis',(0.,0.,-1.));
#9457=DIRECTION('ref_axis',(0.000202177208027238,-0.999999979562188,0.));
#9458=DIRECTION('',(-1.,0.,0.));
#9459=DIRECTION('center_axis',(0.,0.,-1.));
#9460=DIRECTION('ref_axis',(0.999999995171787,-9.82671170566191E-5,0.));
#9461=DIRECTION('center_axis',(0.,0.,1.));
#9462=DIRECTION('ref_axis',(-9.82671171702791E-5,0.999999995171787,0.));
#9463=DIRECTION('',(-1.,0.,0.));
#9464=DIRECTION('center_axis',(0.,0.,1.));
#9465=DIRECTION('ref_axis',(0.999999995171787,9.82671170566191E-5,0.));
#9466=DIRECTION('',(0.,1.,0.));
#9467=DIRECTION('center_axis',(0.,0.,1.));
#9468=DIRECTION('ref_axis',(-0.000202191661799554,-0.999999979559266,0.));
#9469=DIRECTION('',(1.,0.,0.));
#9470=DIRECTION('center_axis',(0.,0.,1.));
#9471=DIRECTION('ref_axis',(-0.999999979859782,-0.000200699864347856,0.));
#9472=DIRECTION('',(0.,-1.,0.));
#9473=DIRECTION('center_axis',(0.,0.,-1.));
#9474=DIRECTION('ref_axis',(0.000268990775245495,0.999999963821981,0.));
#9475=DIRECTION('',(1.,0.,0.));
#9476=DIRECTION('center_axis',(0.,0.,-1.));
#9477=DIRECTION('ref_axis',(-0.999999984711005,-0.000174865633034401,0.));
#9478=DIRECTION('',(0.,1.,0.));
#9479=DIRECTION('center_axis',(0.,0.,1.));
#9480=DIRECTION('ref_axis',(8.66717160308581E-6,-0.99999999996244,0.));
#9481=DIRECTION('',(1.,0.,0.));
#9482=DIRECTION('center_axis',(0.,0.,1.));
#9483=DIRECTION('ref_axis',(-0.99999999996244,-8.66717157466382E-6,0.));
#9484=DIRECTION('',(0.,-1.,0.));
#9485=DIRECTION('center_axis',(0.,0.,-1.));
#9486=DIRECTION('ref_axis',(9.82671170566191E-5,0.999999995171787,0.));
#9487=DIRECTION('',(1.,0.,0.));
#9488=DIRECTION('center_axis',(0.,0.,-1.));
#9489=DIRECTION('ref_axis',(-0.999999985555263,0.000169969040847545,0.));
#9490=DIRECTION('',(0.,1.,0.));
#9491=DIRECTION('center_axis',(0.,0.,1.));
#9492=DIRECTION('ref_axis',(0.000200685625282428,-0.99999997986264,0.));
#9493=DIRECTION('',(1.,0.,0.));
#9494=DIRECTION('center_axis',(0.,0.,1.));
#9495=DIRECTION('ref_axis',(-0.999999979562188,0.000202177208055638,0.));
#9496=DIRECTION('',(0.,-1.,0.));
#9497=DIRECTION('center_axis',(0.,0.,1.));
#9498=DIRECTION('ref_axis',(-2.66713916262218E-6,0.999999999996443,0.));
#9499=DIRECTION('',(-1.,0.,0.));
#9500=DIRECTION('center_axis',(0.,0.,1.));
#9501=DIRECTION('ref_axis',(0.99999999996244,8.66717153203182E-6,0.));
#9502=DIRECTION('',(0.,1.,0.));
#9503=DIRECTION('center_axis',(0.,0.,1.));
#9504=DIRECTION('ref_axis',(8.66717151782082E-6,-0.99999999996244,0.));
#9505=DIRECTION('',(1.,0.,0.));
#9506=DIRECTION('center_axis',(0.,0.,1.));
#9507=DIRECTION('ref_axis',(-0.99999999996244,-8.66717157466382E-6,0.));
#9508=DIRECTION('',(0.,-1.,0.));
#9509=DIRECTION('center_axis',(0.,0.,1.));
#9510=DIRECTION('ref_axis',(-2.66713919104318E-6,0.999999999996443,0.));
#9511=DIRECTION('',(-1.,0.,0.));
#9512=DIRECTION('center_axis',(0.,0.,1.));
#9513=DIRECTION('ref_axis',(0.99999999996244,8.66717158887481E-6,0.));
#9514=DIRECTION('',(0.,1.,0.));
#9515=DIRECTION('center_axis',(0.,0.,1.));
#9516=DIRECTION('ref_axis',(8.66717157466382E-6,-0.99999999996244,0.));
#9517=DIRECTION('',(1.,0.,0.));
#9518=DIRECTION('center_axis',(0.,0.,1.));
#9519=DIRECTION('ref_axis',(-0.99999999996244,-8.66717157466382E-6,0.));
#9520=DIRECTION('',(0.,-1.,0.));
#9521=DIRECTION('center_axis',(0.,0.,1.));
#9522=DIRECTION('ref_axis',(-2.66713916262218E-6,0.999999999996443,0.));
#9523=DIRECTION('',(-1.,0.,0.));
#9524=DIRECTION('center_axis',(0.,0.,1.));
#9525=DIRECTION('ref_axis',(0.99999999996244,8.66717158887481E-6,0.));
#9526=DIRECTION('',(0.,1.,0.));
#9527=DIRECTION('center_axis',(0.,0.,1.));
#9528=DIRECTION('ref_axis',(8.66717151782082E-6,-0.99999999996244,0.));
#9529=DIRECTION('',(1.,0.,0.));
#9530=DIRECTION('center_axis',(0.,0.,1.));
#9531=DIRECTION('ref_axis',(-0.99999999996244,-8.66717151782082E-6,0.));
#9532=DIRECTION('',(0.,-1.,0.));
#9533=DIRECTION('center_axis',(0.,0.,1.));
#9534=DIRECTION('ref_axis',(-2.66713920525418E-6,0.999999999996443,0.));
#9535=DIRECTION('',(-1.,0.,0.));
#9536=DIRECTION('center_axis',(0.,0.,1.));
#9537=DIRECTION('ref_axis',(0.99999999996244,8.66717156045282E-6,0.));
#9538=DIRECTION('',(0.,1.,0.));
#9539=DIRECTION('center_axis',(0.,0.,1.));
#9540=DIRECTION('ref_axis',(8.66717156045282E-6,-0.99999999996244,0.));
#9541=DIRECTION('',(1.,0.,0.));
#9542=DIRECTION('center_axis',(0.,0.,1.));
#9543=DIRECTION('ref_axis',(-0.99999999996244,-8.66717154624282E-6,0.));
#9544=DIRECTION('',(0.,-1.,0.));
#9545=DIRECTION('center_axis',(0.,0.,1.));
#9546=DIRECTION('ref_axis',(-2.66713919104318E-6,0.999999999996443,0.));
#9547=DIRECTION('',(-1.,0.,0.));
#9548=DIRECTION('center_axis',(0.,0.,1.));
#9549=DIRECTION('ref_axis',(0.99999999996244,8.66717156045282E-6,0.));
#9550=DIRECTION('',(0.,1.,0.));
#9551=DIRECTION('center_axis',(0.,0.,1.));
#9552=DIRECTION('ref_axis',(8.66717153203182E-6,-0.99999999996244,0.));
#9553=DIRECTION('',(1.,0.,0.));
#9554=DIRECTION('center_axis',(0.,0.,1.));
#9555=DIRECTION('ref_axis',(-0.99999999996244,-8.66717157466382E-6,0.));
#9556=DIRECTION('',(0.,-1.,0.));
#9557=DIRECTION('',(0.,1.,0.));
#9558=DIRECTION('center_axis',(0.,0.,1.));
#9559=DIRECTION('ref_axis',(-0.000202177207998838,-0.999999979562188,0.));
#9560=DIRECTION('',(1.,0.,0.));
#9561=DIRECTION('center_axis',(0.,0.,1.));
#9562=DIRECTION('ref_axis',(-0.999999999999751,-7.05625228129324E-7,0.));
#9563=DIRECTION('',(0.,-1.,0.));
#9564=DIRECTION('center_axis',(0.,0.,-1.));
#9565=DIRECTION('ref_axis',(0.000268990775273895,0.999999963821981,0.));
#9566=DIRECTION('',(1.,0.,0.));
#9567=DIRECTION('center_axis',(0.,0.,-1.));
#9568=DIRECTION('ref_axis',(-0.999999984711005,-0.000174865633034401,0.));
#9569=DIRECTION('',(0.,1.,0.));
#9570=DIRECTION('center_axis',(0.,0.,1.));
#9571=DIRECTION('ref_axis',(2.66712952771418E-6,-0.999999999996443,0.));
#9572=DIRECTION('',(1.,0.,0.));
#9573=DIRECTION('center_axis',(0.,0.,1.));
#9574=DIRECTION('ref_axis',(-0.999999999996443,-2.66712958455718E-6,0.));
#9575=DIRECTION('',(0.,-1.,0.));
#9576=DIRECTION('center_axis',(0.,0.,-1.));
#9577=DIRECTION('ref_axis',(9.82671170850291E-5,0.999999995171787,0.));
#9578=DIRECTION('',(1.,0.,0.));
#9579=DIRECTION('center_axis',(0.,0.,-1.));
#9580=DIRECTION('ref_axis',(-0.999999985555262,0.000169969040961145,0.));
#9581=DIRECTION('',(0.,1.,0.));
#9582=DIRECTION('center_axis',(0.,0.,1.));
#9583=DIRECTION('ref_axis',(0.000200685625197228,-0.99999997986264,0.));
#9584=DIRECTION('',(1.,0.,0.));
#9585=DIRECTION('center_axis',(0.,0.,1.));
#9586=DIRECTION('ref_axis',(-0.999999999999985,1.71259759251697E-7,0.));
#9587=DIRECTION('',(0.,-1.,0.));
#9588=DIRECTION('center_axis',(0.,0.,1.));
#9589=DIRECTION('ref_axis',(-0.000200699864319456,0.999999979859782,0.));
#9590=DIRECTION('',(-1.,0.,0.));
#9591=DIRECTION('center_axis',(0.,0.,1.));
#9592=DIRECTION('ref_axis',(0.999999979562188,-0.000202177207998838,0.));
#9593=DIRECTION('center_axis',(0.,0.,-1.));
#9594=DIRECTION('ref_axis',(0.000202177207998838,-0.999999979562188,0.));
#9595=DIRECTION('',(-1.,0.,0.));
#9596=DIRECTION('center_axis',(0.,0.,-1.));
#9597=DIRECTION('ref_axis',(0.999999995171787,-9.82671171134491E-5,0.));
#9598=DIRECTION('center_axis',(0.,0.,1.));
#9599=DIRECTION('ref_axis',(-9.82671171134491E-5,0.999999995171787,0.));
#9600=DIRECTION('',(-1.,0.,0.));
#9601=DIRECTION('center_axis',(0.,0.,1.));
#9602=DIRECTION('ref_axis',(0.999999995171787,9.82671171134491E-5,0.));
#9603=DIRECTION('',(0.,1.,0.));
#9604=DIRECTION('center_axis',(0.,0.,-1.));
#9605=DIRECTION('ref_axis',(1.,0.,0.));
#9606=DIRECTION('center_axis',(0.,0.,-1.));
#9607=DIRECTION('ref_axis',(-1.2918958832E-14,-1.,0.));
#9608=DIRECTION('center_axis',(0.,0.,1.));
#9609=DIRECTION('ref_axis',(-2.66713920525418E-6,0.999999999996443,0.));
#9610=DIRECTION('',(-1.,0.,0.));
#9611=DIRECTION('center_axis',(0.,0.,1.));
#9612=DIRECTION('ref_axis',(0.99999999996244,8.66717151782082E-6,0.));
#9613=DIRECTION('',(0.,1.,0.));
#9614=DIRECTION('center_axis',(0.,0.,1.));
#9615=DIRECTION('ref_axis',(8.66717157466382E-6,-0.99999999996244,0.));
#9616=DIRECTION('',(1.,0.,0.));
#9617=DIRECTION('center_axis',(0.,0.,1.));
#9618=DIRECTION('ref_axis',(-0.99999999996244,-8.66717160308581E-6,0.));
#9619=DIRECTION('',(0.,-1.,0.));
#9620=DIRECTION('center_axis',(0.,0.,1.));
#9621=DIRECTION('ref_axis',(-2.66713919104318E-6,0.999999999996443,0.));
#9622=DIRECTION('',(-1.,0.,0.));
#9623=DIRECTION('center_axis',(0.,0.,1.));
#9624=DIRECTION('ref_axis',(0.99999999996244,8.66717154624282E-6,0.));
#9625=DIRECTION('',(0.,1.,0.));
#9626=DIRECTION('center_axis',(0.,0.,1.));
#9627=DIRECTION('ref_axis',(8.66717158887481E-6,-0.99999999996244,0.));
#9628=DIRECTION('',(1.,0.,0.));
#9629=DIRECTION('center_axis',(0.,0.,1.));
#9630=DIRECTION('ref_axis',(-0.99999999996244,-8.66717160308581E-6,0.));
#9631=DIRECTION('',(0.,-1.,0.));
#9632=DIRECTION('center_axis',(0.,0.,1.));
#9633=DIRECTION('ref_axis',(-2.66713921236018E-6,0.999999999996443,0.));
#9634=DIRECTION('',(-1.,0.,0.));
#9635=DIRECTION('center_axis',(0.,0.,1.));
#9636=DIRECTION('ref_axis',(0.99999999996244,8.66717154624182E-6,0.));
#9637=DIRECTION('',(0.,1.,0.));
#9638=DIRECTION('center_axis',(0.,0.,1.));
#9639=DIRECTION('ref_axis',(8.66717159597981E-6,-0.99999999996244,0.));
#9640=DIRECTION('',(1.,0.,0.));
#9641=DIRECTION('center_axis',(0.,0.,1.));
#9642=DIRECTION('ref_axis',(-0.99999999996244,-8.66717160308482E-6,0.));
#9643=DIRECTION('',(0.,-1.,0.));
#9644=DIRECTION('center_axis',(0.,0.,1.));
#9645=DIRECTION('ref_axis',(1.,0.,0.));
#9646=DIRECTION('center_axis',(0.,0.,1.));
#9647=DIRECTION('ref_axis',(1.,0.,0.));
#9648=DIRECTION('',(0.,0.,-1.));
#9649=DIRECTION('center_axis',(-1.,0.,0.));
#9650=DIRECTION('ref_axis',(0.,1.,0.));
#9651=DIRECTION('',(0.,0.,1.));
#9652=DIRECTION('',(0.,1.,0.));
#9653=DIRECTION('center_axis',(0.,0.,1.));
#9654=DIRECTION('ref_axis',(-1.,0.,0.));
#9655=DIRECTION('center_axis',(0.,0.,1.));
#9656=DIRECTION('ref_axis',(-1.,0.,0.));
#9657=DIRECTION('',(0.,0.,1.));
#9658=DIRECTION('',(0.,0.,-1.));
#9659=DIRECTION('center_axis',(1.,0.,0.));
#9660=DIRECTION('ref_axis',(0.,-1.,0.));
#9661=DIRECTION('',(0.,0.,1.));
#9662=DIRECTION('',(0.,-1.,0.));
#9663=DIRECTION('center_axis',(0.,0.,-1.));
#9664=DIRECTION('ref_axis',(-1.,0.,0.));
#9665=DIRECTION('',(0.,0.,-1.));
#9666=DIRECTION('center_axis',(0.,0.,1.));
#9667=DIRECTION('ref_axis',(-1.,0.,0.));
#9668=DIRECTION('',(0.,0.,1.));
#9669=DIRECTION('center_axis',(1.,0.,0.));
#9670=DIRECTION('ref_axis',(0.,-1.,0.));
#9671=DIRECTION('',(0.,-1.,0.));
#9672=DIRECTION('',(0.,0.,1.));
#9673=DIRECTION('center_axis',(0.,0.,-1.));
#9674=DIRECTION('ref_axis',(-1.29189588320019E-13,1.,0.));
#9675=DIRECTION('center_axis',(0.,0.,1.));
#9676=DIRECTION('ref_axis',(-1.29189588320019E-13,1.,0.));
#9677=DIRECTION('center_axis',(-1.,0.,0.));
#9678=DIRECTION('ref_axis',(0.,1.,0.));
#9679=DIRECTION('',(0.,1.,0.));
#9680=DIRECTION('',(0.,0.,1.));
#9681=DIRECTION('center_axis',(0.,0.,-1.));
#9682=DIRECTION('ref_axis',(3.254772298996E-8,0.999999999999999,0.));
#9683=DIRECTION('',(0.,0.,1.));
#9684=DIRECTION('',(0.,0.,1.));
#9685=DIRECTION('center_axis',(0.,0.,-1.));
#9686=DIRECTION('ref_axis',(3.254772298996E-8,0.999999999999999,0.));
#9687=DIRECTION('center_axis',(0.,1.,0.));
#9688=DIRECTION('ref_axis',(1.,0.,0.));
#9689=DIRECTION('',(0.,0.,1.));
#9690=DIRECTION('',(1.,0.,0.));
#9691=DIRECTION('center_axis',(1.,-1.399825018338E-8,0.));
#9692=DIRECTION('ref_axis',(-1.399825018338E-8,-1.,0.));
#9693=DIRECTION('',(0.,0.,1.));
#9694=DIRECTION('',(-1.399825018338E-8,-1.,0.));
#9695=DIRECTION('center_axis',(0.,0.,1.));
#9696=DIRECTION('ref_axis',(1.,0.,0.));
#9697=DIRECTION('center_axis',(0.,0.,-1.));
#9698=DIRECTION('ref_axis',(0.999999999999766,6.8434766794574E-7,0.));
#9699=DIRECTION('',(-1.,0.,0.));
#9700=DIRECTION('center_axis',(0.,0.,-1.));
#9701=DIRECTION('ref_axis',(-3.254771180031E-8,-0.999999999999999,0.));
#9702=DIRECTION('',(0.,1.,0.));
#9703=DIRECTION('center_axis',(0.,0.,-1.));
#9704=DIRECTION('ref_axis',(-0.999999999999999,3.254771403824E-8,0.));
#9705=DIRECTION('center_axis',(0.,0.,1.));
#9706=DIRECTION('ref_axis',(0.999999995171787,9.82671171134491E-5,0.));
#9707=DIRECTION('',(-1.,0.,0.));
#9708=DIRECTION('center_axis',(0.,0.,1.));
#9709=DIRECTION('ref_axis',(-9.82671171134491E-5,0.999999995171787,0.));
#9710=DIRECTION('center_axis',(0.,0.,-1.));
#9711=DIRECTION('ref_axis',(0.999999995171787,-9.82671171134491E-5,0.));
#9712=DIRECTION('',(-1.,0.,0.));
#9713=DIRECTION('center_axis',(0.,0.,-1.));
#9714=DIRECTION('ref_axis',(0.000202177207998838,-0.999999979562188,0.));
#9715=DIRECTION('center_axis',(0.,0.,1.));
#9716=DIRECTION('ref_axis',(0.999999979562188,-0.000202177207998838,0.));
#9717=DIRECTION('',(-1.,0.,0.));
#9718=DIRECTION('center_axis',(0.,0.,1.));
#9719=DIRECTION('ref_axis',(-0.000200699864319456,0.999999979859782,0.));
#9720=DIRECTION('',(0.,-1.,0.));
#9721=DIRECTION('center_axis',(0.,0.,1.));
#9722=DIRECTION('ref_axis',(-0.999999999999985,1.71259759251697E-7,0.));
#9723=DIRECTION('',(1.,0.,0.));
#9724=DIRECTION('center_axis',(0.,0.,1.));
#9725=DIRECTION('ref_axis',(0.000200685625197228,-0.99999997986264,0.));
#9726=DIRECTION('',(0.,1.,0.));
#9727=DIRECTION('center_axis',(0.,0.,-1.));
#9728=DIRECTION('ref_axis',(-0.999999985555262,0.000169969040961145,0.));
#9729=DIRECTION('',(1.,0.,0.));
#9730=DIRECTION('center_axis',(0.,0.,-1.));
#9731=DIRECTION('ref_axis',(9.82671170850291E-5,0.999999995171787,0.));
#9732=DIRECTION('',(0.,-1.,0.));
#9733=DIRECTION('center_axis',(0.,0.,1.));
#9734=DIRECTION('ref_axis',(-0.999999999996443,-2.66712958455718E-6,0.));
#9735=DIRECTION('',(1.,0.,0.));
#9736=DIRECTION('center_axis',(0.,0.,1.));
#9737=DIRECTION('ref_axis',(2.66712952771418E-6,-0.999999999996443,0.));
#9738=DIRECTION('',(0.,1.,0.));
#9739=DIRECTION('center_axis',(0.,0.,-1.));
#9740=DIRECTION('ref_axis',(-0.999999984711005,-0.000174865633034401,0.));
#9741=DIRECTION('',(1.,0.,0.));
#9742=DIRECTION('center_axis',(0.,0.,-1.));
#9743=DIRECTION('ref_axis',(0.000268990775273895,0.999999963821981,0.));
#9744=DIRECTION('',(0.,-1.,0.));
#9745=DIRECTION('center_axis',(0.,0.,1.));
#9746=DIRECTION('ref_axis',(-0.999999999999751,-7.05625228129324E-7,0.));
#9747=DIRECTION('',(1.,0.,0.));
#9748=DIRECTION('center_axis',(0.,0.,1.));
#9749=DIRECTION('ref_axis',(-0.000202177207998838,-0.999999979562188,0.));
#9750=DIRECTION('center_axis',(0.,0.,1.));
#9751=DIRECTION('ref_axis',(-0.999999979562188,0.000202177208055638,0.));
#9752=DIRECTION('',(1.,0.,0.));
#9753=DIRECTION('center_axis',(0.,0.,1.));
#9754=DIRECTION('ref_axis',(0.000200685625282428,-0.99999997986264,0.));
#9755=DIRECTION('',(0.,1.,0.));
#9756=DIRECTION('center_axis',(0.,0.,-1.));
#9757=DIRECTION('ref_axis',(-0.999999985555263,0.000169969040847545,0.));
#9758=DIRECTION('',(1.,0.,0.));
#9759=DIRECTION('center_axis',(0.,0.,-1.));
#9760=DIRECTION('ref_axis',(9.82671170566191E-5,0.999999995171787,0.));
#9761=DIRECTION('',(0.,-1.,0.));
#9762=DIRECTION('center_axis',(0.,0.,1.));
#9763=DIRECTION('ref_axis',(-0.99999999996244,-8.66717157466382E-6,0.));
#9764=DIRECTION('',(1.,0.,0.));
#9765=DIRECTION('center_axis',(0.,0.,1.));
#9766=DIRECTION('ref_axis',(8.66717160308581E-6,-0.99999999996244,0.));
#9767=DIRECTION('',(0.,1.,0.));
#9768=DIRECTION('center_axis',(0.,0.,-1.));
#9769=DIRECTION('ref_axis',(-0.999999984711005,-0.000174865633034401,0.));
#9770=DIRECTION('',(1.,0.,0.));
#9771=DIRECTION('center_axis',(0.,0.,-1.));
#9772=DIRECTION('ref_axis',(0.000268990775245495,0.999999963821981,0.));
#9773=DIRECTION('',(0.,-1.,0.));
#9774=DIRECTION('center_axis',(0.,0.,1.));
#9775=DIRECTION('ref_axis',(-0.999999979859782,-0.000200699864347856,0.));
#9776=DIRECTION('',(1.,0.,0.));
#9777=DIRECTION('center_axis',(0.,0.,1.));
#9778=DIRECTION('ref_axis',(-0.000202191661799554,-0.999999979559266,0.));
#9779=DIRECTION('',(0.,1.,0.));
#9780=DIRECTION('center_axis',(0.,0.,1.));
#9781=DIRECTION('ref_axis',(0.999999995171787,9.82671170566191E-5,0.));
#9782=DIRECTION('',(-1.,0.,0.));
#9783=DIRECTION('center_axis',(0.,0.,1.));
#9784=DIRECTION('ref_axis',(-9.82671171702791E-5,0.999999995171787,0.));
#9785=DIRECTION('center_axis',(0.,0.,-1.));
#9786=DIRECTION('ref_axis',(0.999999995171787,-9.82671170566191E-5,0.));
#9787=DIRECTION('',(-1.,0.,0.));
#9788=DIRECTION('center_axis',(0.,0.,-1.));
#9789=DIRECTION('ref_axis',(0.000202177208027238,-0.999999979562188,0.));
#9790=DIRECTION('center_axis',(0.,0.,1.));
#9791=DIRECTION('ref_axis',(0.999999979562188,-0.000202177207941938,0.));
#9792=DIRECTION('',(-1.,0.,0.));
#9793=DIRECTION('center_axis',(0.,0.,1.));
#9794=DIRECTION('ref_axis',(-0.000200699864234156,0.999999979859782,0.));
#9795=DIRECTION('center_axis',(0.,0.,1.));
#9796=DIRECTION('ref_axis',(-2.66713913420018E-6,0.999999999996443,0.));
#9797=DIRECTION('',(0.,-1.,0.));
#9798=DIRECTION('center_axis',(0.,0.,1.));
#9799=DIRECTION('ref_axis',(-0.99999999996244,-8.66717153203182E-6,0.));
#9800=DIRECTION('',(1.,0.,0.));
#9801=DIRECTION('center_axis',(0.,0.,1.));
#9802=DIRECTION('ref_axis',(8.66717154624282E-6,-0.99999999996244,0.));
#9803=DIRECTION('',(0.,1.,0.));
#9804=DIRECTION('center_axis',(0.,0.,1.));
#9805=DIRECTION('ref_axis',(0.99999999996244,8.66717154624182E-6,0.));
#9806=DIRECTION('',(-1.,0.,0.));
#9807=DIRECTION('center_axis',(0.,0.,1.));
#9808=DIRECTION('ref_axis',(-2.66713913420018E-6,0.999999999996443,0.));
#9809=DIRECTION('',(0.,-1.,0.));
#9810=DIRECTION('center_axis',(0.,0.,1.));
#9811=DIRECTION('ref_axis',(-0.99999999996244,-8.66717153203182E-6,0.));
#9812=DIRECTION('',(1.,0.,0.));
#9813=DIRECTION('center_axis',(0.,0.,1.));
#9814=DIRECTION('ref_axis',(8.66717154624282E-6,-0.99999999996244,0.));
#9815=DIRECTION('',(0.,1.,0.));
#9816=DIRECTION('center_axis',(0.,0.,1.));
#9817=DIRECTION('ref_axis',(0.999999999996443,2.66712949218718E-6,0.));
#9818=DIRECTION('',(-1.,0.,0.));
#9819=DIRECTION('center_axis',(0.,0.,1.));
#9820=DIRECTION('ref_axis',(-2.66713924788618E-6,0.999999999996443,0.));
#9821=DIRECTION('',(0.,-1.,0.));
#9822=DIRECTION('center_axis',(0.,0.,1.));
#9823=DIRECTION('ref_axis',(-0.99999999996244,-8.66717163150681E-6,0.));
#9824=DIRECTION('',(1.,0.,0.));
#9825=DIRECTION('center_axis',(0.,0.,1.));
#9826=DIRECTION('ref_axis',(2.66712947087118E-6,-0.999999999996443,0.));
#9827=DIRECTION('',(0.,1.,0.));
#9828=DIRECTION('center_axis',(0.,0.,1.));
#9829=DIRECTION('ref_axis',(0.99999999996244,8.66717164571781E-6,0.));
#9830=DIRECTION('',(-1.,0.,0.));
#9831=DIRECTION('center_axis',(0.,0.,1.));
#9832=DIRECTION('ref_axis',(-2.66713919104318E-6,0.999999999996443,0.));
#9833=DIRECTION('',(0.,-1.,0.));
#9834=DIRECTION('center_axis',(0.,0.,1.));
#9835=DIRECTION('ref_axis',(-0.99999999996244,-8.66717153203182E-6,0.));
#9836=DIRECTION('',(1.,0.,0.));
#9837=DIRECTION('center_axis',(0.,0.,1.));
#9838=DIRECTION('ref_axis',(8.66717148939881E-6,-0.99999999996244,0.));
#9839=DIRECTION('',(0.,1.,0.));
#9840=DIRECTION('center_axis',(0.,0.,1.));
#9841=DIRECTION('ref_axis',(0.999999999996443,2.66712949218718E-6,0.));
#9842=DIRECTION('',(-1.,0.,0.));
#9843=DIRECTION('center_axis',(0.,0.,1.));
#9844=DIRECTION('ref_axis',(-2.66713919104318E-6,0.999999999996443,0.));
#9845=DIRECTION('',(0.,-1.,0.));
#9846=DIRECTION('center_axis',(0.,0.,1.));
#9847=DIRECTION('ref_axis',(-0.99999999996244,-8.66717153203182E-6,0.));
#9848=DIRECTION('',(1.,0.,0.));
#9849=DIRECTION('center_axis',(0.,0.,1.));
#9850=DIRECTION('ref_axis',(8.66717160308581E-6,-0.99999999996244,0.));
#9851=DIRECTION('',(0.,1.,0.));
#9852=DIRECTION('center_axis',(0.,0.,1.));
#9853=DIRECTION('ref_axis',(0.99999999996244,8.66717154624282E-6,0.));
#9854=DIRECTION('',(-1.,0.,0.));
#9855=DIRECTION('center_axis',(0.,0.,1.));
#9856=DIRECTION('ref_axis',(-2.66713919104318E-6,0.999999999996443,0.));
#9857=DIRECTION('',(0.,-1.,0.));
#9858=DIRECTION('center_axis',(0.,0.,1.));
#9859=DIRECTION('ref_axis',(-0.99999999996244,-8.66717158887481E-6,0.));
#9860=DIRECTION('',(1.,0.,0.));
#9861=DIRECTION('center_axis',(0.,0.,1.));
#9862=DIRECTION('ref_axis',(8.66717154624282E-6,-0.99999999996244,0.));
#9863=DIRECTION('',(0.,1.,0.));
#9864=DIRECTION('center_axis',(0.,0.,1.));
#9865=DIRECTION('ref_axis',(0.999999999996443,2.66712949218718E-6,0.));
#9866=DIRECTION('',(-1.,0.,0.));
#9867=DIRECTION('center_axis',(0.,0.,-1.));
#9868=DIRECTION('ref_axis',(0.,-1.,0.));
#9869=DIRECTION('center_axis',(0.,0.,1.));
#9870=DIRECTION('ref_axis',(-2.66713913420018E-6,0.999999999996443,0.));
#9871=DIRECTION('',(0.,-1.,0.));
#9872=DIRECTION('center_axis',(0.,0.,1.));
#9873=DIRECTION('ref_axis',(-0.99999999996244,-8.66717153203182E-6,0.));
#9874=DIRECTION('',(1.,0.,0.));
#9875=DIRECTION('center_axis',(0.,0.,1.));
#9876=DIRECTION('ref_axis',(8.66717154624282E-6,-0.99999999996244,0.));
#9877=DIRECTION('',(0.,1.,0.));
#9878=DIRECTION('center_axis',(0.,0.,1.));
#9879=DIRECTION('ref_axis',(0.99999999996244,8.66717153203182E-6,0.));
#9880=DIRECTION('',(-1.,0.,0.));
#9881=DIRECTION('center_axis',(0.,0.,1.));
#9882=DIRECTION('ref_axis',(-2.66713919104418E-6,0.999999999996443,0.));
#9883=DIRECTION('',(0.,-1.,0.));
#9884=DIRECTION('center_axis',(0.,0.,1.));
#9885=DIRECTION('ref_axis',(-0.99999999996244,-8.66717153203182E-6,0.));
#9886=DIRECTION('',(1.,0.,0.));
#9887=DIRECTION('center_axis',(0.,0.,1.));
#9888=DIRECTION('ref_axis',(8.66717160308581E-6,-0.99999999996244,0.));
#9889=DIRECTION('',(0.,1.,0.));
#9890=DIRECTION('center_axis',(0.,0.,1.));
#9891=DIRECTION('ref_axis',(0.99999999996244,8.66717153203182E-6,0.));
#9892=DIRECTION('',(-1.,0.,0.));
#9893=DIRECTION('center_axis',(0.,0.,1.));
#9894=DIRECTION('ref_axis',(-2.66713913420018E-6,0.999999999996443,0.));
#9895=DIRECTION('',(0.,-1.,0.));
#9896=DIRECTION('center_axis',(0.,0.,1.));
#9897=DIRECTION('ref_axis',(-0.99999999996244,-8.66717153203182E-6,0.));
#9898=DIRECTION('',(1.,0.,0.));
#9899=DIRECTION('center_axis',(0.,0.,1.));
#9900=DIRECTION('ref_axis',(8.66717154624282E-6,-0.99999999996244,0.));
#9901=DIRECTION('',(0.,1.,0.));
#9902=DIRECTION('center_axis',(0.,0.,1.));
#9903=DIRECTION('ref_axis',(0.99999999996244,8.66717153203182E-6,0.));
#9904=DIRECTION('',(-1.,0.,0.));
#9905=DIRECTION('center_axis',(0.,0.,1.));
#9906=DIRECTION('ref_axis',(-2.66713919104418E-6,0.999999999996443,0.));
#9907=DIRECTION('',(0.,-1.,0.));
#9908=DIRECTION('center_axis',(0.,0.,1.));
#9909=DIRECTION('ref_axis',(-0.99999999996244,-8.66717153203182E-6,0.));
#9910=DIRECTION('',(1.,0.,0.));
#9911=DIRECTION('center_axis',(0.,0.,1.));
#9912=DIRECTION('ref_axis',(8.66717160308581E-6,-0.99999999996244,0.));
#9913=DIRECTION('',(0.,1.,0.));
#9914=DIRECTION('center_axis',(0.,0.,1.));
#9915=DIRECTION('ref_axis',(0.99999999996244,8.66717153203182E-6,0.));
#9916=DIRECTION('',(-1.,0.,0.));
#9917=DIRECTION('center_axis',(0.,0.,1.));
#9918=DIRECTION('ref_axis',(-2.66713924788718E-6,0.999999999996443,0.));
#9919=DIRECTION('',(0.,-1.,0.));
#9920=DIRECTION('center_axis',(0.,0.,1.));
#9921=DIRECTION('ref_axis',(-0.99999999996244,-8.66717163150681E-6,0.));
#9922=DIRECTION('',(1.,0.,0.));
#9923=DIRECTION('center_axis',(0.,0.,1.));
#9924=DIRECTION('ref_axis',(8.66717148939881E-6,-0.99999999996244,0.));
#9925=DIRECTION('',(0.,1.,0.));
#9926=DIRECTION('center_axis',(0.,0.,1.));
#9927=DIRECTION('ref_axis',(0.999999999996443,2.66712958455718E-6,0.));
#9928=DIRECTION('',(-1.,0.,0.));
#9929=DIRECTION('center_axis',(0.,0.,1.));
#9930=DIRECTION('ref_axis',(-2.66713916262218E-6,0.999999999996443,0.));
#9931=DIRECTION('',(0.,-1.,0.));
#9932=DIRECTION('center_axis',(0.,0.,1.));
#9933=DIRECTION('ref_axis',(-0.99999999996244,-8.66717158887481E-6,0.));
#9934=DIRECTION('',(1.,0.,0.));
#9935=DIRECTION('center_axis',(0.,0.,1.));
#9936=DIRECTION('ref_axis',(2.66712949929218E-6,-0.999999999996443,0.));
#9937=DIRECTION('',(0.,1.,0.));
#9938=DIRECTION('center_axis',(0.,0.,1.));
#9939=DIRECTION('ref_axis',(0.99999999996244,8.66717154624282E-6,0.));
#9940=DIRECTION('',(-1.,0.,0.));
#9941=DIRECTION('center_axis',(0.,0.,1.));
#9942=DIRECTION('ref_axis',(-2.66713916262218E-6,0.999999999996443,0.));
#9943=DIRECTION('',(0.,-1.,0.));
#9944=DIRECTION('center_axis',(0.,0.,1.));
#9945=DIRECTION('ref_axis',(-0.99999999996244,-8.66717153203182E-6,0.));
#9946=DIRECTION('',(1.,0.,0.));
#9947=DIRECTION('center_axis',(0.,0.,1.));
#9948=DIRECTION('ref_axis',(2.66712949929218E-6,-0.999999999996443,0.));
#9949=DIRECTION('',(0.,1.,0.));
#9950=DIRECTION('center_axis',(0.,0.,1.));
#9951=DIRECTION('ref_axis',(0.99999999996244,8.66717154624282E-6,0.));
#9952=DIRECTION('',(-1.,0.,0.));
#9953=DIRECTION('center_axis',(0.,0.,1.));
#9954=DIRECTION('ref_axis',(-2.66713916262218E-6,0.999999999996443,0.));
#9955=DIRECTION('',(0.,-1.,0.));
#9956=DIRECTION('center_axis',(0.,0.,1.));
#9957=DIRECTION('ref_axis',(-0.99999999996244,-8.66717153203182E-6,0.));
#9958=DIRECTION('',(1.,0.,0.));
#9959=DIRECTION('center_axis',(0.,0.,1.));
#9960=DIRECTION('ref_axis',(8.66717154624282E-6,-0.99999999996244,0.));
#9961=DIRECTION('',(0.,1.,0.));
#9962=DIRECTION('center_axis',(0.,0.,1.));
#9963=DIRECTION('ref_axis',(0.99999999996244,8.66717159597981E-6,0.));
#9964=DIRECTION('',(-1.,0.,0.));
#9965=DIRECTION('center_axis',(0.,0.,1.));
#9966=DIRECTION('ref_axis',(-2.66713920525418E-6,0.999999999996443,0.));
#9967=DIRECTION('',(0.,-1.,0.));
#9968=DIRECTION('center_axis',(0.,0.,1.));
#9969=DIRECTION('ref_axis',(-0.99999999996244,-8.66717156045282E-6,0.));
#9970=DIRECTION('',(1.,0.,0.));
#9971=DIRECTION('center_axis',(0.,0.,1.));
#9972=DIRECTION('ref_axis',(8.66717156045282E-6,-0.99999999996244,0.));
#9973=DIRECTION('',(0.,1.,0.));
#9974=DIRECTION('center_axis',(0.,0.,1.));
#9975=DIRECTION('ref_axis',(0.99999999996244,8.66717160308581E-6,0.));
#9976=DIRECTION('',(-1.,0.,0.));
#9977=DIRECTION('center_axis',(0.,0.,1.));
#9978=DIRECTION('ref_axis',(-2.66713918393818E-6,0.999999999996443,0.));
#9979=DIRECTION('',(0.,-1.,0.));
#9980=DIRECTION('center_axis',(0.,0.,1.));
#9981=DIRECTION('ref_axis',(-0.99999999996244,-8.66717156045282E-6,0.));
#9982=DIRECTION('',(1.,0.,0.));
#9983=DIRECTION('center_axis',(0.,0.,1.));
#9984=DIRECTION('ref_axis',(8.66717154624282E-6,-0.99999999996244,0.));
#9985=DIRECTION('',(0.,1.,0.));
#9986=DIRECTION('center_axis',(0.,0.,1.));
#9987=DIRECTION('ref_axis',(0.999999999996443,2.66712952060818E-6,0.));
#9988=DIRECTION('',(-1.,0.,0.));
#9989=DIRECTION('center_axis',(0.,0.,1.));
#9990=DIRECTION('ref_axis',(-2.66713918749118E-6,0.999999999996443,0.));
#9991=DIRECTION('',(0.,-1.,0.));
#9992=DIRECTION('center_axis',(0.,0.,1.));
#9993=DIRECTION('ref_axis',(-0.99999999996244,-8.66717156045282E-6,0.));
#9994=DIRECTION('',(1.,0.,0.));
#9995=DIRECTION('center_axis',(0.,0.,1.));
#9996=DIRECTION('ref_axis',(8.66717156755882E-6,-0.99999999996244,0.));
#9997=DIRECTION('',(0.,1.,0.));
#9998=DIRECTION('center_axis',(0.,0.,1.));
#9999=DIRECTION('ref_axis',(0.999999999996443,2.66712953481918E-6,0.));
#10000=DIRECTION('',(-1.,0.,0.));
#10001=DIRECTION('center_axis',(0.,0.,1.));
#10002=DIRECTION('ref_axis',(-2.66713913420018E-6,0.999999999996443,0.));
#10003=DIRECTION('',(0.,-1.,0.));
#10004=DIRECTION('center_axis',(0.,0.,1.));
#10005=DIRECTION('ref_axis',(-0.99999999996244,-8.66717153203182E-6,0.));
#10006=DIRECTION('',(1.,0.,0.));
#10007=DIRECTION('center_axis',(0.,0.,1.));
#10008=DIRECTION('ref_axis',(2.66712949929218E-6,-0.999999999996443,0.));
#10009=DIRECTION('',(0.,1.,0.));
#10010=DIRECTION('center_axis',(0.,0.,1.));
#10011=DIRECTION('ref_axis',(0.99999999996244,8.66717158887481E-6,0.));
#10012=DIRECTION('',(-1.,0.,0.));
#10013=DIRECTION('center_axis',(0.,0.,1.));
#10014=DIRECTION('ref_axis',(-2.66713921946518E-6,0.999999999996443,0.));
#10015=DIRECTION('',(0.,-1.,0.));
#10016=DIRECTION('center_axis',(0.,0.,1.));
#10017=DIRECTION('ref_axis',(-0.99999999996244,-8.66717158887481E-6,0.));
#10018=DIRECTION('',(1.,0.,0.));
#10019=DIRECTION('center_axis',(0.,0.,1.));
#10020=DIRECTION('ref_axis',(8.66717154624282E-6,-0.99999999996244,0.));
#10021=DIRECTION('',(0.,1.,0.));
#10022=DIRECTION('center_axis',(0.,0.,1.));
#10023=DIRECTION('ref_axis',(0.999999999996443,2.66712954192518E-6,0.));
#10024=DIRECTION('',(-1.,0.,0.));
#10025=DIRECTION('center_axis',(0.,0.,1.));
#10026=DIRECTION('ref_axis',(-2.66713919104318E-6,0.999999999996443,0.));
#10027=DIRECTION('',(0.,-1.,0.));
#10028=DIRECTION('center_axis',(0.,0.,1.));
#10029=DIRECTION('ref_axis',(-0.99999999996244,-8.66717158887481E-6,0.));
#10030=DIRECTION('',(1.,0.,0.));
#10031=DIRECTION('center_axis',(0.,0.,1.));
#10032=DIRECTION('ref_axis',(2.66712958455718E-6,-0.999999999996443,0.));
#10033=DIRECTION('',(0.,1.,0.));
#10034=DIRECTION('center_axis',(0.,0.,1.));
#10035=DIRECTION('ref_axis',(0.99999999996244,8.66717158887481E-6,0.));
#10036=DIRECTION('',(-1.,0.,0.));
#10037=DIRECTION('center_axis',(0.,0.,1.));
#10038=DIRECTION('ref_axis',(-2.66713916262218E-6,0.999999999996443,0.));
#10039=DIRECTION('',(0.,-1.,0.));
#10040=DIRECTION('center_axis',(0.,0.,1.));
#10041=DIRECTION('ref_axis',(-0.99999999996244,-8.66717156045282E-6,0.));
#10042=DIRECTION('',(1.,0.,0.));
#10043=DIRECTION('center_axis',(0.,0.,1.));
#10044=DIRECTION('ref_axis',(2.66712949929218E-6,-0.999999999996443,0.));
#10045=DIRECTION('',(0.,1.,0.));
#10046=DIRECTION('center_axis',(0.,0.,1.));
#10047=DIRECTION('ref_axis',(0.99999999996244,8.66717153203182E-6,0.));
#10048=DIRECTION('',(-1.,0.,0.));
#10049=DIRECTION('center_axis',(0.,0.,1.));
#10050=DIRECTION('ref_axis',(-2.66713914841118E-6,0.999999999996443,0.));
#10051=DIRECTION('',(0.,-1.,0.));
#10052=DIRECTION('center_axis',(0.,0.,1.));
#10053=DIRECTION('ref_axis',(-0.99999999996244,-8.66717156045282E-6,0.));
#10054=DIRECTION('',(1.,0.,0.));
#10055=DIRECTION('center_axis',(0.,0.,1.));
#10056=DIRECTION('ref_axis',(8.66717157466382E-6,-0.99999999996244,0.));
#10057=DIRECTION('',(0.,1.,0.));
#10058=DIRECTION('center_axis',(0.,0.,1.));
#10059=DIRECTION('ref_axis',(0.99999999996244,8.66717156045282E-6,0.));
#10060=DIRECTION('',(-1.,0.,0.));
#10061=DIRECTION('center_axis',(0.,0.,-1.));
#10062=DIRECTION('ref_axis',(0.,-1.,0.));
#10063=DIRECTION('center_axis',(0.,0.,1.));
#10064=DIRECTION('ref_axis',(-2.66713916262218E-6,0.999999999996443,0.));
#10065=DIRECTION('',(0.,-1.,0.));
#10066=DIRECTION('center_axis',(0.,0.,1.));
#10067=DIRECTION('ref_axis',(-0.99999999996244,-8.66717156045282E-6,0.));
#10068=DIRECTION('',(1.,0.,0.));
#10069=DIRECTION('center_axis',(0.,0.,1.));
#10070=DIRECTION('ref_axis',(2.66712952060818E-6,-0.999999999996443,0.));
#10071=DIRECTION('',(0.,1.,0.));
#10072=DIRECTION('center_axis',(0.,0.,1.));
#10073=DIRECTION('ref_axis',(0.99999999996244,8.66717157466382E-6,0.));
#10074=DIRECTION('',(-1.,0.,0.));
#10075=DIRECTION('center_axis',(0.,0.,1.));
#10076=DIRECTION('ref_axis',(-2.66713919104318E-6,0.999999999996443,0.));
#10077=DIRECTION('',(0.,-1.,0.));
#10078=DIRECTION('center_axis',(0.,0.,1.));
#10079=DIRECTION('ref_axis',(-0.99999999996244,-8.66717151782082E-6,0.));
#10080=DIRECTION('',(1.,0.,0.));
#10081=DIRECTION('center_axis',(0.,0.,1.));
#10082=DIRECTION('ref_axis',(8.66717148939881E-6,-0.99999999996244,0.));
#10083=DIRECTION('',(0.,1.,0.));
#10084=DIRECTION('center_axis',(0.,0.,1.));
#10085=DIRECTION('ref_axis',(0.99999999996244,8.66717153203182E-6,0.));
#10086=DIRECTION('',(-1.,0.,0.));
#10087=DIRECTION('center_axis',(0.,0.,1.));
#10088=DIRECTION('ref_axis',(-2.66713919104318E-6,0.999999999996443,0.));
#10089=DIRECTION('',(0.,-1.,0.));
#10090=DIRECTION('center_axis',(0.,0.,1.));
#10091=DIRECTION('ref_axis',(-0.99999999996244,-8.66717151782082E-6,0.));
#10092=DIRECTION('',(1.,0.,0.));
#10093=DIRECTION('center_axis',(0.,0.,1.));
#10094=DIRECTION('ref_axis',(8.66717160308581E-6,-0.99999999996244,0.));
#10095=DIRECTION('',(0.,1.,0.));
#10096=DIRECTION('center_axis',(0.,0.,1.));
#10097=DIRECTION('ref_axis',(0.99999999996244,8.66717153203182E-6,0.));
#10098=DIRECTION('',(-1.,0.,0.));
#10099=DIRECTION('center_axis',(0.,0.,1.));
#10100=DIRECTION('ref_axis',(-2.66713924788618E-6,0.999999999996443,0.));
#10101=DIRECTION('',(0.,-1.,0.));
#10102=DIRECTION('center_axis',(0.,0.,1.));
#10103=DIRECTION('ref_axis',(-0.99999999996244,-8.66717163150681E-6,0.));
#10104=DIRECTION('',(1.,0.,0.));
#10105=DIRECTION('center_axis',(0.,0.,1.));
#10106=DIRECTION('ref_axis',(8.66717148939881E-6,-0.99999999996244,0.));
#10107=DIRECTION('',(0.,1.,0.));
#10108=DIRECTION('center_axis',(0.,0.,1.));
#10109=DIRECTION('ref_axis',(0.99999999996244,8.66717163150681E-6,0.));
#10110=DIRECTION('',(-1.,0.,0.));
#10111=DIRECTION('center_axis',(0.,0.,1.));
#10112=DIRECTION('ref_axis',(-2.66713919104318E-6,0.999999999996443,0.));
#10113=DIRECTION('',(0.,-1.,0.));
#10114=DIRECTION('center_axis',(0.,0.,1.));
#10115=DIRECTION('ref_axis',(-0.99999999996244,-8.66717151782082E-6,0.));
#10116=DIRECTION('',(1.,0.,0.));
#10117=DIRECTION('center_axis',(0.,0.,1.));
#10118=DIRECTION('ref_axis',(8.66717148939881E-6,-0.99999999996244,0.));
#10119=DIRECTION('',(0.,1.,0.));
#10120=DIRECTION('center_axis',(0.,0.,1.));
#10121=DIRECTION('ref_axis',(0.99999999996244,8.66717153203182E-6,0.));
#10122=DIRECTION('',(-1.,0.,0.));
#10123=DIRECTION('center_axis',(0.,0.,1.));
#10124=DIRECTION('ref_axis',(-2.66713919104318E-6,0.999999999996443,0.));
#10125=DIRECTION('',(0.,-1.,0.));
#10126=DIRECTION('center_axis',(0.,0.,1.));
#10127=DIRECTION('ref_axis',(-0.99999999996244,-8.66717151782082E-6,0.));
#10128=DIRECTION('',(1.,0.,0.));
#10129=DIRECTION('center_axis',(0.,0.,1.));
#10130=DIRECTION('ref_axis',(8.66717160308581E-6,-0.99999999996244,0.));
#10131=DIRECTION('',(0.,1.,0.));
#10132=DIRECTION('center_axis',(0.,0.,1.));
#10133=DIRECTION('ref_axis',(0.99999999996244,8.66717153203182E-6,0.));
#10134=DIRECTION('',(-1.,0.,0.));
#10135=DIRECTION('center_axis',(0.,0.,1.));
#10136=DIRECTION('ref_axis',(-2.66713919104318E-6,0.999999999996443,0.));
#10137=DIRECTION('',(0.,-1.,0.));
#10138=DIRECTION('center_axis',(0.,0.,1.));
#10139=DIRECTION('ref_axis',(-0.99999999996244,-8.66717157466382E-6,0.));
#10140=DIRECTION('',(1.,0.,0.));
#10141=DIRECTION('center_axis',(0.,0.,1.));
#10142=DIRECTION('ref_axis',(8.66717154624282E-6,-0.99999999996244,0.));
#10143=DIRECTION('',(0.,1.,0.));
#10144=DIRECTION('center_axis',(0.,0.,1.));
#10145=DIRECTION('ref_axis',(0.999999999996443,2.66712948508118E-6,0.));
#10146=DIRECTION('',(-1.,0.,0.));
#10147=DIRECTION('center_axis',(0.,0.,1.));
#10148=DIRECTION('ref_axis',(-2.66713924788718E-6,0.999999999996443,0.));
#10149=DIRECTION('',(0.,-1.,0.));
#10150=DIRECTION('center_axis',(0.,0.,1.));
#10151=DIRECTION('ref_axis',(-0.99999999996244,-8.66717157466382E-6,0.));
#10152=DIRECTION('',(1.,0.,0.));
#10153=DIRECTION('center_axis',(0.,0.,1.));
#10154=DIRECTION('ref_axis',(8.66717154624182E-6,-0.99999999996244,0.));
#10155=DIRECTION('',(0.,1.,0.));
#10156=DIRECTION('center_axis',(0.,0.,1.));
#10157=DIRECTION('ref_axis',(0.99999999996244,8.66717151782082E-6,0.));
#10158=DIRECTION('',(-1.,0.,0.));
#10159=DIRECTION('center_axis',(0.,0.,1.));
#10160=DIRECTION('ref_axis',(-2.66713924788718E-6,0.999999999996443,0.));
#10161=DIRECTION('',(0.,-1.,0.));
#10162=DIRECTION('center_axis',(0.,0.,1.));
#10163=DIRECTION('ref_axis',(-0.99999999996244,-8.66717157466382E-6,0.));
#10164=DIRECTION('',(1.,0.,0.));
#10165=DIRECTION('center_axis',(0.,0.,1.));
#10166=DIRECTION('ref_axis',(8.66717160308581E-6,-0.99999999996244,0.));
#10167=DIRECTION('',(0.,1.,0.));
#10168=DIRECTION('center_axis',(0.,0.,1.));
#10169=DIRECTION('ref_axis',(0.99999999996244,8.66717151782082E-6,0.));
#10170=DIRECTION('',(-1.,0.,0.));
#10171=DIRECTION('center_axis',(0.,0.,1.));
#10172=DIRECTION('ref_axis',(-2.66713924788718E-6,0.999999999996443,0.));
#10173=DIRECTION('',(0.,-1.,0.));
#10174=DIRECTION('center_axis',(0.,0.,1.));
#10175=DIRECTION('ref_axis',(-0.99999999996244,-8.66717157466382E-6,0.));
#10176=DIRECTION('',(1.,0.,0.));
#10177=DIRECTION('center_axis',(0.,0.,1.));
#10178=DIRECTION('ref_axis',(8.66717154624182E-6,-0.99999999996244,0.));
#10179=DIRECTION('',(0.,1.,0.));
#10180=DIRECTION('center_axis',(0.,0.,1.));
#10181=DIRECTION('ref_axis',(0.99999999996244,8.66717151782082E-6,0.));
#10182=DIRECTION('',(-1.,0.,0.));
#10183=DIRECTION('center_axis',(0.,0.,-1.));
#10184=DIRECTION('ref_axis',(0.,-1.,0.));
#10185=DIRECTION('center_axis',(0.,0.,1.));
#10186=DIRECTION('ref_axis',(-2.66713916262218E-6,0.999999999996443,0.));
#10187=DIRECTION('',(0.,-1.,0.));
#10188=DIRECTION('center_axis',(0.,0.,1.));
#10189=DIRECTION('ref_axis',(-0.99999999996244,-8.66717157466382E-6,0.));
#10190=DIRECTION('',(1.,0.,0.));
#10191=DIRECTION('center_axis',(0.,0.,1.));
#10192=DIRECTION('ref_axis',(8.66717151782082E-6,-0.99999999996244,0.));
#10193=DIRECTION('',(0.,1.,0.));
#10194=DIRECTION('center_axis',(0.,0.,1.));
#10195=DIRECTION('ref_axis',(0.99999999996244,8.66717153203182E-6,0.));
#10196=DIRECTION('',(-1.,0.,0.));
#10197=DIRECTION('center_axis',(0.,0.,1.));
#10198=DIRECTION('ref_axis',(-2.66713919104318E-6,0.999999999996443,0.));
#10199=DIRECTION('',(0.,-1.,0.));
#10200=DIRECTION('center_axis',(0.,0.,1.));
#10201=DIRECTION('ref_axis',(-0.99999999996244,-8.66717157466382E-6,0.));
#10202=DIRECTION('',(1.,0.,0.));
#10203=DIRECTION('center_axis',(0.,0.,1.));
#10204=DIRECTION('ref_axis',(8.66717157466382E-6,-0.99999999996244,0.));
#10205=DIRECTION('',(0.,1.,0.));
#10206=DIRECTION('center_axis',(0.,0.,1.));
#10207=DIRECTION('ref_axis',(0.99999999996244,8.66717158887481E-6,0.));
#10208=DIRECTION('',(-1.,0.,0.));
#10209=DIRECTION('center_axis',(0.,0.,1.));
#10210=DIRECTION('ref_axis',(-2.66713916262218E-6,0.999999999996443,0.));
#10211=DIRECTION('',(0.,-1.,0.));
#10212=DIRECTION('center_axis',(0.,0.,1.));
#10213=DIRECTION('ref_axis',(-0.99999999996244,-8.66717151782082E-6,0.));
#10214=DIRECTION('',(1.,0.,0.));
#10215=DIRECTION('center_axis',(0.,0.,1.));
#10216=DIRECTION('ref_axis',(8.66717151782082E-6,-0.99999999996244,0.));
#10217=DIRECTION('',(0.,1.,0.));
#10218=DIRECTION('center_axis',(0.,0.,1.));
#10219=DIRECTION('ref_axis',(0.99999999996244,8.66717158887481E-6,0.));
#10220=DIRECTION('',(-1.,0.,0.));
#10221=DIRECTION('center_axis',(0.,0.,1.));
#10222=DIRECTION('ref_axis',(-2.66713920525418E-6,0.999999999996443,0.));
#10223=DIRECTION('',(0.,-1.,0.));
#10224=DIRECTION('center_axis',(0.,0.,1.));
#10225=DIRECTION('ref_axis',(-0.99999999996244,-8.66717154624282E-6,0.));
#10226=DIRECTION('',(1.,0.,0.));
#10227=DIRECTION('center_axis',(0.,0.,1.));
#10228=DIRECTION('ref_axis',(8.66717156045282E-6,-0.99999999996244,0.));
#10229=DIRECTION('',(0.,1.,0.));
#10230=DIRECTION('center_axis',(0.,0.,1.));
#10231=DIRECTION('ref_axis',(0.99999999996244,8.66717156045282E-6,0.));
#10232=DIRECTION('',(-1.,0.,0.));
#10233=DIRECTION('center_axis',(0.,0.,1.));
#10234=DIRECTION('ref_axis',(-2.66713919104318E-6,0.999999999996443,0.));
#10235=DIRECTION('',(0.,-1.,0.));
#10236=DIRECTION('center_axis',(0.,0.,1.));
#10237=DIRECTION('ref_axis',(-0.99999999996244,-8.66717157466382E-6,0.));
#10238=DIRECTION('',(1.,0.,0.));
#10239=DIRECTION('center_axis',(0.,0.,1.));
#10240=DIRECTION('ref_axis',(8.66717153203182E-6,-0.99999999996244,0.));
#10241=DIRECTION('',(0.,1.,0.));
#10242=DIRECTION('center_axis',(0.,0.,1.));
#10243=DIRECTION('ref_axis',(0.99999999996244,8.66717156045282E-6,0.));
#10244=DIRECTION('',(-1.,0.,0.));
#10245=DIRECTION('center_axis',(0.,0.,-1.));
#10246=DIRECTION('ref_axis',(-1.2918958832E-14,-1.,0.));
#10247=DIRECTION('center_axis',(0.,0.,1.));
#10248=DIRECTION('ref_axis',(-2.66713920525418E-6,0.999999999996443,0.));
#10249=DIRECTION('',(0.,-1.,0.));
#10250=DIRECTION('center_axis',(0.,0.,1.));
#10251=DIRECTION('ref_axis',(-0.99999999996244,-8.66717160308581E-6,0.));
#10252=DIRECTION('',(1.,0.,0.));
#10253=DIRECTION('center_axis',(0.,0.,1.));
#10254=DIRECTION('ref_axis',(8.66717157466382E-6,-0.99999999996244,0.));
#10255=DIRECTION('',(0.,1.,0.));
#10256=DIRECTION('center_axis',(0.,0.,1.));
#10257=DIRECTION('ref_axis',(0.99999999996244,8.66717151782082E-6,0.));
#10258=DIRECTION('',(-1.,0.,0.));
#10259=DIRECTION('center_axis',(0.,0.,1.));
#10260=DIRECTION('ref_axis',(-2.66713919104318E-6,0.999999999996443,0.));
#10261=DIRECTION('',(0.,-1.,0.));
#10262=DIRECTION('center_axis',(0.,0.,1.));
#10263=DIRECTION('ref_axis',(-0.99999999996244,-8.66717160308581E-6,0.));
#10264=DIRECTION('',(1.,0.,0.));
#10265=DIRECTION('center_axis',(0.,0.,1.));
#10266=DIRECTION('ref_axis',(8.66717158887481E-6,-0.99999999996244,0.));
#10267=DIRECTION('',(0.,1.,0.));
#10268=DIRECTION('center_axis',(0.,0.,1.));
#10269=DIRECTION('ref_axis',(0.99999999996244,8.66717154624282E-6,0.));
#10270=DIRECTION('',(-1.,0.,0.));
#10271=DIRECTION('center_axis',(0.,0.,1.));
#10272=DIRECTION('ref_axis',(-2.66713921236018E-6,0.999999999996443,0.));
#10273=DIRECTION('',(0.,-1.,0.));
#10274=DIRECTION('center_axis',(0.,0.,1.));
#10275=DIRECTION('ref_axis',(-0.99999999996244,-8.66717160308482E-6,0.));
#10276=DIRECTION('',(1.,0.,0.));
#10277=DIRECTION('center_axis',(0.,0.,1.));
#10278=DIRECTION('ref_axis',(8.66717159597981E-6,-0.99999999996244,0.));
#10279=DIRECTION('',(0.,1.,0.));
#10280=DIRECTION('center_axis',(0.,0.,1.));
#10281=DIRECTION('ref_axis',(0.99999999996244,8.66717154624182E-6,0.));
#10282=DIRECTION('',(-1.,0.,0.));
#10283=DIRECTION('center_axis',(0.,0.,-1.));
#10284=DIRECTION('ref_axis',(-0.999999999999999,3.254771403824E-8,0.));
#10285=DIRECTION('',(0.,0.,1.));
#10286=DIRECTION('center_axis',(0.,0.,-1.));
#10287=DIRECTION('ref_axis',(0.999999999999766,6.8434766794574E-7,0.));
#10288=DIRECTION('',(0.,0.,1.));
#10289=DIRECTION('center_axis',(-1.,0.,0.));
#10290=DIRECTION('ref_axis',(0.,1.,0.));
#10291=DIRECTION('',(0.,0.,1.));
#10292=DIRECTION('center_axis',(0.,-1.,0.));
#10293=DIRECTION('ref_axis',(-1.,0.,0.));
#10294=DIRECTION('',(0.,0.,1.));
#10295=DIRECTION('center_axis',(0.,0.,-1.));
#10296=DIRECTION('ref_axis',(-3.254771180031E-8,-0.999999999999999,0.));
#10297=DIRECTION('center_axis',(0.,0.,-1.));
#10298=DIRECTION('ref_axis',(-2.66713921236018E-6,0.999999999996443,0.));
#10299=DIRECTION('',(0.,0.,1.));
#10300=DIRECTION('',(0.,0.,1.));
#10301=DIRECTION('center_axis',(0.,-1.,0.));
#10302=DIRECTION('ref_axis',(-1.,0.,0.));
#10303=DIRECTION('',(0.,0.,1.));
#10304=DIRECTION('center_axis',(1.,0.,0.));
#10305=DIRECTION('ref_axis',(0.,-1.,0.));
#10306=DIRECTION('',(0.,0.,1.));
#10307=DIRECTION('center_axis',(0.,0.,-1.));
#10308=DIRECTION('ref_axis',(0.99999999996244,8.66717154624182E-6,0.));
#10309=DIRECTION('',(0.,0.,1.));
#10310=DIRECTION('center_axis',(0.,0.,-1.));
#10311=DIRECTION('ref_axis',(-0.99999999996244,-8.66717160308482E-6,0.));
#10312=DIRECTION('',(0.,0.,1.));
#10313=DIRECTION('center_axis',(-1.,0.,0.));
#10314=DIRECTION('ref_axis',(0.,1.,0.));
#10315=DIRECTION('',(0.,0.,1.));
#10316=DIRECTION('center_axis',(0.,1.,0.));
#10317=DIRECTION('ref_axis',(1.,0.,0.));
#10318=DIRECTION('',(0.,0.,1.));
#10319=DIRECTION('center_axis',(0.,0.,-1.));
#10320=DIRECTION('ref_axis',(8.66717159597981E-6,-0.99999999996244,0.));
#10321=DIRECTION('center_axis',(0.,0.,-1.));
#10322=DIRECTION('ref_axis',(-2.66713919104318E-6,0.999999999996443,0.));
#10323=DIRECTION('',(0.,0.,1.));
#10324=DIRECTION('',(0.,0.,1.));
#10325=DIRECTION('center_axis',(0.,-1.,0.));
#10326=DIRECTION('ref_axis',(-1.,0.,0.));
#10327=DIRECTION('',(0.,0.,1.));
#10328=DIRECTION('center_axis',(1.,0.,0.));
#10329=DIRECTION('ref_axis',(0.,-1.,0.));
#10330=DIRECTION('',(0.,0.,1.));
#10331=DIRECTION('center_axis',(0.,0.,-1.));
#10332=DIRECTION('ref_axis',(0.99999999996244,8.66717154624282E-6,0.));
#10333=DIRECTION('',(0.,0.,1.));
#10334=DIRECTION('center_axis',(0.,0.,-1.));
#10335=DIRECTION('ref_axis',(-0.99999999996244,-8.66717160308581E-6,0.));
#10336=DIRECTION('',(0.,0.,1.));
#10337=DIRECTION('center_axis',(-1.,0.,0.));
#10338=DIRECTION('ref_axis',(0.,1.,0.));
#10339=DIRECTION('',(0.,0.,1.));
#10340=DIRECTION('center_axis',(0.,1.,0.));
#10341=DIRECTION('ref_axis',(1.,0.,0.));
#10342=DIRECTION('',(0.,0.,1.));
#10343=DIRECTION('center_axis',(0.,0.,-1.));
#10344=DIRECTION('ref_axis',(8.66717158887481E-6,-0.99999999996244,0.));
#10345=DIRECTION('center_axis',(0.,0.,-1.));
#10346=DIRECTION('ref_axis',(-2.66713920525418E-6,0.999999999996443,0.));
#10347=DIRECTION('',(0.,0.,1.));
#10348=DIRECTION('',(0.,0.,1.));
#10349=DIRECTION('center_axis',(0.,-1.,0.));
#10350=DIRECTION('ref_axis',(-1.,0.,0.));
#10351=DIRECTION('',(0.,0.,1.));
#10352=DIRECTION('center_axis',(1.,0.,0.));
#10353=DIRECTION('ref_axis',(0.,-1.,0.));
#10354=DIRECTION('',(0.,0.,1.));
#10355=DIRECTION('center_axis',(0.,0.,-1.));
#10356=DIRECTION('ref_axis',(0.99999999996244,8.66717151782082E-6,0.));
#10357=DIRECTION('',(0.,0.,1.));
#10358=DIRECTION('center_axis',(0.,0.,-1.));
#10359=DIRECTION('ref_axis',(-0.99999999996244,-8.66717160308581E-6,0.));
#10360=DIRECTION('',(0.,0.,1.));
#10361=DIRECTION('center_axis',(-1.,0.,0.));
#10362=DIRECTION('ref_axis',(0.,1.,0.));
#10363=DIRECTION('',(0.,0.,1.));
#10364=DIRECTION('center_axis',(0.,1.,0.));
#10365=DIRECTION('ref_axis',(1.,0.,0.));
#10366=DIRECTION('',(0.,0.,1.));
#10367=DIRECTION('center_axis',(0.,0.,-1.));
#10368=DIRECTION('ref_axis',(8.66717157466382E-6,-0.99999999996244,0.));
#10369=DIRECTION('center_axis',(0.,0.,-1.));
#10370=DIRECTION('ref_axis',(-1.2918958832E-14,-1.,0.));
#10371=DIRECTION('',(0.,0.,-1.));
#10372=DIRECTION('center_axis',(0.,0.,-1.));
#10373=DIRECTION('ref_axis',(-0.000200699864319456,0.999999979859782,0.));
#10374=DIRECTION('',(0.,0.,1.));
#10375=DIRECTION('',(0.,0.,1.));
#10376=DIRECTION('center_axis',(0.,-1.,0.));
#10377=DIRECTION('ref_axis',(-1.,0.,0.));
#10378=DIRECTION('',(0.,0.,1.));
#10379=DIRECTION('center_axis',(1.,0.,0.));
#10380=DIRECTION('ref_axis',(0.,-1.,0.));
#10381=DIRECTION('',(0.,0.,1.));
#10382=DIRECTION('center_axis',(0.,0.,-1.));
#10383=DIRECTION('ref_axis',(0.999999979562188,-0.000202177207998838,0.));
#10384=DIRECTION('',(0.,0.,1.));
#10385=DIRECTION('center_axis',(0.,0.,-1.));
#10386=DIRECTION('ref_axis',(-0.999999999999985,1.71259759251697E-7,0.));
#10387=DIRECTION('',(0.,0.,1.));
#10388=DIRECTION('center_axis',(0.,0.,-1.));
#10389=DIRECTION('ref_axis',(0.000202177207998838,-0.999999979562188,0.));
#10390=DIRECTION('',(0.,0.,1.));
#10391=DIRECTION('center_axis',(0.,1.,0.));
#10392=DIRECTION('ref_axis',(1.,0.,0.));
#10393=DIRECTION('',(0.,0.,1.));
#10394=DIRECTION('center_axis',(0.,-1.,0.));
#10395=DIRECTION('ref_axis',(-1.,0.,0.));
#10396=DIRECTION('',(0.,0.,1.));
#10397=DIRECTION('center_axis',(0.,0.,-1.));
#10398=DIRECTION('ref_axis',(0.000200685625197228,-0.99999997986264,0.));
#10399=DIRECTION('',(0.,0.,1.));
#10400=DIRECTION('center_axis',(0.,0.,-1.));
#10401=DIRECTION('ref_axis',(0.999999995171787,-9.82671171134491E-5,0.));
#10402=DIRECTION('',(0.,0.,1.));
#10403=DIRECTION('center_axis',(-1.,0.,0.));
#10404=DIRECTION('ref_axis',(0.,1.,0.));
#10405=DIRECTION('',(0.,0.,1.));
#10406=DIRECTION('center_axis',(0.,0.,-1.));
#10407=DIRECTION('ref_axis',(-9.82671171134491E-5,0.999999995171787,0.));
#10408=DIRECTION('',(0.,0.,1.));
#10409=DIRECTION('center_axis',(0.,0.,-1.));
#10410=DIRECTION('ref_axis',(-0.999999985555262,0.000169969040961145,0.));
#10411=DIRECTION('',(0.,0.,1.));
#10412=DIRECTION('center_axis',(0.,-1.,0.));
#10413=DIRECTION('ref_axis',(-1.,0.,0.));
#10414=DIRECTION('',(0.,0.,1.));
#10415=DIRECTION('center_axis',(0.,1.,0.));
#10416=DIRECTION('ref_axis',(1.,0.,0.));
#10417=DIRECTION('',(0.,0.,1.));
#10418=DIRECTION('center_axis',(0.,0.,-1.));
#10419=DIRECTION('ref_axis',(0.999999995171787,9.82671171134491E-5,0.));
#10420=DIRECTION('center_axis',(0.,0.,-1.));
#10421=DIRECTION('ref_axis',(9.82671170850291E-5,0.999999995171787,0.));
#10422=DIRECTION('',(0.,0.,1.));
#10423=DIRECTION('center_axis',(1.,0.,0.));
#10424=DIRECTION('ref_axis',(0.,-1.,0.));
#10425=DIRECTION('',(0.,0.,1.));
#10426=DIRECTION('center_axis',(0.,0.,-1.));
#10427=DIRECTION('ref_axis',(-0.000202177207998838,-0.999999979562188,0.));
#10428=DIRECTION('',(0.,0.,1.));
#10429=DIRECTION('center_axis',(0.,0.,-1.));
#10430=DIRECTION('ref_axis',(-0.999999999996443,-2.66712958455718E-6,0.));
#10431=DIRECTION('',(0.,0.,1.));
#10432=DIRECTION('center_axis',(0.,1.,0.));
#10433=DIRECTION('ref_axis',(1.,0.,0.));
#10434=DIRECTION('',(0.,0.,1.));
#10435=DIRECTION('center_axis',(0.,1.,0.));
#10436=DIRECTION('ref_axis',(1.,0.,0.));
#10437=DIRECTION('',(0.,0.,1.));
#10438=DIRECTION('center_axis',(0.,0.,-1.));
#10439=DIRECTION('ref_axis',(-0.999999999999751,-7.05625228129324E-7,0.));
#10440=DIRECTION('',(0.,0.,1.));
#10441=DIRECTION('center_axis',(0.,0.,-1.));
#10442=DIRECTION('ref_axis',(2.66712952771418E-6,-0.999999999996443,0.));
#10443=DIRECTION('',(0.,0.,1.));
#10444=DIRECTION('center_axis',(1.,0.,0.));
#10445=DIRECTION('ref_axis',(0.,-1.,0.));
#10446=DIRECTION('',(0.,0.,1.));
#10447=DIRECTION('center_axis',(-1.,0.,0.));
#10448=DIRECTION('ref_axis',(0.,1.,0.));
#10449=DIRECTION('',(0.,0.,1.));
#10450=DIRECTION('center_axis',(0.,0.,-1.));
#10451=DIRECTION('ref_axis',(0.000268990775273895,0.999999963821981,0.));
#10452=DIRECTION('',(0.,0.,1.));
#10453=DIRECTION('center_axis',(0.,0.,-1.));
#10454=DIRECTION('ref_axis',(-0.999999984711005,-0.000174865633034401,0.));
#10455=DIRECTION('',(0.,0.,1.));
#10456=DIRECTION('center_axis',(0.,1.,0.));
#10457=DIRECTION('ref_axis',(1.,0.,0.));
#10458=DIRECTION('center_axis',(0.,0.,-1.));
#10459=DIRECTION('ref_axis',(-2.66713919104318E-6,0.999999999996443,0.));
#10460=DIRECTION('',(0.,0.,1.));
#10461=DIRECTION('',(0.,0.,1.));
#10462=DIRECTION('center_axis',(0.,-1.,0.));
#10463=DIRECTION('ref_axis',(-1.,0.,0.));
#10464=DIRECTION('',(0.,0.,1.));
#10465=DIRECTION('center_axis',(1.,0.,0.));
#10466=DIRECTION('ref_axis',(0.,-1.,0.));
#10467=DIRECTION('',(0.,0.,1.));
#10468=DIRECTION('center_axis',(0.,0.,-1.));
#10469=DIRECTION('ref_axis',(0.99999999996244,8.66717156045282E-6,0.));
#10470=DIRECTION('',(0.,0.,1.));
#10471=DIRECTION('center_axis',(0.,0.,-1.));
#10472=DIRECTION('ref_axis',(-0.99999999996244,-8.66717157466382E-6,0.));
#10473=DIRECTION('',(0.,0.,1.));
#10474=DIRECTION('center_axis',(-1.,0.,0.));
#10475=DIRECTION('ref_axis',(0.,1.,0.));
#10476=DIRECTION('',(0.,0.,1.));
#10477=DIRECTION('center_axis',(0.,1.,0.));
#10478=DIRECTION('ref_axis',(1.,0.,0.));
#10479=DIRECTION('',(0.,0.,1.));
#10480=DIRECTION('center_axis',(0.,0.,-1.));
#10481=DIRECTION('ref_axis',(8.66717153203182E-6,-0.99999999996244,0.));
#10482=DIRECTION('center_axis',(0.,0.,-1.));
#10483=DIRECTION('ref_axis',(-2.66713920525418E-6,0.999999999996443,0.));
#10484=DIRECTION('',(0.,0.,1.));
#10485=DIRECTION('',(0.,0.,1.));
#10486=DIRECTION('center_axis',(0.,-1.,0.));
#10487=DIRECTION('ref_axis',(-1.,0.,0.));
#10488=DIRECTION('',(0.,0.,1.));
#10489=DIRECTION('center_axis',(1.,0.,0.));
#10490=DIRECTION('ref_axis',(0.,-1.,0.));
#10491=DIRECTION('',(0.,0.,1.));
#10492=DIRECTION('center_axis',(0.,0.,-1.));
#10493=DIRECTION('ref_axis',(0.99999999996244,8.66717156045282E-6,0.));
#10494=DIRECTION('',(0.,0.,1.));
#10495=DIRECTION('center_axis',(0.,0.,-1.));
#10496=DIRECTION('ref_axis',(-0.99999999996244,-8.66717154624282E-6,0.));
#10497=DIRECTION('',(0.,0.,1.));
#10498=DIRECTION('center_axis',(-1.,0.,0.));
#10499=DIRECTION('ref_axis',(0.,1.,0.));
#10500=DIRECTION('',(0.,0.,1.));
#10501=DIRECTION('center_axis',(0.,1.,0.));
#10502=DIRECTION('ref_axis',(1.,0.,0.));
#10503=DIRECTION('',(0.,0.,1.));
#10504=DIRECTION('center_axis',(0.,0.,-1.));
#10505=DIRECTION('ref_axis',(8.66717156045282E-6,-0.99999999996244,0.));
#10506=DIRECTION('center_axis',(0.,0.,-1.));
#10507=DIRECTION('ref_axis',(-2.66713916262218E-6,0.999999999996443,0.));
#10508=DIRECTION('',(0.,0.,1.));
#10509=DIRECTION('',(0.,0.,1.));
#10510=DIRECTION('center_axis',(0.,-1.,0.));
#10511=DIRECTION('ref_axis',(-1.,0.,0.));
#10512=DIRECTION('',(0.,0.,1.));
#10513=DIRECTION('center_axis',(1.,0.,0.));
#10514=DIRECTION('ref_axis',(0.,-1.,0.));
#10515=DIRECTION('',(0.,0.,1.));
#10516=DIRECTION('center_axis',(0.,0.,-1.));
#10517=DIRECTION('ref_axis',(0.99999999996244,8.66717158887481E-6,0.));
#10518=DIRECTION('',(0.,0.,1.));
#10519=DIRECTION('center_axis',(0.,0.,-1.));
#10520=DIRECTION('ref_axis',(-0.99999999996244,-8.66717151782082E-6,0.));
#10521=DIRECTION('',(0.,0.,1.));
#10522=DIRECTION('center_axis',(-1.,0.,0.));
#10523=DIRECTION('ref_axis',(0.,1.,0.));
#10524=DIRECTION('',(0.,0.,1.));
#10525=DIRECTION('center_axis',(0.,1.,0.));
#10526=DIRECTION('ref_axis',(1.,0.,0.));
#10527=DIRECTION('',(0.,0.,1.));
#10528=DIRECTION('center_axis',(0.,0.,-1.));
#10529=DIRECTION('ref_axis',(8.66717151782082E-6,-0.99999999996244,0.));
#10530=DIRECTION('center_axis',(0.,0.,-1.));
#10531=DIRECTION('ref_axis',(-2.66713919104318E-6,0.999999999996443,0.));
#10532=DIRECTION('',(0.,0.,1.));
#10533=DIRECTION('',(0.,0.,1.));
#10534=DIRECTION('center_axis',(0.,-1.,0.));
#10535=DIRECTION('ref_axis',(-1.,0.,0.));
#10536=DIRECTION('',(0.,0.,1.));
#10537=DIRECTION('center_axis',(1.,0.,0.));
#10538=DIRECTION('ref_axis',(0.,-1.,0.));
#10539=DIRECTION('',(0.,0.,1.));
#10540=DIRECTION('center_axis',(0.,0.,-1.));
#10541=DIRECTION('ref_axis',(0.99999999996244,8.66717158887481E-6,0.));
#10542=DIRECTION('',(0.,0.,1.));
#10543=DIRECTION('center_axis',(0.,0.,-1.));
#10544=DIRECTION('ref_axis',(-0.99999999996244,-8.66717157466382E-6,0.));
#10545=DIRECTION('',(0.,0.,1.));
#10546=DIRECTION('center_axis',(-1.,0.,0.));
#10547=DIRECTION('ref_axis',(0.,1.,0.));
#10548=DIRECTION('',(0.,0.,1.));
#10549=DIRECTION('center_axis',(0.,1.,0.));
#10550=DIRECTION('ref_axis',(1.,0.,0.));
#10551=DIRECTION('',(0.,0.,1.));
#10552=DIRECTION('center_axis',(0.,0.,-1.));
#10553=DIRECTION('ref_axis',(8.66717157466382E-6,-0.99999999996244,0.));
#10554=DIRECTION('center_axis',(0.,0.,-1.));
#10555=DIRECTION('ref_axis',(-2.66713916262218E-6,0.999999999996443,0.));
#10556=DIRECTION('',(0.,0.,1.));
#10557=DIRECTION('',(0.,0.,1.));
#10558=DIRECTION('center_axis',(0.,-1.,0.));
#10559=DIRECTION('ref_axis',(-1.,0.,0.));
#10560=DIRECTION('',(0.,0.,1.));
#10561=DIRECTION('center_axis',(1.,0.,0.));
#10562=DIRECTION('ref_axis',(0.,-1.,0.));
#10563=DIRECTION('',(0.,0.,1.));
#10564=DIRECTION('center_axis',(0.,0.,-1.));
#10565=DIRECTION('ref_axis',(0.99999999996244,8.66717153203182E-6,0.));
#10566=DIRECTION('',(0.,0.,1.));
#10567=DIRECTION('center_axis',(0.,0.,-1.));
#10568=DIRECTION('ref_axis',(-0.99999999996244,-8.66717157466382E-6,0.));
#10569=DIRECTION('',(0.,0.,1.));
#10570=DIRECTION('center_axis',(-1.,0.,0.));
#10571=DIRECTION('ref_axis',(0.,1.,0.));
#10572=DIRECTION('',(0.,0.,1.));
#10573=DIRECTION('center_axis',(0.,1.,0.));
#10574=DIRECTION('ref_axis',(1.,0.,0.));
#10575=DIRECTION('',(0.,0.,1.));
#10576=DIRECTION('center_axis',(0.,0.,-1.));
#10577=DIRECTION('ref_axis',(8.66717151782082E-6,-0.99999999996244,0.));
#10578=DIRECTION('center_axis',(0.,0.,-1.));
#10579=DIRECTION('ref_axis',(-0.000200699864234156,0.999999979859782,0.));
#10580=DIRECTION('',(0.,0.,1.));
#10581=DIRECTION('center_axis',(0.,-1.,0.));
#10582=DIRECTION('ref_axis',(-1.,0.,0.));
#10583=DIRECTION('',(0.,0.,1.));
#10584=DIRECTION('center_axis',(0.,0.,-1.));
#10585=DIRECTION('ref_axis',(0.999999979562188,-0.000202177207941938,0.));
#10586=DIRECTION('',(0.,0.,1.));
#10587=DIRECTION('center_axis',(0.,0.,-1.));
#10588=DIRECTION('ref_axis',(-0.999999979562188,0.000202177208055638,0.));
#10589=DIRECTION('',(0.,0.,1.));
#10590=DIRECTION('center_axis',(0.,0.,-1.));
#10591=DIRECTION('ref_axis',(0.000202177208027238,-0.999999979562188,0.));
#10592=DIRECTION('',(0.,0.,1.));
#10593=DIRECTION('center_axis',(0.,1.,0.));
#10594=DIRECTION('ref_axis',(1.,0.,0.));
#10595=DIRECTION('',(0.,0.,1.));
#10596=DIRECTION('center_axis',(0.,-1.,0.));
#10597=DIRECTION('ref_axis',(-1.,0.,0.));
#10598=DIRECTION('',(0.,0.,1.));
#10599=DIRECTION('center_axis',(0.,0.,-1.));
#10600=DIRECTION('ref_axis',(0.000200685625282428,-0.99999997986264,0.));
#10601=DIRECTION('',(0.,0.,1.));
#10602=DIRECTION('center_axis',(0.,0.,-1.));
#10603=DIRECTION('ref_axis',(0.999999995171787,-9.82671170566191E-5,0.));
#10604=DIRECTION('',(0.,0.,1.));
#10605=DIRECTION('center_axis',(-1.,0.,0.));
#10606=DIRECTION('ref_axis',(0.,1.,0.));
#10607=DIRECTION('',(0.,0.,1.));
#10608=DIRECTION('center_axis',(0.,0.,-1.));
#10609=DIRECTION('ref_axis',(-9.82671171702791E-5,0.999999995171787,0.));
#10610=DIRECTION('',(0.,0.,1.));
#10611=DIRECTION('center_axis',(0.,0.,-1.));
#10612=DIRECTION('ref_axis',(-0.999999985555263,0.000169969040847545,0.));
#10613=DIRECTION('',(0.,0.,1.));
#10614=DIRECTION('center_axis',(0.,-1.,0.));
#10615=DIRECTION('ref_axis',(-1.,0.,0.));
#10616=DIRECTION('',(0.,0.,1.));
#10617=DIRECTION('center_axis',(0.,1.,0.));
#10618=DIRECTION('ref_axis',(1.,0.,0.));
#10619=DIRECTION('',(0.,0.,1.));
#10620=DIRECTION('center_axis',(0.,0.,-1.));
#10621=DIRECTION('ref_axis',(0.999999995171787,9.82671170566191E-5,0.));
#10622=DIRECTION('',(0.,0.,1.));
#10623=DIRECTION('center_axis',(0.,0.,-1.));
#10624=DIRECTION('ref_axis',(9.82671170566191E-5,0.999999995171787,0.));
#10625=DIRECTION('',(0.,0.,1.));
#10626=DIRECTION('center_axis',(-1.,0.,0.));
#10627=DIRECTION('ref_axis',(0.,1.,0.));
#10628=DIRECTION('',(0.,0.,1.));
#10629=DIRECTION('center_axis',(1.,0.,0.));
#10630=DIRECTION('ref_axis',(0.,-1.,0.));
#10631=DIRECTION('',(0.,0.,1.));
#10632=DIRECTION('center_axis',(0.,0.,-1.));
#10633=DIRECTION('ref_axis',(-0.000202191661799554,-0.999999979559266,0.));
#10634=DIRECTION('',(0.,0.,1.));
#10635=DIRECTION('center_axis',(0.,0.,-1.));
#10636=DIRECTION('ref_axis',(-0.99999999996244,-8.66717157466382E-6,0.));
#10637=DIRECTION('',(0.,0.,1.));
#10638=DIRECTION('center_axis',(0.,1.,0.));
#10639=DIRECTION('ref_axis',(1.,0.,0.));
#10640=DIRECTION('',(0.,0.,1.));
#10641=DIRECTION('center_axis',(0.,1.,0.));
#10642=DIRECTION('ref_axis',(1.,0.,0.));
#10643=DIRECTION('',(0.,0.,1.));
#10644=DIRECTION('center_axis',(0.,0.,-1.));
#10645=DIRECTION('ref_axis',(-0.999999979859782,-0.000200699864347856,0.));
#10646=DIRECTION('',(0.,0.,1.));
#10647=DIRECTION('center_axis',(0.,0.,-1.));
#10648=DIRECTION('ref_axis',(8.66717160308581E-6,-0.99999999996244,0.));
#10649=DIRECTION('',(0.,0.,1.));
#10650=DIRECTION('center_axis',(1.,0.,0.));
#10651=DIRECTION('ref_axis',(0.,-1.,0.));
#10652=DIRECTION('',(0.,0.,1.));
#10653=DIRECTION('center_axis',(-1.,0.,0.));
#10654=DIRECTION('ref_axis',(0.,1.,0.));
#10655=DIRECTION('',(0.,0.,1.));
#10656=DIRECTION('center_axis',(0.,0.,-1.));
#10657=DIRECTION('ref_axis',(0.000268990775245495,0.999999963821981,0.));
#10658=DIRECTION('',(0.,0.,1.));
#10659=DIRECTION('center_axis',(0.,0.,-1.));
#10660=DIRECTION('ref_axis',(-0.999999984711005,-0.000174865633034401,0.));
#10661=DIRECTION('',(0.,0.,1.));
#10662=DIRECTION('center_axis',(0.,1.,0.));
#10663=DIRECTION('ref_axis',(1.,0.,0.));
#10664=DIRECTION('center_axis',(0.,0.,-1.));
#10665=DIRECTION('ref_axis',(0.,-1.,0.));
#10666=DIRECTION('',(0.,0.,-1.));
#10667=DIRECTION('center_axis',(0.,0.,-1.));
#10668=DIRECTION('ref_axis',(-2.66713924788718E-6,0.999999999996443,0.));
#10669=DIRECTION('',(0.,0.,1.));
#10670=DIRECTION('',(0.,0.,1.));
#10671=DIRECTION('center_axis',(0.,-1.,0.));
#10672=DIRECTION('ref_axis',(-1.,0.,0.));
#10673=DIRECTION('',(0.,0.,1.));
#10674=DIRECTION('center_axis',(1.,0.,0.));
#10675=DIRECTION('ref_axis',(0.,-1.,0.));
#10676=DIRECTION('',(0.,0.,1.));
#10677=DIRECTION('center_axis',(0.,0.,-1.));
#10678=DIRECTION('ref_axis',(0.99999999996244,8.66717151782082E-6,0.));
#10679=DIRECTION('',(0.,0.,1.));
#10680=DIRECTION('center_axis',(0.,0.,-1.));
#10681=DIRECTION('ref_axis',(-0.99999999996244,-8.66717157466382E-6,0.));
#10682=DIRECTION('',(0.,0.,1.));
#10683=DIRECTION('center_axis',(-1.,0.,0.));
#10684=DIRECTION('ref_axis',(0.,1.,0.));
#10685=DIRECTION('',(0.,0.,1.));
#10686=DIRECTION('center_axis',(0.,1.,0.));
#10687=DIRECTION('ref_axis',(1.,0.,0.));
#10688=DIRECTION('',(0.,0.,1.));
#10689=DIRECTION('center_axis',(0.,0.,-1.));
#10690=DIRECTION('ref_axis',(8.66717154624182E-6,-0.99999999996244,0.));
#10691=DIRECTION('center_axis',(0.,0.,-1.));
#10692=DIRECTION('ref_axis',(-2.66713924788718E-6,0.999999999996443,0.));
#10693=DIRECTION('',(0.,0.,1.));
#10694=DIRECTION('',(0.,0.,1.));
#10695=DIRECTION('center_axis',(0.,-1.,0.));
#10696=DIRECTION('ref_axis',(-1.,0.,0.));
#10697=DIRECTION('',(0.,0.,1.));
#10698=DIRECTION('center_axis',(1.,0.,0.));
#10699=DIRECTION('ref_axis',(0.,-1.,0.));
#10700=DIRECTION('',(0.,0.,1.));
#10701=DIRECTION('center_axis',(0.,0.,-1.));
#10702=DIRECTION('ref_axis',(0.99999999996244,8.66717151782082E-6,0.));
#10703=DIRECTION('',(0.,0.,1.));
#10704=DIRECTION('center_axis',(0.,0.,-1.));
#10705=DIRECTION('ref_axis',(-0.99999999996244,-8.66717157466382E-6,0.));
#10706=DIRECTION('',(0.,0.,1.));
#10707=DIRECTION('center_axis',(-1.,0.,0.));
#10708=DIRECTION('ref_axis',(0.,1.,0.));
#10709=DIRECTION('',(0.,0.,1.));
#10710=DIRECTION('center_axis',(0.,1.,0.));
#10711=DIRECTION('ref_axis',(1.,0.,0.));
#10712=DIRECTION('',(0.,0.,1.));
#10713=DIRECTION('center_axis',(0.,0.,-1.));
#10714=DIRECTION('ref_axis',(8.66717160308581E-6,-0.99999999996244,0.));
#10715=DIRECTION('center_axis',(0.,0.,-1.));
#10716=DIRECTION('ref_axis',(-2.66713924788718E-6,0.999999999996443,0.));
#10717=DIRECTION('',(0.,0.,1.));
#10718=DIRECTION('',(0.,0.,1.));
#10719=DIRECTION('center_axis',(0.,-1.,0.));
#10720=DIRECTION('ref_axis',(-1.,0.,0.));
#10721=DIRECTION('',(0.,0.,1.));
#10722=DIRECTION('center_axis',(1.,0.,0.));
#10723=DIRECTION('ref_axis',(0.,-1.,0.));
#10724=DIRECTION('',(0.,0.,1.));
#10725=DIRECTION('center_axis',(0.,0.,-1.));
#10726=DIRECTION('ref_axis',(0.99999999996244,8.66717151782082E-6,0.));
#10727=DIRECTION('',(0.,0.,1.));
#10728=DIRECTION('center_axis',(0.,0.,-1.));
#10729=DIRECTION('ref_axis',(-0.99999999996244,-8.66717157466382E-6,0.));
#10730=DIRECTION('',(0.,0.,1.));
#10731=DIRECTION('center_axis',(-1.,0.,0.));
#10732=DIRECTION('ref_axis',(0.,1.,0.));
#10733=DIRECTION('',(0.,0.,1.));
#10734=DIRECTION('center_axis',(0.,1.,0.));
#10735=DIRECTION('ref_axis',(1.,0.,0.));
#10736=DIRECTION('',(0.,0.,1.));
#10737=DIRECTION('center_axis',(0.,0.,-1.));
#10738=DIRECTION('ref_axis',(8.66717154624182E-6,-0.99999999996244,0.));
#10739=DIRECTION('center_axis',(0.,0.,-1.));
#10740=DIRECTION('ref_axis',(-2.66713919104318E-6,0.999999999996443,0.));
#10741=DIRECTION('',(0.,0.,1.));
#10742=DIRECTION('',(0.,0.,1.));
#10743=DIRECTION('center_axis',(0.,-1.,0.));
#10744=DIRECTION('ref_axis',(-1.,0.,0.));
#10745=DIRECTION('',(0.,0.,1.));
#10746=DIRECTION('center_axis',(1.,0.,0.));
#10747=DIRECTION('ref_axis',(0.,-1.,0.));
#10748=DIRECTION('',(0.,0.,1.));
#10749=DIRECTION('center_axis',(0.,0.,-1.));
#10750=DIRECTION('ref_axis',(0.999999999996443,2.66712948508118E-6,0.));
#10751=DIRECTION('',(0.,0.,1.));
#10752=DIRECTION('center_axis',(0.,0.,-1.));
#10753=DIRECTION('ref_axis',(-0.99999999996244,-8.66717157466382E-6,0.));
#10754=DIRECTION('',(0.,0.,1.));
#10755=DIRECTION('center_axis',(-1.,0.,0.));
#10756=DIRECTION('ref_axis',(0.,1.,0.));
#10757=DIRECTION('',(0.,0.,1.));
#10758=DIRECTION('center_axis',(0.,1.,0.));
#10759=DIRECTION('ref_axis',(1.,0.,0.));
#10760=DIRECTION('',(0.,0.,1.));
#10761=DIRECTION('center_axis',(0.,0.,-1.));
#10762=DIRECTION('ref_axis',(8.66717154624282E-6,-0.99999999996244,0.));
#10763=DIRECTION('center_axis',(0.,0.,-1.));
#10764=DIRECTION('ref_axis',(-2.66713919104318E-6,0.999999999996443,0.));
#10765=DIRECTION('',(0.,0.,1.));
#10766=DIRECTION('',(0.,0.,1.));
#10767=DIRECTION('center_axis',(0.,-1.,0.));
#10768=DIRECTION('ref_axis',(-1.,0.,0.));
#10769=DIRECTION('',(0.,0.,1.));
#10770=DIRECTION('center_axis',(1.,0.,0.));
#10771=DIRECTION('ref_axis',(0.,-1.,0.));
#10772=DIRECTION('',(0.,0.,1.));
#10773=DIRECTION('center_axis',(0.,0.,-1.));
#10774=DIRECTION('ref_axis',(0.99999999996244,8.66717153203182E-6,0.));
#10775=DIRECTION('',(0.,0.,1.));
#10776=DIRECTION('center_axis',(0.,0.,-1.));
#10777=DIRECTION('ref_axis',(-0.99999999996244,-8.66717151782082E-6,0.));
#10778=DIRECTION('',(0.,0.,1.));
#10779=DIRECTION('center_axis',(-1.,0.,0.));
#10780=DIRECTION('ref_axis',(0.,1.,0.));
#10781=DIRECTION('',(0.,0.,1.));
#10782=DIRECTION('center_axis',(0.,1.,0.));
#10783=DIRECTION('ref_axis',(1.,0.,0.));
#10784=DIRECTION('',(0.,0.,1.));
#10785=DIRECTION('center_axis',(0.,0.,-1.));
#10786=DIRECTION('ref_axis',(8.66717160308581E-6,-0.99999999996244,0.));
#10787=DIRECTION('center_axis',(0.,0.,-1.));
#10788=DIRECTION('ref_axis',(-2.66713919104318E-6,0.999999999996443,0.));
#10789=DIRECTION('',(0.,0.,1.));
#10790=DIRECTION('',(0.,0.,1.));
#10791=DIRECTION('center_axis',(0.,-1.,0.));
#10792=DIRECTION('ref_axis',(-1.,0.,0.));
#10793=DIRECTION('',(0.,0.,1.));
#10794=DIRECTION('center_axis',(1.,0.,0.));
#10795=DIRECTION('ref_axis',(0.,-1.,0.));
#10796=DIRECTION('',(0.,0.,1.));
#10797=DIRECTION('center_axis',(0.,0.,-1.));
#10798=DIRECTION('ref_axis',(0.99999999996244,8.66717153203182E-6,0.));
#10799=DIRECTION('',(0.,0.,1.));
#10800=DIRECTION('center_axis',(0.,0.,-1.));
#10801=DIRECTION('ref_axis',(-0.99999999996244,-8.66717151782082E-6,0.));
#10802=DIRECTION('',(0.,0.,1.));
#10803=DIRECTION('center_axis',(-1.,0.,0.));
#10804=DIRECTION('ref_axis',(0.,1.,0.));
#10805=DIRECTION('',(0.,0.,1.));
#10806=DIRECTION('center_axis',(0.,1.,0.));
#10807=DIRECTION('ref_axis',(1.,0.,0.));
#10808=DIRECTION('',(0.,0.,1.));
#10809=DIRECTION('center_axis',(0.,0.,-1.));
#10810=DIRECTION('ref_axis',(8.66717148939881E-6,-0.99999999996244,0.));
#10811=DIRECTION('center_axis',(0.,0.,-1.));
#10812=DIRECTION('ref_axis',(-2.66713924788618E-6,0.999999999996443,0.));
#10813=DIRECTION('',(0.,0.,1.));
#10814=DIRECTION('',(0.,0.,1.));
#10815=DIRECTION('center_axis',(0.,-1.,0.));
#10816=DIRECTION('ref_axis',(-1.,0.,0.));
#10817=DIRECTION('',(0.,0.,1.));
#10818=DIRECTION('center_axis',(1.,0.,0.));
#10819=DIRECTION('ref_axis',(0.,-1.,0.));
#10820=DIRECTION('',(0.,0.,1.));
#10821=DIRECTION('center_axis',(0.,0.,-1.));
#10822=DIRECTION('ref_axis',(0.99999999996244,8.66717163150681E-6,0.));
#10823=DIRECTION('',(0.,0.,1.));
#10824=DIRECTION('center_axis',(0.,0.,-1.));
#10825=DIRECTION('ref_axis',(-0.99999999996244,-8.66717163150681E-6,0.));
#10826=DIRECTION('',(0.,0.,1.));
#10827=DIRECTION('center_axis',(-1.,0.,0.));
#10828=DIRECTION('ref_axis',(0.,1.,0.));
#10829=DIRECTION('',(0.,0.,1.));
#10830=DIRECTION('center_axis',(0.,1.,0.));
#10831=DIRECTION('ref_axis',(1.,0.,0.));
#10832=DIRECTION('',(0.,0.,1.));
#10833=DIRECTION('center_axis',(0.,0.,-1.));
#10834=DIRECTION('ref_axis',(8.66717148939881E-6,-0.99999999996244,0.));
#10835=DIRECTION('center_axis',(0.,0.,-1.));
#10836=DIRECTION('ref_axis',(-2.66713919104318E-6,0.999999999996443,0.));
#10837=DIRECTION('',(0.,0.,1.));
#10838=DIRECTION('',(0.,0.,1.));
#10839=DIRECTION('center_axis',(0.,-1.,0.));
#10840=DIRECTION('ref_axis',(-1.,0.,0.));
#10841=DIRECTION('',(0.,0.,1.));
#10842=DIRECTION('center_axis',(1.,0.,0.));
#10843=DIRECTION('ref_axis',(0.,-1.,0.));
#10844=DIRECTION('',(0.,0.,1.));
#10845=DIRECTION('center_axis',(0.,0.,-1.));
#10846=DIRECTION('ref_axis',(0.99999999996244,8.66717153203182E-6,0.));
#10847=DIRECTION('',(0.,0.,1.));
#10848=DIRECTION('center_axis',(0.,0.,-1.));
#10849=DIRECTION('ref_axis',(-0.99999999996244,-8.66717151782082E-6,0.));
#10850=DIRECTION('',(0.,0.,1.));
#10851=DIRECTION('center_axis',(-1.,0.,0.));
#10852=DIRECTION('ref_axis',(0.,1.,0.));
#10853=DIRECTION('',(0.,0.,1.));
#10854=DIRECTION('center_axis',(0.,1.,0.));
#10855=DIRECTION('ref_axis',(1.,0.,0.));
#10856=DIRECTION('',(0.,0.,1.));
#10857=DIRECTION('center_axis',(0.,0.,-1.));
#10858=DIRECTION('ref_axis',(8.66717160308581E-6,-0.99999999996244,0.));
#10859=DIRECTION('center_axis',(0.,0.,-1.));
#10860=DIRECTION('ref_axis',(-2.66713919104318E-6,0.999999999996443,0.));
#10861=DIRECTION('',(0.,0.,1.));
#10862=DIRECTION('',(0.,0.,1.));
#10863=DIRECTION('center_axis',(0.,-1.,0.));
#10864=DIRECTION('ref_axis',(-1.,0.,0.));
#10865=DIRECTION('',(0.,0.,1.));
#10866=DIRECTION('center_axis',(1.,0.,0.));
#10867=DIRECTION('ref_axis',(0.,-1.,0.));
#10868=DIRECTION('',(0.,0.,1.));
#10869=DIRECTION('center_axis',(0.,0.,-1.));
#10870=DIRECTION('ref_axis',(0.99999999996244,8.66717153203182E-6,0.));
#10871=DIRECTION('',(0.,0.,1.));
#10872=DIRECTION('center_axis',(0.,0.,-1.));
#10873=DIRECTION('ref_axis',(-0.99999999996244,-8.66717151782082E-6,0.));
#10874=DIRECTION('',(0.,0.,1.));
#10875=DIRECTION('center_axis',(-1.,0.,0.));
#10876=DIRECTION('ref_axis',(0.,1.,0.));
#10877=DIRECTION('',(0.,0.,1.));
#10878=DIRECTION('center_axis',(0.,1.,0.));
#10879=DIRECTION('ref_axis',(1.,0.,0.));
#10880=DIRECTION('',(0.,0.,1.));
#10881=DIRECTION('center_axis',(0.,0.,-1.));
#10882=DIRECTION('ref_axis',(8.66717148939881E-6,-0.99999999996244,0.));
#10883=DIRECTION('center_axis',(0.,0.,-1.));
#10884=DIRECTION('ref_axis',(-2.66713916262218E-6,0.999999999996443,0.));
#10885=DIRECTION('',(0.,0.,1.));
#10886=DIRECTION('',(0.,0.,1.));
#10887=DIRECTION('center_axis',(0.,-1.,0.));
#10888=DIRECTION('ref_axis',(-1.,0.,0.));
#10889=DIRECTION('',(0.,0.,1.));
#10890=DIRECTION('center_axis',(1.,0.,0.));
#10891=DIRECTION('ref_axis',(0.,-1.,0.));
#10892=DIRECTION('',(0.,0.,1.));
#10893=DIRECTION('center_axis',(0.,0.,-1.));
#10894=DIRECTION('ref_axis',(0.99999999996244,8.66717157466382E-6,0.));
#10895=DIRECTION('',(0.,0.,1.));
#10896=DIRECTION('center_axis',(0.,0.,-1.));
#10897=DIRECTION('ref_axis',(-0.99999999996244,-8.66717156045282E-6,0.));
#10898=DIRECTION('',(0.,0.,1.));
#10899=DIRECTION('center_axis',(-1.,0.,0.));
#10900=DIRECTION('ref_axis',(0.,1.,0.));
#10901=DIRECTION('',(0.,0.,1.));
#10902=DIRECTION('center_axis',(0.,1.,0.));
#10903=DIRECTION('ref_axis',(1.,0.,0.));
#10904=DIRECTION('',(0.,0.,1.));
#10905=DIRECTION('center_axis',(0.,0.,-1.));
#10906=DIRECTION('ref_axis',(2.66712952060818E-6,-0.999999999996443,0.));
#10907=DIRECTION('center_axis',(0.,0.,-1.));
#10908=DIRECTION('ref_axis',(0.,-1.,0.));
#10909=DIRECTION('',(0.,0.,-1.));
#10910=DIRECTION('center_axis',(0.,0.,-1.));
#10911=DIRECTION('ref_axis',(-2.66713914841118E-6,0.999999999996443,0.));
#10912=DIRECTION('',(0.,0.,1.));
#10913=DIRECTION('',(0.,0.,1.));
#10914=DIRECTION('center_axis',(0.,-1.,0.));
#10915=DIRECTION('ref_axis',(-1.,0.,0.));
#10916=DIRECTION('',(0.,0.,1.));
#10917=DIRECTION('center_axis',(1.,0.,0.));
#10918=DIRECTION('ref_axis',(0.,-1.,0.));
#10919=DIRECTION('',(0.,0.,1.));
#10920=DIRECTION('center_axis',(0.,0.,-1.));
#10921=DIRECTION('ref_axis',(0.99999999996244,8.66717156045282E-6,0.));
#10922=DIRECTION('',(0.,0.,1.));
#10923=DIRECTION('center_axis',(0.,0.,-1.));
#10924=DIRECTION('ref_axis',(-0.99999999996244,-8.66717156045282E-6,0.));
#10925=DIRECTION('',(0.,0.,1.));
#10926=DIRECTION('center_axis',(-1.,0.,0.));
#10927=DIRECTION('ref_axis',(0.,1.,0.));
#10928=DIRECTION('',(0.,0.,1.));
#10929=DIRECTION('center_axis',(0.,1.,0.));
#10930=DIRECTION('ref_axis',(1.,0.,0.));
#10931=DIRECTION('',(0.,0.,1.));
#10932=DIRECTION('center_axis',(0.,0.,-1.));
#10933=DIRECTION('ref_axis',(8.66717157466382E-6,-0.99999999996244,0.));
#10934=DIRECTION('center_axis',(0.,0.,-1.));
#10935=DIRECTION('ref_axis',(-2.66713916262218E-6,0.999999999996443,0.));
#10936=DIRECTION('',(0.,0.,1.));
#10937=DIRECTION('',(0.,0.,1.));
#10938=DIRECTION('center_axis',(0.,-1.,0.));
#10939=DIRECTION('ref_axis',(-1.,0.,0.));
#10940=DIRECTION('',(0.,0.,1.));
#10941=DIRECTION('center_axis',(1.,0.,0.));
#10942=DIRECTION('ref_axis',(0.,-1.,0.));
#10943=DIRECTION('',(0.,0.,1.));
#10944=DIRECTION('center_axis',(0.,0.,-1.));
#10945=DIRECTION('ref_axis',(0.99999999996244,8.66717153203182E-6,0.));
#10946=DIRECTION('',(0.,0.,1.));
#10947=DIRECTION('center_axis',(0.,0.,-1.));
#10948=DIRECTION('ref_axis',(-0.99999999996244,-8.66717156045282E-6,0.));
#10949=DIRECTION('',(0.,0.,1.));
#10950=DIRECTION('center_axis',(-1.,0.,0.));
#10951=DIRECTION('ref_axis',(0.,1.,0.));
#10952=DIRECTION('',(0.,0.,1.));
#10953=DIRECTION('center_axis',(0.,1.,0.));
#10954=DIRECTION('ref_axis',(1.,0.,0.));
#10955=DIRECTION('',(0.,0.,1.));
#10956=DIRECTION('center_axis',(0.,0.,-1.));
#10957=DIRECTION('ref_axis',(2.66712949929218E-6,-0.999999999996443,0.));
#10958=DIRECTION('center_axis',(0.,0.,-1.));
#10959=DIRECTION('ref_axis',(-2.66713919104318E-6,0.999999999996443,0.));
#10960=DIRECTION('',(0.,0.,1.));
#10961=DIRECTION('',(0.,0.,1.));
#10962=DIRECTION('center_axis',(0.,-1.,0.));
#10963=DIRECTION('ref_axis',(-1.,0.,0.));
#10964=DIRECTION('',(0.,0.,1.));
#10965=DIRECTION('center_axis',(1.,0.,0.));
#10966=DIRECTION('ref_axis',(0.,-1.,0.));
#10967=DIRECTION('',(0.,0.,1.));
#10968=DIRECTION('center_axis',(0.,0.,-1.));
#10969=DIRECTION('ref_axis',(0.99999999996244,8.66717158887481E-6,0.));
#10970=DIRECTION('',(0.,0.,1.));
#10971=DIRECTION('center_axis',(0.,0.,-1.));
#10972=DIRECTION('ref_axis',(-0.99999999996244,-8.66717158887481E-6,0.));
#10973=DIRECTION('',(0.,0.,1.));
#10974=DIRECTION('center_axis',(-1.,0.,0.));
#10975=DIRECTION('ref_axis',(0.,1.,0.));
#10976=DIRECTION('',(0.,0.,1.));
#10977=DIRECTION('center_axis',(0.,1.,0.));
#10978=DIRECTION('ref_axis',(1.,0.,0.));
#10979=DIRECTION('',(0.,0.,1.));
#10980=DIRECTION('center_axis',(0.,0.,-1.));
#10981=DIRECTION('ref_axis',(2.66712958455718E-6,-0.999999999996443,0.));
#10982=DIRECTION('center_axis',(0.,0.,-1.));
#10983=DIRECTION('ref_axis',(-2.66713921946518E-6,0.999999999996443,0.));
#10984=DIRECTION('',(0.,0.,1.));
#10985=DIRECTION('',(0.,0.,1.));
#10986=DIRECTION('center_axis',(0.,-1.,0.));
#10987=DIRECTION('ref_axis',(-1.,0.,0.));
#10988=DIRECTION('',(0.,0.,1.));
#10989=DIRECTION('center_axis',(1.,0.,0.));
#10990=DIRECTION('ref_axis',(0.,-1.,0.));
#10991=DIRECTION('',(0.,0.,1.));
#10992=DIRECTION('center_axis',(0.,0.,-1.));
#10993=DIRECTION('ref_axis',(0.999999999996443,2.66712954192518E-6,0.));
#10994=DIRECTION('',(0.,0.,1.));
#10995=DIRECTION('center_axis',(0.,0.,-1.));
#10996=DIRECTION('ref_axis',(-0.99999999996244,-8.66717158887481E-6,0.));
#10997=DIRECTION('',(0.,0.,1.));
#10998=DIRECTION('center_axis',(-1.,0.,0.));
#10999=DIRECTION('ref_axis',(0.,1.,0.));
#11000=DIRECTION('',(0.,0.,1.));
#11001=DIRECTION('center_axis',(0.,1.,0.));
#11002=DIRECTION('ref_axis',(1.,0.,0.));
#11003=DIRECTION('',(0.,0.,1.));
#11004=DIRECTION('center_axis',(0.,0.,-1.));
#11005=DIRECTION('ref_axis',(8.66717154624282E-6,-0.99999999996244,0.));
#11006=DIRECTION('center_axis',(0.,0.,-1.));
#11007=DIRECTION('ref_axis',(-2.66713913420018E-6,0.999999999996443,0.));
#11008=DIRECTION('',(0.,0.,1.));
#11009=DIRECTION('',(0.,0.,1.));
#11010=DIRECTION('center_axis',(0.,-1.,0.));
#11011=DIRECTION('ref_axis',(-1.,0.,0.));
#11012=DIRECTION('',(0.,0.,1.));
#11013=DIRECTION('center_axis',(1.,0.,0.));
#11014=DIRECTION('ref_axis',(0.,-1.,0.));
#11015=DIRECTION('',(0.,0.,1.));
#11016=DIRECTION('center_axis',(0.,0.,-1.));
#11017=DIRECTION('ref_axis',(0.99999999996244,8.66717158887481E-6,0.));
#11018=DIRECTION('',(0.,0.,1.));
#11019=DIRECTION('center_axis',(0.,0.,-1.));
#11020=DIRECTION('ref_axis',(-0.99999999996244,-8.66717153203182E-6,0.));
#11021=DIRECTION('',(0.,0.,1.));
#11022=DIRECTION('center_axis',(-1.,0.,0.));
#11023=DIRECTION('ref_axis',(0.,1.,0.));
#11024=DIRECTION('',(0.,0.,1.));
#11025=DIRECTION('center_axis',(0.,1.,0.));
#11026=DIRECTION('ref_axis',(1.,0.,0.));
#11027=DIRECTION('',(0.,0.,1.));
#11028=DIRECTION('center_axis',(0.,0.,-1.));
#11029=DIRECTION('ref_axis',(2.66712949929218E-6,-0.999999999996443,0.));
#11030=DIRECTION('center_axis',(0.,0.,-1.));
#11031=DIRECTION('ref_axis',(-2.66713918749118E-6,0.999999999996443,0.));
#11032=DIRECTION('',(0.,0.,1.));
#11033=DIRECTION('',(0.,0.,1.));
#11034=DIRECTION('center_axis',(0.,-1.,0.));
#11035=DIRECTION('ref_axis',(-1.,0.,0.));
#11036=DIRECTION('',(0.,0.,1.));
#11037=DIRECTION('center_axis',(1.,0.,0.));
#11038=DIRECTION('ref_axis',(0.,-1.,0.));
#11039=DIRECTION('',(0.,0.,1.));
#11040=DIRECTION('center_axis',(0.,0.,-1.));
#11041=DIRECTION('ref_axis',(0.999999999996443,2.66712953481918E-6,0.));
#11042=DIRECTION('',(0.,0.,1.));
#11043=DIRECTION('center_axis',(0.,0.,-1.));
#11044=DIRECTION('ref_axis',(-0.99999999996244,-8.66717156045282E-6,0.));
#11045=DIRECTION('',(0.,0.,1.));
#11046=DIRECTION('center_axis',(-1.,0.,0.));
#11047=DIRECTION('ref_axis',(0.,1.,0.));
#11048=DIRECTION('',(0.,0.,1.));
#11049=DIRECTION('center_axis',(0.,1.,0.));
#11050=DIRECTION('ref_axis',(1.,0.,0.));
#11051=DIRECTION('',(0.,0.,1.));
#11052=DIRECTION('center_axis',(0.,0.,-1.));
#11053=DIRECTION('ref_axis',(8.66717156755882E-6,-0.99999999996244,0.));
#11054=DIRECTION('center_axis',(0.,0.,-1.));
#11055=DIRECTION('ref_axis',(-2.66713918393818E-6,0.999999999996443,0.));
#11056=DIRECTION('',(0.,0.,1.));
#11057=DIRECTION('',(0.,0.,1.));
#11058=DIRECTION('center_axis',(0.,-1.,0.));
#11059=DIRECTION('ref_axis',(-1.,0.,0.));
#11060=DIRECTION('',(0.,0.,1.));
#11061=DIRECTION('center_axis',(1.,0.,0.));
#11062=DIRECTION('ref_axis',(0.,-1.,0.));
#11063=DIRECTION('',(0.,0.,1.));
#11064=DIRECTION('center_axis',(0.,0.,-1.));
#11065=DIRECTION('ref_axis',(0.999999999996443,2.66712952060818E-6,0.));
#11066=DIRECTION('',(0.,0.,1.));
#11067=DIRECTION('center_axis',(0.,0.,-1.));
#11068=DIRECTION('ref_axis',(-0.99999999996244,-8.66717156045282E-6,0.));
#11069=DIRECTION('',(0.,0.,1.));
#11070=DIRECTION('center_axis',(-1.,0.,0.));
#11071=DIRECTION('ref_axis',(0.,1.,0.));
#11072=DIRECTION('',(0.,0.,1.));
#11073=DIRECTION('center_axis',(0.,1.,0.));
#11074=DIRECTION('ref_axis',(1.,0.,0.));
#11075=DIRECTION('',(0.,0.,1.));
#11076=DIRECTION('center_axis',(0.,0.,-1.));
#11077=DIRECTION('ref_axis',(8.66717154624282E-6,-0.99999999996244,0.));
#11078=DIRECTION('center_axis',(0.,0.,-1.));
#11079=DIRECTION('ref_axis',(-2.66713920525418E-6,0.999999999996443,0.));
#11080=DIRECTION('',(0.,0.,1.));
#11081=DIRECTION('',(0.,0.,1.));
#11082=DIRECTION('center_axis',(0.,-1.,0.));
#11083=DIRECTION('ref_axis',(-1.,0.,0.));
#11084=DIRECTION('',(0.,0.,1.));
#11085=DIRECTION('center_axis',(1.,0.,0.));
#11086=DIRECTION('ref_axis',(0.,-1.,0.));
#11087=DIRECTION('',(0.,0.,1.));
#11088=DIRECTION('center_axis',(0.,0.,-1.));
#11089=DIRECTION('ref_axis',(0.99999999996244,8.66717160308581E-6,0.));
#11090=DIRECTION('',(0.,0.,1.));
#11091=DIRECTION('center_axis',(0.,0.,-1.));
#11092=DIRECTION('ref_axis',(-0.99999999996244,-8.66717156045282E-6,0.));
#11093=DIRECTION('',(0.,0.,1.));
#11094=DIRECTION('center_axis',(-1.,0.,0.));
#11095=DIRECTION('ref_axis',(0.,1.,0.));
#11096=DIRECTION('',(0.,0.,1.));
#11097=DIRECTION('center_axis',(0.,1.,0.));
#11098=DIRECTION('ref_axis',(1.,0.,0.));
#11099=DIRECTION('',(0.,0.,1.));
#11100=DIRECTION('center_axis',(0.,0.,-1.));
#11101=DIRECTION('ref_axis',(8.66717156045282E-6,-0.99999999996244,0.));
#11102=DIRECTION('center_axis',(0.,0.,-1.));
#11103=DIRECTION('ref_axis',(-2.66713916262218E-6,0.999999999996443,0.));
#11104=DIRECTION('',(0.,0.,1.));
#11105=DIRECTION('',(0.,0.,1.));
#11106=DIRECTION('center_axis',(0.,-1.,0.));
#11107=DIRECTION('ref_axis',(-1.,0.,0.));
#11108=DIRECTION('',(0.,0.,1.));
#11109=DIRECTION('center_axis',(1.,0.,0.));
#11110=DIRECTION('ref_axis',(0.,-1.,0.));
#11111=DIRECTION('',(0.,0.,1.));
#11112=DIRECTION('center_axis',(0.,0.,-1.));
#11113=DIRECTION('ref_axis',(0.99999999996244,8.66717159597981E-6,0.));
#11114=DIRECTION('',(0.,0.,1.));
#11115=DIRECTION('center_axis',(0.,0.,-1.));
#11116=DIRECTION('ref_axis',(-0.99999999996244,-8.66717153203182E-6,0.));
#11117=DIRECTION('',(0.,0.,1.));
#11118=DIRECTION('center_axis',(-1.,0.,0.));
#11119=DIRECTION('ref_axis',(0.,1.,0.));
#11120=DIRECTION('',(0.,0.,1.));
#11121=DIRECTION('center_axis',(0.,1.,0.));
#11122=DIRECTION('ref_axis',(1.,0.,0.));
#11123=DIRECTION('',(0.,0.,1.));
#11124=DIRECTION('center_axis',(0.,0.,-1.));
#11125=DIRECTION('ref_axis',(8.66717154624282E-6,-0.99999999996244,0.));
#11126=DIRECTION('center_axis',(0.,0.,-1.));
#11127=DIRECTION('ref_axis',(-2.66713916262218E-6,0.999999999996443,0.));
#11128=DIRECTION('',(0.,0.,1.));
#11129=DIRECTION('',(0.,0.,1.));
#11130=DIRECTION('center_axis',(0.,-1.,0.));
#11131=DIRECTION('ref_axis',(-1.,0.,0.));
#11132=DIRECTION('',(0.,0.,1.));
#11133=DIRECTION('center_axis',(1.,0.,0.));
#11134=DIRECTION('ref_axis',(0.,-1.,0.));
#11135=DIRECTION('',(0.,0.,1.));
#11136=DIRECTION('center_axis',(0.,0.,-1.));
#11137=DIRECTION('ref_axis',(0.99999999996244,8.66717154624282E-6,0.));
#11138=DIRECTION('',(0.,0.,1.));
#11139=DIRECTION('center_axis',(0.,0.,-1.));
#11140=DIRECTION('ref_axis',(-0.99999999996244,-8.66717153203182E-6,0.));
#11141=DIRECTION('',(0.,0.,1.));
#11142=DIRECTION('center_axis',(-1.,0.,0.));
#11143=DIRECTION('ref_axis',(0.,1.,0.));
#11144=DIRECTION('',(0.,0.,1.));
#11145=DIRECTION('center_axis',(0.,1.,0.));
#11146=DIRECTION('ref_axis',(1.,0.,0.));
#11147=DIRECTION('',(0.,0.,1.));
#11148=DIRECTION('center_axis',(0.,0.,-1.));
#11149=DIRECTION('ref_axis',(2.66712949929218E-6,-0.999999999996443,0.));
#11150=DIRECTION('center_axis',(0.,0.,-1.));
#11151=DIRECTION('ref_axis',(-2.66713916262218E-6,0.999999999996443,0.));
#11152=DIRECTION('',(0.,0.,1.));
#11153=DIRECTION('',(0.,0.,1.));
#11154=DIRECTION('center_axis',(0.,-1.,0.));
#11155=DIRECTION('ref_axis',(-1.,0.,0.));
#11156=DIRECTION('',(0.,0.,1.));
#11157=DIRECTION('center_axis',(1.,0.,0.));
#11158=DIRECTION('ref_axis',(0.,-1.,0.));
#11159=DIRECTION('',(0.,0.,1.));
#11160=DIRECTION('center_axis',(0.,0.,-1.));
#11161=DIRECTION('ref_axis',(0.99999999996244,8.66717154624282E-6,0.));
#11162=DIRECTION('',(0.,0.,1.));
#11163=DIRECTION('center_axis',(0.,0.,-1.));
#11164=DIRECTION('ref_axis',(-0.99999999996244,-8.66717158887481E-6,0.));
#11165=DIRECTION('',(0.,0.,1.));
#11166=DIRECTION('center_axis',(-1.,0.,0.));
#11167=DIRECTION('ref_axis',(0.,1.,0.));
#11168=DIRECTION('',(0.,0.,1.));
#11169=DIRECTION('center_axis',(0.,1.,0.));
#11170=DIRECTION('ref_axis',(1.,0.,0.));
#11171=DIRECTION('',(0.,0.,1.));
#11172=DIRECTION('center_axis',(0.,0.,-1.));
#11173=DIRECTION('ref_axis',(2.66712949929218E-6,-0.999999999996443,0.));
#11174=DIRECTION('center_axis',(0.,0.,-1.));
#11175=DIRECTION('ref_axis',(-2.66713924788718E-6,0.999999999996443,0.));
#11176=DIRECTION('',(0.,0.,1.));
#11177=DIRECTION('',(0.,0.,1.));
#11178=DIRECTION('center_axis',(0.,-1.,0.));
#11179=DIRECTION('ref_axis',(-1.,0.,0.));
#11180=DIRECTION('',(0.,0.,1.));
#11181=DIRECTION('center_axis',(1.,0.,0.));
#11182=DIRECTION('ref_axis',(0.,-1.,0.));
#11183=DIRECTION('',(0.,0.,1.));
#11184=DIRECTION('center_axis',(0.,0.,-1.));
#11185=DIRECTION('ref_axis',(0.999999999996443,2.66712958455718E-6,0.));
#11186=DIRECTION('',(0.,0.,1.));
#11187=DIRECTION('center_axis',(0.,0.,-1.));
#11188=DIRECTION('ref_axis',(-0.99999999996244,-8.66717163150681E-6,0.));
#11189=DIRECTION('',(0.,0.,1.));
#11190=DIRECTION('center_axis',(-1.,0.,0.));
#11191=DIRECTION('ref_axis',(0.,1.,0.));
#11192=DIRECTION('',(0.,0.,1.));
#11193=DIRECTION('center_axis',(0.,1.,0.));
#11194=DIRECTION('ref_axis',(1.,0.,0.));
#11195=DIRECTION('',(0.,0.,1.));
#11196=DIRECTION('center_axis',(0.,0.,-1.));
#11197=DIRECTION('ref_axis',(8.66717148939881E-6,-0.99999999996244,0.));
#11198=DIRECTION('center_axis',(0.,0.,-1.));
#11199=DIRECTION('ref_axis',(-2.66713919104418E-6,0.999999999996443,0.));
#11200=DIRECTION('',(0.,0.,1.));
#11201=DIRECTION('',(0.,0.,1.));
#11202=DIRECTION('center_axis',(0.,-1.,0.));
#11203=DIRECTION('ref_axis',(-1.,0.,0.));
#11204=DIRECTION('',(0.,0.,1.));
#11205=DIRECTION('center_axis',(1.,0.,0.));
#11206=DIRECTION('ref_axis',(0.,-1.,0.));
#11207=DIRECTION('',(0.,0.,1.));
#11208=DIRECTION('center_axis',(0.,0.,-1.));
#11209=DIRECTION('ref_axis',(0.99999999996244,8.66717153203182E-6,0.));
#11210=DIRECTION('',(0.,0.,1.));
#11211=DIRECTION('center_axis',(0.,0.,-1.));
#11212=DIRECTION('ref_axis',(-0.99999999996244,-8.66717153203182E-6,0.));
#11213=DIRECTION('',(0.,0.,1.));
#11214=DIRECTION('center_axis',(-1.,0.,0.));
#11215=DIRECTION('ref_axis',(0.,1.,0.));
#11216=DIRECTION('',(0.,0.,1.));
#11217=DIRECTION('center_axis',(0.,1.,0.));
#11218=DIRECTION('ref_axis',(1.,0.,0.));
#11219=DIRECTION('',(0.,0.,1.));
#11220=DIRECTION('center_axis',(0.,0.,-1.));
#11221=DIRECTION('ref_axis',(8.66717160308581E-6,-0.99999999996244,0.));
#11222=DIRECTION('center_axis',(0.,0.,-1.));
#11223=DIRECTION('ref_axis',(-2.66713913420018E-6,0.999999999996443,0.));
#11224=DIRECTION('',(0.,0.,1.));
#11225=DIRECTION('',(0.,0.,1.));
#11226=DIRECTION('center_axis',(0.,-1.,0.));
#11227=DIRECTION('ref_axis',(-1.,0.,0.));
#11228=DIRECTION('',(0.,0.,1.));
#11229=DIRECTION('center_axis',(1.,0.,0.));
#11230=DIRECTION('ref_axis',(0.,-1.,0.));
#11231=DIRECTION('',(0.,0.,1.));
#11232=DIRECTION('center_axis',(0.,0.,-1.));
#11233=DIRECTION('ref_axis',(0.99999999996244,8.66717153203182E-6,0.));
#11234=DIRECTION('',(0.,0.,1.));
#11235=DIRECTION('center_axis',(0.,0.,-1.));
#11236=DIRECTION('ref_axis',(-0.99999999996244,-8.66717153203182E-6,0.));
#11237=DIRECTION('',(0.,0.,1.));
#11238=DIRECTION('center_axis',(-1.,0.,0.));
#11239=DIRECTION('ref_axis',(0.,1.,0.));
#11240=DIRECTION('',(0.,0.,1.));
#11241=DIRECTION('center_axis',(0.,1.,0.));
#11242=DIRECTION('ref_axis',(1.,0.,0.));
#11243=DIRECTION('',(0.,0.,1.));
#11244=DIRECTION('center_axis',(0.,0.,-1.));
#11245=DIRECTION('ref_axis',(8.66717154624282E-6,-0.99999999996244,0.));
#11246=DIRECTION('center_axis',(0.,0.,-1.));
#11247=DIRECTION('ref_axis',(-2.66713919104418E-6,0.999999999996443,0.));
#11248=DIRECTION('',(0.,0.,1.));
#11249=DIRECTION('',(0.,0.,1.));
#11250=DIRECTION('center_axis',(0.,-1.,0.));
#11251=DIRECTION('ref_axis',(-1.,0.,0.));
#11252=DIRECTION('',(0.,0.,1.));
#11253=DIRECTION('center_axis',(1.,0.,0.));
#11254=DIRECTION('ref_axis',(0.,-1.,0.));
#11255=DIRECTION('',(0.,0.,1.));
#11256=DIRECTION('center_axis',(0.,0.,-1.));
#11257=DIRECTION('ref_axis',(0.99999999996244,8.66717153203182E-6,0.));
#11258=DIRECTION('',(0.,0.,1.));
#11259=DIRECTION('center_axis',(0.,0.,-1.));
#11260=DIRECTION('ref_axis',(-0.99999999996244,-8.66717153203182E-6,0.));
#11261=DIRECTION('',(0.,0.,1.));
#11262=DIRECTION('center_axis',(-1.,0.,0.));
#11263=DIRECTION('ref_axis',(0.,1.,0.));
#11264=DIRECTION('',(0.,0.,1.));
#11265=DIRECTION('center_axis',(0.,1.,0.));
#11266=DIRECTION('ref_axis',(1.,0.,0.));
#11267=DIRECTION('',(0.,0.,1.));
#11268=DIRECTION('center_axis',(0.,0.,-1.));
#11269=DIRECTION('ref_axis',(8.66717160308581E-6,-0.99999999996244,0.));
#11270=DIRECTION('center_axis',(0.,0.,-1.));
#11271=DIRECTION('ref_axis',(-2.66713913420018E-6,0.999999999996443,0.));
#11272=DIRECTION('',(0.,0.,1.));
#11273=DIRECTION('',(0.,0.,1.));
#11274=DIRECTION('center_axis',(0.,-1.,0.));
#11275=DIRECTION('ref_axis',(-1.,0.,0.));
#11276=DIRECTION('',(0.,0.,1.));
#11277=DIRECTION('center_axis',(1.,0.,0.));
#11278=DIRECTION('ref_axis',(0.,-1.,0.));
#11279=DIRECTION('',(0.,0.,1.));
#11280=DIRECTION('center_axis',(0.,0.,-1.));
#11281=DIRECTION('ref_axis',(0.99999999996244,8.66717153203182E-6,0.));
#11282=DIRECTION('',(0.,0.,1.));
#11283=DIRECTION('center_axis',(0.,0.,-1.));
#11284=DIRECTION('ref_axis',(-0.99999999996244,-8.66717153203182E-6,0.));
#11285=DIRECTION('',(0.,0.,1.));
#11286=DIRECTION('center_axis',(-1.,0.,0.));
#11287=DIRECTION('ref_axis',(0.,1.,0.));
#11288=DIRECTION('',(0.,0.,1.));
#11289=DIRECTION('center_axis',(0.,1.,0.));
#11290=DIRECTION('ref_axis',(1.,0.,0.));
#11291=DIRECTION('',(0.,0.,1.));
#11292=DIRECTION('center_axis',(0.,0.,-1.));
#11293=DIRECTION('ref_axis',(8.66717154624282E-6,-0.99999999996244,0.));
#11294=DIRECTION('center_axis',(0.,0.,-1.));
#11295=DIRECTION('ref_axis',(0.,-1.,0.));
#11296=DIRECTION('',(0.,0.,-1.));
#11297=DIRECTION('center_axis',(0.,0.,-1.));
#11298=DIRECTION('ref_axis',(-2.66713919104318E-6,0.999999999996443,0.));
#11299=DIRECTION('',(0.,0.,1.));
#11300=DIRECTION('',(0.,0.,1.));
#11301=DIRECTION('center_axis',(0.,-1.,0.));
#11302=DIRECTION('ref_axis',(-1.,0.,0.));
#11303=DIRECTION('',(0.,0.,1.));
#11304=DIRECTION('center_axis',(1.,0.,0.));
#11305=DIRECTION('ref_axis',(0.,-1.,0.));
#11306=DIRECTION('',(0.,0.,1.));
#11307=DIRECTION('center_axis',(0.,0.,-1.));
#11308=DIRECTION('ref_axis',(0.999999999996443,2.66712949218718E-6,0.));
#11309=DIRECTION('',(0.,0.,1.));
#11310=DIRECTION('center_axis',(0.,0.,-1.));
#11311=DIRECTION('ref_axis',(-0.99999999996244,-8.66717158887481E-6,0.));
#11312=DIRECTION('',(0.,0.,1.));
#11313=DIRECTION('center_axis',(-1.,0.,0.));
#11314=DIRECTION('ref_axis',(0.,1.,0.));
#11315=DIRECTION('',(0.,0.,1.));
#11316=DIRECTION('center_axis',(0.,1.,0.));
#11317=DIRECTION('ref_axis',(1.,0.,0.));
#11318=DIRECTION('',(0.,0.,1.));
#11319=DIRECTION('center_axis',(0.,0.,-1.));
#11320=DIRECTION('ref_axis',(8.66717154624282E-6,-0.99999999996244,0.));
#11321=DIRECTION('center_axis',(0.,0.,-1.));
#11322=DIRECTION('ref_axis',(-2.66713919104318E-6,0.999999999996443,0.));
#11323=DIRECTION('',(0.,0.,1.));
#11324=DIRECTION('',(0.,0.,1.));
#11325=DIRECTION('center_axis',(0.,-1.,0.));
#11326=DIRECTION('ref_axis',(-1.,0.,0.));
#11327=DIRECTION('',(0.,0.,1.));
#11328=DIRECTION('center_axis',(1.,0.,0.));
#11329=DIRECTION('ref_axis',(0.,-1.,0.));
#11330=DIRECTION('',(0.,0.,1.));
#11331=DIRECTION('center_axis',(0.,0.,-1.));
#11332=DIRECTION('ref_axis',(0.99999999996244,8.66717154624282E-6,0.));
#11333=DIRECTION('',(0.,0.,1.));
#11334=DIRECTION('center_axis',(0.,0.,-1.));
#11335=DIRECTION('ref_axis',(-0.99999999996244,-8.66717153203182E-6,0.));
#11336=DIRECTION('',(0.,0.,1.));
#11337=DIRECTION('center_axis',(-1.,0.,0.));
#11338=DIRECTION('ref_axis',(0.,1.,0.));
#11339=DIRECTION('',(0.,0.,1.));
#11340=DIRECTION('center_axis',(0.,1.,0.));
#11341=DIRECTION('ref_axis',(1.,0.,0.));
#11342=DIRECTION('',(0.,0.,1.));
#11343=DIRECTION('center_axis',(0.,0.,-1.));
#11344=DIRECTION('ref_axis',(8.66717160308581E-6,-0.99999999996244,0.));
#11345=DIRECTION('center_axis',(0.,0.,-1.));
#11346=DIRECTION('ref_axis',(-2.66713919104318E-6,0.999999999996443,0.));
#11347=DIRECTION('',(0.,0.,1.));
#11348=DIRECTION('',(0.,0.,1.));
#11349=DIRECTION('center_axis',(0.,-1.,0.));
#11350=DIRECTION('ref_axis',(-1.,0.,0.));
#11351=DIRECTION('',(0.,0.,1.));
#11352=DIRECTION('center_axis',(1.,0.,0.));
#11353=DIRECTION('ref_axis',(0.,-1.,0.));
#11354=DIRECTION('',(0.,0.,1.));
#11355=DIRECTION('center_axis',(0.,0.,-1.));
#11356=DIRECTION('ref_axis',(0.999999999996443,2.66712949218718E-6,0.));
#11357=DIRECTION('',(0.,0.,1.));
#11358=DIRECTION('center_axis',(0.,0.,-1.));
#11359=DIRECTION('ref_axis',(-0.99999999996244,-8.66717153203182E-6,0.));
#11360=DIRECTION('',(0.,0.,1.));
#11361=DIRECTION('center_axis',(-1.,0.,0.));
#11362=DIRECTION('ref_axis',(0.,1.,0.));
#11363=DIRECTION('',(0.,0.,1.));
#11364=DIRECTION('center_axis',(0.,1.,0.));
#11365=DIRECTION('ref_axis',(1.,0.,0.));
#11366=DIRECTION('',(0.,0.,1.));
#11367=DIRECTION('center_axis',(0.,0.,-1.));
#11368=DIRECTION('ref_axis',(8.66717148939881E-6,-0.99999999996244,0.));
#11369=DIRECTION('center_axis',(0.,0.,-1.));
#11370=DIRECTION('ref_axis',(-2.66713924788618E-6,0.999999999996443,0.));
#11371=DIRECTION('',(0.,0.,1.));
#11372=DIRECTION('',(0.,0.,1.));
#11373=DIRECTION('center_axis',(0.,-1.,0.));
#11374=DIRECTION('ref_axis',(-1.,0.,0.));
#11375=DIRECTION('',(0.,0.,1.));
#11376=DIRECTION('center_axis',(1.,0.,0.));
#11377=DIRECTION('ref_axis',(0.,-1.,0.));
#11378=DIRECTION('',(0.,0.,1.));
#11379=DIRECTION('center_axis',(0.,0.,-1.));
#11380=DIRECTION('ref_axis',(0.99999999996244,8.66717164571781E-6,0.));
#11381=DIRECTION('',(0.,0.,1.));
#11382=DIRECTION('center_axis',(0.,0.,-1.));
#11383=DIRECTION('ref_axis',(-0.99999999996244,-8.66717163150681E-6,0.));
#11384=DIRECTION('',(0.,0.,1.));
#11385=DIRECTION('center_axis',(-1.,0.,0.));
#11386=DIRECTION('ref_axis',(0.,1.,0.));
#11387=DIRECTION('',(0.,0.,1.));
#11388=DIRECTION('center_axis',(0.,1.,0.));
#11389=DIRECTION('ref_axis',(1.,0.,0.));
#11390=DIRECTION('',(0.,0.,1.));
#11391=DIRECTION('center_axis',(0.,0.,-1.));
#11392=DIRECTION('ref_axis',(2.66712947087118E-6,-0.999999999996443,0.));
#11393=DIRECTION('center_axis',(0.,0.,-1.));
#11394=DIRECTION('ref_axis',(-2.66713913420018E-6,0.999999999996443,0.));
#11395=DIRECTION('',(0.,0.,1.));
#11396=DIRECTION('',(0.,0.,1.));
#11397=DIRECTION('center_axis',(0.,-1.,0.));
#11398=DIRECTION('ref_axis',(-1.,0.,0.));
#11399=DIRECTION('',(0.,0.,1.));
#11400=DIRECTION('center_axis',(1.,0.,0.));
#11401=DIRECTION('ref_axis',(0.,-1.,0.));
#11402=DIRECTION('',(0.,0.,1.));
#11403=DIRECTION('center_axis',(0.,0.,-1.));
#11404=DIRECTION('ref_axis',(0.999999999996443,2.66712949218718E-6,0.));
#11405=DIRECTION('',(0.,0.,1.));
#11406=DIRECTION('center_axis',(0.,0.,-1.));
#11407=DIRECTION('ref_axis',(-0.99999999996244,-8.66717153203182E-6,0.));
#11408=DIRECTION('',(0.,0.,1.));
#11409=DIRECTION('center_axis',(-1.,0.,0.));
#11410=DIRECTION('ref_axis',(0.,1.,0.));
#11411=DIRECTION('',(0.,0.,1.));
#11412=DIRECTION('center_axis',(0.,1.,0.));
#11413=DIRECTION('ref_axis',(1.,0.,0.));
#11414=DIRECTION('',(0.,0.,1.));
#11415=DIRECTION('center_axis',(0.,0.,-1.));
#11416=DIRECTION('ref_axis',(8.66717154624282E-6,-0.99999999996244,0.));
#11417=DIRECTION('center_axis',(0.,0.,-1.));
#11418=DIRECTION('ref_axis',(-2.66713913420018E-6,0.999999999996443,0.));
#11419=DIRECTION('',(0.,0.,1.));
#11420=DIRECTION('',(0.,0.,1.));
#11421=DIRECTION('center_axis',(0.,-1.,0.));
#11422=DIRECTION('ref_axis',(-1.,0.,0.));
#11423=DIRECTION('',(0.,0.,1.));
#11424=DIRECTION('center_axis',(1.,0.,0.));
#11425=DIRECTION('ref_axis',(0.,-1.,0.));
#11426=DIRECTION('',(0.,0.,1.));
#11427=DIRECTION('center_axis',(0.,0.,-1.));
#11428=DIRECTION('ref_axis',(0.99999999996244,8.66717154624182E-6,0.));
#11429=DIRECTION('',(0.,0.,1.));
#11430=DIRECTION('center_axis',(0.,0.,-1.));
#11431=DIRECTION('ref_axis',(-0.99999999996244,-8.66717153203182E-6,0.));
#11432=DIRECTION('',(0.,0.,1.));
#11433=DIRECTION('center_axis',(-1.,0.,0.));
#11434=DIRECTION('ref_axis',(0.,1.,0.));
#11435=DIRECTION('',(0.,0.,1.));
#11436=DIRECTION('center_axis',(0.,1.,0.));
#11437=DIRECTION('ref_axis',(1.,0.,0.));
#11438=DIRECTION('',(0.,0.,1.));
#11439=DIRECTION('center_axis',(0.,0.,-1.));
#11440=DIRECTION('ref_axis',(8.66717154624282E-6,-0.99999999996244,0.));
#11441=CARTESIAN_POINT('',(0.,0.,0.));
#11442=CARTESIAN_POINT('Origin',(117.8275,-87.3233281059826,1.2));
#11443=CARTESIAN_POINT('',(117.3275,-87.3233281059826,1.2));
#11444=CARTESIAN_POINT('',(117.804648437498,-86.823850572863,1.2));
#11445=CARTESIAN_POINT('Origin',(117.8275,-87.3233281059826,1.2));
#11446=CARTESIAN_POINT('',(117.804648437498,-86.823850572863,0.));
#11447=CARTESIAN_POINT('',(117.804648437498,-86.823850572863,1.2));
#11448=CARTESIAN_POINT('',(117.3275,-87.3233281059826,0.));
#11449=CARTESIAN_POINT('Origin',(117.8275,-87.3233281059826,0.));
#11450=CARTESIAN_POINT('',(117.3275,-87.3233281059826,1.2));
#11451=CARTESIAN_POINT('Origin',(117.754374999992,-85.725,1.2));
#11452=CARTESIAN_POINT('',(117.804648437498,-84.626149427137,1.2));
#11453=CARTESIAN_POINT('Origin',(117.754374999992,-85.725,1.2));
#11454=CARTESIAN_POINT('',(117.804648437498,-84.626149427137,0.));
#11455=CARTESIAN_POINT('',(117.804648437498,-84.626149427137,1.2));
#11456=CARTESIAN_POINT('Origin',(117.754374999992,-85.725,0.));
#11457=CARTESIAN_POINT('Origin',(0.,0.,1.2));
#11458=CARTESIAN_POINT('',(235.74375,-19.05,1.2));
#11459=CARTESIAN_POINT('',(238.125,-21.43125,1.2));
#11460=CARTESIAN_POINT('Origin',(235.74374992249,-21.4312500775,1.2));
#11461=CARTESIAN_POINT('',(11.90625,-19.05,1.2));
#11462=CARTESIAN_POINT('',(11.90625,-19.05,1.2));
#11463=CARTESIAN_POINT('',(9.525,-21.43125,1.2));
#11464=CARTESIAN_POINT('Origin',(11.906250077504,-21.4312500775,1.2));
#11465=CARTESIAN_POINT('',(9.525,-92.86875,1.2));
#11466=CARTESIAN_POINT('',(9.525,-92.86875,1.2));
#11467=CARTESIAN_POINT('',(11.90625,-95.25,1.2));
#11468=CARTESIAN_POINT('Origin',(11.906250077504,-92.86874992249,1.2));
#11469=CARTESIAN_POINT('',(235.74375,-95.25,1.2));
#11470=CARTESIAN_POINT('',(235.74375,-95.25,1.2));
#11471=CARTESIAN_POINT('',(238.124999,-92.86875,1.2));
#11472=CARTESIAN_POINT('Origin',(235.7437506296,-92.8687516296,1.2));
#11473=CARTESIAN_POINT('',(238.125,-21.43125,1.2));
#11474=CARTESIAN_POINT('',(222.05,-21.525,1.2));
#11475=CARTESIAN_POINT('',(221.55,-22.025,1.2));
#11476=CARTESIAN_POINT('Origin',(222.05000133357,-22.02500133357,1.2));
#11477=CARTESIAN_POINT('',(235.15,-21.525,1.2));
#11478=CARTESIAN_POINT('',(235.15,-21.525,1.2));
#11479=CARTESIAN_POINT('',(235.65,-22.024997,1.2));
#11480=CARTESIAN_POINT('Origin',(235.14999866642,-22.02500133359,1.2));
#11481=CARTESIAN_POINT('',(235.65,-35.125,1.2));
#11482=CARTESIAN_POINT('',(235.65,-35.125,1.2));
#11483=CARTESIAN_POINT('',(235.150003,-35.625,1.2));
#11484=CARTESIAN_POINT('Origin',(235.1499986664,-35.12499866642,1.2));
#11485=CARTESIAN_POINT('',(222.05,-35.625,1.2));
#11486=CARTESIAN_POINT('',(222.05,-35.625,1.2));
#11487=CARTESIAN_POINT('',(221.55,-35.125003,1.2));
#11488=CARTESIAN_POINT('Origin',(222.05000133358,-35.1249986664,1.2));
#11489=CARTESIAN_POINT('',(221.55,-22.025,1.2));
#11490=CARTESIAN_POINT('',(203.,-21.525,1.2));
#11491=CARTESIAN_POINT('',(202.5,-22.025,1.2));
#11492=CARTESIAN_POINT('Origin',(203.00000133357,-22.02500133357,1.2));
#11493=CARTESIAN_POINT('',(216.1,-21.525,1.2));
#11494=CARTESIAN_POINT('',(216.1,-21.525,1.2));
#11495=CARTESIAN_POINT('',(216.6,-22.025,1.2));
#11496=CARTESIAN_POINT('Origin',(216.09999866643,-22.02500133356,1.2));
#11497=CARTESIAN_POINT('',(216.6,-35.125,1.2));
#11498=CARTESIAN_POINT('',(216.6,-35.125,1.2));
#11499=CARTESIAN_POINT('',(216.100003,-35.625,1.2));
#11500=CARTESIAN_POINT('Origin',(216.0999986664,-35.12499866642,1.2));
#11501=CARTESIAN_POINT('',(203.,-35.625,1.2));
#11502=CARTESIAN_POINT('',(203.,-35.625,1.2));
#11503=CARTESIAN_POINT('',(202.5,-35.125003,1.2));
#11504=CARTESIAN_POINT('Origin',(203.00000133358,-35.1249986664,1.2));
#11505=CARTESIAN_POINT('',(202.5,-22.025,1.2));
#11506=CARTESIAN_POINT('',(183.95,-21.525,1.2));
#11507=CARTESIAN_POINT('',(183.45,-22.025,1.2));
#11508=CARTESIAN_POINT('Origin',(183.95000133357,-22.02500133357,1.2));
#11509=CARTESIAN_POINT('',(197.05,-21.525,1.2));
#11510=CARTESIAN_POINT('',(197.05,-21.525,1.2));
#11511=CARTESIAN_POINT('',(197.55,-22.024997,1.2));
#11512=CARTESIAN_POINT('Origin',(197.04999866642,-22.02500133359,1.2));
#11513=CARTESIAN_POINT('',(197.55,-35.125,1.2));
#11514=CARTESIAN_POINT('',(197.55,-35.125,1.2));
#11515=CARTESIAN_POINT('',(197.05,-35.625,1.2));
#11516=CARTESIAN_POINT('Origin',(197.04999866643,-35.12499866643,1.2));
#11517=CARTESIAN_POINT('',(183.95,-35.625,1.2));
#11518=CARTESIAN_POINT('',(183.95,-35.625,1.2));
#11519=CARTESIAN_POINT('',(183.45,-35.125003,1.2));
#11520=CARTESIAN_POINT('Origin',(183.95000133358,-35.1249986664,1.2));
#11521=CARTESIAN_POINT('',(183.45,-22.025,1.2));
#11522=CARTESIAN_POINT('',(164.9,-21.525,1.2));
#11523=CARTESIAN_POINT('',(164.4,-22.025,1.2));
#11524=CARTESIAN_POINT('Origin',(164.90000133357,-22.02500133357,1.2));
#11525=CARTESIAN_POINT('',(178.,-21.525,1.2));
#11526=CARTESIAN_POINT('',(178.,-21.525,1.2));
#11527=CARTESIAN_POINT('',(178.5,-22.025,1.2));
#11528=CARTESIAN_POINT('Origin',(177.99999866643,-22.02500133356,1.2));
#11529=CARTESIAN_POINT('',(178.5,-35.125,1.2));
#11530=CARTESIAN_POINT('',(178.5,-35.125,1.2));
#11531=CARTESIAN_POINT('',(178.000003,-35.625,1.2));
#11532=CARTESIAN_POINT('Origin',(177.9999986664,-35.12499866642,1.2));
#11533=CARTESIAN_POINT('',(164.9,-35.625,1.2));
#11534=CARTESIAN_POINT('',(164.9,-35.625,1.2));
#11535=CARTESIAN_POINT('',(164.4,-35.125003,1.2));
#11536=CARTESIAN_POINT('Origin',(164.90000133358,-35.1249986664,1.2));
#11537=CARTESIAN_POINT('',(164.4,-22.025,1.2));
#11538=CARTESIAN_POINT('',(145.85,-21.525,1.2));
#11539=CARTESIAN_POINT('',(145.35,-22.025,1.2));
#11540=CARTESIAN_POINT('Origin',(145.85000133357,-22.02500133357,1.2));
#11541=CARTESIAN_POINT('',(158.95,-21.525,1.2));
#11542=CARTESIAN_POINT('',(158.95,-21.525,1.2));
#11543=CARTESIAN_POINT('',(159.45,-22.024997,1.2));
#11544=CARTESIAN_POINT('Origin',(158.94999866642,-22.02500133359,1.2));
#11545=CARTESIAN_POINT('',(159.45,-35.125,1.2));
#11546=CARTESIAN_POINT('',(159.45,-35.125,1.2));
#11547=CARTESIAN_POINT('',(158.950003,-35.625,1.2));
#11548=CARTESIAN_POINT('Origin',(158.9499986664,-35.12499866642,1.2));
#11549=CARTESIAN_POINT('',(145.85,-35.625,1.2));
#11550=CARTESIAN_POINT('',(145.85,-35.625,1.2));
#11551=CARTESIAN_POINT('',(145.35,-35.125003,1.2));
#11552=CARTESIAN_POINT('Origin',(145.85000133358,-35.1249986664,1.2));
#11553=CARTESIAN_POINT('',(145.35,-22.025,1.2));
#11554=CARTESIAN_POINT('',(126.8,-21.525,1.2));
#11555=CARTESIAN_POINT('',(126.3,-22.025,1.2));
#11556=CARTESIAN_POINT('Origin',(126.80000133357,-22.02500133357,1.2));
#11557=CARTESIAN_POINT('',(139.9,-21.525,1.2));
#11558=CARTESIAN_POINT('',(139.9,-21.525,1.2));
#11559=CARTESIAN_POINT('',(140.4,-22.025,1.2));
#11560=CARTESIAN_POINT('Origin',(139.89999866643,-22.02500133356,1.2));
#11561=CARTESIAN_POINT('',(140.4,-35.125,1.2));
#11562=CARTESIAN_POINT('',(140.4,-35.125,1.2));
#11563=CARTESIAN_POINT('',(139.900003,-35.625,1.2));
#11564=CARTESIAN_POINT('Origin',(139.8999986664,-35.12499866642,1.2));
#11565=CARTESIAN_POINT('',(126.8,-35.625,1.2));
#11566=CARTESIAN_POINT('',(126.8,-35.625,1.2));
#11567=CARTESIAN_POINT('',(126.3,-35.125003,1.2));
#11568=CARTESIAN_POINT('Origin',(126.80000133358,-35.1249986664,1.2));
#11569=CARTESIAN_POINT('',(126.3,-22.025,1.2));
#11570=CARTESIAN_POINT('',(208.359375,-41.7625,1.2));
#11571=CARTESIAN_POINT('Origin',(208.359375,-42.8625,1.2));
#11572=CARTESIAN_POINT('',(214.906,-40.575,1.2));
#11573=CARTESIAN_POINT('',(214.406,-41.075,1.2));
#11574=CARTESIAN_POINT('Origin',(214.90600133357,-41.07500133357,1.2));
#11575=CARTESIAN_POINT('',(228.006,-40.575,1.2));
#11576=CARTESIAN_POINT('',(228.006,-40.575,1.2));
#11577=CARTESIAN_POINT('',(228.506,-41.074997,1.2));
#11578=CARTESIAN_POINT('Origin',(228.00599866642,-41.07500133359,1.2));
#11579=CARTESIAN_POINT('',(228.506,-54.175,1.2));
#11580=CARTESIAN_POINT('',(228.506,-54.175,1.2));
#11581=CARTESIAN_POINT('',(228.006003,-54.675,1.2));
#11582=CARTESIAN_POINT('Origin',(228.0059986664,-54.17499866642,1.2));
#11583=CARTESIAN_POINT('',(214.906,-54.675,1.2));
#11584=CARTESIAN_POINT('',(214.906,-54.675,1.2));
#11585=CARTESIAN_POINT('',(214.406,-54.175003,1.2));
#11586=CARTESIAN_POINT('Origin',(214.90600133358,-54.1749986664,1.2));
#11587=CARTESIAN_POINT('',(214.406,-41.075,1.2));
#11588=CARTESIAN_POINT('',(188.713,-40.575,1.2));
#11589=CARTESIAN_POINT('',(188.213,-41.075,1.2));
#11590=CARTESIAN_POINT('Origin',(188.71300133357,-41.07500133357,1.2));
#11591=CARTESIAN_POINT('',(201.813,-40.575,1.2));
#11592=CARTESIAN_POINT('',(201.813,-40.575,1.2));
#11593=CARTESIAN_POINT('',(202.313,-41.074997,1.2));
#11594=CARTESIAN_POINT('Origin',(201.81299866642,-41.07500133359,1.2));
#11595=CARTESIAN_POINT('',(202.313,-54.175,1.2));
#11596=CARTESIAN_POINT('',(202.313,-54.175,1.2));
#11597=CARTESIAN_POINT('',(201.813003,-54.675,1.2));
#11598=CARTESIAN_POINT('Origin',(201.8129986664,-54.17499866642,1.2));
#11599=CARTESIAN_POINT('',(188.713,-54.675,1.2));
#11600=CARTESIAN_POINT('',(188.713,-54.675,1.2));
#11601=CARTESIAN_POINT('',(188.213,-54.175003,1.2));
#11602=CARTESIAN_POINT('Origin',(188.71300133358,-54.1749986664,1.2));
#11603=CARTESIAN_POINT('',(188.213,-41.075,1.2));
#11604=CARTESIAN_POINT('',(169.663,-40.575,1.2));
#11605=CARTESIAN_POINT('',(169.163,-41.075,1.2));
#11606=CARTESIAN_POINT('Origin',(169.66300133357,-41.07500133357,1.2));
#11607=CARTESIAN_POINT('',(182.763,-40.575,1.2));
#11608=CARTESIAN_POINT('',(182.763,-40.575,1.2));
#11609=CARTESIAN_POINT('',(183.263,-41.074997,1.2));
#11610=CARTESIAN_POINT('Origin',(182.76299866642,-41.07500133359,1.2));
#11611=CARTESIAN_POINT('',(183.263,-54.175,1.2));
#11612=CARTESIAN_POINT('',(183.263,-54.175,1.2));
#11613=CARTESIAN_POINT('',(182.763003,-54.675,1.2));
#11614=CARTESIAN_POINT('Origin',(182.7629986664,-54.17499866642,1.2));
#11615=CARTESIAN_POINT('',(169.663,-54.675,1.2));
#11616=CARTESIAN_POINT('',(169.663,-54.675,1.2));
#11617=CARTESIAN_POINT('',(169.163,-54.175003,1.2));
#11618=CARTESIAN_POINT('Origin',(169.66300133358,-54.1749986664,1.2));
#11619=CARTESIAN_POINT('',(169.163,-41.075,1.2));
#11620=CARTESIAN_POINT('',(150.612,-40.575,1.2));
#11621=CARTESIAN_POINT('',(150.112,-41.075,1.2));
#11622=CARTESIAN_POINT('Origin',(150.61200133357,-41.07500133357,1.2));
#11623=CARTESIAN_POINT('',(163.712,-40.575,1.2));
#11624=CARTESIAN_POINT('',(163.712,-40.575,1.2));
#11625=CARTESIAN_POINT('',(164.212,-41.074997,1.2));
#11626=CARTESIAN_POINT('Origin',(163.71199866642,-41.07500133359,1.2));
#11627=CARTESIAN_POINT('',(164.212,-54.175,1.2));
#11628=CARTESIAN_POINT('',(164.212,-54.175,1.2));
#11629=CARTESIAN_POINT('',(163.712003,-54.675,1.2));
#11630=CARTESIAN_POINT('Origin',(163.7119986664,-54.17499866642,1.2));
#11631=CARTESIAN_POINT('',(150.612,-54.675,1.2));
#11632=CARTESIAN_POINT('',(150.612,-54.675,1.2));
#11633=CARTESIAN_POINT('',(150.112,-54.175003,1.2));
#11634=CARTESIAN_POINT('Origin',(150.61200133358,-54.1749986664,1.2));
#11635=CARTESIAN_POINT('',(150.112,-41.075,1.2));
#11636=CARTESIAN_POINT('',(131.563,-40.575,1.2));
#11637=CARTESIAN_POINT('',(131.063,-41.075,1.2));
#11638=CARTESIAN_POINT('Origin',(131.56300133357,-41.07500133357,1.2));
#11639=CARTESIAN_POINT('',(144.663,-40.575,1.2));
#11640=CARTESIAN_POINT('',(144.663,-40.575,1.2));
#11641=CARTESIAN_POINT('',(145.163,-41.075,1.2));
#11642=CARTESIAN_POINT('Origin',(144.66299866643,-41.07500133356,1.2));
#11643=CARTESIAN_POINT('',(145.163,-54.175,1.2));
#11644=CARTESIAN_POINT('',(145.163,-54.175,1.2));
#11645=CARTESIAN_POINT('',(144.663003,-54.675,1.2));
#11646=CARTESIAN_POINT('Origin',(144.6629986664,-54.17499866642,1.2));
#11647=CARTESIAN_POINT('',(131.563,-54.675,1.2));
#11648=CARTESIAN_POINT('',(131.563,-54.675,1.2));
#11649=CARTESIAN_POINT('',(131.063,-54.175003,1.2));
#11650=CARTESIAN_POINT('Origin',(131.56300133358,-54.1749986664,1.2));
#11651=CARTESIAN_POINT('',(131.063,-41.075,1.2));
#11652=CARTESIAN_POINT('',(107.75,-21.525,1.2));
#11653=CARTESIAN_POINT('',(107.25,-22.025,1.2));
#11654=CARTESIAN_POINT('Origin',(107.75000133357,-22.02500133357,1.2));
#11655=CARTESIAN_POINT('',(120.85,-21.525,1.2));
#11656=CARTESIAN_POINT('',(120.85,-21.525,1.2));
#11657=CARTESIAN_POINT('',(121.35,-22.024997,1.2));
#11658=CARTESIAN_POINT('Origin',(120.84999866642,-22.02500133359,1.2));
#11659=CARTESIAN_POINT('',(121.35,-35.125,1.2));
#11660=CARTESIAN_POINT('',(121.35,-35.125,1.2));
#11661=CARTESIAN_POINT('',(120.85,-35.625,1.2));
#11662=CARTESIAN_POINT('Origin',(120.84999866643,-35.12499866643,1.2));
#11663=CARTESIAN_POINT('',(107.75,-35.625,1.2));
#11664=CARTESIAN_POINT('',(107.75,-35.625,1.2));
#11665=CARTESIAN_POINT('',(107.25,-35.125003,1.2));
#11666=CARTESIAN_POINT('Origin',(107.75000133358,-35.1249986664,1.2));
#11667=CARTESIAN_POINT('',(107.25,-22.025,1.2));
#11668=CARTESIAN_POINT('',(88.7,-21.525,1.2));
#11669=CARTESIAN_POINT('',(88.2,-22.025,1.2));
#11670=CARTESIAN_POINT('Origin',(88.700001333573,-22.02500133357,1.2));
#11671=CARTESIAN_POINT('',(101.8,-21.525,1.2));
#11672=CARTESIAN_POINT('',(101.8,-21.525,1.2));
#11673=CARTESIAN_POINT('',(102.3,-22.024997,1.2));
#11674=CARTESIAN_POINT('Origin',(101.79999866642,-22.02500133359,1.2));
#11675=CARTESIAN_POINT('',(102.3,-35.125,1.2));
#11676=CARTESIAN_POINT('',(102.3,-35.125,1.2));
#11677=CARTESIAN_POINT('',(101.8,-35.625,1.2));
#11678=CARTESIAN_POINT('Origin',(101.79999866643,-35.12499866643,1.2));
#11679=CARTESIAN_POINT('',(88.7,-35.625,1.2));
#11680=CARTESIAN_POINT('',(88.7,-35.625,1.2));
#11681=CARTESIAN_POINT('',(88.2,-35.125003,1.2));
#11682=CARTESIAN_POINT('Origin',(88.70000133358,-35.1249986664,1.2));
#11683=CARTESIAN_POINT('',(88.2,-22.025,1.2));
#11684=CARTESIAN_POINT('',(69.65,-21.525,1.2));
#11685=CARTESIAN_POINT('',(69.15,-22.025,1.2));
#11686=CARTESIAN_POINT('Origin',(69.650001333573,-22.02500133357,1.2));
#11687=CARTESIAN_POINT('',(82.75,-21.525,1.2));
#11688=CARTESIAN_POINT('',(82.75,-21.525,1.2));
#11689=CARTESIAN_POINT('',(83.25,-22.024997,1.2));
#11690=CARTESIAN_POINT('Origin',(82.74999866642,-22.02500133359,1.2));
#11691=CARTESIAN_POINT('',(83.25,-35.125,1.2));
#11692=CARTESIAN_POINT('',(83.25,-35.125,1.2));
#11693=CARTESIAN_POINT('',(82.750003,-35.625,1.2));
#11694=CARTESIAN_POINT('Origin',(82.749998666403,-35.12499866642,1.2));
#11695=CARTESIAN_POINT('',(69.65,-35.625,1.2));
#11696=CARTESIAN_POINT('',(69.65,-35.625,1.2));
#11697=CARTESIAN_POINT('',(69.15,-35.125003,1.2));
#11698=CARTESIAN_POINT('Origin',(69.65000133358,-35.1249986664,1.2));
#11699=CARTESIAN_POINT('',(69.15,-22.025,1.2));
#11700=CARTESIAN_POINT('',(50.6,-21.525,1.2));
#11701=CARTESIAN_POINT('',(50.1,-22.025,1.2));
#11702=CARTESIAN_POINT('Origin',(50.600001333573,-22.02500133357,1.2));
#11703=CARTESIAN_POINT('',(63.7,-21.525,1.2));
#11704=CARTESIAN_POINT('',(63.7,-21.525,1.2));
#11705=CARTESIAN_POINT('',(64.2,-22.024997,1.2));
#11706=CARTESIAN_POINT('Origin',(63.69999866642,-22.02500133359,1.2));
#11707=CARTESIAN_POINT('',(64.2,-35.125,1.2));
#11708=CARTESIAN_POINT('',(64.2,-35.125,1.2));
#11709=CARTESIAN_POINT('',(63.700003,-35.625,1.2));
#11710=CARTESIAN_POINT('Origin',(63.699998666403,-35.12499866642,1.2));
#11711=CARTESIAN_POINT('',(50.6,-35.625,1.2));
#11712=CARTESIAN_POINT('',(50.6,-35.625,1.2));
#11713=CARTESIAN_POINT('',(50.1,-35.125003,1.2));
#11714=CARTESIAN_POINT('Origin',(50.60000133358,-35.1249986664,1.2));
#11715=CARTESIAN_POINT('',(50.1,-22.025,1.2));
#11716=CARTESIAN_POINT('',(31.55,-21.525,1.2));
#11717=CARTESIAN_POINT('',(31.05,-22.025,1.2));
#11718=CARTESIAN_POINT('Origin',(31.550001333573,-22.02500133357,1.2));
#11719=CARTESIAN_POINT('',(44.65,-21.525,1.2));
#11720=CARTESIAN_POINT('',(44.65,-21.525,1.2));
#11721=CARTESIAN_POINT('',(45.15,-22.025,1.2));
#11722=CARTESIAN_POINT('Origin',(44.649998666432,-22.02500133356,1.2));
#11723=CARTESIAN_POINT('',(45.15,-35.125,1.2));
#11724=CARTESIAN_POINT('',(45.15,-35.125,1.2));
#11725=CARTESIAN_POINT('',(44.650003,-35.625,1.2));
#11726=CARTESIAN_POINT('Origin',(44.649998666403,-35.12499866642,1.2));
#11727=CARTESIAN_POINT('',(31.55,-35.625,1.2));
#11728=CARTESIAN_POINT('',(31.55,-35.625,1.2));
#11729=CARTESIAN_POINT('',(31.05,-35.125003,1.2));
#11730=CARTESIAN_POINT('Origin',(31.55000133358,-35.1249986664,1.2));
#11731=CARTESIAN_POINT('',(31.05,-22.025,1.2));
#11732=CARTESIAN_POINT('',(12.5,-21.525,1.2));
#11733=CARTESIAN_POINT('',(12.,-22.025,1.2));
#11734=CARTESIAN_POINT('Origin',(12.500001333573,-22.02500133357,1.2));
#11735=CARTESIAN_POINT('',(25.6,-21.525,1.2));
#11736=CARTESIAN_POINT('',(25.6,-21.525,1.2));
#11737=CARTESIAN_POINT('',(26.1,-22.025,1.2));
#11738=CARTESIAN_POINT('Origin',(25.599998666432,-22.02500133356,1.2));
#11739=CARTESIAN_POINT('',(26.1,-35.125,1.2));
#11740=CARTESIAN_POINT('',(26.1,-35.125,1.2));
#11741=CARTESIAN_POINT('',(25.600003,-35.625,1.2));
#11742=CARTESIAN_POINT('Origin',(25.599998666403,-35.12499866642,1.2));
#11743=CARTESIAN_POINT('',(12.5,-35.625,1.2));
#11744=CARTESIAN_POINT('',(12.5,-35.625,1.2));
#11745=CARTESIAN_POINT('',(12.,-35.125003,1.2));
#11746=CARTESIAN_POINT('Origin',(12.50000133358,-35.1249986664,1.2));
#11747=CARTESIAN_POINT('',(12.,-22.025,1.2));
#11748=CARTESIAN_POINT('',(112.513,-40.575,1.2));
#11749=CARTESIAN_POINT('',(112.013,-41.075,1.2));
#11750=CARTESIAN_POINT('Origin',(112.51300133357,-41.07500133357,1.2));
#11751=CARTESIAN_POINT('',(125.613,-40.575,1.2));
#11752=CARTESIAN_POINT('',(125.613,-40.575,1.2));
#11753=CARTESIAN_POINT('',(126.113,-41.074997,1.2));
#11754=CARTESIAN_POINT('Origin',(125.61299866642,-41.07500133359,1.2));
#11755=CARTESIAN_POINT('',(126.113,-54.175,1.2));
#11756=CARTESIAN_POINT('',(126.113,-54.175,1.2));
#11757=CARTESIAN_POINT('',(125.613,-54.675,1.2));
#11758=CARTESIAN_POINT('Origin',(125.61299866643,-54.17499866643,1.2));
#11759=CARTESIAN_POINT('',(112.513,-54.675,1.2));
#11760=CARTESIAN_POINT('',(112.513,-54.675,1.2));
#11761=CARTESIAN_POINT('',(112.013,-54.175003,1.2));
#11762=CARTESIAN_POINT('Origin',(112.51300133358,-54.1749986664,1.2));
#11763=CARTESIAN_POINT('',(112.013,-41.075,1.2));
#11764=CARTESIAN_POINT('',(93.463,-40.575,1.2));
#11765=CARTESIAN_POINT('',(92.963,-41.075,1.2));
#11766=CARTESIAN_POINT('Origin',(93.463001333573,-41.07500133357,1.2));
#11767=CARTESIAN_POINT('',(106.563,-40.575,1.2));
#11768=CARTESIAN_POINT('',(106.563,-40.575,1.2));
#11769=CARTESIAN_POINT('',(107.063,-41.075,1.2));
#11770=CARTESIAN_POINT('Origin',(106.56299866643,-41.07500133356,1.2));
#11771=CARTESIAN_POINT('',(107.063,-54.175,1.2));
#11772=CARTESIAN_POINT('',(107.063,-54.175,1.2));
#11773=CARTESIAN_POINT('',(106.563003,-54.675,1.2));
#11774=CARTESIAN_POINT('Origin',(106.5629986664,-54.17499866642,1.2));
#11775=CARTESIAN_POINT('',(93.463,-54.675,1.2));
#11776=CARTESIAN_POINT('',(93.463,-54.675,1.2));
#11777=CARTESIAN_POINT('',(92.963,-54.175003,1.2));
#11778=CARTESIAN_POINT('Origin',(93.46300133358,-54.1749986664,1.2));
#11779=CARTESIAN_POINT('',(92.963,-41.075,1.2));
#11780=CARTESIAN_POINT('',(74.413,-40.575,1.2));
#11781=CARTESIAN_POINT('',(73.913,-41.075,1.2));
#11782=CARTESIAN_POINT('Origin',(74.413001333573,-41.07500133357,1.2));
#11783=CARTESIAN_POINT('',(87.513,-40.575,1.2));
#11784=CARTESIAN_POINT('',(87.513,-40.575,1.2));
#11785=CARTESIAN_POINT('',(88.013,-41.074997,1.2));
#11786=CARTESIAN_POINT('Origin',(87.51299866642,-41.07500133359,1.2));
#11787=CARTESIAN_POINT('',(88.013,-54.175,1.2));
#11788=CARTESIAN_POINT('',(88.013,-54.175,1.2));
#11789=CARTESIAN_POINT('',(87.513,-54.675,1.2));
#11790=CARTESIAN_POINT('Origin',(87.512998666432,-54.17499866643,1.2));
#11791=CARTESIAN_POINT('',(74.413,-54.675,1.2));
#11792=CARTESIAN_POINT('',(74.413,-54.675,1.2));
#11793=CARTESIAN_POINT('',(73.913,-54.175003,1.2));
#11794=CARTESIAN_POINT('Origin',(74.41300133358,-54.1749986664,1.2));
#11795=CARTESIAN_POINT('',(73.913,-41.075,1.2));
#11796=CARTESIAN_POINT('',(55.363,-40.575,1.2));
#11797=CARTESIAN_POINT('',(54.863,-41.075,1.2));
#11798=CARTESIAN_POINT('Origin',(55.363001333573,-41.07500133357,1.2));
#11799=CARTESIAN_POINT('',(68.463,-40.575,1.2));
#11800=CARTESIAN_POINT('',(68.463,-40.575,1.2));
#11801=CARTESIAN_POINT('',(68.963,-41.074997,1.2));
#11802=CARTESIAN_POINT('Origin',(68.46299866642,-41.07500133359,1.2));
#11803=CARTESIAN_POINT('',(68.963,-54.175,1.2));
#11804=CARTESIAN_POINT('',(68.963,-54.175,1.2));
#11805=CARTESIAN_POINT('',(68.463,-54.675,1.2));
#11806=CARTESIAN_POINT('Origin',(68.462998666432,-54.17499866643,1.2));
#11807=CARTESIAN_POINT('',(55.363,-54.675,1.2));
#11808=CARTESIAN_POINT('',(55.363,-54.675,1.2));
#11809=CARTESIAN_POINT('',(54.863,-54.175003,1.2));
#11810=CARTESIAN_POINT('Origin',(55.36300133358,-54.1749986664,1.2));
#11811=CARTESIAN_POINT('',(54.863,-41.075,1.2));
#11812=CARTESIAN_POINT('',(36.313,-40.575,1.2));
#11813=CARTESIAN_POINT('',(35.813,-41.075,1.2));
#11814=CARTESIAN_POINT('Origin',(36.313001333573,-41.07500133357,1.2));
#11815=CARTESIAN_POINT('',(49.413,-40.575,1.2));
#11816=CARTESIAN_POINT('',(49.413,-40.575,1.2));
#11817=CARTESIAN_POINT('',(49.913,-41.074997,1.2));
#11818=CARTESIAN_POINT('Origin',(49.41299866642,-41.07500133359,1.2));
#11819=CARTESIAN_POINT('',(49.913,-54.175,1.2));
#11820=CARTESIAN_POINT('',(49.913,-54.175,1.2));
#11821=CARTESIAN_POINT('',(49.413003,-54.675,1.2));
#11822=CARTESIAN_POINT('Origin',(49.412998666403,-54.17499866642,1.2));
#11823=CARTESIAN_POINT('',(36.313,-54.675,1.2));
#11824=CARTESIAN_POINT('',(36.313,-54.675,1.2));
#11825=CARTESIAN_POINT('',(35.813,-54.175003,1.2));
#11826=CARTESIAN_POINT('Origin',(36.31300133358,-54.1749986664,1.2));
#11827=CARTESIAN_POINT('',(35.813,-41.075,1.2));
#11828=CARTESIAN_POINT('',(32.146875,-41.7625,1.2));
#11829=CARTESIAN_POINT('Origin',(32.146875,-42.8625,1.2));
#11830=CARTESIAN_POINT('',(14.881,-40.575,1.2));
#11831=CARTESIAN_POINT('',(14.381,-41.075,1.2));
#11832=CARTESIAN_POINT('Origin',(14.881001333573,-41.07500133357,1.2));
#11833=CARTESIAN_POINT('',(27.981,-40.575,1.2));
#11834=CARTESIAN_POINT('',(27.981,-40.575,1.2));
#11835=CARTESIAN_POINT('',(28.481,-41.074997,1.2));
#11836=CARTESIAN_POINT('Origin',(27.98099866642,-41.07500133359,1.2));
#11837=CARTESIAN_POINT('',(28.481,-54.175,1.2));
#11838=CARTESIAN_POINT('',(28.481,-54.175,1.2));
#11839=CARTESIAN_POINT('',(27.981,-54.675,1.2));
#11840=CARTESIAN_POINT('Origin',(27.980998666432,-54.17499866643,1.2));
#11841=CARTESIAN_POINT('',(14.881,-54.675,1.2));
#11842=CARTESIAN_POINT('',(14.881,-54.675,1.2));
#11843=CARTESIAN_POINT('',(14.381,-54.175003,1.2));
#11844=CARTESIAN_POINT('Origin',(14.88100133358,-54.1749986664,1.2));
#11845=CARTESIAN_POINT('',(14.381,-41.075,1.2));
#11846=CARTESIAN_POINT('',(219.669,-59.625,1.2));
#11847=CARTESIAN_POINT('',(219.169,-60.125,1.2));
#11848=CARTESIAN_POINT('Origin',(219.66900133357,-60.12500133357,1.2));
#11849=CARTESIAN_POINT('',(232.769,-59.625,1.2));
#11850=CARTESIAN_POINT('',(232.769,-59.625,1.2));
#11851=CARTESIAN_POINT('',(233.269,-60.124997,1.2));
#11852=CARTESIAN_POINT('Origin',(232.76899866642,-60.12500133359,1.2));
#11853=CARTESIAN_POINT('',(233.269,-73.225,1.2));
#11854=CARTESIAN_POINT('',(233.269,-73.225,1.2));
#11855=CARTESIAN_POINT('',(232.769003,-73.725,1.2));
#11856=CARTESIAN_POINT('Origin',(232.7689986664,-73.22499866642,1.2));
#11857=CARTESIAN_POINT('',(219.669,-73.725,1.2));
#11858=CARTESIAN_POINT('',(219.669,-73.725,1.2));
#11859=CARTESIAN_POINT('',(219.169,-73.225003,1.2));
#11860=CARTESIAN_POINT('Origin',(219.66900133358,-73.2249986664,1.2));
#11861=CARTESIAN_POINT('',(219.169,-60.125,1.2));
#11862=CARTESIAN_POINT('',(198.237,-59.625,1.2));
#11863=CARTESIAN_POINT('',(197.737,-60.125,1.2));
#11864=CARTESIAN_POINT('Origin',(198.23700133357,-60.12500133357,1.2));
#11865=CARTESIAN_POINT('',(211.337,-59.625,1.2));
#11866=CARTESIAN_POINT('',(211.337,-59.625,1.2));
#11867=CARTESIAN_POINT('',(211.837,-60.124997,1.2));
#11868=CARTESIAN_POINT('Origin',(211.33699866642,-60.12500133359,1.2));
#11869=CARTESIAN_POINT('',(211.837,-73.225,1.2));
#11870=CARTESIAN_POINT('',(211.837,-73.225,1.2));
#11871=CARTESIAN_POINT('',(211.337003,-73.725,1.2));
#11872=CARTESIAN_POINT('Origin',(211.3369986664,-73.22499866642,1.2));
#11873=CARTESIAN_POINT('',(198.237,-73.725,1.2));
#11874=CARTESIAN_POINT('',(198.237,-73.725,1.2));
#11875=CARTESIAN_POINT('',(197.737,-73.225003,1.2));
#11876=CARTESIAN_POINT('Origin',(198.23700133358,-73.2249986664,1.2));
#11877=CARTESIAN_POINT('',(197.737,-60.125,1.2));
#11878=CARTESIAN_POINT('',(179.188,-59.625,1.2));
#11879=CARTESIAN_POINT('',(178.688,-60.125,1.2));
#11880=CARTESIAN_POINT('Origin',(179.18800133357,-60.12500133357,1.2));
#11881=CARTESIAN_POINT('',(192.288,-59.625,1.2));
#11882=CARTESIAN_POINT('',(192.288,-59.625,1.2));
#11883=CARTESIAN_POINT('',(192.788,-60.124997,1.2));
#11884=CARTESIAN_POINT('Origin',(192.28799866642,-60.12500133359,1.2));
#11885=CARTESIAN_POINT('',(192.788,-73.225,1.2));
#11886=CARTESIAN_POINT('',(192.788,-73.225,1.2));
#11887=CARTESIAN_POINT('',(192.288003,-73.725,1.2));
#11888=CARTESIAN_POINT('Origin',(192.2879986664,-73.22499866642,1.2));
#11889=CARTESIAN_POINT('',(179.188,-73.725,1.2));
#11890=CARTESIAN_POINT('',(179.188,-73.725,1.2));
#11891=CARTESIAN_POINT('',(178.688,-73.225003,1.2));
#11892=CARTESIAN_POINT('Origin',(179.18800133358,-73.2249986664,1.2));
#11893=CARTESIAN_POINT('',(178.688,-60.125,1.2));
#11894=CARTESIAN_POINT('',(160.138,-59.625,1.2));
#11895=CARTESIAN_POINT('',(159.638,-60.125,1.2));
#11896=CARTESIAN_POINT('Origin',(160.13800133357,-60.12500133357,1.2));
#11897=CARTESIAN_POINT('',(173.238,-59.625,1.2));
#11898=CARTESIAN_POINT('',(173.238,-59.625,1.2));
#11899=CARTESIAN_POINT('',(173.738,-60.124997,1.2));
#11900=CARTESIAN_POINT('Origin',(173.23799866642,-60.12500133359,1.2));
#11901=CARTESIAN_POINT('',(173.738,-73.225,1.2));
#11902=CARTESIAN_POINT('',(173.738,-73.225,1.2));
#11903=CARTESIAN_POINT('',(173.238003,-73.725,1.2));
#11904=CARTESIAN_POINT('Origin',(173.2379986664,-73.22499866642,1.2));
#11905=CARTESIAN_POINT('',(160.138,-73.725,1.2));
#11906=CARTESIAN_POINT('',(160.138,-73.725,1.2));
#11907=CARTESIAN_POINT('',(159.638,-73.225003,1.2));
#11908=CARTESIAN_POINT('Origin',(160.13800133358,-73.2249986664,1.2));
#11909=CARTESIAN_POINT('',(159.638,-60.125,1.2));
#11910=CARTESIAN_POINT('',(141.088,-59.625,1.2));
#11911=CARTESIAN_POINT('',(140.588,-60.125,1.2));
#11912=CARTESIAN_POINT('Origin',(141.08800133357,-60.12500133357,1.2));
#11913=CARTESIAN_POINT('',(154.188,-59.625,1.2));
#11914=CARTESIAN_POINT('',(154.188,-59.625,1.2));
#11915=CARTESIAN_POINT('',(154.688,-60.124997,1.2));
#11916=CARTESIAN_POINT('Origin',(154.18799866642,-60.12500133359,1.2));
#11917=CARTESIAN_POINT('',(154.688,-73.225,1.2));
#11918=CARTESIAN_POINT('',(154.688,-73.225,1.2));
#11919=CARTESIAN_POINT('',(154.188003,-73.725,1.2));
#11920=CARTESIAN_POINT('Origin',(154.1879986664,-73.22499866642,1.2));
#11921=CARTESIAN_POINT('',(141.088,-73.725,1.2));
#11922=CARTESIAN_POINT('',(141.088,-73.725,1.2));
#11923=CARTESIAN_POINT('',(140.588,-73.225003,1.2));
#11924=CARTESIAN_POINT('Origin',(141.08800133358,-73.2249986664,1.2));
#11925=CARTESIAN_POINT('',(140.588,-60.125,1.2));
#11926=CARTESIAN_POINT('',(122.038,-59.625,1.2));
#11927=CARTESIAN_POINT('',(121.538,-60.125,1.2));
#11928=CARTESIAN_POINT('Origin',(122.03800133357,-60.12500133357,1.2));
#11929=CARTESIAN_POINT('',(135.138,-59.625,1.2));
#11930=CARTESIAN_POINT('',(135.138,-59.625,1.2));
#11931=CARTESIAN_POINT('',(135.638,-60.125,1.2));
#11932=CARTESIAN_POINT('Origin',(135.13799866643,-60.12500133356,1.2));
#11933=CARTESIAN_POINT('',(135.638,-73.225,1.2));
#11934=CARTESIAN_POINT('',(135.638,-73.225,1.2));
#11935=CARTESIAN_POINT('',(135.138003,-73.725,1.2));
#11936=CARTESIAN_POINT('Origin',(135.1379986664,-73.22499866642,1.2));
#11937=CARTESIAN_POINT('',(122.038,-73.725,1.2));
#11938=CARTESIAN_POINT('',(122.038,-73.725,1.2));
#11939=CARTESIAN_POINT('',(121.538,-73.225003,1.2));
#11940=CARTESIAN_POINT('Origin',(122.03800133358,-73.2249986664,1.2));
#11941=CARTESIAN_POINT('',(121.538,-60.125,1.2));
#11942=CARTESIAN_POINT('',(219.669,-78.675,1.2));
#11943=CARTESIAN_POINT('',(219.169,-79.175,1.2));
#11944=CARTESIAN_POINT('Origin',(219.66900133357,-79.17500133357,1.2));
#11945=CARTESIAN_POINT('',(232.769,-78.675,1.2));
#11946=CARTESIAN_POINT('',(232.769,-78.675,1.2));
#11947=CARTESIAN_POINT('',(233.269,-79.174997,1.2));
#11948=CARTESIAN_POINT('Origin',(232.76899866642,-79.17500133359,1.2));
#11949=CARTESIAN_POINT('',(233.269,-92.275,1.2));
#11950=CARTESIAN_POINT('',(233.269,-92.275,1.2));
#11951=CARTESIAN_POINT('',(232.769003,-92.775,1.2));
#11952=CARTESIAN_POINT('Origin',(232.7689986664,-92.27499866642,1.2));
#11953=CARTESIAN_POINT('',(219.669,-92.775,1.2));
#11954=CARTESIAN_POINT('',(219.669,-92.775,1.2));
#11955=CARTESIAN_POINT('',(219.169,-92.275003,1.2));
#11956=CARTESIAN_POINT('Origin',(219.66900133358,-92.2749986664,1.2));
#11957=CARTESIAN_POINT('',(219.169,-79.175,1.2));
#11958=CARTESIAN_POINT('',(198.237,-78.675,1.2));
#11959=CARTESIAN_POINT('',(197.737,-79.175,1.2));
#11960=CARTESIAN_POINT('Origin',(198.23700133357,-79.17500133357,1.2));
#11961=CARTESIAN_POINT('',(211.337,-78.675,1.2));
#11962=CARTESIAN_POINT('',(211.337,-78.675,1.2));
#11963=CARTESIAN_POINT('',(211.837,-79.174997,1.2));
#11964=CARTESIAN_POINT('Origin',(211.33699866642,-79.17500133359,1.2));
#11965=CARTESIAN_POINT('',(211.837,-92.275,1.2));
#11966=CARTESIAN_POINT('',(211.837,-92.275,1.2));
#11967=CARTESIAN_POINT('',(211.337003,-92.775,1.2));
#11968=CARTESIAN_POINT('Origin',(211.3369986664,-92.27499866642,1.2));
#11969=CARTESIAN_POINT('',(198.237,-92.775,1.2));
#11970=CARTESIAN_POINT('',(198.237,-92.775,1.2));
#11971=CARTESIAN_POINT('',(197.737,-92.275003,1.2));
#11972=CARTESIAN_POINT('Origin',(198.23700133358,-92.2749986664,1.2));
#11973=CARTESIAN_POINT('',(197.737,-79.175,1.2));
#11974=CARTESIAN_POINT('',(176.806,-78.675,1.2));
#11975=CARTESIAN_POINT('',(176.306,-79.175,1.2));
#11976=CARTESIAN_POINT('Origin',(176.80600133357,-79.17500133357,1.2));
#11977=CARTESIAN_POINT('',(189.906,-78.675,1.2));
#11978=CARTESIAN_POINT('',(189.906,-78.675,1.2));
#11979=CARTESIAN_POINT('',(190.406,-79.174997,1.2));
#11980=CARTESIAN_POINT('Origin',(189.90599866642,-79.17500133359,1.2));
#11981=CARTESIAN_POINT('',(190.406,-92.275,1.2));
#11982=CARTESIAN_POINT('',(190.406,-92.275,1.2));
#11983=CARTESIAN_POINT('',(189.906003,-92.775,1.2));
#11984=CARTESIAN_POINT('Origin',(189.9059986664,-92.27499866642,1.2));
#11985=CARTESIAN_POINT('',(176.806,-92.775,1.2));
#11986=CARTESIAN_POINT('',(176.806,-92.775,1.2));
#11987=CARTESIAN_POINT('',(176.306,-92.275003,1.2));
#11988=CARTESIAN_POINT('Origin',(176.80600133358,-92.2749986664,1.2));
#11989=CARTESIAN_POINT('',(176.306,-79.175,1.2));
#11990=CARTESIAN_POINT('',(169.06875,-84.625,1.2));
#11991=CARTESIAN_POINT('Origin',(169.06875,-85.725,1.2));
#11992=CARTESIAN_POINT('',(134.604101562498,-86.8238505728635,1.2));
#11993=CARTESIAN_POINT('',(135.08125,-87.3233281059833,1.2));
#11994=CARTESIAN_POINT('Origin',(134.58125,-87.3233281059833,1.2));
#11995=CARTESIAN_POINT('',(134.604101562498,-84.6261494271365,1.2));
#11996=CARTESIAN_POINT('Origin',(134.654374999992,-85.725,1.2));
#11997=CARTESIAN_POINT('',(135.08125,-84.1266718940167,1.2));
#11998=CARTESIAN_POINT('Origin',(134.58125,-84.1266718940167,1.2));
#11999=CARTESIAN_POINT('',(135.08125,-76.325,1.2));
#12000=CARTESIAN_POINT('',(135.08125,-76.325,1.2));
#12001=CARTESIAN_POINT('',(135.58125,-75.825,1.2));
#12002=CARTESIAN_POINT('Origin',(135.58135037007,-76.32510037007,1.2));
#12003=CARTESIAN_POINT('',(140.64375,-75.825,1.2));
#12004=CARTESIAN_POINT('',(140.64375,-75.825,1.2));
#12005=CARTESIAN_POINT('',(141.14375,-76.325,1.2));
#12006=CARTESIAN_POINT('Origin',(140.64385106817,-76.32489893182,1.2));
#12007=CARTESIAN_POINT('',(141.64375,-76.825,1.2));
#12008=CARTESIAN_POINT('Origin',(141.64364893182,-76.32510106817,1.2));
#12009=CARTESIAN_POINT('',(158.39,-76.825,1.2));
#12010=CARTESIAN_POINT('',(158.39,-76.825,1.2));
#12011=CARTESIAN_POINT('',(158.89,-76.325,1.2));
#12012=CARTESIAN_POINT('Origin',(158.38995086161,-76.32495086161,1.2));
#12013=CARTESIAN_POINT('',(159.39,-75.825,1.2));
#12014=CARTESIAN_POINT('Origin',(159.39004913838,-76.32504913838,1.2));
#12015=CARTESIAN_POINT('',(164.4525,-75.825,1.2));
#12016=CARTESIAN_POINT('',(164.4525,-75.825,1.2));
#12017=CARTESIAN_POINT('',(164.9525,-76.325,1.2));
#12018=CARTESIAN_POINT('Origin',(164.45245086161,-76.32504913838,1.2));
#12019=CARTESIAN_POINT('',(164.9525,-89.375101,1.2));
#12020=CARTESIAN_POINT('',(164.9525,-89.375101,1.2));
#12021=CARTESIAN_POINT('',(164.4525,-89.875,1.2));
#12022=CARTESIAN_POINT('Origin',(164.45260107539,-89.37510108561,1.2));
#12023=CARTESIAN_POINT('',(159.39,-89.875,1.2));
#12024=CARTESIAN_POINT('',(159.39,-89.875,1.2));
#12025=CARTESIAN_POINT('',(158.89,-89.375,1.2));
#12026=CARTESIAN_POINT('Origin',(159.39010037007,-89.37489962992,1.2));
#12027=CARTESIAN_POINT('',(158.89,-79.08125,1.2));
#12028=CARTESIAN_POINT('',(158.89,-79.08125,1.2));
#12029=CARTESIAN_POINT('',(158.39,-78.58125,1.2));
#12030=CARTESIAN_POINT('Origin',(158.38986546842,-79.08138453158,1.2));
#12031=CARTESIAN_POINT('',(157.56875,-78.58125,1.2));
#12032=CARTESIAN_POINT('',(157.56875,-78.58125,1.2));
#12033=CARTESIAN_POINT('',(157.06875,-79.08125,1.2));
#12034=CARTESIAN_POINT('Origin',(157.56866258246,-79.08116258246,1.2));
#12035=CARTESIAN_POINT('',(157.06875,-92.275,1.2));
#12036=CARTESIAN_POINT('',(157.06875,-92.275,1.2));
#12037=CARTESIAN_POINT('',(156.568753,-92.775,1.2));
#12038=CARTESIAN_POINT('Origin',(156.5687486664,-92.27499866642,1.2));
#12039=CARTESIAN_POINT('',(143.46875,-92.775,1.2));
#12040=CARTESIAN_POINT('',(143.46875,-92.775,1.2));
#12041=CARTESIAN_POINT('',(142.96875,-92.275003,1.2));
#12042=CARTESIAN_POINT('Origin',(143.46875133358,-92.2749986664,1.2));
#12043=CARTESIAN_POINT('',(142.96875,-79.08125,1.2));
#12044=CARTESIAN_POINT('',(142.96875,-79.08125,1.2));
#12045=CARTESIAN_POINT('',(142.46875,-78.58125,1.2));
#12046=CARTESIAN_POINT('Origin',(142.46870086161,-79.08129913838,1.2));
#12047=CARTESIAN_POINT('',(141.64375,-78.58125,1.2));
#12048=CARTESIAN_POINT('',(141.64375,-78.58125,1.2));
#12049=CARTESIAN_POINT('',(141.14375,-79.08125,1.2));
#12050=CARTESIAN_POINT('Origin',(141.64383499896,-79.08133499896,1.2));
#12051=CARTESIAN_POINT('',(141.14375,-89.3749,1.2));
#12052=CARTESIAN_POINT('',(141.14375,-89.3749,1.2));
#12053=CARTESIAN_POINT('',(140.64375,-89.875,1.2));
#12054=CARTESIAN_POINT('Origin',(140.64364963704,-89.37489964711,1.2));
#12055=CARTESIAN_POINT('',(135.58125,-89.875,1.2));
#12056=CARTESIAN_POINT('',(135.58125,-89.875,1.2));
#12057=CARTESIAN_POINT('',(135.08125,-89.375,1.2));
#12058=CARTESIAN_POINT('Origin',(135.58114893182,-89.37510106817,1.2));
#12059=CARTESIAN_POINT('',(135.08125,-76.325,1.2));
#12060=CARTESIAN_POINT('',(102.988,-59.625,1.2));
#12061=CARTESIAN_POINT('',(102.488,-60.125,1.2));
#12062=CARTESIAN_POINT('Origin',(102.98800133357,-60.12500133357,1.2));
#12063=CARTESIAN_POINT('',(116.088,-59.625,1.2));
#12064=CARTESIAN_POINT('',(116.088,-59.625,1.2));
#12065=CARTESIAN_POINT('',(116.588,-60.124997,1.2));
#12066=CARTESIAN_POINT('Origin',(116.08799866642,-60.12500133359,1.2));
#12067=CARTESIAN_POINT('',(116.588,-73.225,1.2));
#12068=CARTESIAN_POINT('',(116.588,-73.225,1.2));
#12069=CARTESIAN_POINT('',(116.088003,-73.725,1.2));
#12070=CARTESIAN_POINT('Origin',(116.0879986664,-73.22499866642,1.2));
#12071=CARTESIAN_POINT('',(102.988,-73.725,1.2));
#12072=CARTESIAN_POINT('',(102.988,-73.725,1.2));
#12073=CARTESIAN_POINT('',(102.488,-73.225003,1.2));
#12074=CARTESIAN_POINT('Origin',(102.98800133358,-73.2249986664,1.2));
#12075=CARTESIAN_POINT('',(102.488,-60.125,1.2));
#12076=CARTESIAN_POINT('',(83.937,-59.625,1.2));
#12077=CARTESIAN_POINT('',(83.437,-60.125,1.2));
#12078=CARTESIAN_POINT('Origin',(83.937001333573,-60.12500133357,1.2));
#12079=CARTESIAN_POINT('',(97.037,-59.625,1.2));
#12080=CARTESIAN_POINT('',(97.037,-59.625,1.2));
#12081=CARTESIAN_POINT('',(97.537,-60.124997,1.2));
#12082=CARTESIAN_POINT('Origin',(97.03699866642,-60.12500133359,1.2));
#12083=CARTESIAN_POINT('',(97.537,-73.225,1.2));
#12084=CARTESIAN_POINT('',(97.537,-73.225,1.2));
#12085=CARTESIAN_POINT('',(97.037003,-73.725,1.2));
#12086=CARTESIAN_POINT('Origin',(97.036998666403,-73.22499866642,1.2));
#12087=CARTESIAN_POINT('',(83.937,-73.725,1.2));
#12088=CARTESIAN_POINT('',(83.937,-73.725,1.2));
#12089=CARTESIAN_POINT('',(83.437,-73.225003,1.2));
#12090=CARTESIAN_POINT('Origin',(83.93700133358,-73.2249986664,1.2));
#12091=CARTESIAN_POINT('',(83.437,-60.125,1.2));
#12092=CARTESIAN_POINT('',(64.888,-59.625,1.2));
#12093=CARTESIAN_POINT('',(64.388,-60.125,1.2));
#12094=CARTESIAN_POINT('Origin',(64.888001333573,-60.12500133357,1.2));
#12095=CARTESIAN_POINT('',(77.988,-59.625,1.2));
#12096=CARTESIAN_POINT('',(77.988,-59.625,1.2));
#12097=CARTESIAN_POINT('',(78.488,-60.124997,1.2));
#12098=CARTESIAN_POINT('Origin',(77.98799866642,-60.12500133359,1.2));
#12099=CARTESIAN_POINT('',(78.488,-73.225,1.2));
#12100=CARTESIAN_POINT('',(78.488,-73.225,1.2));
#12101=CARTESIAN_POINT('',(77.988003,-73.725,1.2));
#12102=CARTESIAN_POINT('Origin',(77.987998666403,-73.22499866642,1.2));
#12103=CARTESIAN_POINT('',(64.888,-73.725,1.2));
#12104=CARTESIAN_POINT('',(64.888,-73.725,1.2));
#12105=CARTESIAN_POINT('',(64.388,-73.225003,1.2));
#12106=CARTESIAN_POINT('Origin',(64.88800133358,-73.2249986664,1.2));
#12107=CARTESIAN_POINT('',(64.388,-60.125,1.2));
#12108=CARTESIAN_POINT('',(45.838,-59.625,1.2));
#12109=CARTESIAN_POINT('',(45.338,-60.125,1.2));
#12110=CARTESIAN_POINT('Origin',(45.838001333573,-60.12500133357,1.2));
#12111=CARTESIAN_POINT('',(58.938,-59.625,1.2));
#12112=CARTESIAN_POINT('',(58.938,-59.625,1.2));
#12113=CARTESIAN_POINT('',(59.438,-60.124997,1.2));
#12114=CARTESIAN_POINT('Origin',(58.93799866642,-60.12500133359,1.2));
#12115=CARTESIAN_POINT('',(59.438,-73.225,1.2));
#12116=CARTESIAN_POINT('',(59.438,-73.225,1.2));
#12117=CARTESIAN_POINT('',(58.938003,-73.725,1.2));
#12118=CARTESIAN_POINT('Origin',(58.937998666403,-73.22499866642,1.2));
#12119=CARTESIAN_POINT('',(45.838,-73.725,1.2));
#12120=CARTESIAN_POINT('',(45.838,-73.725,1.2));
#12121=CARTESIAN_POINT('',(45.338,-73.225003,1.2));
#12122=CARTESIAN_POINT('Origin',(45.83800133358,-73.2249986664,1.2));
#12123=CARTESIAN_POINT('',(45.338,-60.125,1.2));
#12124=CARTESIAN_POINT('',(19.644,-59.625,1.2));
#12125=CARTESIAN_POINT('',(19.144,-60.125,1.2));
#12126=CARTESIAN_POINT('Origin',(19.644001333573,-60.12500133357,1.2));
#12127=CARTESIAN_POINT('',(32.744,-59.625,1.2));
#12128=CARTESIAN_POINT('',(32.744,-59.625,1.2));
#12129=CARTESIAN_POINT('',(33.244,-60.124997,1.2));
#12130=CARTESIAN_POINT('Origin',(32.74399866642,-60.12500133359,1.2));
#12131=CARTESIAN_POINT('',(33.244,-73.225,1.2));
#12132=CARTESIAN_POINT('',(33.244,-73.225,1.2));
#12133=CARTESIAN_POINT('',(32.744003,-73.725,1.2));
#12134=CARTESIAN_POINT('Origin',(32.743998666403,-73.22499866642,1.2));
#12135=CARTESIAN_POINT('',(19.644,-73.725,1.2));
#12136=CARTESIAN_POINT('',(19.644,-73.725,1.2));
#12137=CARTESIAN_POINT('',(19.144,-73.225003,1.2));
#12138=CARTESIAN_POINT('Origin',(19.64400133358,-73.2249986664,1.2));
#12139=CARTESIAN_POINT('',(19.144,-60.125,1.2));
#12140=CARTESIAN_POINT('',(117.3275,-89.375,1.2));
#12141=CARTESIAN_POINT('',(117.3275,-89.375,1.2));
#12142=CARTESIAN_POINT('',(116.8275,-89.875,1.2));
#12143=CARTESIAN_POINT('Origin',(116.82760106817,-89.37510106817,1.2));
#12144=CARTESIAN_POINT('',(111.765,-89.875,1.2));
#12145=CARTESIAN_POINT('',(111.765,-89.875,1.2));
#12146=CARTESIAN_POINT('',(111.265,-89.3749,1.2));
#12147=CARTESIAN_POINT('Origin',(111.76510036295,-89.37489964711,1.2));
#12148=CARTESIAN_POINT('',(111.265,-79.08125,1.2));
#12149=CARTESIAN_POINT('',(111.265,-79.08125,1.2));
#12150=CARTESIAN_POINT('',(110.765,-78.58125,1.2));
#12151=CARTESIAN_POINT('Origin',(110.76486546842,-79.08138453158,1.2));
#12152=CARTESIAN_POINT('',(109.94375,-78.58125,1.2));
#12153=CARTESIAN_POINT('',(109.94375,-78.58125,1.2));
#12154=CARTESIAN_POINT('',(109.44375,-79.08125,1.2));
#12155=CARTESIAN_POINT('Origin',(109.94366258246,-79.08116258246,1.2));
#12156=CARTESIAN_POINT('',(109.44375,-92.275,1.2));
#12157=CARTESIAN_POINT('',(109.44375,-92.275,1.2));
#12158=CARTESIAN_POINT('',(108.94375,-92.775,1.2));
#12159=CARTESIAN_POINT('Origin',(108.94374866643,-92.27499866643,1.2));
#12160=CARTESIAN_POINT('',(95.84375,-92.775,1.2));
#12161=CARTESIAN_POINT('',(95.84375,-92.775,1.2));
#12162=CARTESIAN_POINT('',(95.34375,-92.275,1.2));
#12163=CARTESIAN_POINT('Origin',(95.843751333568,-92.27499866643,1.2));
#12164=CARTESIAN_POINT('',(95.34375,-79.08125,1.2));
#12165=CARTESIAN_POINT('',(95.34375,-79.08125,1.2));
#12166=CARTESIAN_POINT('',(94.84375,-78.58125,1.2));
#12167=CARTESIAN_POINT('Origin',(94.843700861613,-79.08129913838,1.2));
#12168=CARTESIAN_POINT('',(94.01875,-78.58125,1.2));
#12169=CARTESIAN_POINT('',(94.01875,-78.58125,1.2));
#12170=CARTESIAN_POINT('',(93.51875,-79.08125,1.2));
#12171=CARTESIAN_POINT('Origin',(94.018834998969,-79.08133499896,1.2));
#12172=CARTESIAN_POINT('',(93.51875,-89.3749,1.2));
#12173=CARTESIAN_POINT('',(93.51875,-89.3749,1.2));
#12174=CARTESIAN_POINT('',(93.01875,-89.875,1.2));
#12175=CARTESIAN_POINT('Origin',(93.018649637046,-89.37489964711,1.2));
#12176=CARTESIAN_POINT('',(87.95625,-89.875,1.2));
#12177=CARTESIAN_POINT('',(87.95625,-89.875,1.2));
#12178=CARTESIAN_POINT('',(87.45625,-89.375101,1.2));
#12179=CARTESIAN_POINT('Origin',(87.956148924606,-89.37510108561,1.2));
#12180=CARTESIAN_POINT('',(87.45625,-76.325,1.2));
#12181=CARTESIAN_POINT('',(87.45625,-76.325,1.2));
#12182=CARTESIAN_POINT('',(87.95625,-75.825,1.2));
#12183=CARTESIAN_POINT('Origin',(87.956350370078,-76.32510037007,1.2));
#12184=CARTESIAN_POINT('',(93.01875,-75.825,1.2));
#12185=CARTESIAN_POINT('',(93.01875,-75.825,1.2));
#12186=CARTESIAN_POINT('',(93.51875,-76.325,1.2));
#12187=CARTESIAN_POINT('Origin',(93.018851068172,-76.32489893182,1.2));
#12188=CARTESIAN_POINT('',(94.01875,-76.825,1.2));
#12189=CARTESIAN_POINT('Origin',(94.018648931828,-76.32510106817,1.2));
#12190=CARTESIAN_POINT('',(110.765,-76.825,1.2));
#12191=CARTESIAN_POINT('',(110.765,-76.825,1.2));
#12192=CARTESIAN_POINT('',(111.265,-76.325,1.2));
#12193=CARTESIAN_POINT('Origin',(110.76495086161,-76.32495086161,1.2));
#12194=CARTESIAN_POINT('',(111.765,-75.825,1.2));
#12195=CARTESIAN_POINT('Origin',(111.76504913838,-76.32504913838,1.2));
#12196=CARTESIAN_POINT('',(116.8275,-75.825,1.2));
#12197=CARTESIAN_POINT('',(116.8275,-75.825,1.2));
#12198=CARTESIAN_POINT('',(117.3275,-76.325,1.2));
#12199=CARTESIAN_POINT('Origin',(116.82745086161,-76.32504913838,1.2));
#12200=CARTESIAN_POINT('',(117.3275,-84.1266718940174,1.2));
#12201=CARTESIAN_POINT('',(117.3275,-89.375,1.2));
#12202=CARTESIAN_POINT('Origin',(117.8275,-84.1266718940174,1.2));
#12203=CARTESIAN_POINT('',(78.58125,-84.625,1.2));
#12204=CARTESIAN_POINT('Origin',(78.58125,-85.725,1.2));
#12205=CARTESIAN_POINT('',(57.744,-78.675,1.2));
#12206=CARTESIAN_POINT('',(57.244,-79.175,1.2));
#12207=CARTESIAN_POINT('Origin',(57.744001333573,-79.17500133357,1.2));
#12208=CARTESIAN_POINT('',(70.844,-78.675,1.2));
#12209=CARTESIAN_POINT('',(70.844,-78.675,1.2));
#12210=CARTESIAN_POINT('',(71.344,-79.174997,1.2));
#12211=CARTESIAN_POINT('Origin',(70.84399866642,-79.17500133359,1.2));
#12212=CARTESIAN_POINT('',(71.344,-92.275,1.2));
#12213=CARTESIAN_POINT('',(71.344,-92.275,1.2));
#12214=CARTESIAN_POINT('',(70.844003,-92.775,1.2));
#12215=CARTESIAN_POINT('Origin',(70.843998666403,-92.27499866642,1.2));
#12216=CARTESIAN_POINT('',(57.744,-92.775,1.2));
#12217=CARTESIAN_POINT('',(57.744,-92.775,1.2));
#12218=CARTESIAN_POINT('',(57.244,-92.275003,1.2));
#12219=CARTESIAN_POINT('Origin',(57.74400133358,-92.2749986664,1.2));
#12220=CARTESIAN_POINT('',(57.244,-79.175,1.2));
#12221=CARTESIAN_POINT('',(36.313,-78.675,1.2));
#12222=CARTESIAN_POINT('',(35.813,-79.175,1.2));
#12223=CARTESIAN_POINT('Origin',(36.313001333573,-79.17500133357,1.2));
#12224=CARTESIAN_POINT('',(49.413,-78.675,1.2));
#12225=CARTESIAN_POINT('',(49.413,-78.675,1.2));
#12226=CARTESIAN_POINT('',(49.913,-79.174997,1.2));
#12227=CARTESIAN_POINT('Origin',(49.41299866642,-79.17500133359,1.2));
#12228=CARTESIAN_POINT('',(49.913,-92.275,1.2));
#12229=CARTESIAN_POINT('',(49.913,-92.275,1.2));
#12230=CARTESIAN_POINT('',(49.413003,-92.775,1.2));
#12231=CARTESIAN_POINT('Origin',(49.412998666403,-92.27499866642,1.2));
#12232=CARTESIAN_POINT('',(36.313,-92.775,1.2));
#12233=CARTESIAN_POINT('',(36.313,-92.775,1.2));
#12234=CARTESIAN_POINT('',(35.813,-92.275003,1.2));
#12235=CARTESIAN_POINT('Origin',(36.31300133358,-92.2749986664,1.2));
#12236=CARTESIAN_POINT('',(35.813,-79.175,1.2));
#12237=CARTESIAN_POINT('',(14.881,-78.675,1.2));
#12238=CARTESIAN_POINT('',(14.381,-79.175,1.2));
#12239=CARTESIAN_POINT('Origin',(14.881001333573,-79.17500133357,1.2));
#12240=CARTESIAN_POINT('',(27.981,-78.675,1.2));
#12241=CARTESIAN_POINT('',(27.981,-78.675,1.2));
#12242=CARTESIAN_POINT('',(28.481,-79.174997,1.2));
#12243=CARTESIAN_POINT('Origin',(27.98099866642,-79.17500133359,1.2));
#12244=CARTESIAN_POINT('',(28.481,-92.275,1.2));
#12245=CARTESIAN_POINT('',(28.481,-92.275,1.2));
#12246=CARTESIAN_POINT('',(27.981003,-92.775,1.2));
#12247=CARTESIAN_POINT('Origin',(27.980998666403,-92.27499866642,1.2));
#12248=CARTESIAN_POINT('',(14.881,-92.775,1.2));
#12249=CARTESIAN_POINT('',(14.881,-92.775,1.2));
#12250=CARTESIAN_POINT('',(14.381,-92.275003,1.2));
#12251=CARTESIAN_POINT('Origin',(14.88100133358,-92.2749986664,1.2));
#12252=CARTESIAN_POINT('',(14.381,-79.175,1.2));
#12253=CARTESIAN_POINT('Origin',(117.8275,-84.1266718940174,1.2));
#12254=CARTESIAN_POINT('',(117.3275,-84.1266718940174,0.));
#12255=CARTESIAN_POINT('Origin',(117.8275,-84.1266718940174,0.));
#12256=CARTESIAN_POINT('',(117.3275,-84.1266718940174,1.2));
#12257=CARTESIAN_POINT('Origin',(117.3275,-89.375,0.));
#12258=CARTESIAN_POINT('',(117.3275,-76.325,0.));
#12259=CARTESIAN_POINT('',(117.3275,-76.325,0.));
#12260=CARTESIAN_POINT('',(117.3275,-89.375,0.));
#12261=CARTESIAN_POINT('Origin',(134.58125,-87.3233281059833,1.2));
#12262=CARTESIAN_POINT('',(135.08125,-87.3233281059833,0.));
#12263=CARTESIAN_POINT('',(134.604101562498,-86.8238505728635,0.));
#12264=CARTESIAN_POINT('Origin',(134.58125,-87.3233281059833,0.));
#12265=CARTESIAN_POINT('',(134.604101562498,-86.8238505728635,1.2));
#12266=CARTESIAN_POINT('',(135.08125,-87.3233281059833,1.2));
#12267=CARTESIAN_POINT('Origin',(135.08125,-76.325,0.));
#12268=CARTESIAN_POINT('',(135.08125,-89.375,0.));
#12269=CARTESIAN_POINT('',(135.08125,-89.375,0.));
#12270=CARTESIAN_POINT('',(135.08125,-76.325,0.));
#12271=CARTESIAN_POINT('Origin',(134.58125,-84.1266718940167,1.2));
#12272=CARTESIAN_POINT('',(134.604101562498,-84.6261494271365,0.));
#12273=CARTESIAN_POINT('',(134.604101562498,-84.6261494271365,1.2));
#12274=CARTESIAN_POINT('',(135.08125,-84.1266718940167,0.));
#12275=CARTESIAN_POINT('Origin',(134.58125,-84.1266718940167,0.));
#12276=CARTESIAN_POINT('',(135.08125,-84.1266718940167,1.2));
#12277=CARTESIAN_POINT('Origin',(135.08125,-76.325,0.));
#12278=CARTESIAN_POINT('',(135.08125,-76.325,0.));
#12279=CARTESIAN_POINT('',(135.08125,-76.325,0.));
#12280=CARTESIAN_POINT('',(135.08125,-76.325,0.));
#12281=CARTESIAN_POINT('Origin',(134.654374999992,-85.725,1.2));
#12282=CARTESIAN_POINT('Origin',(134.654374999992,-85.725,0.));
#12283=CARTESIAN_POINT('Origin',(117.3275,-89.375,0.));
#12284=CARTESIAN_POINT('',(117.3275,-89.375,0.));
#12285=CARTESIAN_POINT('',(117.3275,-89.375,0.));
#12286=CARTESIAN_POINT('',(117.3275,-89.375,0.));
#12287=CARTESIAN_POINT('Origin',(235.74374992249,-21.4312500775,0.));
#12288=CARTESIAN_POINT('',(235.74375,-19.05,0.));
#12289=CARTESIAN_POINT('',(235.74375,-19.05,0.));
#12290=CARTESIAN_POINT('',(238.125,-21.43125,0.));
#12291=CARTESIAN_POINT('',(238.125,-21.43125,0.));
#12292=CARTESIAN_POINT('Origin',(235.74374992249,-21.4312500775,0.));
#12293=CARTESIAN_POINT('Origin',(11.90625,-19.05,0.));
#12294=CARTESIAN_POINT('',(11.90625,-19.05,0.));
#12295=CARTESIAN_POINT('',(11.90625,-19.05,0.));
#12296=CARTESIAN_POINT('',(11.90625,-19.05,0.));
#12297=CARTESIAN_POINT('Origin',(238.125,-21.43125,0.));
#12298=CARTESIAN_POINT('',(238.124999,-92.86875,0.));
#12299=CARTESIAN_POINT('',(238.124999,-92.86875,0.));
#12300=CARTESIAN_POINT('',(238.125,-21.43125,0.));
#12301=CARTESIAN_POINT('Origin',(0.,0.,0.));
#12302=CARTESIAN_POINT('',(235.74375,-95.25,0.));
#12303=CARTESIAN_POINT('Origin',(235.7437506296,-92.8687516296,0.));
#12304=CARTESIAN_POINT('',(11.90625,-95.25,0.));
#12305=CARTESIAN_POINT('',(235.74375,-95.25,0.));
#12306=CARTESIAN_POINT('',(9.525,-92.86875,0.));
#12307=CARTESIAN_POINT('Origin',(11.906250077504,-92.86874992249,0.));
#12308=CARTESIAN_POINT('',(9.525,-21.43125,0.));
#12309=CARTESIAN_POINT('',(9.525,-92.86875,0.));
#12310=CARTESIAN_POINT('Origin',(11.906250077504,-21.4312500775,0.));
#12311=CARTESIAN_POINT('',(116.8275,-75.825,0.));
#12312=CARTESIAN_POINT('Origin',(116.82745086161,-76.32504913838,0.));
#12313=CARTESIAN_POINT('',(111.765,-75.825,0.));
#12314=CARTESIAN_POINT('',(116.8275,-75.825,0.));
#12315=CARTESIAN_POINT('',(111.265,-76.325,0.));
#12316=CARTESIAN_POINT('Origin',(111.76504913838,-76.32504913838,0.));
#12317=CARTESIAN_POINT('',(110.765,-76.825,0.));
#12318=CARTESIAN_POINT('Origin',(110.76495086161,-76.32495086161,0.));
#12319=CARTESIAN_POINT('',(94.01875,-76.825,0.));
#12320=CARTESIAN_POINT('',(110.765,-76.825,0.));
#12321=CARTESIAN_POINT('',(93.51875,-76.325,0.));
#12322=CARTESIAN_POINT('Origin',(94.018648931828,-76.32510106817,0.));
#12323=CARTESIAN_POINT('',(93.01875,-75.825,0.));
#12324=CARTESIAN_POINT('Origin',(93.018851068172,-76.32489893182,0.));
#12325=CARTESIAN_POINT('',(87.95625,-75.825,0.));
#12326=CARTESIAN_POINT('',(93.01875,-75.825,0.));
#12327=CARTESIAN_POINT('',(87.45625,-76.325,0.));
#12328=CARTESIAN_POINT('Origin',(87.956350370078,-76.32510037007,0.));
#12329=CARTESIAN_POINT('',(87.45625,-89.375101,0.));
#12330=CARTESIAN_POINT('',(87.45625,-76.325,0.));
#12331=CARTESIAN_POINT('',(87.95625,-89.875,0.));
#12332=CARTESIAN_POINT('Origin',(87.956148924606,-89.37510108561,0.));
#12333=CARTESIAN_POINT('',(93.01875,-89.875,0.));
#12334=CARTESIAN_POINT('',(87.95625,-89.875,0.));
#12335=CARTESIAN_POINT('',(93.51875,-89.3749,0.));
#12336=CARTESIAN_POINT('Origin',(93.018649637046,-89.37489964711,0.));
#12337=CARTESIAN_POINT('',(93.51875,-79.08125,0.));
#12338=CARTESIAN_POINT('',(93.51875,-89.3749,0.));
#12339=CARTESIAN_POINT('',(94.01875,-78.58125,0.));
#12340=CARTESIAN_POINT('Origin',(94.018834998969,-79.08133499896,0.));
#12341=CARTESIAN_POINT('',(94.84375,-78.58125,0.));
#12342=CARTESIAN_POINT('',(94.01875,-78.58125,0.));
#12343=CARTESIAN_POINT('',(95.34375,-79.08125,0.));
#12344=CARTESIAN_POINT('Origin',(94.843700861613,-79.08129913838,0.));
#12345=CARTESIAN_POINT('',(95.34375,-92.275,0.));
#12346=CARTESIAN_POINT('',(95.34375,-79.08125,0.));
#12347=CARTESIAN_POINT('',(95.84375,-92.775,0.));
#12348=CARTESIAN_POINT('Origin',(95.843751333568,-92.27499866643,0.));
#12349=CARTESIAN_POINT('',(108.94375,-92.775,0.));
#12350=CARTESIAN_POINT('',(95.84375,-92.775,0.));
#12351=CARTESIAN_POINT('',(109.44375,-92.275,0.));
#12352=CARTESIAN_POINT('Origin',(108.94374866643,-92.27499866643,0.));
#12353=CARTESIAN_POINT('',(109.44375,-79.08125,0.));
#12354=CARTESIAN_POINT('',(109.44375,-92.275,0.));
#12355=CARTESIAN_POINT('',(109.94375,-78.58125,0.));
#12356=CARTESIAN_POINT('Origin',(109.94366258246,-79.08116258246,0.));
#12357=CARTESIAN_POINT('',(110.765,-78.58125,0.));
#12358=CARTESIAN_POINT('',(109.94375,-78.58125,0.));
#12359=CARTESIAN_POINT('',(111.265,-79.08125,0.));
#12360=CARTESIAN_POINT('Origin',(110.76486546842,-79.08138453158,0.));
#12361=CARTESIAN_POINT('',(111.265,-89.3749,0.));
#12362=CARTESIAN_POINT('',(111.265,-79.08125,0.));
#12363=CARTESIAN_POINT('',(111.765,-89.875,0.));
#12364=CARTESIAN_POINT('Origin',(111.76510036295,-89.37489964711,0.));
#12365=CARTESIAN_POINT('',(116.8275,-89.875,0.));
#12366=CARTESIAN_POINT('',(111.765,-89.875,0.));
#12367=CARTESIAN_POINT('Origin',(116.82760106817,-89.37510106817,0.));
#12368=CARTESIAN_POINT('',(135.58125,-89.875,0.));
#12369=CARTESIAN_POINT('Origin',(135.58114893182,-89.37510106817,0.));
#12370=CARTESIAN_POINT('',(140.64375,-89.875,0.));
#12371=CARTESIAN_POINT('',(135.58125,-89.875,0.));
#12372=CARTESIAN_POINT('',(141.14375,-89.3749,0.));
#12373=CARTESIAN_POINT('Origin',(140.64364963704,-89.37489964711,0.));
#12374=CARTESIAN_POINT('',(141.14375,-79.08125,0.));
#12375=CARTESIAN_POINT('',(141.14375,-89.3749,0.));
#12376=CARTESIAN_POINT('',(141.64375,-78.58125,0.));
#12377=CARTESIAN_POINT('Origin',(141.64383499896,-79.08133499896,0.));
#12378=CARTESIAN_POINT('',(142.46875,-78.58125,0.));
#12379=CARTESIAN_POINT('',(141.64375,-78.58125,0.));
#12380=CARTESIAN_POINT('',(142.96875,-79.08125,0.));
#12381=CARTESIAN_POINT('Origin',(142.46870086161,-79.08129913838,0.));
#12382=CARTESIAN_POINT('',(142.96875,-92.275003,0.));
#12383=CARTESIAN_POINT('',(142.96875,-79.08125,0.));
#12384=CARTESIAN_POINT('',(143.46875,-92.775,0.));
#12385=CARTESIAN_POINT('Origin',(143.46875133358,-92.2749986664,0.));
#12386=CARTESIAN_POINT('',(156.568753,-92.775,0.));
#12387=CARTESIAN_POINT('',(143.46875,-92.775,0.));
#12388=CARTESIAN_POINT('',(157.06875,-92.275,0.));
#12389=CARTESIAN_POINT('Origin',(156.5687486664,-92.27499866642,0.));
#12390=CARTESIAN_POINT('',(157.06875,-79.08125,0.));
#12391=CARTESIAN_POINT('',(157.06875,-92.275,0.));
#12392=CARTESIAN_POINT('',(157.56875,-78.58125,0.));
#12393=CARTESIAN_POINT('Origin',(157.56866258246,-79.08116258246,0.));
#12394=CARTESIAN_POINT('',(158.39,-78.58125,0.));
#12395=CARTESIAN_POINT('',(157.56875,-78.58125,0.));
#12396=CARTESIAN_POINT('',(158.89,-79.08125,0.));
#12397=CARTESIAN_POINT('Origin',(158.38986546842,-79.08138453158,0.));
#12398=CARTESIAN_POINT('',(158.89,-89.375,0.));
#12399=CARTESIAN_POINT('',(158.89,-79.08125,0.));
#12400=CARTESIAN_POINT('',(159.39,-89.875,0.));
#12401=CARTESIAN_POINT('Origin',(159.39010037007,-89.37489962992,0.));
#12402=CARTESIAN_POINT('',(164.4525,-89.875,0.));
#12403=CARTESIAN_POINT('',(159.39,-89.875,0.));
#12404=CARTESIAN_POINT('',(164.9525,-89.375101,0.));
#12405=CARTESIAN_POINT('Origin',(164.45260107539,-89.37510108561,0.));
#12406=CARTESIAN_POINT('',(164.9525,-76.325,0.));
#12407=CARTESIAN_POINT('',(164.9525,-89.375101,0.));
#12408=CARTESIAN_POINT('',(164.4525,-75.825,0.));
#12409=CARTESIAN_POINT('Origin',(164.45245086161,-76.32504913838,0.));
#12410=CARTESIAN_POINT('',(159.39,-75.825,0.));
#12411=CARTESIAN_POINT('',(164.4525,-75.825,0.));
#12412=CARTESIAN_POINT('',(158.89,-76.325,0.));
#12413=CARTESIAN_POINT('Origin',(159.39004913838,-76.32504913838,0.));
#12414=CARTESIAN_POINT('',(158.39,-76.825,0.));
#12415=CARTESIAN_POINT('Origin',(158.38995086161,-76.32495086161,0.));
#12416=CARTESIAN_POINT('',(141.64375,-76.825,0.));
#12417=CARTESIAN_POINT('',(158.39,-76.825,0.));
#12418=CARTESIAN_POINT('',(141.14375,-76.325,0.));
#12419=CARTESIAN_POINT('Origin',(141.64364893182,-76.32510106817,0.));
#12420=CARTESIAN_POINT('',(140.64375,-75.825,0.));
#12421=CARTESIAN_POINT('Origin',(140.64385106817,-76.32489893182,0.));
#12422=CARTESIAN_POINT('',(135.58125,-75.825,0.));
#12423=CARTESIAN_POINT('',(140.64375,-75.825,0.));
#12424=CARTESIAN_POINT('Origin',(135.58135037007,-76.32510037007,0.));
#12425=CARTESIAN_POINT('',(222.05,-21.525,0.));
#12426=CARTESIAN_POINT('',(221.55,-22.025,0.));
#12427=CARTESIAN_POINT('Origin',(222.05000133357,-22.02500133357,0.));
#12428=CARTESIAN_POINT('',(221.55,-35.125003,0.));
#12429=CARTESIAN_POINT('',(221.55,-22.025,0.));
#12430=CARTESIAN_POINT('',(222.05,-35.625,0.));
#12431=CARTESIAN_POINT('Origin',(222.05000133358,-35.1249986664,0.));
#12432=CARTESIAN_POINT('',(235.150003,-35.625,0.));
#12433=CARTESIAN_POINT('',(222.05,-35.625,0.));
#12434=CARTESIAN_POINT('',(235.65,-35.125,0.));
#12435=CARTESIAN_POINT('Origin',(235.1499986664,-35.12499866642,0.));
#12436=CARTESIAN_POINT('',(235.65,-22.024997,0.));
#12437=CARTESIAN_POINT('',(235.65,-35.125,0.));
#12438=CARTESIAN_POINT('',(235.15,-21.525,0.));
#12439=CARTESIAN_POINT('Origin',(235.14999866642,-22.02500133359,0.));
#12440=CARTESIAN_POINT('',(235.15,-21.525,0.));
#12441=CARTESIAN_POINT('',(203.,-21.525,0.));
#12442=CARTESIAN_POINT('',(202.5,-22.025,0.));
#12443=CARTESIAN_POINT('Origin',(203.00000133357,-22.02500133357,0.));
#12444=CARTESIAN_POINT('',(202.5,-35.125003,0.));
#12445=CARTESIAN_POINT('',(202.5,-22.025,0.));
#12446=CARTESIAN_POINT('',(203.,-35.625,0.));
#12447=CARTESIAN_POINT('Origin',(203.00000133358,-35.1249986664,0.));
#12448=CARTESIAN_POINT('',(216.100003,-35.625,0.));
#12449=CARTESIAN_POINT('',(203.,-35.625,0.));
#12450=CARTESIAN_POINT('',(216.6,-35.125,0.));
#12451=CARTESIAN_POINT('Origin',(216.0999986664,-35.12499866642,0.));
#12452=CARTESIAN_POINT('',(216.6,-22.025,0.));
#12453=CARTESIAN_POINT('',(216.6,-35.125,0.));
#12454=CARTESIAN_POINT('',(216.1,-21.525,0.));
#12455=CARTESIAN_POINT('Origin',(216.09999866643,-22.02500133356,0.));
#12456=CARTESIAN_POINT('',(216.1,-21.525,0.));
#12457=CARTESIAN_POINT('',(183.95,-21.525,0.));
#12458=CARTESIAN_POINT('',(183.45,-22.025,0.));
#12459=CARTESIAN_POINT('Origin',(183.95000133357,-22.02500133357,0.));
#12460=CARTESIAN_POINT('',(183.45,-35.125003,0.));
#12461=CARTESIAN_POINT('',(183.45,-22.025,0.));
#12462=CARTESIAN_POINT('',(183.95,-35.625,0.));
#12463=CARTESIAN_POINT('Origin',(183.95000133358,-35.1249986664,0.));
#12464=CARTESIAN_POINT('',(197.05,-35.625,0.));
#12465=CARTESIAN_POINT('',(183.95,-35.625,0.));
#12466=CARTESIAN_POINT('',(197.55,-35.125,0.));
#12467=CARTESIAN_POINT('Origin',(197.04999866643,-35.12499866643,0.));
#12468=CARTESIAN_POINT('',(197.55,-22.024997,0.));
#12469=CARTESIAN_POINT('',(197.55,-35.125,0.));
#12470=CARTESIAN_POINT('',(197.05,-21.525,0.));
#12471=CARTESIAN_POINT('Origin',(197.04999866642,-22.02500133359,0.));
#12472=CARTESIAN_POINT('',(197.05,-21.525,0.));
#12473=CARTESIAN_POINT('',(164.9,-21.525,0.));
#12474=CARTESIAN_POINT('',(164.4,-22.025,0.));
#12475=CARTESIAN_POINT('Origin',(164.90000133357,-22.02500133357,0.));
#12476=CARTESIAN_POINT('',(164.4,-35.125003,0.));
#12477=CARTESIAN_POINT('',(164.4,-22.025,0.));
#12478=CARTESIAN_POINT('',(164.9,-35.625,0.));
#12479=CARTESIAN_POINT('Origin',(164.90000133358,-35.1249986664,0.));
#12480=CARTESIAN_POINT('',(178.000003,-35.625,0.));
#12481=CARTESIAN_POINT('',(164.9,-35.625,0.));
#12482=CARTESIAN_POINT('',(178.5,-35.125,0.));
#12483=CARTESIAN_POINT('Origin',(177.9999986664,-35.12499866642,0.));
#12484=CARTESIAN_POINT('',(178.5,-22.025,0.));
#12485=CARTESIAN_POINT('',(178.5,-35.125,0.));
#12486=CARTESIAN_POINT('',(178.,-21.525,0.));
#12487=CARTESIAN_POINT('Origin',(177.99999866643,-22.02500133356,0.));
#12488=CARTESIAN_POINT('',(178.,-21.525,0.));
#12489=CARTESIAN_POINT('',(145.85,-21.525,0.));
#12490=CARTESIAN_POINT('',(145.35,-22.025,0.));
#12491=CARTESIAN_POINT('Origin',(145.85000133357,-22.02500133357,0.));
#12492=CARTESIAN_POINT('',(145.35,-35.125003,0.));
#12493=CARTESIAN_POINT('',(145.35,-22.025,0.));
#12494=CARTESIAN_POINT('',(145.85,-35.625,0.));
#12495=CARTESIAN_POINT('Origin',(145.85000133358,-35.1249986664,0.));
#12496=CARTESIAN_POINT('',(158.950003,-35.625,0.));
#12497=CARTESIAN_POINT('',(145.85,-35.625,0.));
#12498=CARTESIAN_POINT('',(159.45,-35.125,0.));
#12499=CARTESIAN_POINT('Origin',(158.9499986664,-35.12499866642,0.));
#12500=CARTESIAN_POINT('',(159.45,-22.024997,0.));
#12501=CARTESIAN_POINT('',(159.45,-35.125,0.));
#12502=CARTESIAN_POINT('',(158.95,-21.525,0.));
#12503=CARTESIAN_POINT('Origin',(158.94999866642,-22.02500133359,0.));
#12504=CARTESIAN_POINT('',(158.95,-21.525,0.));
#12505=CARTESIAN_POINT('',(126.8,-21.525,0.));
#12506=CARTESIAN_POINT('',(126.3,-22.025,0.));
#12507=CARTESIAN_POINT('Origin',(126.80000133357,-22.02500133357,0.));
#12508=CARTESIAN_POINT('',(126.3,-35.125003,0.));
#12509=CARTESIAN_POINT('',(126.3,-22.025,0.));
#12510=CARTESIAN_POINT('',(126.8,-35.625,0.));
#12511=CARTESIAN_POINT('Origin',(126.80000133358,-35.1249986664,0.));
#12512=CARTESIAN_POINT('',(139.900003,-35.625,0.));
#12513=CARTESIAN_POINT('',(126.8,-35.625,0.));
#12514=CARTESIAN_POINT('',(140.4,-35.125,0.));
#12515=CARTESIAN_POINT('Origin',(139.8999986664,-35.12499866642,0.));
#12516=CARTESIAN_POINT('',(140.4,-22.025,0.));
#12517=CARTESIAN_POINT('',(140.4,-35.125,0.));
#12518=CARTESIAN_POINT('',(139.9,-21.525,0.));
#12519=CARTESIAN_POINT('Origin',(139.89999866643,-22.02500133356,0.));
#12520=CARTESIAN_POINT('',(139.9,-21.525,0.));
#12521=CARTESIAN_POINT('',(208.359375,-41.7625,0.));
#12522=CARTESIAN_POINT('Origin',(208.359375,-42.8625,0.));
#12523=CARTESIAN_POINT('',(214.906,-40.575,0.));
#12524=CARTESIAN_POINT('',(214.406,-41.075,0.));
#12525=CARTESIAN_POINT('Origin',(214.90600133357,-41.07500133357,0.));
#12526=CARTESIAN_POINT('',(214.406,-54.175003,0.));
#12527=CARTESIAN_POINT('',(214.406,-41.075,0.));
#12528=CARTESIAN_POINT('',(214.906,-54.675,0.));
#12529=CARTESIAN_POINT('Origin',(214.90600133358,-54.1749986664,0.));
#12530=CARTESIAN_POINT('',(228.006003,-54.675,0.));
#12531=CARTESIAN_POINT('',(214.906,-54.675,0.));
#12532=CARTESIAN_POINT('',(228.506,-54.175,0.));
#12533=CARTESIAN_POINT('Origin',(228.0059986664,-54.17499866642,0.));
#12534=CARTESIAN_POINT('',(228.506,-41.074997,0.));
#12535=CARTESIAN_POINT('',(228.506,-54.175,0.));
#12536=CARTESIAN_POINT('',(228.006,-40.575,0.));
#12537=CARTESIAN_POINT('Origin',(228.00599866642,-41.07500133359,0.));
#12538=CARTESIAN_POINT('',(228.006,-40.575,0.));
#12539=CARTESIAN_POINT('',(188.713,-40.575,0.));
#12540=CARTESIAN_POINT('',(188.213,-41.075,0.));
#12541=CARTESIAN_POINT('Origin',(188.71300133357,-41.07500133357,0.));
#12542=CARTESIAN_POINT('',(188.213,-54.175003,0.));
#12543=CARTESIAN_POINT('',(188.213,-41.075,0.));
#12544=CARTESIAN_POINT('',(188.713,-54.675,0.));
#12545=CARTESIAN_POINT('Origin',(188.71300133358,-54.1749986664,0.));
#12546=CARTESIAN_POINT('',(201.813003,-54.675,0.));
#12547=CARTESIAN_POINT('',(188.713,-54.675,0.));
#12548=CARTESIAN_POINT('',(202.313,-54.175,0.));
#12549=CARTESIAN_POINT('Origin',(201.8129986664,-54.17499866642,0.));
#12550=CARTESIAN_POINT('',(202.313,-41.074997,0.));
#12551=CARTESIAN_POINT('',(202.313,-54.175,0.));
#12552=CARTESIAN_POINT('',(201.813,-40.575,0.));
#12553=CARTESIAN_POINT('Origin',(201.81299866642,-41.07500133359,0.));
#12554=CARTESIAN_POINT('',(201.813,-40.575,0.));
#12555=CARTESIAN_POINT('',(169.663,-40.575,0.));
#12556=CARTESIAN_POINT('',(169.163,-41.075,0.));
#12557=CARTESIAN_POINT('Origin',(169.66300133357,-41.07500133357,0.));
#12558=CARTESIAN_POINT('',(169.163,-54.175003,0.));
#12559=CARTESIAN_POINT('',(169.163,-41.075,0.));
#12560=CARTESIAN_POINT('',(169.663,-54.675,0.));
#12561=CARTESIAN_POINT('Origin',(169.66300133358,-54.1749986664,0.));
#12562=CARTESIAN_POINT('',(182.763003,-54.675,0.));
#12563=CARTESIAN_POINT('',(169.663,-54.675,0.));
#12564=CARTESIAN_POINT('',(183.263,-54.175,0.));
#12565=CARTESIAN_POINT('Origin',(182.7629986664,-54.17499866642,0.));
#12566=CARTESIAN_POINT('',(183.263,-41.074997,0.));
#12567=CARTESIAN_POINT('',(183.263,-54.175,0.));
#12568=CARTESIAN_POINT('',(182.763,-40.575,0.));
#12569=CARTESIAN_POINT('Origin',(182.76299866642,-41.07500133359,0.));
#12570=CARTESIAN_POINT('',(182.763,-40.575,0.));
#12571=CARTESIAN_POINT('',(150.612,-40.575,0.));
#12572=CARTESIAN_POINT('',(150.112,-41.075,0.));
#12573=CARTESIAN_POINT('Origin',(150.61200133357,-41.07500133357,0.));
#12574=CARTESIAN_POINT('',(150.112,-54.175003,0.));
#12575=CARTESIAN_POINT('',(150.112,-41.075,0.));
#12576=CARTESIAN_POINT('',(150.612,-54.675,0.));
#12577=CARTESIAN_POINT('Origin',(150.61200133358,-54.1749986664,0.));
#12578=CARTESIAN_POINT('',(163.712003,-54.675,0.));
#12579=CARTESIAN_POINT('',(150.612,-54.675,0.));
#12580=CARTESIAN_POINT('',(164.212,-54.175,0.));
#12581=CARTESIAN_POINT('Origin',(163.7119986664,-54.17499866642,0.));
#12582=CARTESIAN_POINT('',(164.212,-41.074997,0.));
#12583=CARTESIAN_POINT('',(164.212,-54.175,0.));
#12584=CARTESIAN_POINT('',(163.712,-40.575,0.));
#12585=CARTESIAN_POINT('Origin',(163.71199866642,-41.07500133359,0.));
#12586=CARTESIAN_POINT('',(163.712,-40.575,0.));
#12587=CARTESIAN_POINT('',(131.563,-40.575,0.));
#12588=CARTESIAN_POINT('',(131.063,-41.075,0.));
#12589=CARTESIAN_POINT('Origin',(131.56300133357,-41.07500133357,0.));
#12590=CARTESIAN_POINT('',(131.063,-54.175003,0.));
#12591=CARTESIAN_POINT('',(131.063,-41.075,0.));
#12592=CARTESIAN_POINT('',(131.563,-54.675,0.));
#12593=CARTESIAN_POINT('Origin',(131.56300133358,-54.1749986664,0.));
#12594=CARTESIAN_POINT('',(144.663003,-54.675,0.));
#12595=CARTESIAN_POINT('',(131.563,-54.675,0.));
#12596=CARTESIAN_POINT('',(145.163,-54.175,0.));
#12597=CARTESIAN_POINT('Origin',(144.6629986664,-54.17499866642,0.));
#12598=CARTESIAN_POINT('',(145.163,-41.075,0.));
#12599=CARTESIAN_POINT('',(145.163,-54.175,0.));
#12600=CARTESIAN_POINT('',(144.663,-40.575,0.));
#12601=CARTESIAN_POINT('Origin',(144.66299866643,-41.07500133356,0.));
#12602=CARTESIAN_POINT('',(144.663,-40.575,0.));
#12603=CARTESIAN_POINT('',(107.75,-21.525,0.));
#12604=CARTESIAN_POINT('',(107.25,-22.025,0.));
#12605=CARTESIAN_POINT('Origin',(107.75000133357,-22.02500133357,0.));
#12606=CARTESIAN_POINT('',(107.25,-35.125003,0.));
#12607=CARTESIAN_POINT('',(107.25,-22.025,0.));
#12608=CARTESIAN_POINT('',(107.75,-35.625,0.));
#12609=CARTESIAN_POINT('Origin',(107.75000133358,-35.1249986664,0.));
#12610=CARTESIAN_POINT('',(120.85,-35.625,0.));
#12611=CARTESIAN_POINT('',(107.75,-35.625,0.));
#12612=CARTESIAN_POINT('',(121.35,-35.125,0.));
#12613=CARTESIAN_POINT('Origin',(120.84999866643,-35.12499866643,0.));
#12614=CARTESIAN_POINT('',(121.35,-22.024997,0.));
#12615=CARTESIAN_POINT('',(121.35,-35.125,0.));
#12616=CARTESIAN_POINT('',(120.85,-21.525,0.));
#12617=CARTESIAN_POINT('Origin',(120.84999866642,-22.02500133359,0.));
#12618=CARTESIAN_POINT('',(120.85,-21.525,0.));
#12619=CARTESIAN_POINT('',(88.7,-21.525,0.));
#12620=CARTESIAN_POINT('',(88.2,-22.025,0.));
#12621=CARTESIAN_POINT('Origin',(88.700001333573,-22.02500133357,0.));
#12622=CARTESIAN_POINT('',(88.2,-35.125003,0.));
#12623=CARTESIAN_POINT('',(88.2,-22.025,0.));
#12624=CARTESIAN_POINT('',(88.7,-35.625,0.));
#12625=CARTESIAN_POINT('Origin',(88.70000133358,-35.1249986664,0.));
#12626=CARTESIAN_POINT('',(101.8,-35.625,0.));
#12627=CARTESIAN_POINT('',(88.7,-35.625,0.));
#12628=CARTESIAN_POINT('',(102.3,-35.125,0.));
#12629=CARTESIAN_POINT('Origin',(101.79999866643,-35.12499866643,0.));
#12630=CARTESIAN_POINT('',(102.3,-22.024997,0.));
#12631=CARTESIAN_POINT('',(102.3,-35.125,0.));
#12632=CARTESIAN_POINT('',(101.8,-21.525,0.));
#12633=CARTESIAN_POINT('Origin',(101.79999866642,-22.02500133359,0.));
#12634=CARTESIAN_POINT('',(101.8,-21.525,0.));
#12635=CARTESIAN_POINT('',(69.65,-21.525,0.));
#12636=CARTESIAN_POINT('',(69.15,-22.025,0.));
#12637=CARTESIAN_POINT('Origin',(69.650001333573,-22.02500133357,0.));
#12638=CARTESIAN_POINT('',(69.15,-35.125003,0.));
#12639=CARTESIAN_POINT('',(69.15,-22.025,0.));
#12640=CARTESIAN_POINT('',(69.65,-35.625,0.));
#12641=CARTESIAN_POINT('Origin',(69.65000133358,-35.1249986664,0.));
#12642=CARTESIAN_POINT('',(82.750003,-35.625,0.));
#12643=CARTESIAN_POINT('',(69.65,-35.625,0.));
#12644=CARTESIAN_POINT('',(83.25,-35.125,0.));
#12645=CARTESIAN_POINT('Origin',(82.749998666403,-35.12499866642,0.));
#12646=CARTESIAN_POINT('',(83.25,-22.024997,0.));
#12647=CARTESIAN_POINT('',(83.25,-35.125,0.));
#12648=CARTESIAN_POINT('',(82.75,-21.525,0.));
#12649=CARTESIAN_POINT('Origin',(82.74999866642,-22.02500133359,0.));
#12650=CARTESIAN_POINT('',(82.75,-21.525,0.));
#12651=CARTESIAN_POINT('',(50.6,-21.525,0.));
#12652=CARTESIAN_POINT('',(50.1,-22.025,0.));
#12653=CARTESIAN_POINT('Origin',(50.600001333573,-22.02500133357,0.));
#12654=CARTESIAN_POINT('',(50.1,-35.125003,0.));
#12655=CARTESIAN_POINT('',(50.1,-22.025,0.));
#12656=CARTESIAN_POINT('',(50.6,-35.625,0.));
#12657=CARTESIAN_POINT('Origin',(50.60000133358,-35.1249986664,0.));
#12658=CARTESIAN_POINT('',(63.700003,-35.625,0.));
#12659=CARTESIAN_POINT('',(50.6,-35.625,0.));
#12660=CARTESIAN_POINT('',(64.2,-35.125,0.));
#12661=CARTESIAN_POINT('Origin',(63.699998666403,-35.12499866642,0.));
#12662=CARTESIAN_POINT('',(64.2,-22.024997,0.));
#12663=CARTESIAN_POINT('',(64.2,-35.125,0.));
#12664=CARTESIAN_POINT('',(63.7,-21.525,0.));
#12665=CARTESIAN_POINT('Origin',(63.69999866642,-22.02500133359,0.));
#12666=CARTESIAN_POINT('',(63.7,-21.525,0.));
#12667=CARTESIAN_POINT('',(31.55,-21.525,0.));
#12668=CARTESIAN_POINT('',(31.05,-22.025,0.));
#12669=CARTESIAN_POINT('Origin',(31.550001333573,-22.02500133357,0.));
#12670=CARTESIAN_POINT('',(31.05,-35.125003,0.));
#12671=CARTESIAN_POINT('',(31.05,-22.025,0.));
#12672=CARTESIAN_POINT('',(31.55,-35.625,0.));
#12673=CARTESIAN_POINT('Origin',(31.55000133358,-35.1249986664,0.));
#12674=CARTESIAN_POINT('',(44.650003,-35.625,0.));
#12675=CARTESIAN_POINT('',(31.55,-35.625,0.));
#12676=CARTESIAN_POINT('',(45.15,-35.125,0.));
#12677=CARTESIAN_POINT('Origin',(44.649998666403,-35.12499866642,0.));
#12678=CARTESIAN_POINT('',(45.15,-22.025,0.));
#12679=CARTESIAN_POINT('',(45.15,-35.125,0.));
#12680=CARTESIAN_POINT('',(44.65,-21.525,0.));
#12681=CARTESIAN_POINT('Origin',(44.649998666432,-22.02500133356,0.));
#12682=CARTESIAN_POINT('',(44.65,-21.525,0.));
#12683=CARTESIAN_POINT('',(12.5,-21.525,0.));
#12684=CARTESIAN_POINT('',(12.,-22.025,0.));
#12685=CARTESIAN_POINT('Origin',(12.500001333573,-22.02500133357,0.));
#12686=CARTESIAN_POINT('',(12.,-35.125003,0.));
#12687=CARTESIAN_POINT('',(12.,-22.025,0.));
#12688=CARTESIAN_POINT('',(12.5,-35.625,0.));
#12689=CARTESIAN_POINT('Origin',(12.50000133358,-35.1249986664,0.));
#12690=CARTESIAN_POINT('',(25.600003,-35.625,0.));
#12691=CARTESIAN_POINT('',(12.5,-35.625,0.));
#12692=CARTESIAN_POINT('',(26.1,-35.125,0.));
#12693=CARTESIAN_POINT('Origin',(25.599998666403,-35.12499866642,0.));
#12694=CARTESIAN_POINT('',(26.1,-22.025,0.));
#12695=CARTESIAN_POINT('',(26.1,-35.125,0.));
#12696=CARTESIAN_POINT('',(25.6,-21.525,0.));
#12697=CARTESIAN_POINT('Origin',(25.599998666432,-22.02500133356,0.));
#12698=CARTESIAN_POINT('',(25.6,-21.525,0.));
#12699=CARTESIAN_POINT('',(112.513,-40.575,0.));
#12700=CARTESIAN_POINT('',(112.013,-41.075,0.));
#12701=CARTESIAN_POINT('Origin',(112.51300133357,-41.07500133357,0.));
#12702=CARTESIAN_POINT('',(112.013,-54.175003,0.));
#12703=CARTESIAN_POINT('',(112.013,-41.075,0.));
#12704=CARTESIAN_POINT('',(112.513,-54.675,0.));
#12705=CARTESIAN_POINT('Origin',(112.51300133358,-54.1749986664,0.));
#12706=CARTESIAN_POINT('',(125.613,-54.675,0.));
#12707=CARTESIAN_POINT('',(112.513,-54.675,0.));
#12708=CARTESIAN_POINT('',(126.113,-54.175,0.));
#12709=CARTESIAN_POINT('Origin',(125.61299866643,-54.17499866643,0.));
#12710=CARTESIAN_POINT('',(126.113,-41.074997,0.));
#12711=CARTESIAN_POINT('',(126.113,-54.175,0.));
#12712=CARTESIAN_POINT('',(125.613,-40.575,0.));
#12713=CARTESIAN_POINT('Origin',(125.61299866642,-41.07500133359,0.));
#12714=CARTESIAN_POINT('',(125.613,-40.575,0.));
#12715=CARTESIAN_POINT('',(93.463,-40.575,0.));
#12716=CARTESIAN_POINT('',(92.963,-41.075,0.));
#12717=CARTESIAN_POINT('Origin',(93.463001333573,-41.07500133357,0.));
#12718=CARTESIAN_POINT('',(92.963,-54.175003,0.));
#12719=CARTESIAN_POINT('',(92.963,-41.075,0.));
#12720=CARTESIAN_POINT('',(93.463,-54.675,0.));
#12721=CARTESIAN_POINT('Origin',(93.46300133358,-54.1749986664,0.));
#12722=CARTESIAN_POINT('',(106.563003,-54.675,0.));
#12723=CARTESIAN_POINT('',(93.463,-54.675,0.));
#12724=CARTESIAN_POINT('',(107.063,-54.175,0.));
#12725=CARTESIAN_POINT('Origin',(106.5629986664,-54.17499866642,0.));
#12726=CARTESIAN_POINT('',(107.063,-41.075,0.));
#12727=CARTESIAN_POINT('',(107.063,-54.175,0.));
#12728=CARTESIAN_POINT('',(106.563,-40.575,0.));
#12729=CARTESIAN_POINT('Origin',(106.56299866643,-41.07500133356,0.));
#12730=CARTESIAN_POINT('',(106.563,-40.575,0.));
#12731=CARTESIAN_POINT('',(74.413,-40.575,0.));
#12732=CARTESIAN_POINT('',(73.913,-41.075,0.));
#12733=CARTESIAN_POINT('Origin',(74.413001333573,-41.07500133357,0.));
#12734=CARTESIAN_POINT('',(73.913,-54.175003,0.));
#12735=CARTESIAN_POINT('',(73.913,-41.075,0.));
#12736=CARTESIAN_POINT('',(74.413,-54.675,0.));
#12737=CARTESIAN_POINT('Origin',(74.41300133358,-54.1749986664,0.));
#12738=CARTESIAN_POINT('',(87.513,-54.675,0.));
#12739=CARTESIAN_POINT('',(74.413,-54.675,0.));
#12740=CARTESIAN_POINT('',(88.013,-54.175,0.));
#12741=CARTESIAN_POINT('Origin',(87.512998666432,-54.17499866643,0.));
#12742=CARTESIAN_POINT('',(88.013,-41.074997,0.));
#12743=CARTESIAN_POINT('',(88.013,-54.175,0.));
#12744=CARTESIAN_POINT('',(87.513,-40.575,0.));
#12745=CARTESIAN_POINT('Origin',(87.51299866642,-41.07500133359,0.));
#12746=CARTESIAN_POINT('',(87.513,-40.575,0.));
#12747=CARTESIAN_POINT('',(55.363,-40.575,0.));
#12748=CARTESIAN_POINT('',(54.863,-41.075,0.));
#12749=CARTESIAN_POINT('Origin',(55.363001333573,-41.07500133357,0.));
#12750=CARTESIAN_POINT('',(54.863,-54.175003,0.));
#12751=CARTESIAN_POINT('',(54.863,-41.075,0.));
#12752=CARTESIAN_POINT('',(55.363,-54.675,0.));
#12753=CARTESIAN_POINT('Origin',(55.36300133358,-54.1749986664,0.));
#12754=CARTESIAN_POINT('',(68.463,-54.675,0.));
#12755=CARTESIAN_POINT('',(55.363,-54.675,0.));
#12756=CARTESIAN_POINT('',(68.963,-54.175,0.));
#12757=CARTESIAN_POINT('Origin',(68.462998666432,-54.17499866643,0.));
#12758=CARTESIAN_POINT('',(68.963,-41.074997,0.));
#12759=CARTESIAN_POINT('',(68.963,-54.175,0.));
#12760=CARTESIAN_POINT('',(68.463,-40.575,0.));
#12761=CARTESIAN_POINT('Origin',(68.46299866642,-41.07500133359,0.));
#12762=CARTESIAN_POINT('',(68.463,-40.575,0.));
#12763=CARTESIAN_POINT('',(36.313,-40.575,0.));
#12764=CARTESIAN_POINT('',(35.813,-41.075,0.));
#12765=CARTESIAN_POINT('Origin',(36.313001333573,-41.07500133357,0.));
#12766=CARTESIAN_POINT('',(35.813,-54.175003,0.));
#12767=CARTESIAN_POINT('',(35.813,-41.075,0.));
#12768=CARTESIAN_POINT('',(36.313,-54.675,0.));
#12769=CARTESIAN_POINT('Origin',(36.31300133358,-54.1749986664,0.));
#12770=CARTESIAN_POINT('',(49.413003,-54.675,0.));
#12771=CARTESIAN_POINT('',(36.313,-54.675,0.));
#12772=CARTESIAN_POINT('',(49.913,-54.175,0.));
#12773=CARTESIAN_POINT('Origin',(49.412998666403,-54.17499866642,0.));
#12774=CARTESIAN_POINT('',(49.913,-41.074997,0.));
#12775=CARTESIAN_POINT('',(49.913,-54.175,0.));
#12776=CARTESIAN_POINT('',(49.413,-40.575,0.));
#12777=CARTESIAN_POINT('Origin',(49.41299866642,-41.07500133359,0.));
#12778=CARTESIAN_POINT('',(49.413,-40.575,0.));
#12779=CARTESIAN_POINT('',(32.146875,-41.7625,0.));
#12780=CARTESIAN_POINT('Origin',(32.146875,-42.8625,0.));
#12781=CARTESIAN_POINT('',(14.881,-40.575,0.));
#12782=CARTESIAN_POINT('',(14.381,-41.075,0.));
#12783=CARTESIAN_POINT('Origin',(14.881001333573,-41.07500133357,0.));
#12784=CARTESIAN_POINT('',(14.381,-54.175003,0.));
#12785=CARTESIAN_POINT('',(14.381,-41.075,0.));
#12786=CARTESIAN_POINT('',(14.881,-54.675,0.));
#12787=CARTESIAN_POINT('Origin',(14.88100133358,-54.1749986664,0.));
#12788=CARTESIAN_POINT('',(27.981,-54.675,0.));
#12789=CARTESIAN_POINT('',(14.881,-54.675,0.));
#12790=CARTESIAN_POINT('',(28.481,-54.175,0.));
#12791=CARTESIAN_POINT('Origin',(27.980998666432,-54.17499866643,0.));
#12792=CARTESIAN_POINT('',(28.481,-41.074997,0.));
#12793=CARTESIAN_POINT('',(28.481,-54.175,0.));
#12794=CARTESIAN_POINT('',(27.981,-40.575,0.));
#12795=CARTESIAN_POINT('Origin',(27.98099866642,-41.07500133359,0.));
#12796=CARTESIAN_POINT('',(27.981,-40.575,0.));
#12797=CARTESIAN_POINT('',(219.669,-59.625,0.));
#12798=CARTESIAN_POINT('',(219.169,-60.125,0.));
#12799=CARTESIAN_POINT('Origin',(219.66900133357,-60.12500133357,0.));
#12800=CARTESIAN_POINT('',(219.169,-73.225003,0.));
#12801=CARTESIAN_POINT('',(219.169,-60.125,0.));
#12802=CARTESIAN_POINT('',(219.669,-73.725,0.));
#12803=CARTESIAN_POINT('Origin',(219.66900133358,-73.2249986664,0.));
#12804=CARTESIAN_POINT('',(232.769003,-73.725,0.));
#12805=CARTESIAN_POINT('',(219.669,-73.725,0.));
#12806=CARTESIAN_POINT('',(233.269,-73.225,0.));
#12807=CARTESIAN_POINT('Origin',(232.7689986664,-73.22499866642,0.));
#12808=CARTESIAN_POINT('',(233.269,-60.124997,0.));
#12809=CARTESIAN_POINT('',(233.269,-73.225,0.));
#12810=CARTESIAN_POINT('',(232.769,-59.625,0.));
#12811=CARTESIAN_POINT('Origin',(232.76899866642,-60.12500133359,0.));
#12812=CARTESIAN_POINT('',(232.769,-59.625,0.));
#12813=CARTESIAN_POINT('',(198.237,-59.625,0.));
#12814=CARTESIAN_POINT('',(197.737,-60.125,0.));
#12815=CARTESIAN_POINT('Origin',(198.23700133357,-60.12500133357,0.));
#12816=CARTESIAN_POINT('',(197.737,-73.225003,0.));
#12817=CARTESIAN_POINT('',(197.737,-60.125,0.));
#12818=CARTESIAN_POINT('',(198.237,-73.725,0.));
#12819=CARTESIAN_POINT('Origin',(198.23700133358,-73.2249986664,0.));
#12820=CARTESIAN_POINT('',(211.337003,-73.725,0.));
#12821=CARTESIAN_POINT('',(198.237,-73.725,0.));
#12822=CARTESIAN_POINT('',(211.837,-73.225,0.));
#12823=CARTESIAN_POINT('Origin',(211.3369986664,-73.22499866642,0.));
#12824=CARTESIAN_POINT('',(211.837,-60.124997,0.));
#12825=CARTESIAN_POINT('',(211.837,-73.225,0.));
#12826=CARTESIAN_POINT('',(211.337,-59.625,0.));
#12827=CARTESIAN_POINT('Origin',(211.33699866642,-60.12500133359,0.));
#12828=CARTESIAN_POINT('',(211.337,-59.625,0.));
#12829=CARTESIAN_POINT('',(179.188,-59.625,0.));
#12830=CARTESIAN_POINT('',(178.688,-60.125,0.));
#12831=CARTESIAN_POINT('Origin',(179.18800133357,-60.12500133357,0.));
#12832=CARTESIAN_POINT('',(178.688,-73.225003,0.));
#12833=CARTESIAN_POINT('',(178.688,-60.125,0.));
#12834=CARTESIAN_POINT('',(179.188,-73.725,0.));
#12835=CARTESIAN_POINT('Origin',(179.18800133358,-73.2249986664,0.));
#12836=CARTESIAN_POINT('',(192.288003,-73.725,0.));
#12837=CARTESIAN_POINT('',(179.188,-73.725,0.));
#12838=CARTESIAN_POINT('',(192.788,-73.225,0.));
#12839=CARTESIAN_POINT('Origin',(192.2879986664,-73.22499866642,0.));
#12840=CARTESIAN_POINT('',(192.788,-60.124997,0.));
#12841=CARTESIAN_POINT('',(192.788,-73.225,0.));
#12842=CARTESIAN_POINT('',(192.288,-59.625,0.));
#12843=CARTESIAN_POINT('Origin',(192.28799866642,-60.12500133359,0.));
#12844=CARTESIAN_POINT('',(192.288,-59.625,0.));
#12845=CARTESIAN_POINT('',(160.138,-59.625,0.));
#12846=CARTESIAN_POINT('',(159.638,-60.125,0.));
#12847=CARTESIAN_POINT('Origin',(160.13800133357,-60.12500133357,0.));
#12848=CARTESIAN_POINT('',(159.638,-73.225003,0.));
#12849=CARTESIAN_POINT('',(159.638,-60.125,0.));
#12850=CARTESIAN_POINT('',(160.138,-73.725,0.));
#12851=CARTESIAN_POINT('Origin',(160.13800133358,-73.2249986664,0.));
#12852=CARTESIAN_POINT('',(173.238003,-73.725,0.));
#12853=CARTESIAN_POINT('',(160.138,-73.725,0.));
#12854=CARTESIAN_POINT('',(173.738,-73.225,0.));
#12855=CARTESIAN_POINT('Origin',(173.2379986664,-73.22499866642,0.));
#12856=CARTESIAN_POINT('',(173.738,-60.124997,0.));
#12857=CARTESIAN_POINT('',(173.738,-73.225,0.));
#12858=CARTESIAN_POINT('',(173.238,-59.625,0.));
#12859=CARTESIAN_POINT('Origin',(173.23799866642,-60.12500133359,0.));
#12860=CARTESIAN_POINT('',(173.238,-59.625,0.));
#12861=CARTESIAN_POINT('',(141.088,-59.625,0.));
#12862=CARTESIAN_POINT('',(140.588,-60.125,0.));
#12863=CARTESIAN_POINT('Origin',(141.08800133357,-60.12500133357,0.));
#12864=CARTESIAN_POINT('',(140.588,-73.225003,0.));
#12865=CARTESIAN_POINT('',(140.588,-60.125,0.));
#12866=CARTESIAN_POINT('',(141.088,-73.725,0.));
#12867=CARTESIAN_POINT('Origin',(141.08800133358,-73.2249986664,0.));
#12868=CARTESIAN_POINT('',(154.188003,-73.725,0.));
#12869=CARTESIAN_POINT('',(141.088,-73.725,0.));
#12870=CARTESIAN_POINT('',(154.688,-73.225,0.));
#12871=CARTESIAN_POINT('Origin',(154.1879986664,-73.22499866642,0.));
#12872=CARTESIAN_POINT('',(154.688,-60.124997,0.));
#12873=CARTESIAN_POINT('',(154.688,-73.225,0.));
#12874=CARTESIAN_POINT('',(154.188,-59.625,0.));
#12875=CARTESIAN_POINT('Origin',(154.18799866642,-60.12500133359,0.));
#12876=CARTESIAN_POINT('',(154.188,-59.625,0.));
#12877=CARTESIAN_POINT('',(122.038,-59.625,0.));
#12878=CARTESIAN_POINT('',(121.538,-60.125,0.));
#12879=CARTESIAN_POINT('Origin',(122.03800133357,-60.12500133357,0.));
#12880=CARTESIAN_POINT('',(121.538,-73.225003,0.));
#12881=CARTESIAN_POINT('',(121.538,-60.125,0.));
#12882=CARTESIAN_POINT('',(122.038,-73.725,0.));
#12883=CARTESIAN_POINT('Origin',(122.03800133358,-73.2249986664,0.));
#12884=CARTESIAN_POINT('',(135.138003,-73.725,0.));
#12885=CARTESIAN_POINT('',(122.038,-73.725,0.));
#12886=CARTESIAN_POINT('',(135.638,-73.225,0.));
#12887=CARTESIAN_POINT('Origin',(135.1379986664,-73.22499866642,0.));
#12888=CARTESIAN_POINT('',(135.638,-60.125,0.));
#12889=CARTESIAN_POINT('',(135.638,-73.225,0.));
#12890=CARTESIAN_POINT('',(135.138,-59.625,0.));
#12891=CARTESIAN_POINT('Origin',(135.13799866643,-60.12500133356,0.));
#12892=CARTESIAN_POINT('',(135.138,-59.625,0.));
#12893=CARTESIAN_POINT('',(219.669,-78.675,0.));
#12894=CARTESIAN_POINT('',(219.169,-79.175,0.));
#12895=CARTESIAN_POINT('Origin',(219.66900133357,-79.17500133357,0.));
#12896=CARTESIAN_POINT('',(219.169,-92.275003,0.));
#12897=CARTESIAN_POINT('',(219.169,-79.175,0.));
#12898=CARTESIAN_POINT('',(219.669,-92.775,0.));
#12899=CARTESIAN_POINT('Origin',(219.66900133358,-92.2749986664,0.));
#12900=CARTESIAN_POINT('',(232.769003,-92.775,0.));
#12901=CARTESIAN_POINT('',(219.669,-92.775,0.));
#12902=CARTESIAN_POINT('',(233.269,-92.275,0.));
#12903=CARTESIAN_POINT('Origin',(232.7689986664,-92.27499866642,0.));
#12904=CARTESIAN_POINT('',(233.269,-79.174997,0.));
#12905=CARTESIAN_POINT('',(233.269,-92.275,0.));
#12906=CARTESIAN_POINT('',(232.769,-78.675,0.));
#12907=CARTESIAN_POINT('Origin',(232.76899866642,-79.17500133359,0.));
#12908=CARTESIAN_POINT('',(232.769,-78.675,0.));
#12909=CARTESIAN_POINT('',(198.237,-78.675,0.));
#12910=CARTESIAN_POINT('',(197.737,-79.175,0.));
#12911=CARTESIAN_POINT('Origin',(198.23700133357,-79.17500133357,0.));
#12912=CARTESIAN_POINT('',(197.737,-92.275003,0.));
#12913=CARTESIAN_POINT('',(197.737,-79.175,0.));
#12914=CARTESIAN_POINT('',(198.237,-92.775,0.));
#12915=CARTESIAN_POINT('Origin',(198.23700133358,-92.2749986664,0.));
#12916=CARTESIAN_POINT('',(211.337003,-92.775,0.));
#12917=CARTESIAN_POINT('',(198.237,-92.775,0.));
#12918=CARTESIAN_POINT('',(211.837,-92.275,0.));
#12919=CARTESIAN_POINT('Origin',(211.3369986664,-92.27499866642,0.));
#12920=CARTESIAN_POINT('',(211.837,-79.174997,0.));
#12921=CARTESIAN_POINT('',(211.837,-92.275,0.));
#12922=CARTESIAN_POINT('',(211.337,-78.675,0.));
#12923=CARTESIAN_POINT('Origin',(211.33699866642,-79.17500133359,0.));
#12924=CARTESIAN_POINT('',(211.337,-78.675,0.));
#12925=CARTESIAN_POINT('',(176.806,-78.675,0.));
#12926=CARTESIAN_POINT('',(176.306,-79.175,0.));
#12927=CARTESIAN_POINT('Origin',(176.80600133357,-79.17500133357,0.));
#12928=CARTESIAN_POINT('',(176.306,-92.275003,0.));
#12929=CARTESIAN_POINT('',(176.306,-79.175,0.));
#12930=CARTESIAN_POINT('',(176.806,-92.775,0.));
#12931=CARTESIAN_POINT('Origin',(176.80600133358,-92.2749986664,0.));
#12932=CARTESIAN_POINT('',(189.906003,-92.775,0.));
#12933=CARTESIAN_POINT('',(176.806,-92.775,0.));
#12934=CARTESIAN_POINT('',(190.406,-92.275,0.));
#12935=CARTESIAN_POINT('Origin',(189.9059986664,-92.27499866642,0.));
#12936=CARTESIAN_POINT('',(190.406,-79.174997,0.));
#12937=CARTESIAN_POINT('',(190.406,-92.275,0.));
#12938=CARTESIAN_POINT('',(189.906,-78.675,0.));
#12939=CARTESIAN_POINT('Origin',(189.90599866642,-79.17500133359,0.));
#12940=CARTESIAN_POINT('',(189.906,-78.675,0.));
#12941=CARTESIAN_POINT('',(169.06875,-84.625,0.));
#12942=CARTESIAN_POINT('Origin',(169.06875,-85.725,0.));
#12943=CARTESIAN_POINT('',(102.988,-59.625,0.));
#12944=CARTESIAN_POINT('',(102.488,-60.125,0.));
#12945=CARTESIAN_POINT('Origin',(102.98800133357,-60.12500133357,0.));
#12946=CARTESIAN_POINT('',(102.488,-73.225003,0.));
#12947=CARTESIAN_POINT('',(102.488,-60.125,0.));
#12948=CARTESIAN_POINT('',(102.988,-73.725,0.));
#12949=CARTESIAN_POINT('Origin',(102.98800133358,-73.2249986664,0.));
#12950=CARTESIAN_POINT('',(116.088003,-73.725,0.));
#12951=CARTESIAN_POINT('',(102.988,-73.725,0.));
#12952=CARTESIAN_POINT('',(116.588,-73.225,0.));
#12953=CARTESIAN_POINT('Origin',(116.0879986664,-73.22499866642,0.));
#12954=CARTESIAN_POINT('',(116.588,-60.124997,0.));
#12955=CARTESIAN_POINT('',(116.588,-73.225,0.));
#12956=CARTESIAN_POINT('',(116.088,-59.625,0.));
#12957=CARTESIAN_POINT('Origin',(116.08799866642,-60.12500133359,0.));
#12958=CARTESIAN_POINT('',(116.088,-59.625,0.));
#12959=CARTESIAN_POINT('',(83.937,-59.625,0.));
#12960=CARTESIAN_POINT('',(83.437,-60.125,0.));
#12961=CARTESIAN_POINT('Origin',(83.937001333573,-60.12500133357,0.));
#12962=CARTESIAN_POINT('',(83.437,-73.225003,0.));
#12963=CARTESIAN_POINT('',(83.437,-60.125,0.));
#12964=CARTESIAN_POINT('',(83.937,-73.725,0.));
#12965=CARTESIAN_POINT('Origin',(83.93700133358,-73.2249986664,0.));
#12966=CARTESIAN_POINT('',(97.037003,-73.725,0.));
#12967=CARTESIAN_POINT('',(83.937,-73.725,0.));
#12968=CARTESIAN_POINT('',(97.537,-73.225,0.));
#12969=CARTESIAN_POINT('Origin',(97.036998666403,-73.22499866642,0.));
#12970=CARTESIAN_POINT('',(97.537,-60.124997,0.));
#12971=CARTESIAN_POINT('',(97.537,-73.225,0.));
#12972=CARTESIAN_POINT('',(97.037,-59.625,0.));
#12973=CARTESIAN_POINT('Origin',(97.03699866642,-60.12500133359,0.));
#12974=CARTESIAN_POINT('',(97.037,-59.625,0.));
#12975=CARTESIAN_POINT('',(64.888,-59.625,0.));
#12976=CARTESIAN_POINT('',(64.388,-60.125,0.));
#12977=CARTESIAN_POINT('Origin',(64.888001333573,-60.12500133357,0.));
#12978=CARTESIAN_POINT('',(64.388,-73.225003,0.));
#12979=CARTESIAN_POINT('',(64.388,-60.125,0.));
#12980=CARTESIAN_POINT('',(64.888,-73.725,0.));
#12981=CARTESIAN_POINT('Origin',(64.88800133358,-73.2249986664,0.));
#12982=CARTESIAN_POINT('',(77.988003,-73.725,0.));
#12983=CARTESIAN_POINT('',(64.888,-73.725,0.));
#12984=CARTESIAN_POINT('',(78.488,-73.225,0.));
#12985=CARTESIAN_POINT('Origin',(77.987998666403,-73.22499866642,0.));
#12986=CARTESIAN_POINT('',(78.488,-60.124997,0.));
#12987=CARTESIAN_POINT('',(78.488,-73.225,0.));
#12988=CARTESIAN_POINT('',(77.988,-59.625,0.));
#12989=CARTESIAN_POINT('Origin',(77.98799866642,-60.12500133359,0.));
#12990=CARTESIAN_POINT('',(77.988,-59.625,0.));
#12991=CARTESIAN_POINT('',(45.838,-59.625,0.));
#12992=CARTESIAN_POINT('',(45.338,-60.125,0.));
#12993=CARTESIAN_POINT('Origin',(45.838001333573,-60.12500133357,0.));
#12994=CARTESIAN_POINT('',(45.338,-73.225003,0.));
#12995=CARTESIAN_POINT('',(45.338,-60.125,0.));
#12996=CARTESIAN_POINT('',(45.838,-73.725,0.));
#12997=CARTESIAN_POINT('Origin',(45.83800133358,-73.2249986664,0.));
#12998=CARTESIAN_POINT('',(58.938003,-73.725,0.));
#12999=CARTESIAN_POINT('',(45.838,-73.725,0.));
#13000=CARTESIAN_POINT('',(59.438,-73.225,0.));
#13001=CARTESIAN_POINT('Origin',(58.937998666403,-73.22499866642,0.));
#13002=CARTESIAN_POINT('',(59.438,-60.124997,0.));
#13003=CARTESIAN_POINT('',(59.438,-73.225,0.));
#13004=CARTESIAN_POINT('',(58.938,-59.625,0.));
#13005=CARTESIAN_POINT('Origin',(58.93799866642,-60.12500133359,0.));
#13006=CARTESIAN_POINT('',(58.938,-59.625,0.));
#13007=CARTESIAN_POINT('',(19.644,-59.625,0.));
#13008=CARTESIAN_POINT('',(19.144,-60.125,0.));
#13009=CARTESIAN_POINT('Origin',(19.644001333573,-60.12500133357,0.));
#13010=CARTESIAN_POINT('',(19.144,-73.225003,0.));
#13011=CARTESIAN_POINT('',(19.144,-60.125,0.));
#13012=CARTESIAN_POINT('',(19.644,-73.725,0.));
#13013=CARTESIAN_POINT('Origin',(19.64400133358,-73.2249986664,0.));
#13014=CARTESIAN_POINT('',(32.744003,-73.725,0.));
#13015=CARTESIAN_POINT('',(19.644,-73.725,0.));
#13016=CARTESIAN_POINT('',(33.244,-73.225,0.));
#13017=CARTESIAN_POINT('Origin',(32.743998666403,-73.22499866642,0.));
#13018=CARTESIAN_POINT('',(33.244,-60.124997,0.));
#13019=CARTESIAN_POINT('',(33.244,-73.225,0.));
#13020=CARTESIAN_POINT('',(32.744,-59.625,0.));
#13021=CARTESIAN_POINT('Origin',(32.74399866642,-60.12500133359,0.));
#13022=CARTESIAN_POINT('',(32.744,-59.625,0.));
#13023=CARTESIAN_POINT('',(78.58125,-84.625,0.));
#13024=CARTESIAN_POINT('Origin',(78.58125,-85.725,0.));
#13025=CARTESIAN_POINT('',(57.744,-78.675,0.));
#13026=CARTESIAN_POINT('',(57.244,-79.175,0.));
#13027=CARTESIAN_POINT('Origin',(57.744001333573,-79.17500133357,0.));
#13028=CARTESIAN_POINT('',(57.244,-92.275003,0.));
#13029=CARTESIAN_POINT('',(57.244,-79.175,0.));
#13030=CARTESIAN_POINT('',(57.744,-92.775,0.));
#13031=CARTESIAN_POINT('Origin',(57.74400133358,-92.2749986664,0.));
#13032=CARTESIAN_POINT('',(70.844003,-92.775,0.));
#13033=CARTESIAN_POINT('',(57.744,-92.775,0.));
#13034=CARTESIAN_POINT('',(71.344,-92.275,0.));
#13035=CARTESIAN_POINT('Origin',(70.843998666403,-92.27499866642,0.));
#13036=CARTESIAN_POINT('',(71.344,-79.174997,0.));
#13037=CARTESIAN_POINT('',(71.344,-92.275,0.));
#13038=CARTESIAN_POINT('',(70.844,-78.675,0.));
#13039=CARTESIAN_POINT('Origin',(70.84399866642,-79.17500133359,0.));
#13040=CARTESIAN_POINT('',(70.844,-78.675,0.));
#13041=CARTESIAN_POINT('',(36.313,-78.675,0.));
#13042=CARTESIAN_POINT('',(35.813,-79.175,0.));
#13043=CARTESIAN_POINT('Origin',(36.313001333573,-79.17500133357,0.));
#13044=CARTESIAN_POINT('',(35.813,-92.275003,0.));
#13045=CARTESIAN_POINT('',(35.813,-79.175,0.));
#13046=CARTESIAN_POINT('',(36.313,-92.775,0.));
#13047=CARTESIAN_POINT('Origin',(36.31300133358,-92.2749986664,0.));
#13048=CARTESIAN_POINT('',(49.413003,-92.775,0.));
#13049=CARTESIAN_POINT('',(36.313,-92.775,0.));
#13050=CARTESIAN_POINT('',(49.913,-92.275,0.));
#13051=CARTESIAN_POINT('Origin',(49.412998666403,-92.27499866642,0.));
#13052=CARTESIAN_POINT('',(49.913,-79.174997,0.));
#13053=CARTESIAN_POINT('',(49.913,-92.275,0.));
#13054=CARTESIAN_POINT('',(49.413,-78.675,0.));
#13055=CARTESIAN_POINT('Origin',(49.41299866642,-79.17500133359,0.));
#13056=CARTESIAN_POINT('',(49.413,-78.675,0.));
#13057=CARTESIAN_POINT('',(14.881,-78.675,0.));
#13058=CARTESIAN_POINT('',(14.381,-79.175,0.));
#13059=CARTESIAN_POINT('Origin',(14.881001333573,-79.17500133357,0.));
#13060=CARTESIAN_POINT('',(14.381,-92.275003,0.));
#13061=CARTESIAN_POINT('',(14.381,-79.175,0.));
#13062=CARTESIAN_POINT('',(14.881,-92.775,0.));
#13063=CARTESIAN_POINT('Origin',(14.88100133358,-92.2749986664,0.));
#13064=CARTESIAN_POINT('',(27.981003,-92.775,0.));
#13065=CARTESIAN_POINT('',(14.881,-92.775,0.));
#13066=CARTESIAN_POINT('',(28.481,-92.275,0.));
#13067=CARTESIAN_POINT('Origin',(27.980998666403,-92.27499866642,0.));
#13068=CARTESIAN_POINT('',(28.481,-79.174997,0.));
#13069=CARTESIAN_POINT('',(28.481,-92.275,0.));
#13070=CARTESIAN_POINT('',(27.981,-78.675,0.));
#13071=CARTESIAN_POINT('Origin',(27.98099866642,-79.17500133359,0.));
#13072=CARTESIAN_POINT('',(27.981,-78.675,0.));
#13073=CARTESIAN_POINT('Origin',(11.906250077504,-21.4312500775,0.));
#13074=CARTESIAN_POINT('',(9.525,-21.43125,0.));
#13075=CARTESIAN_POINT('Origin',(235.7437506296,-92.8687516296,0.));
#13076=CARTESIAN_POINT('',(235.74375,-95.25,0.));
#13077=CARTESIAN_POINT('Origin',(9.525,-92.86875,0.));
#13078=CARTESIAN_POINT('',(9.525,-92.86875,0.));
#13079=CARTESIAN_POINT('Origin',(235.74375,-95.25,0.));
#13080=CARTESIAN_POINT('',(11.90625,-95.25,0.));
#13081=CARTESIAN_POINT('Origin',(11.906250077504,-92.86874992249,0.));
#13082=CARTESIAN_POINT('Origin',(14.881001333573,-79.17500133357,0.));
#13083=CARTESIAN_POINT('',(14.881,-78.675,0.));
#13084=CARTESIAN_POINT('',(14.381,-79.175,0.));
#13085=CARTESIAN_POINT('Origin',(27.981,-78.675,0.));
#13086=CARTESIAN_POINT('',(27.981,-78.675,0.));
#13087=CARTESIAN_POINT('Origin',(14.381,-79.175,0.));
#13088=CARTESIAN_POINT('',(14.381,-92.275003,0.));
#13089=CARTESIAN_POINT('Origin',(27.98099866642,-79.17500133359,0.));
#13090=CARTESIAN_POINT('',(28.481,-79.174997,0.));
#13091=CARTESIAN_POINT('Origin',(14.88100133358,-92.2749986664,0.));
#13092=CARTESIAN_POINT('',(14.881,-92.775,0.));
#13093=CARTESIAN_POINT('Origin',(28.481,-92.275,0.));
#13094=CARTESIAN_POINT('',(28.481,-92.275,0.));
#13095=CARTESIAN_POINT('Origin',(14.881,-92.775,0.));
#13096=CARTESIAN_POINT('',(27.981003,-92.775,0.));
#13097=CARTESIAN_POINT('Origin',(27.980998666403,-92.27499866642,0.));
#13098=CARTESIAN_POINT('Origin',(36.313001333573,-79.17500133357,0.));
#13099=CARTESIAN_POINT('',(36.313,-78.675,0.));
#13100=CARTESIAN_POINT('',(35.813,-79.175,0.));
#13101=CARTESIAN_POINT('Origin',(49.413,-78.675,0.));
#13102=CARTESIAN_POINT('',(49.413,-78.675,0.));
#13103=CARTESIAN_POINT('Origin',(35.813,-79.175,0.));
#13104=CARTESIAN_POINT('',(35.813,-92.275003,0.));
#13105=CARTESIAN_POINT('Origin',(49.41299866642,-79.17500133359,0.));
#13106=CARTESIAN_POINT('',(49.913,-79.174997,0.));
#13107=CARTESIAN_POINT('Origin',(36.31300133358,-92.2749986664,0.));
#13108=CARTESIAN_POINT('',(36.313,-92.775,0.));
#13109=CARTESIAN_POINT('Origin',(49.913,-92.275,0.));
#13110=CARTESIAN_POINT('',(49.913,-92.275,0.));
#13111=CARTESIAN_POINT('Origin',(36.313,-92.775,0.));
#13112=CARTESIAN_POINT('',(49.413003,-92.775,0.));
#13113=CARTESIAN_POINT('Origin',(49.412998666403,-92.27499866642,0.));
#13114=CARTESIAN_POINT('Origin',(57.744001333573,-79.17500133357,0.));
#13115=CARTESIAN_POINT('',(57.744,-78.675,0.));
#13116=CARTESIAN_POINT('',(57.244,-79.175,0.));
#13117=CARTESIAN_POINT('Origin',(70.844,-78.675,0.));
#13118=CARTESIAN_POINT('',(70.844,-78.675,0.));
#13119=CARTESIAN_POINT('Origin',(57.244,-79.175,0.));
#13120=CARTESIAN_POINT('',(57.244,-92.275003,0.));
#13121=CARTESIAN_POINT('Origin',(70.84399866642,-79.17500133359,0.));
#13122=CARTESIAN_POINT('',(71.344,-79.174997,0.));
#13123=CARTESIAN_POINT('Origin',(57.74400133358,-92.2749986664,0.));
#13124=CARTESIAN_POINT('',(57.744,-92.775,0.));
#13125=CARTESIAN_POINT('Origin',(71.344,-92.275,0.));
#13126=CARTESIAN_POINT('',(71.344,-92.275,0.));
#13127=CARTESIAN_POINT('Origin',(57.744,-92.775,0.));
#13128=CARTESIAN_POINT('',(70.844003,-92.775,0.));
#13129=CARTESIAN_POINT('Origin',(70.843998666403,-92.27499866642,0.));
#13130=CARTESIAN_POINT('Origin',(78.58125,-85.725,-0.046));
#13131=CARTESIAN_POINT('',(78.58125,-84.625,-0.046));
#13132=CARTESIAN_POINT('Origin',(87.956350370078,-76.32510037007,0.));
#13133=CARTESIAN_POINT('',(87.95625,-75.825,0.));
#13134=CARTESIAN_POINT('',(87.45625,-76.325,0.));
#13135=CARTESIAN_POINT('Origin',(93.01875,-75.825,0.));
#13136=CARTESIAN_POINT('',(93.01875,-75.825,0.));
#13137=CARTESIAN_POINT('Origin',(87.45625,-76.325,0.));
#13138=CARTESIAN_POINT('',(87.45625,-89.375101,0.));
#13139=CARTESIAN_POINT('Origin',(93.018851068172,-76.32489893182,0.));
#13140=CARTESIAN_POINT('',(93.51875,-76.325,0.));
#13141=CARTESIAN_POINT('Origin',(87.956148924606,-89.37510108561,0.));
#13142=CARTESIAN_POINT('',(87.95625,-89.875,0.));
#13143=CARTESIAN_POINT('Origin',(94.018648931828,-76.32510106817,0.));
#13144=CARTESIAN_POINT('',(94.01875,-76.825,0.));
#13145=CARTESIAN_POINT('Origin',(87.95625,-89.875,0.));
#13146=CARTESIAN_POINT('',(93.01875,-89.875,0.));
#13147=CARTESIAN_POINT('Origin',(110.765,-76.825,0.));
#13148=CARTESIAN_POINT('',(110.765,-76.825,0.));
#13149=CARTESIAN_POINT('Origin',(93.018649637046,-89.37489964711,0.));
#13150=CARTESIAN_POINT('',(93.51875,-89.3749,0.));
#13151=CARTESIAN_POINT('Origin',(110.76495086161,-76.32495086161,0.));
#13152=CARTESIAN_POINT('',(111.265,-76.325,0.));
#13153=CARTESIAN_POINT('Origin',(93.51875,-89.3749,0.));
#13154=CARTESIAN_POINT('',(93.51875,-79.08125,0.));
#13155=CARTESIAN_POINT('Origin',(111.76504913838,-76.32504913838,0.));
#13156=CARTESIAN_POINT('',(111.765,-75.825,0.));
#13157=CARTESIAN_POINT('Origin',(94.018834998969,-79.08133499896,0.));
#13158=CARTESIAN_POINT('',(94.01875,-78.58125,0.));
#13159=CARTESIAN_POINT('Origin',(116.8275,-75.825,0.));
#13160=CARTESIAN_POINT('',(116.8275,-75.825,0.));
#13161=CARTESIAN_POINT('Origin',(94.01875,-78.58125,0.));
#13162=CARTESIAN_POINT('',(94.84375,-78.58125,0.));
#13163=CARTESIAN_POINT('Origin',(116.82745086161,-76.32504913838,0.));
#13164=CARTESIAN_POINT('Origin',(94.843700861613,-79.08129913838,0.));
#13165=CARTESIAN_POINT('',(95.34375,-79.08125,0.));
#13166=CARTESIAN_POINT('Origin',(95.34375,-79.08125,0.));
#13167=CARTESIAN_POINT('',(95.34375,-92.275,0.));
#13168=CARTESIAN_POINT('Origin',(116.82760106817,-89.37510106817,0.));
#13169=CARTESIAN_POINT('',(116.8275,-89.875,0.));
#13170=CARTESIAN_POINT('Origin',(95.843751333568,-92.27499866643,0.));
#13171=CARTESIAN_POINT('',(95.84375,-92.775,0.));
#13172=CARTESIAN_POINT('Origin',(111.765,-89.875,0.));
#13173=CARTESIAN_POINT('',(111.765,-89.875,0.));
#13174=CARTESIAN_POINT('Origin',(95.84375,-92.775,0.));
#13175=CARTESIAN_POINT('',(108.94375,-92.775,0.));
#13176=CARTESIAN_POINT('Origin',(111.76510036295,-89.37489964711,0.));
#13177=CARTESIAN_POINT('',(111.265,-89.3749,0.));
#13178=CARTESIAN_POINT('Origin',(108.94374866643,-92.27499866643,0.));
#13179=CARTESIAN_POINT('',(109.44375,-92.275,0.));
#13180=CARTESIAN_POINT('Origin',(111.265,-79.08125,0.));
#13181=CARTESIAN_POINT('',(111.265,-79.08125,0.));
#13182=CARTESIAN_POINT('Origin',(109.44375,-92.275,0.));
#13183=CARTESIAN_POINT('',(109.44375,-79.08125,0.));
#13184=CARTESIAN_POINT('Origin',(110.76486546842,-79.08138453158,0.));
#13185=CARTESIAN_POINT('',(110.765,-78.58125,0.));
#13186=CARTESIAN_POINT('Origin',(109.94366258246,-79.08116258246,0.));
#13187=CARTESIAN_POINT('',(109.94375,-78.58125,0.));
#13188=CARTESIAN_POINT('Origin',(109.94375,-78.58125,0.));
#13189=CARTESIAN_POINT('Origin',(19.644001333573,-60.12500133357,0.));
#13190=CARTESIAN_POINT('',(19.644,-59.625,0.));
#13191=CARTESIAN_POINT('',(19.144,-60.125,0.));
#13192=CARTESIAN_POINT('Origin',(32.744,-59.625,0.));
#13193=CARTESIAN_POINT('',(32.744,-59.625,0.));
#13194=CARTESIAN_POINT('Origin',(19.144,-60.125,0.));
#13195=CARTESIAN_POINT('',(19.144,-73.225003,0.));
#13196=CARTESIAN_POINT('Origin',(32.74399866642,-60.12500133359,0.));
#13197=CARTESIAN_POINT('',(33.244,-60.124997,0.));
#13198=CARTESIAN_POINT('Origin',(19.64400133358,-73.2249986664,0.));
#13199=CARTESIAN_POINT('',(19.644,-73.725,0.));
#13200=CARTESIAN_POINT('Origin',(33.244,-73.225,0.));
#13201=CARTESIAN_POINT('',(33.244,-73.225,0.));
#13202=CARTESIAN_POINT('Origin',(19.644,-73.725,0.));
#13203=CARTESIAN_POINT('',(32.744003,-73.725,0.));
#13204=CARTESIAN_POINT('Origin',(32.743998666403,-73.22499866642,0.));
#13205=CARTESIAN_POINT('Origin',(45.838001333573,-60.12500133357,0.));
#13206=CARTESIAN_POINT('',(45.838,-59.625,0.));
#13207=CARTESIAN_POINT('',(45.338,-60.125,0.));
#13208=CARTESIAN_POINT('Origin',(58.938,-59.625,0.));
#13209=CARTESIAN_POINT('',(58.938,-59.625,0.));
#13210=CARTESIAN_POINT('Origin',(45.338,-60.125,0.));
#13211=CARTESIAN_POINT('',(45.338,-73.225003,0.));
#13212=CARTESIAN_POINT('Origin',(58.93799866642,-60.12500133359,0.));
#13213=CARTESIAN_POINT('',(59.438,-60.124997,0.));
#13214=CARTESIAN_POINT('Origin',(45.83800133358,-73.2249986664,0.));
#13215=CARTESIAN_POINT('',(45.838,-73.725,0.));
#13216=CARTESIAN_POINT('Origin',(59.438,-73.225,0.));
#13217=CARTESIAN_POINT('',(59.438,-73.225,0.));
#13218=CARTESIAN_POINT('Origin',(45.838,-73.725,0.));
#13219=CARTESIAN_POINT('',(58.938003,-73.725,0.));
#13220=CARTESIAN_POINT('Origin',(58.937998666403,-73.22499866642,0.));
#13221=CARTESIAN_POINT('Origin',(64.888001333573,-60.12500133357,0.));
#13222=CARTESIAN_POINT('',(64.888,-59.625,0.));
#13223=CARTESIAN_POINT('',(64.388,-60.125,0.));
#13224=CARTESIAN_POINT('Origin',(77.988,-59.625,0.));
#13225=CARTESIAN_POINT('',(77.988,-59.625,0.));
#13226=CARTESIAN_POINT('Origin',(64.388,-60.125,0.));
#13227=CARTESIAN_POINT('',(64.388,-73.225003,0.));
#13228=CARTESIAN_POINT('Origin',(77.98799866642,-60.12500133359,0.));
#13229=CARTESIAN_POINT('',(78.488,-60.124997,0.));
#13230=CARTESIAN_POINT('Origin',(64.88800133358,-73.2249986664,0.));
#13231=CARTESIAN_POINT('',(64.888,-73.725,0.));
#13232=CARTESIAN_POINT('Origin',(78.488,-73.225,0.));
#13233=CARTESIAN_POINT('',(78.488,-73.225,0.));
#13234=CARTESIAN_POINT('Origin',(64.888,-73.725,0.));
#13235=CARTESIAN_POINT('',(77.988003,-73.725,0.));
#13236=CARTESIAN_POINT('Origin',(77.987998666403,-73.22499866642,0.));
#13237=CARTESIAN_POINT('Origin',(83.937001333573,-60.12500133357,0.));
#13238=CARTESIAN_POINT('',(83.937,-59.625,0.));
#13239=CARTESIAN_POINT('',(83.437,-60.125,0.));
#13240=CARTESIAN_POINT('Origin',(97.037,-59.625,0.));
#13241=CARTESIAN_POINT('',(97.037,-59.625,0.));
#13242=CARTESIAN_POINT('Origin',(83.437,-60.125,0.));
#13243=CARTESIAN_POINT('',(83.437,-73.225003,0.));
#13244=CARTESIAN_POINT('Origin',(97.03699866642,-60.12500133359,0.));
#13245=CARTESIAN_POINT('',(97.537,-60.124997,0.));
#13246=CARTESIAN_POINT('Origin',(83.93700133358,-73.2249986664,0.));
#13247=CARTESIAN_POINT('',(83.937,-73.725,0.));
#13248=CARTESIAN_POINT('Origin',(97.537,-73.225,0.));
#13249=CARTESIAN_POINT('',(97.537,-73.225,0.));
#13250=CARTESIAN_POINT('Origin',(83.937,-73.725,0.));
#13251=CARTESIAN_POINT('',(97.037003,-73.725,0.));
#13252=CARTESIAN_POINT('Origin',(97.036998666403,-73.22499866642,0.));
#13253=CARTESIAN_POINT('Origin',(102.98800133357,-60.12500133357,0.));
#13254=CARTESIAN_POINT('',(102.988,-59.625,0.));
#13255=CARTESIAN_POINT('',(102.488,-60.125,0.));
#13256=CARTESIAN_POINT('Origin',(116.088,-59.625,0.));
#13257=CARTESIAN_POINT('',(116.088,-59.625,0.));
#13258=CARTESIAN_POINT('Origin',(102.488,-60.125,0.));
#13259=CARTESIAN_POINT('',(102.488,-73.225003,0.));
#13260=CARTESIAN_POINT('Origin',(116.08799866642,-60.12500133359,0.));
#13261=CARTESIAN_POINT('',(116.588,-60.124997,0.));
#13262=CARTESIAN_POINT('Origin',(102.98800133358,-73.2249986664,0.));
#13263=CARTESIAN_POINT('',(102.988,-73.725,0.));
#13264=CARTESIAN_POINT('Origin',(116.588,-73.225,0.));
#13265=CARTESIAN_POINT('',(116.588,-73.225,0.));
#13266=CARTESIAN_POINT('Origin',(102.988,-73.725,0.));
#13267=CARTESIAN_POINT('',(116.088003,-73.725,0.));
#13268=CARTESIAN_POINT('Origin',(116.0879986664,-73.22499866642,0.));
#13269=CARTESIAN_POINT('Origin',(135.58135037007,-76.32510037007,0.));
#13270=CARTESIAN_POINT('',(135.58125,-75.825,0.));
#13271=CARTESIAN_POINT('Origin',(140.64375,-75.825,0.));
#13272=CARTESIAN_POINT('',(140.64375,-75.825,0.));
#13273=CARTESIAN_POINT('Origin',(140.64385106817,-76.32489893182,0.));
#13274=CARTESIAN_POINT('',(141.14375,-76.325,0.));
#13275=CARTESIAN_POINT('Origin',(135.58114893182,-89.37510106817,0.));
#13276=CARTESIAN_POINT('',(135.58125,-89.875,0.));
#13277=CARTESIAN_POINT('Origin',(141.64364893182,-76.32510106817,0.));
#13278=CARTESIAN_POINT('',(141.64375,-76.825,0.));
#13279=CARTESIAN_POINT('Origin',(135.58125,-89.875,0.));
#13280=CARTESIAN_POINT('',(140.64375,-89.875,0.));
#13281=CARTESIAN_POINT('Origin',(158.39,-76.825,0.));
#13282=CARTESIAN_POINT('',(158.39,-76.825,0.));
#13283=CARTESIAN_POINT('Origin',(140.64364963704,-89.37489964711,0.));
#13284=CARTESIAN_POINT('',(141.14375,-89.3749,0.));
#13285=CARTESIAN_POINT('Origin',(158.38995086161,-76.32495086161,0.));
#13286=CARTESIAN_POINT('',(158.89,-76.325,0.));
#13287=CARTESIAN_POINT('Origin',(141.14375,-89.3749,0.));
#13288=CARTESIAN_POINT('',(141.14375,-79.08125,0.));
#13289=CARTESIAN_POINT('Origin',(159.39004913838,-76.32504913838,0.));
#13290=CARTESIAN_POINT('',(159.39,-75.825,0.));
#13291=CARTESIAN_POINT('Origin',(141.64383499896,-79.08133499896,0.));
#13292=CARTESIAN_POINT('',(141.64375,-78.58125,0.));
#13293=CARTESIAN_POINT('Origin',(164.4525,-75.825,0.));
#13294=CARTESIAN_POINT('',(164.4525,-75.825,0.));
#13295=CARTESIAN_POINT('Origin',(141.64375,-78.58125,0.));
#13296=CARTESIAN_POINT('',(142.46875,-78.58125,0.));
#13297=CARTESIAN_POINT('Origin',(164.45245086161,-76.32504913838,0.));
#13298=CARTESIAN_POINT('',(164.9525,-76.325,0.));
#13299=CARTESIAN_POINT('Origin',(142.46870086161,-79.08129913838,0.));
#13300=CARTESIAN_POINT('',(142.96875,-79.08125,0.));
#13301=CARTESIAN_POINT('Origin',(164.9525,-89.375101,0.));
#13302=CARTESIAN_POINT('',(164.9525,-89.375101,0.));
#13303=CARTESIAN_POINT('Origin',(142.96875,-79.08125,0.));
#13304=CARTESIAN_POINT('',(142.96875,-92.275003,0.));
#13305=CARTESIAN_POINT('Origin',(164.45260107539,-89.37510108561,0.));
#13306=CARTESIAN_POINT('',(164.4525,-89.875,0.));
#13307=CARTESIAN_POINT('Origin',(143.46875133358,-92.2749986664,0.));
#13308=CARTESIAN_POINT('',(143.46875,-92.775,0.));
#13309=CARTESIAN_POINT('Origin',(159.39,-89.875,0.));
#13310=CARTESIAN_POINT('',(159.39,-89.875,0.));
#13311=CARTESIAN_POINT('Origin',(143.46875,-92.775,0.));
#13312=CARTESIAN_POINT('',(156.568753,-92.775,0.));
#13313=CARTESIAN_POINT('Origin',(159.39010037007,-89.37489962992,0.));
#13314=CARTESIAN_POINT('',(158.89,-89.375,0.));
#13315=CARTESIAN_POINT('Origin',(156.5687486664,-92.27499866642,0.));
#13316=CARTESIAN_POINT('',(157.06875,-92.275,0.));
#13317=CARTESIAN_POINT('Origin',(158.89,-79.08125,0.));
#13318=CARTESIAN_POINT('',(158.89,-79.08125,0.));
#13319=CARTESIAN_POINT('Origin',(157.06875,-92.275,0.));
#13320=CARTESIAN_POINT('',(157.06875,-79.08125,0.));
#13321=CARTESIAN_POINT('Origin',(158.38986546842,-79.08138453158,0.));
#13322=CARTESIAN_POINT('',(158.39,-78.58125,0.));
#13323=CARTESIAN_POINT('Origin',(157.56866258246,-79.08116258246,0.));
#13324=CARTESIAN_POINT('',(157.56875,-78.58125,0.));
#13325=CARTESIAN_POINT('Origin',(157.56875,-78.58125,0.));
#13326=CARTESIAN_POINT('Origin',(169.06875,-85.725,-0.046));
#13327=CARTESIAN_POINT('',(169.06875,-84.625,-0.046));
#13328=CARTESIAN_POINT('Origin',(176.80600133357,-79.17500133357,0.));
#13329=CARTESIAN_POINT('',(176.806,-78.675,0.));
#13330=CARTESIAN_POINT('',(176.306,-79.175,0.));
#13331=CARTESIAN_POINT('Origin',(189.906,-78.675,0.));
#13332=CARTESIAN_POINT('',(189.906,-78.675,0.));
#13333=CARTESIAN_POINT('Origin',(176.306,-79.175,0.));
#13334=CARTESIAN_POINT('',(176.306,-92.275003,0.));
#13335=CARTESIAN_POINT('Origin',(189.90599866642,-79.17500133359,0.));
#13336=CARTESIAN_POINT('',(190.406,-79.174997,0.));
#13337=CARTESIAN_POINT('Origin',(176.80600133358,-92.2749986664,0.));
#13338=CARTESIAN_POINT('',(176.806,-92.775,0.));
#13339=CARTESIAN_POINT('Origin',(190.406,-92.275,0.));
#13340=CARTESIAN_POINT('',(190.406,-92.275,0.));
#13341=CARTESIAN_POINT('Origin',(176.806,-92.775,0.));
#13342=CARTESIAN_POINT('',(189.906003,-92.775,0.));
#13343=CARTESIAN_POINT('Origin',(189.9059986664,-92.27499866642,0.));
#13344=CARTESIAN_POINT('Origin',(198.23700133357,-79.17500133357,0.));
#13345=CARTESIAN_POINT('',(198.237,-78.675,0.));
#13346=CARTESIAN_POINT('',(197.737,-79.175,0.));
#13347=CARTESIAN_POINT('Origin',(211.337,-78.675,0.));
#13348=CARTESIAN_POINT('',(211.337,-78.675,0.));
#13349=CARTESIAN_POINT('Origin',(197.737,-79.175,0.));
#13350=CARTESIAN_POINT('',(197.737,-92.275003,0.));
#13351=CARTESIAN_POINT('Origin',(211.33699866642,-79.17500133359,0.));
#13352=CARTESIAN_POINT('',(211.837,-79.174997,0.));
#13353=CARTESIAN_POINT('Origin',(198.23700133358,-92.2749986664,0.));
#13354=CARTESIAN_POINT('',(198.237,-92.775,0.));
#13355=CARTESIAN_POINT('Origin',(211.837,-92.275,0.));
#13356=CARTESIAN_POINT('',(211.837,-92.275,0.));
#13357=CARTESIAN_POINT('Origin',(198.237,-92.775,0.));
#13358=CARTESIAN_POINT('',(211.337003,-92.775,0.));
#13359=CARTESIAN_POINT('Origin',(211.3369986664,-92.27499866642,0.));
#13360=CARTESIAN_POINT('Origin',(219.66900133357,-79.17500133357,0.));
#13361=CARTESIAN_POINT('',(219.669,-78.675,0.));
#13362=CARTESIAN_POINT('',(219.169,-79.175,0.));
#13363=CARTESIAN_POINT('Origin',(232.769,-78.675,0.));
#13364=CARTESIAN_POINT('',(232.769,-78.675,0.));
#13365=CARTESIAN_POINT('Origin',(219.169,-79.175,0.));
#13366=CARTESIAN_POINT('',(219.169,-92.275003,0.));
#13367=CARTESIAN_POINT('Origin',(232.76899866642,-79.17500133359,0.));
#13368=CARTESIAN_POINT('',(233.269,-79.174997,0.));
#13369=CARTESIAN_POINT('Origin',(219.66900133358,-92.2749986664,0.));
#13370=CARTESIAN_POINT('',(219.669,-92.775,0.));
#13371=CARTESIAN_POINT('Origin',(233.269,-92.275,0.));
#13372=CARTESIAN_POINT('',(233.269,-92.275,0.));
#13373=CARTESIAN_POINT('Origin',(219.669,-92.775,0.));
#13374=CARTESIAN_POINT('',(232.769003,-92.775,0.));
#13375=CARTESIAN_POINT('Origin',(232.7689986664,-92.27499866642,0.));
#13376=CARTESIAN_POINT('Origin',(122.03800133357,-60.12500133357,0.));
#13377=CARTESIAN_POINT('',(122.038,-59.625,0.));
#13378=CARTESIAN_POINT('',(121.538,-60.125,0.));
#13379=CARTESIAN_POINT('Origin',(135.138,-59.625,0.));
#13380=CARTESIAN_POINT('',(135.138,-59.625,0.));
#13381=CARTESIAN_POINT('Origin',(121.538,-60.125,0.));
#13382=CARTESIAN_POINT('',(121.538,-73.225003,0.));
#13383=CARTESIAN_POINT('Origin',(135.13799866643,-60.12500133356,0.));
#13384=CARTESIAN_POINT('',(135.638,-60.125,0.));
#13385=CARTESIAN_POINT('Origin',(122.03800133358,-73.2249986664,0.));
#13386=CARTESIAN_POINT('',(122.038,-73.725,0.));
#13387=CARTESIAN_POINT('Origin',(135.638,-73.225,0.));
#13388=CARTESIAN_POINT('',(135.638,-73.225,0.));
#13389=CARTESIAN_POINT('Origin',(122.038,-73.725,0.));
#13390=CARTESIAN_POINT('',(135.138003,-73.725,0.));
#13391=CARTESIAN_POINT('Origin',(135.1379986664,-73.22499866642,0.));
#13392=CARTESIAN_POINT('Origin',(141.08800133357,-60.12500133357,0.));
#13393=CARTESIAN_POINT('',(141.088,-59.625,0.));
#13394=CARTESIAN_POINT('',(140.588,-60.125,0.));
#13395=CARTESIAN_POINT('Origin',(154.188,-59.625,0.));
#13396=CARTESIAN_POINT('',(154.188,-59.625,0.));
#13397=CARTESIAN_POINT('Origin',(140.588,-60.125,0.));
#13398=CARTESIAN_POINT('',(140.588,-73.225003,0.));
#13399=CARTESIAN_POINT('Origin',(154.18799866642,-60.12500133359,0.));
#13400=CARTESIAN_POINT('',(154.688,-60.124997,0.));
#13401=CARTESIAN_POINT('Origin',(141.08800133358,-73.2249986664,0.));
#13402=CARTESIAN_POINT('',(141.088,-73.725,0.));
#13403=CARTESIAN_POINT('Origin',(154.688,-73.225,0.));
#13404=CARTESIAN_POINT('',(154.688,-73.225,0.));
#13405=CARTESIAN_POINT('Origin',(141.088,-73.725,0.));
#13406=CARTESIAN_POINT('',(154.188003,-73.725,0.));
#13407=CARTESIAN_POINT('Origin',(154.1879986664,-73.22499866642,0.));
#13408=CARTESIAN_POINT('Origin',(160.13800133357,-60.12500133357,0.));
#13409=CARTESIAN_POINT('',(160.138,-59.625,0.));
#13410=CARTESIAN_POINT('',(159.638,-60.125,0.));
#13411=CARTESIAN_POINT('Origin',(173.238,-59.625,0.));
#13412=CARTESIAN_POINT('',(173.238,-59.625,0.));
#13413=CARTESIAN_POINT('Origin',(159.638,-60.125,0.));
#13414=CARTESIAN_POINT('',(159.638,-73.225003,0.));
#13415=CARTESIAN_POINT('Origin',(173.23799866642,-60.12500133359,0.));
#13416=CARTESIAN_POINT('',(173.738,-60.124997,0.));
#13417=CARTESIAN_POINT('Origin',(160.13800133358,-73.2249986664,0.));
#13418=CARTESIAN_POINT('',(160.138,-73.725,0.));
#13419=CARTESIAN_POINT('Origin',(173.738,-73.225,0.));
#13420=CARTESIAN_POINT('',(173.738,-73.225,0.));
#13421=CARTESIAN_POINT('Origin',(160.138,-73.725,0.));
#13422=CARTESIAN_POINT('',(173.238003,-73.725,0.));
#13423=CARTESIAN_POINT('Origin',(173.2379986664,-73.22499866642,0.));
#13424=CARTESIAN_POINT('Origin',(179.18800133357,-60.12500133357,0.));
#13425=CARTESIAN_POINT('',(179.188,-59.625,0.));
#13426=CARTESIAN_POINT('',(178.688,-60.125,0.));
#13427=CARTESIAN_POINT('Origin',(192.288,-59.625,0.));
#13428=CARTESIAN_POINT('',(192.288,-59.625,0.));
#13429=CARTESIAN_POINT('Origin',(178.688,-60.125,0.));
#13430=CARTESIAN_POINT('',(178.688,-73.225003,0.));
#13431=CARTESIAN_POINT('Origin',(192.28799866642,-60.12500133359,0.));
#13432=CARTESIAN_POINT('',(192.788,-60.124997,0.));
#13433=CARTESIAN_POINT('Origin',(179.18800133358,-73.2249986664,0.));
#13434=CARTESIAN_POINT('',(179.188,-73.725,0.));
#13435=CARTESIAN_POINT('Origin',(192.788,-73.225,0.));
#13436=CARTESIAN_POINT('',(192.788,-73.225,0.));
#13437=CARTESIAN_POINT('Origin',(179.188,-73.725,0.));
#13438=CARTESIAN_POINT('',(192.288003,-73.725,0.));
#13439=CARTESIAN_POINT('Origin',(192.2879986664,-73.22499866642,0.));
#13440=CARTESIAN_POINT('Origin',(198.23700133357,-60.12500133357,0.));
#13441=CARTESIAN_POINT('',(198.237,-59.625,0.));
#13442=CARTESIAN_POINT('',(197.737,-60.125,0.));
#13443=CARTESIAN_POINT('Origin',(211.337,-59.625,0.));
#13444=CARTESIAN_POINT('',(211.337,-59.625,0.));
#13445=CARTESIAN_POINT('Origin',(197.737,-60.125,0.));
#13446=CARTESIAN_POINT('',(197.737,-73.225003,0.));
#13447=CARTESIAN_POINT('Origin',(211.33699866642,-60.12500133359,0.));
#13448=CARTESIAN_POINT('',(211.837,-60.124997,0.));
#13449=CARTESIAN_POINT('Origin',(198.23700133358,-73.2249986664,0.));
#13450=CARTESIAN_POINT('',(198.237,-73.725,0.));
#13451=CARTESIAN_POINT('Origin',(211.837,-73.225,0.));
#13452=CARTESIAN_POINT('',(211.837,-73.225,0.));
#13453=CARTESIAN_POINT('Origin',(198.237,-73.725,0.));
#13454=CARTESIAN_POINT('',(211.337003,-73.725,0.));
#13455=CARTESIAN_POINT('Origin',(211.3369986664,-73.22499866642,0.));
#13456=CARTESIAN_POINT('Origin',(219.66900133357,-60.12500133357,0.));
#13457=CARTESIAN_POINT('',(219.669,-59.625,0.));
#13458=CARTESIAN_POINT('',(219.169,-60.125,0.));
#13459=CARTESIAN_POINT('Origin',(232.769,-59.625,0.));
#13460=CARTESIAN_POINT('',(232.769,-59.625,0.));
#13461=CARTESIAN_POINT('Origin',(219.169,-60.125,0.));
#13462=CARTESIAN_POINT('',(219.169,-73.225003,0.));
#13463=CARTESIAN_POINT('Origin',(232.76899866642,-60.12500133359,0.));
#13464=CARTESIAN_POINT('',(233.269,-60.124997,0.));
#13465=CARTESIAN_POINT('Origin',(219.66900133358,-73.2249986664,0.));
#13466=CARTESIAN_POINT('',(219.669,-73.725,0.));
#13467=CARTESIAN_POINT('Origin',(233.269,-73.225,0.));
#13468=CARTESIAN_POINT('',(233.269,-73.225,0.));
#13469=CARTESIAN_POINT('Origin',(219.669,-73.725,0.));
#13470=CARTESIAN_POINT('',(232.769003,-73.725,0.));
#13471=CARTESIAN_POINT('Origin',(232.7689986664,-73.22499866642,0.));
#13472=CARTESIAN_POINT('Origin',(14.881001333573,-41.07500133357,0.));
#13473=CARTESIAN_POINT('',(14.881,-40.575,0.));
#13474=CARTESIAN_POINT('',(14.381,-41.075,0.));
#13475=CARTESIAN_POINT('Origin',(27.981,-40.575,0.));
#13476=CARTESIAN_POINT('',(27.981,-40.575,0.));
#13477=CARTESIAN_POINT('Origin',(14.381,-41.075,0.));
#13478=CARTESIAN_POINT('',(14.381,-54.175003,0.));
#13479=CARTESIAN_POINT('Origin',(27.98099866642,-41.07500133359,0.));
#13480=CARTESIAN_POINT('',(28.481,-41.074997,0.));
#13481=CARTESIAN_POINT('Origin',(14.88100133358,-54.1749986664,0.));
#13482=CARTESIAN_POINT('',(14.881,-54.675,0.));
#13483=CARTESIAN_POINT('Origin',(28.481,-54.175,0.));
#13484=CARTESIAN_POINT('',(28.481,-54.175,0.));
#13485=CARTESIAN_POINT('Origin',(14.881,-54.675,0.));
#13486=CARTESIAN_POINT('',(27.981,-54.675,0.));
#13487=CARTESIAN_POINT('Origin',(27.980998666432,-54.17499866643,0.));
#13488=CARTESIAN_POINT('Origin',(32.146875,-42.8625,-0.046));
#13489=CARTESIAN_POINT('',(32.146875,-41.7625,-0.046));
#13490=CARTESIAN_POINT('Origin',(36.313001333573,-41.07500133357,0.));
#13491=CARTESIAN_POINT('',(36.313,-40.575,0.));
#13492=CARTESIAN_POINT('',(35.813,-41.075,0.));
#13493=CARTESIAN_POINT('Origin',(49.413,-40.575,0.));
#13494=CARTESIAN_POINT('',(49.413,-40.575,0.));
#13495=CARTESIAN_POINT('Origin',(35.813,-41.075,0.));
#13496=CARTESIAN_POINT('',(35.813,-54.175003,0.));
#13497=CARTESIAN_POINT('Origin',(49.41299866642,-41.07500133359,0.));
#13498=CARTESIAN_POINT('',(49.913,-41.074997,0.));
#13499=CARTESIAN_POINT('Origin',(36.31300133358,-54.1749986664,0.));
#13500=CARTESIAN_POINT('',(36.313,-54.675,0.));
#13501=CARTESIAN_POINT('Origin',(49.913,-54.175,0.));
#13502=CARTESIAN_POINT('',(49.913,-54.175,0.));
#13503=CARTESIAN_POINT('Origin',(36.313,-54.675,0.));
#13504=CARTESIAN_POINT('',(49.413003,-54.675,0.));
#13505=CARTESIAN_POINT('Origin',(49.412998666403,-54.17499866642,0.));
#13506=CARTESIAN_POINT('Origin',(55.363001333573,-41.07500133357,0.));
#13507=CARTESIAN_POINT('',(55.363,-40.575,0.));
#13508=CARTESIAN_POINT('',(54.863,-41.075,0.));
#13509=CARTESIAN_POINT('Origin',(68.463,-40.575,0.));
#13510=CARTESIAN_POINT('',(68.463,-40.575,0.));
#13511=CARTESIAN_POINT('Origin',(54.863,-41.075,0.));
#13512=CARTESIAN_POINT('',(54.863,-54.175003,0.));
#13513=CARTESIAN_POINT('Origin',(68.46299866642,-41.07500133359,0.));
#13514=CARTESIAN_POINT('',(68.963,-41.074997,0.));
#13515=CARTESIAN_POINT('Origin',(55.36300133358,-54.1749986664,0.));
#13516=CARTESIAN_POINT('',(55.363,-54.675,0.));
#13517=CARTESIAN_POINT('Origin',(68.963,-54.175,0.));
#13518=CARTESIAN_POINT('',(68.963,-54.175,0.));
#13519=CARTESIAN_POINT('Origin',(55.363,-54.675,0.));
#13520=CARTESIAN_POINT('',(68.463,-54.675,0.));
#13521=CARTESIAN_POINT('Origin',(68.462998666432,-54.17499866643,0.));
#13522=CARTESIAN_POINT('Origin',(74.413001333573,-41.07500133357,0.));
#13523=CARTESIAN_POINT('',(74.413,-40.575,0.));
#13524=CARTESIAN_POINT('',(73.913,-41.075,0.));
#13525=CARTESIAN_POINT('Origin',(87.513,-40.575,0.));
#13526=CARTESIAN_POINT('',(87.513,-40.575,0.));
#13527=CARTESIAN_POINT('Origin',(73.913,-41.075,0.));
#13528=CARTESIAN_POINT('',(73.913,-54.175003,0.));
#13529=CARTESIAN_POINT('Origin',(87.51299866642,-41.07500133359,0.));
#13530=CARTESIAN_POINT('',(88.013,-41.074997,0.));
#13531=CARTESIAN_POINT('Origin',(74.41300133358,-54.1749986664,0.));
#13532=CARTESIAN_POINT('',(74.413,-54.675,0.));
#13533=CARTESIAN_POINT('Origin',(88.013,-54.175,0.));
#13534=CARTESIAN_POINT('',(88.013,-54.175,0.));
#13535=CARTESIAN_POINT('Origin',(74.413,-54.675,0.));
#13536=CARTESIAN_POINT('',(87.513,-54.675,0.));
#13537=CARTESIAN_POINT('Origin',(87.512998666432,-54.17499866643,0.));
#13538=CARTESIAN_POINT('Origin',(93.463001333573,-41.07500133357,0.));
#13539=CARTESIAN_POINT('',(93.463,-40.575,0.));
#13540=CARTESIAN_POINT('',(92.963,-41.075,0.));
#13541=CARTESIAN_POINT('Origin',(106.563,-40.575,0.));
#13542=CARTESIAN_POINT('',(106.563,-40.575,0.));
#13543=CARTESIAN_POINT('Origin',(92.963,-41.075,0.));
#13544=CARTESIAN_POINT('',(92.963,-54.175003,0.));
#13545=CARTESIAN_POINT('Origin',(106.56299866643,-41.07500133356,0.));
#13546=CARTESIAN_POINT('',(107.063,-41.075,0.));
#13547=CARTESIAN_POINT('Origin',(93.46300133358,-54.1749986664,0.));
#13548=CARTESIAN_POINT('',(93.463,-54.675,0.));
#13549=CARTESIAN_POINT('Origin',(107.063,-54.175,0.));
#13550=CARTESIAN_POINT('',(107.063,-54.175,0.));
#13551=CARTESIAN_POINT('Origin',(93.463,-54.675,0.));
#13552=CARTESIAN_POINT('',(106.563003,-54.675,0.));
#13553=CARTESIAN_POINT('Origin',(106.5629986664,-54.17499866642,0.));
#13554=CARTESIAN_POINT('Origin',(112.51300133357,-41.07500133357,0.));
#13555=CARTESIAN_POINT('',(112.513,-40.575,0.));
#13556=CARTESIAN_POINT('',(112.013,-41.075,0.));
#13557=CARTESIAN_POINT('Origin',(125.613,-40.575,0.));
#13558=CARTESIAN_POINT('',(125.613,-40.575,0.));
#13559=CARTESIAN_POINT('Origin',(112.013,-41.075,0.));
#13560=CARTESIAN_POINT('',(112.013,-54.175003,0.));
#13561=CARTESIAN_POINT('Origin',(125.61299866642,-41.07500133359,0.));
#13562=CARTESIAN_POINT('',(126.113,-41.074997,0.));
#13563=CARTESIAN_POINT('Origin',(112.51300133358,-54.1749986664,0.));
#13564=CARTESIAN_POINT('',(112.513,-54.675,0.));
#13565=CARTESIAN_POINT('Origin',(126.113,-54.175,0.));
#13566=CARTESIAN_POINT('',(126.113,-54.175,0.));
#13567=CARTESIAN_POINT('Origin',(112.513,-54.675,0.));
#13568=CARTESIAN_POINT('',(125.613,-54.675,0.));
#13569=CARTESIAN_POINT('Origin',(125.61299866643,-54.17499866643,0.));
#13570=CARTESIAN_POINT('Origin',(12.500001333573,-22.02500133357,0.));
#13571=CARTESIAN_POINT('',(12.5,-21.525,0.));
#13572=CARTESIAN_POINT('',(12.,-22.025,0.));
#13573=CARTESIAN_POINT('Origin',(25.6,-21.525,0.));
#13574=CARTESIAN_POINT('',(25.6,-21.525,0.));
#13575=CARTESIAN_POINT('Origin',(12.,-22.025,0.));
#13576=CARTESIAN_POINT('',(12.,-35.125003,0.));
#13577=CARTESIAN_POINT('Origin',(25.599998666432,-22.02500133356,0.));
#13578=CARTESIAN_POINT('',(26.1,-22.025,0.));
#13579=CARTESIAN_POINT('Origin',(12.50000133358,-35.1249986664,0.));
#13580=CARTESIAN_POINT('',(12.5,-35.625,0.));
#13581=CARTESIAN_POINT('Origin',(26.1,-35.125,0.));
#13582=CARTESIAN_POINT('',(26.1,-35.125,0.));
#13583=CARTESIAN_POINT('Origin',(12.5,-35.625,0.));
#13584=CARTESIAN_POINT('',(25.600003,-35.625,0.));
#13585=CARTESIAN_POINT('Origin',(25.599998666403,-35.12499866642,0.));
#13586=CARTESIAN_POINT('Origin',(31.550001333573,-22.02500133357,0.));
#13587=CARTESIAN_POINT('',(31.55,-21.525,0.));
#13588=CARTESIAN_POINT('',(31.05,-22.025,0.));
#13589=CARTESIAN_POINT('Origin',(44.65,-21.525,0.));
#13590=CARTESIAN_POINT('',(44.65,-21.525,0.));
#13591=CARTESIAN_POINT('Origin',(31.05,-22.025,0.));
#13592=CARTESIAN_POINT('',(31.05,-35.125003,0.));
#13593=CARTESIAN_POINT('Origin',(44.649998666432,-22.02500133356,0.));
#13594=CARTESIAN_POINT('',(45.15,-22.025,0.));
#13595=CARTESIAN_POINT('Origin',(31.55000133358,-35.1249986664,0.));
#13596=CARTESIAN_POINT('',(31.55,-35.625,0.));
#13597=CARTESIAN_POINT('Origin',(45.15,-35.125,0.));
#13598=CARTESIAN_POINT('',(45.15,-35.125,0.));
#13599=CARTESIAN_POINT('Origin',(31.55,-35.625,0.));
#13600=CARTESIAN_POINT('',(44.650003,-35.625,0.));
#13601=CARTESIAN_POINT('Origin',(44.649998666403,-35.12499866642,0.));
#13602=CARTESIAN_POINT('Origin',(50.600001333573,-22.02500133357,0.));
#13603=CARTESIAN_POINT('',(50.6,-21.525,0.));
#13604=CARTESIAN_POINT('',(50.1,-22.025,0.));
#13605=CARTESIAN_POINT('Origin',(63.7,-21.525,0.));
#13606=CARTESIAN_POINT('',(63.7,-21.525,0.));
#13607=CARTESIAN_POINT('Origin',(50.1,-22.025,0.));
#13608=CARTESIAN_POINT('',(50.1,-35.125003,0.));
#13609=CARTESIAN_POINT('Origin',(63.69999866642,-22.02500133359,0.));
#13610=CARTESIAN_POINT('',(64.2,-22.024997,0.));
#13611=CARTESIAN_POINT('Origin',(50.60000133358,-35.1249986664,0.));
#13612=CARTESIAN_POINT('',(50.6,-35.625,0.));
#13613=CARTESIAN_POINT('Origin',(64.2,-35.125,0.));
#13614=CARTESIAN_POINT('',(64.2,-35.125,0.));
#13615=CARTESIAN_POINT('Origin',(50.6,-35.625,0.));
#13616=CARTESIAN_POINT('',(63.700003,-35.625,0.));
#13617=CARTESIAN_POINT('Origin',(63.699998666403,-35.12499866642,0.));
#13618=CARTESIAN_POINT('Origin',(69.650001333573,-22.02500133357,0.));
#13619=CARTESIAN_POINT('',(69.65,-21.525,0.));
#13620=CARTESIAN_POINT('',(69.15,-22.025,0.));
#13621=CARTESIAN_POINT('Origin',(82.75,-21.525,0.));
#13622=CARTESIAN_POINT('',(82.75,-21.525,0.));
#13623=CARTESIAN_POINT('Origin',(69.15,-22.025,0.));
#13624=CARTESIAN_POINT('',(69.15,-35.125003,0.));
#13625=CARTESIAN_POINT('Origin',(82.74999866642,-22.02500133359,0.));
#13626=CARTESIAN_POINT('',(83.25,-22.024997,0.));
#13627=CARTESIAN_POINT('Origin',(69.65000133358,-35.1249986664,0.));
#13628=CARTESIAN_POINT('',(69.65,-35.625,0.));
#13629=CARTESIAN_POINT('Origin',(83.25,-35.125,0.));
#13630=CARTESIAN_POINT('',(83.25,-35.125,0.));
#13631=CARTESIAN_POINT('Origin',(69.65,-35.625,0.));
#13632=CARTESIAN_POINT('',(82.750003,-35.625,0.));
#13633=CARTESIAN_POINT('Origin',(82.749998666403,-35.12499866642,0.));
#13634=CARTESIAN_POINT('Origin',(88.700001333573,-22.02500133357,0.));
#13635=CARTESIAN_POINT('',(88.7,-21.525,0.));
#13636=CARTESIAN_POINT('',(88.2,-22.025,0.));
#13637=CARTESIAN_POINT('Origin',(101.8,-21.525,0.));
#13638=CARTESIAN_POINT('',(101.8,-21.525,0.));
#13639=CARTESIAN_POINT('Origin',(88.2,-22.025,0.));
#13640=CARTESIAN_POINT('',(88.2,-35.125003,0.));
#13641=CARTESIAN_POINT('Origin',(101.79999866642,-22.02500133359,0.));
#13642=CARTESIAN_POINT('',(102.3,-22.024997,0.));
#13643=CARTESIAN_POINT('Origin',(88.70000133358,-35.1249986664,0.));
#13644=CARTESIAN_POINT('',(88.7,-35.625,0.));
#13645=CARTESIAN_POINT('Origin',(102.3,-35.125,0.));
#13646=CARTESIAN_POINT('',(102.3,-35.125,0.));
#13647=CARTESIAN_POINT('Origin',(88.7,-35.625,0.));
#13648=CARTESIAN_POINT('',(101.8,-35.625,0.));
#13649=CARTESIAN_POINT('Origin',(101.79999866643,-35.12499866643,0.));
#13650=CARTESIAN_POINT('Origin',(107.75000133357,-22.02500133357,0.));
#13651=CARTESIAN_POINT('',(107.75,-21.525,0.));
#13652=CARTESIAN_POINT('',(107.25,-22.025,0.));
#13653=CARTESIAN_POINT('Origin',(120.85,-21.525,0.));
#13654=CARTESIAN_POINT('',(120.85,-21.525,0.));
#13655=CARTESIAN_POINT('Origin',(107.25,-22.025,0.));
#13656=CARTESIAN_POINT('',(107.25,-35.125003,0.));
#13657=CARTESIAN_POINT('Origin',(120.84999866642,-22.02500133359,0.));
#13658=CARTESIAN_POINT('',(121.35,-22.024997,0.));
#13659=CARTESIAN_POINT('Origin',(107.75000133358,-35.1249986664,0.));
#13660=CARTESIAN_POINT('',(107.75,-35.625,0.));
#13661=CARTESIAN_POINT('Origin',(121.35,-35.125,0.));
#13662=CARTESIAN_POINT('',(121.35,-35.125,0.));
#13663=CARTESIAN_POINT('Origin',(107.75,-35.625,0.));
#13664=CARTESIAN_POINT('',(120.85,-35.625,0.));
#13665=CARTESIAN_POINT('Origin',(120.84999866643,-35.12499866643,0.));
#13666=CARTESIAN_POINT('Origin',(131.56300133357,-41.07500133357,0.));
#13667=CARTESIAN_POINT('',(131.563,-40.575,0.));
#13668=CARTESIAN_POINT('',(131.063,-41.075,0.));
#13669=CARTESIAN_POINT('Origin',(144.663,-40.575,0.));
#13670=CARTESIAN_POINT('',(144.663,-40.575,0.));
#13671=CARTESIAN_POINT('Origin',(131.063,-41.075,0.));
#13672=CARTESIAN_POINT('',(131.063,-54.175003,0.));
#13673=CARTESIAN_POINT('Origin',(144.66299866643,-41.07500133356,0.));
#13674=CARTESIAN_POINT('',(145.163,-41.075,0.));
#13675=CARTESIAN_POINT('Origin',(131.56300133358,-54.1749986664,0.));
#13676=CARTESIAN_POINT('',(131.563,-54.675,0.));
#13677=CARTESIAN_POINT('Origin',(145.163,-54.175,0.));
#13678=CARTESIAN_POINT('',(145.163,-54.175,0.));
#13679=CARTESIAN_POINT('Origin',(131.563,-54.675,0.));
#13680=CARTESIAN_POINT('',(144.663003,-54.675,0.));
#13681=CARTESIAN_POINT('Origin',(144.6629986664,-54.17499866642,0.));
#13682=CARTESIAN_POINT('Origin',(150.61200133357,-41.07500133357,0.));
#13683=CARTESIAN_POINT('',(150.612,-40.575,0.));
#13684=CARTESIAN_POINT('',(150.112,-41.075,0.));
#13685=CARTESIAN_POINT('Origin',(163.712,-40.575,0.));
#13686=CARTESIAN_POINT('',(163.712,-40.575,0.));
#13687=CARTESIAN_POINT('Origin',(150.112,-41.075,0.));
#13688=CARTESIAN_POINT('',(150.112,-54.175003,0.));
#13689=CARTESIAN_POINT('Origin',(163.71199866642,-41.07500133359,0.));
#13690=CARTESIAN_POINT('',(164.212,-41.074997,0.));
#13691=CARTESIAN_POINT('Origin',(150.61200133358,-54.1749986664,0.));
#13692=CARTESIAN_POINT('',(150.612,-54.675,0.));
#13693=CARTESIAN_POINT('Origin',(164.212,-54.175,0.));
#13694=CARTESIAN_POINT('',(164.212,-54.175,0.));
#13695=CARTESIAN_POINT('Origin',(150.612,-54.675,0.));
#13696=CARTESIAN_POINT('',(163.712003,-54.675,0.));
#13697=CARTESIAN_POINT('Origin',(163.7119986664,-54.17499866642,0.));
#13698=CARTESIAN_POINT('Origin',(169.66300133357,-41.07500133357,0.));
#13699=CARTESIAN_POINT('',(169.663,-40.575,0.));
#13700=CARTESIAN_POINT('',(169.163,-41.075,0.));
#13701=CARTESIAN_POINT('Origin',(182.763,-40.575,0.));
#13702=CARTESIAN_POINT('',(182.763,-40.575,0.));
#13703=CARTESIAN_POINT('Origin',(169.163,-41.075,0.));
#13704=CARTESIAN_POINT('',(169.163,-54.175003,0.));
#13705=CARTESIAN_POINT('Origin',(182.76299866642,-41.07500133359,0.));
#13706=CARTESIAN_POINT('',(183.263,-41.074997,0.));
#13707=CARTESIAN_POINT('Origin',(169.66300133358,-54.1749986664,0.));
#13708=CARTESIAN_POINT('',(169.663,-54.675,0.));
#13709=CARTESIAN_POINT('Origin',(183.263,-54.175,0.));
#13710=CARTESIAN_POINT('',(183.263,-54.175,0.));
#13711=CARTESIAN_POINT('Origin',(169.663,-54.675,0.));
#13712=CARTESIAN_POINT('',(182.763003,-54.675,0.));
#13713=CARTESIAN_POINT('Origin',(182.7629986664,-54.17499866642,0.));
#13714=CARTESIAN_POINT('Origin',(188.71300133357,-41.07500133357,0.));
#13715=CARTESIAN_POINT('',(188.713,-40.575,0.));
#13716=CARTESIAN_POINT('',(188.213,-41.075,0.));
#13717=CARTESIAN_POINT('Origin',(201.813,-40.575,0.));
#13718=CARTESIAN_POINT('',(201.813,-40.575,0.));
#13719=CARTESIAN_POINT('Origin',(188.213,-41.075,0.));
#13720=CARTESIAN_POINT('',(188.213,-54.175003,0.));
#13721=CARTESIAN_POINT('Origin',(201.81299866642,-41.07500133359,0.));
#13722=CARTESIAN_POINT('',(202.313,-41.074997,0.));
#13723=CARTESIAN_POINT('Origin',(188.71300133358,-54.1749986664,0.));
#13724=CARTESIAN_POINT('',(188.713,-54.675,0.));
#13725=CARTESIAN_POINT('Origin',(202.313,-54.175,0.));
#13726=CARTESIAN_POINT('',(202.313,-54.175,0.));
#13727=CARTESIAN_POINT('Origin',(188.713,-54.675,0.));
#13728=CARTESIAN_POINT('',(201.813003,-54.675,0.));
#13729=CARTESIAN_POINT('Origin',(201.8129986664,-54.17499866642,0.));
#13730=CARTESIAN_POINT('Origin',(214.90600133357,-41.07500133357,0.));
#13731=CARTESIAN_POINT('',(214.906,-40.575,0.));
#13732=CARTESIAN_POINT('',(214.406,-41.075,0.));
#13733=CARTESIAN_POINT('Origin',(228.006,-40.575,0.));
#13734=CARTESIAN_POINT('',(228.006,-40.575,0.));
#13735=CARTESIAN_POINT('Origin',(214.406,-41.075,0.));
#13736=CARTESIAN_POINT('',(214.406,-54.175003,0.));
#13737=CARTESIAN_POINT('Origin',(228.00599866642,-41.07500133359,0.));
#13738=CARTESIAN_POINT('',(228.506,-41.074997,0.));
#13739=CARTESIAN_POINT('Origin',(214.90600133358,-54.1749986664,0.));
#13740=CARTESIAN_POINT('',(214.906,-54.675,0.));
#13741=CARTESIAN_POINT('Origin',(228.506,-54.175,0.));
#13742=CARTESIAN_POINT('',(228.506,-54.175,0.));
#13743=CARTESIAN_POINT('Origin',(214.906,-54.675,0.));
#13744=CARTESIAN_POINT('',(228.006003,-54.675,0.));
#13745=CARTESIAN_POINT('Origin',(228.0059986664,-54.17499866642,0.));
#13746=CARTESIAN_POINT('Origin',(208.359375,-42.8625,-0.046));
#13747=CARTESIAN_POINT('',(208.359375,-41.7625,-0.046));
#13748=CARTESIAN_POINT('Origin',(126.80000133357,-22.02500133357,0.));
#13749=CARTESIAN_POINT('',(126.8,-21.525,0.));
#13750=CARTESIAN_POINT('',(126.3,-22.025,0.));
#13751=CARTESIAN_POINT('Origin',(139.9,-21.525,0.));
#13752=CARTESIAN_POINT('',(139.9,-21.525,0.));
#13753=CARTESIAN_POINT('Origin',(126.3,-22.025,0.));
#13754=CARTESIAN_POINT('',(126.3,-35.125003,0.));
#13755=CARTESIAN_POINT('Origin',(139.89999866643,-22.02500133356,0.));
#13756=CARTESIAN_POINT('',(140.4,-22.025,0.));
#13757=CARTESIAN_POINT('Origin',(126.80000133358,-35.1249986664,0.));
#13758=CARTESIAN_POINT('',(126.8,-35.625,0.));
#13759=CARTESIAN_POINT('Origin',(140.4,-35.125,0.));
#13760=CARTESIAN_POINT('',(140.4,-35.125,0.));
#13761=CARTESIAN_POINT('Origin',(126.8,-35.625,0.));
#13762=CARTESIAN_POINT('',(139.900003,-35.625,0.));
#13763=CARTESIAN_POINT('Origin',(139.8999986664,-35.12499866642,0.));
#13764=CARTESIAN_POINT('Origin',(145.85000133357,-22.02500133357,0.));
#13765=CARTESIAN_POINT('',(145.85,-21.525,0.));
#13766=CARTESIAN_POINT('',(145.35,-22.025,0.));
#13767=CARTESIAN_POINT('Origin',(158.95,-21.525,0.));
#13768=CARTESIAN_POINT('',(158.95,-21.525,0.));
#13769=CARTESIAN_POINT('Origin',(145.35,-22.025,0.));
#13770=CARTESIAN_POINT('',(145.35,-35.125003,0.));
#13771=CARTESIAN_POINT('Origin',(158.94999866642,-22.02500133359,0.));
#13772=CARTESIAN_POINT('',(159.45,-22.024997,0.));
#13773=CARTESIAN_POINT('Origin',(145.85000133358,-35.1249986664,0.));
#13774=CARTESIAN_POINT('',(145.85,-35.625,0.));
#13775=CARTESIAN_POINT('Origin',(159.45,-35.125,0.));
#13776=CARTESIAN_POINT('',(159.45,-35.125,0.));
#13777=CARTESIAN_POINT('Origin',(145.85,-35.625,0.));
#13778=CARTESIAN_POINT('',(158.950003,-35.625,0.));
#13779=CARTESIAN_POINT('Origin',(158.9499986664,-35.12499866642,0.));
#13780=CARTESIAN_POINT('Origin',(164.90000133357,-22.02500133357,0.));
#13781=CARTESIAN_POINT('',(164.9,-21.525,0.));
#13782=CARTESIAN_POINT('',(164.4,-22.025,0.));
#13783=CARTESIAN_POINT('Origin',(178.,-21.525,0.));
#13784=CARTESIAN_POINT('',(178.,-21.525,0.));
#13785=CARTESIAN_POINT('Origin',(164.4,-22.025,0.));
#13786=CARTESIAN_POINT('',(164.4,-35.125003,0.));
#13787=CARTESIAN_POINT('Origin',(177.99999866643,-22.02500133356,0.));
#13788=CARTESIAN_POINT('',(178.5,-22.025,0.));
#13789=CARTESIAN_POINT('Origin',(164.90000133358,-35.1249986664,0.));
#13790=CARTESIAN_POINT('',(164.9,-35.625,0.));
#13791=CARTESIAN_POINT('Origin',(178.5,-35.125,0.));
#13792=CARTESIAN_POINT('',(178.5,-35.125,0.));
#13793=CARTESIAN_POINT('Origin',(164.9,-35.625,0.));
#13794=CARTESIAN_POINT('',(178.000003,-35.625,0.));
#13795=CARTESIAN_POINT('Origin',(177.9999986664,-35.12499866642,0.));
#13796=CARTESIAN_POINT('Origin',(183.95000133357,-22.02500133357,0.));
#13797=CARTESIAN_POINT('',(183.95,-21.525,0.));
#13798=CARTESIAN_POINT('',(183.45,-22.025,0.));
#13799=CARTESIAN_POINT('Origin',(197.05,-21.525,0.));
#13800=CARTESIAN_POINT('',(197.05,-21.525,0.));
#13801=CARTESIAN_POINT('Origin',(183.45,-22.025,0.));
#13802=CARTESIAN_POINT('',(183.45,-35.125003,0.));
#13803=CARTESIAN_POINT('Origin',(197.04999866642,-22.02500133359,0.));
#13804=CARTESIAN_POINT('',(197.55,-22.024997,0.));
#13805=CARTESIAN_POINT('Origin',(183.95000133358,-35.1249986664,0.));
#13806=CARTESIAN_POINT('',(183.95,-35.625,0.));
#13807=CARTESIAN_POINT('Origin',(197.55,-35.125,0.));
#13808=CARTESIAN_POINT('',(197.55,-35.125,0.));
#13809=CARTESIAN_POINT('Origin',(183.95,-35.625,0.));
#13810=CARTESIAN_POINT('',(197.05,-35.625,0.));
#13811=CARTESIAN_POINT('Origin',(197.04999866643,-35.12499866643,0.));
#13812=CARTESIAN_POINT('Origin',(203.00000133357,-22.02500133357,0.));
#13813=CARTESIAN_POINT('',(203.,-21.525,0.));
#13814=CARTESIAN_POINT('',(202.5,-22.025,0.));
#13815=CARTESIAN_POINT('Origin',(216.1,-21.525,0.));
#13816=CARTESIAN_POINT('',(216.1,-21.525,0.));
#13817=CARTESIAN_POINT('Origin',(202.5,-22.025,0.));
#13818=CARTESIAN_POINT('',(202.5,-35.125003,0.));
#13819=CARTESIAN_POINT('Origin',(216.09999866643,-22.02500133356,0.));
#13820=CARTESIAN_POINT('',(216.6,-22.025,0.));
#13821=CARTESIAN_POINT('Origin',(203.00000133358,-35.1249986664,0.));
#13822=CARTESIAN_POINT('',(203.,-35.625,0.));
#13823=CARTESIAN_POINT('Origin',(216.6,-35.125,0.));
#13824=CARTESIAN_POINT('',(216.6,-35.125,0.));
#13825=CARTESIAN_POINT('Origin',(203.,-35.625,0.));
#13826=CARTESIAN_POINT('',(216.100003,-35.625,0.));
#13827=CARTESIAN_POINT('Origin',(216.0999986664,-35.12499866642,0.));
#13828=CARTESIAN_POINT('Origin',(222.05000133357,-22.02500133357,0.));
#13829=CARTESIAN_POINT('',(222.05,-21.525,0.));
#13830=CARTESIAN_POINT('',(221.55,-22.025,0.));
#13831=CARTESIAN_POINT('Origin',(235.15,-21.525,0.));
#13832=CARTESIAN_POINT('',(235.15,-21.525,0.));
#13833=CARTESIAN_POINT('Origin',(221.55,-22.025,0.));
#13834=CARTESIAN_POINT('',(221.55,-35.125003,0.));
#13835=CARTESIAN_POINT('Origin',(235.14999866642,-22.02500133359,0.));
#13836=CARTESIAN_POINT('',(235.65,-22.024997,0.));
#13837=CARTESIAN_POINT('Origin',(222.05000133358,-35.1249986664,0.));
#13838=CARTESIAN_POINT('',(222.05,-35.625,0.));
#13839=CARTESIAN_POINT('Origin',(235.65,-35.125,0.));
#13840=CARTESIAN_POINT('',(235.65,-35.125,0.));
#13841=CARTESIAN_POINT('Origin',(222.05,-35.625,0.));
#13842=CARTESIAN_POINT('',(235.150003,-35.625,0.));
#13843=CARTESIAN_POINT('Origin',(235.1499986664,-35.12499866642,0.));
#13844=UNCERTAINTY_MEASURE_WITH_UNIT(LENGTH_MEASURE(0.01),#13848,
'DISTANCE_ACCURACY_VALUE',
'Maximum model space distance between geometric entities at asserted c
onnectivities');
#13845=UNCERTAINTY_MEASURE_WITH_UNIT(LENGTH_MEASURE(0.01),#13848,
'DISTANCE_ACCURACY_VALUE',
'Maximum model space distance between geometric entities at asserted c
onnectivities');
#13846=(
GEOMETRIC_REPRESENTATION_CONTEXT(3)
GLOBAL_UNCERTAINTY_ASSIGNED_CONTEXT((#13844))
GLOBAL_UNIT_ASSIGNED_CONTEXT((#13848,#13850,#13851))
REPRESENTATION_CONTEXT('','3D')
);
#13847=(
GEOMETRIC_REPRESENTATION_CONTEXT(3)
GLOBAL_UNCERTAINTY_ASSIGNED_CONTEXT((#13845))
GLOBAL_UNIT_ASSIGNED_CONTEXT((#13848,#13850,#13851))
REPRESENTATION_CONTEXT('','3D')
);
#13848=(
LENGTH_UNIT()
NAMED_UNIT(*)
SI_UNIT(.MILLI.,.METRE.)
);
#13849=(
LENGTH_UNIT()
NAMED_UNIT(*)
SI_UNIT($,.METRE.)
);
#13850=(
NAMED_UNIT(*)
PLANE_ANGLE_UNIT()
SI_UNIT($,.RADIAN.)
);
#13851=(
NAMED_UNIT(*)
SI_UNIT($,.STERADIAN.)
SOLID_ANGLE_UNIT()
);
#13852=SHAPE_DEFINITION_REPRESENTATION(#13853,#13854);
#13853=PRODUCT_DEFINITION_SHAPE('',$,#13856);
#13854=SHAPE_REPRESENTATION('',(#8208),#13846);
#13855=PRODUCT_DEFINITION_CONTEXT('part definition',#13860,'design');
#13856=PRODUCT_DEFINITION('barda_plate_PCB','barda_switch_plate_PCB',#13857,
#13855);
#13857=PRODUCT_DEFINITION_FORMATION('',$,#13862);
#13858=PRODUCT_RELATED_PRODUCT_CATEGORY('barda_switch_plate_PCB',
'barda_switch_plate_PCB',(#13862));
#13859=APPLICATION_PROTOCOL_DEFINITION('international standard',
'automotive_design',2009,#13860);
#13860=APPLICATION_CONTEXT(
'Core Data for Automotive Mechanical Design Process');
#13861=PRODUCT_CONTEXT('part definition',#13860,'mechanical');
#13862=PRODUCT('barda_plate_PCB','barda_switch_plate_PCB',$,(#13861));
#13863=PRESENTATION_STYLE_ASSIGNMENT((#13865));
#13864=PRESENTATION_STYLE_ASSIGNMENT((#13866));
#13865=SURFACE_STYLE_USAGE(.BOTH.,#13867);
#13866=SURFACE_STYLE_USAGE(.BOTH.,#13868);
#13867=SURFACE_SIDE_STYLE('',(#13869));
#13868=SURFACE_SIDE_STYLE('',(#13870));
#13869=SURFACE_STYLE_FILL_AREA(#13871);
#13870=SURFACE_STYLE_FILL_AREA(#13872);
#13871=FILL_AREA_STYLE('\X2\92FC\X0\ - \X2\30B530C630F3\X0\',(#13873));
#13872=FILL_AREA_STYLE('\X2\30A230EB30DF30CB30A630E0\X0\ - \X2\30B530C630F3\X0\',
(#13874));
#13873=FILL_AREA_STYLE_COLOUR('\X2\92FC\X0\ - \X2\30B530C630F3\X0\',#13875);
#13874=FILL_AREA_STYLE_COLOUR('\X2\30A230EB30DF30CB30A630E0\X0\ - \X2\30B530C630F3\X0\',
#13876);
#13875=COLOUR_RGB('\X2\92FC\X0\ - \X2\30B530C630F3\X0\',0.627450980392157,
0.627450980392157,0.627450980392157);
#13876=COLOUR_RGB('\X2\30A230EB30DF30CB30A630E0\X0\ - \X2\30B530C630F3\X0\',
0.96078431372549,0.96078431372549,0.964705882352941);
ENDSEC;
END-ISO-10303-21;
